2025-11-18 12:08:00 PM [info]: Database connected successfully 
2025-11-18 12:08:00 PM [info]: 🚀 Server started on port 8003 
2025-11-18 12:08:00 PM [info]: 📡 SSE endpoint: http://localhost:8003/sse/notifications 
2025-11-18 12:08:00 PM [info]: 🧪 SSE test: http://localhost:8003/sse/test 
2025-11-18 12:10:03 PM [info]: Database connected successfully 
2025-11-18 12:10:03 PM [info]: 🚀 Server started on port 8003 
2025-11-18 12:10:03 PM [info]: 📡 SSE endpoint: http://localhost:8003/sse/notifications 
2025-11-18 12:10:03 PM [info]: 🧪 SSE test: http://localhost:8003/sse/test 
2025-11-18 12:16:10 PM [info]: Database connected successfully 
2025-11-18 12:16:10 PM [info]: 🚀 Server started on port 8003 
2025-11-18 12:16:10 PM [info]: 📡 SSE endpoint: http://localhost:8003/sse/notifications 
2025-11-18 12:16:10 PM [info]: 🧪 SSE test: http://localhost:8003/sse/test 
2025-11-18 12:20:08 PM [info]: Database connected successfully 
2025-11-18 12:20:08 PM [info]: 🚀 Server started on port 8003 
2025-11-18 12:20:08 PM [info]: 📡 SSE endpoint: http://localhost:8003/sse/notifications 
2025-11-18 12:20:08 PM [info]: 🧪 SSE test: http://localhost:8003/sse/test 
2025-11-18 12:23:58 PM [info]: Database connected successfully 
2025-11-18 12:23:58 PM [info]: 🚀 Server started on port 8003 
2025-11-18 12:23:58 PM [info]: 📡 SSE endpoint: http://localhost:8003/sse/notifications 
2025-11-18 12:23:58 PM [info]: 🧪 SSE test: http://localhost:8003/sse/test 
2025-11-18 12:24:58 PM [info]: Database connected successfully 
2025-11-18 12:24:59 PM [info]: 🚀 Server started on port 8003 
2025-11-18 12:24:59 PM [info]: 📡 SSE endpoint: http://localhost:8003/sse/notifications 
2025-11-18 12:24:59 PM [info]: 🧪 SSE test: http://localhost:8003/sse/test 
2025-11-18 12:25:19 PM [info]: Database connected successfully 
2025-11-18 12:25:19 PM [info]: 🚀 Server started on port 8003 
2025-11-18 12:25:19 PM [info]: 📡 SSE endpoint: http://localhost:8003/sse/notifications 
2025-11-18 12:25:19 PM [info]: 🧪 SSE test: http://localhost:8003/sse/test 
2025-11-18 12:26:28 PM [info]: Database connected successfully 
2025-11-18 12:26:28 PM [info]: 🚀 Server started on port 8003 
2025-11-18 12:26:28 PM [info]: 📡 SSE endpoint: http://localhost:8003/sse/notifications 
2025-11-18 12:26:28 PM [info]: 🧪 SSE test: http://localhost:8003/sse/test 
2025-11-18 12:59:13 PM [info]: Database connected successfully 
2025-11-18 12:59:13 PM [info]: 🚀 Server started on port 8003 
2025-11-18 12:59:13 PM [info]: 📡 SSE endpoint: http://localhost:8003/sse/notifications 
2025-11-18 12:59:13 PM [info]: 🧪 SSE test: http://localhost:8003/sse/test 
2025-11-18 12:59:35 PM [info]: Database connected successfully 
2025-11-18 12:59:35 PM [info]: 🚀 Server started on port 8003 
2025-11-18 12:59:35 PM [info]: 📡 SSE endpoint: http://localhost:8003/sse/notifications 
2025-11-18 12:59:35 PM [info]: 🧪 SSE test: http://localhost:8003/sse/test 
2025-11-18 12:59:53 PM [info]: Database connected successfully 
2025-11-18 12:59:53 PM [info]: 🚀 Server started on port 8003 
2025-11-18 12:59:53 PM [info]: 📡 SSE endpoint: http://localhost:8003/sse/notifications 
2025-11-18 12:59:53 PM [info]: 🧪 SSE test: http://localhost:8003/sse/test 
2025-11-18 01:00:11 PM [info]: Database connected successfully 
2025-11-18 01:00:11 PM [info]: 🚀 Server started on port 8003 
2025-11-18 01:00:11 PM [info]: 📡 SSE endpoint: http://localhost:8003/sse/notifications 
2025-11-18 01:00:11 PM [info]: 🧪 SSE test: http://localhost:8003/sse/test 
2025-11-18 01:00:40 PM [info]: Database connected successfully 
2025-11-18 01:00:41 PM [info]: 🚀 Server started on port 8003 
2025-11-18 01:00:41 PM [info]: 📡 SSE endpoint: http://localhost:8003/sse/notifications 
2025-11-18 01:00:41 PM [info]: 🧪 SSE test: http://localhost:8003/sse/test 
2025-11-18 02:48:16 PM [info]: Database connected successfully 
2025-11-18 02:48:17 PM [info]: 🚀 Server started on port 8003 
2025-11-18 02:48:17 PM [info]: 📡 SSE endpoint: http://localhost:8003/sse/notifications 
2025-11-18 02:48:17 PM [info]: 🧪 SSE test: http://localhost:8003/sse/test 
2025-11-18 02:54:41 PM [info]: Received POST request on /auth/login [IP: ::1]
2025-11-18 02:54:41 PM [info]: Login request received 
2025-11-18 02:54:41 PM [info]: System log saved 
2025-11-18 02:54:41 PM [info]: User logged in successfully 
2025-11-18 02:55:51 PM [info]: Received POST request on /auth/login [IP: ::1]
2025-11-18 02:55:51 PM [info]: Login request received 
2025-11-18 02:55:53 PM [info]: System log saved 
2025-11-18 02:55:53 PM [info]: User logged in successfully 
2025-11-18 02:57:19 PM [info]: Received POST request on /inventoryStock/eod-report [IP: ::1]
2025-11-18 02:57:24 PM [info]: Received GET request on /inventoryStock/eod-report [IP: ::1]
2025-11-18 02:57:26 PM [info]: Fetching Inventory Stock with ID: eod-report 
2025-11-18 02:57:26 PM [error]: Error fetching Inventory Stock by ID: invalid input syntax for type uuid: "eod-report" 
2025-11-18 02:57:26 PM [error]: Unhandled Error: invalid input syntax for type uuid: "eod-report" 
2025-11-18 03:05:03 PM [info]: Database connected successfully 
2025-11-18 03:05:03 PM [info]: 🚀 Server started on port 8003 
2025-11-18 03:05:03 PM [info]: 📡 SSE endpoint: http://localhost:8003/sse/notifications 
2025-11-18 03:05:03 PM [info]: 🧪 SSE test: http://localhost:8003/sse/test 
2025-11-18 03:05:21 PM [info]: Database connected successfully 
2025-11-18 03:05:21 PM [info]: 🚀 Server started on port 8003 
2025-11-18 03:05:21 PM [info]: 📡 SSE endpoint: http://localhost:8003/sse/notifications 
2025-11-18 03:05:21 PM [info]: 🧪 SSE test: http://localhost:8003/sse/test 
2025-11-18 03:05:31 PM [info]: Received GET request on /inventoryStock/eod-report [IP: ::1]
2025-11-18 03:05:31 PM [info]: Fetching Inventory Stock with ID: eod-report 
2025-11-18 03:05:31 PM [error]: Error fetching Inventory Stock by ID: invalid input syntax for type uuid: "eod-report" 
2025-11-18 03:05:31 PM [error]: Unhandled Error: invalid input syntax for type uuid: "eod-report" 
2025-11-18 03:06:27 PM [info]: Database connected successfully 
2025-11-18 03:06:28 PM [info]: 🚀 Server started on port 8003 
2025-11-18 03:06:28 PM [info]: 📡 SSE endpoint: http://localhost:8003/sse/notifications 
2025-11-18 03:06:28 PM [info]: 🧪 SSE test: http://localhost:8003/sse/test 
2025-11-18 03:07:05 PM [info]: Database connected successfully 
2025-11-18 03:07:05 PM [info]: 🚀 Server started on port 8003 
2025-11-18 03:07:05 PM [info]: 📡 SSE endpoint: http://localhost:8003/sse/notifications 
2025-11-18 03:07:05 PM [info]: 🧪 SSE test: http://localhost:8003/sse/test 
2025-11-18 03:07:21 PM [info]: Received GET request on /inventoryStock/endoftheday/eod-report [IP: ::1]
2025-11-18 03:07:21 PM [info]: Fetching End of Day Report... 
2025-11-18 03:07:21 PM [error]: Error fetching End of Day Report: missing FROM-clause entry for table "dumpproduct" 
2025-11-18 03:07:21 PM [error]: Unhandled Error: missing FROM-clause entry for table "dumpproduct" 
2025-11-18 03:07:24 PM [info]: Received GET request on /inventoryStock/endoftheday/eod-report [IP: ::1]
2025-11-18 03:07:24 PM [info]: Fetching End of Day Report... 
2025-11-18 03:07:24 PM [error]: Error fetching End of Day Report: missing FROM-clause entry for table "dumpproduct" 
2025-11-18 03:07:24 PM [error]: Unhandled Error: missing FROM-clause entry for table "dumpproduct" 
2025-11-18 03:14:51 PM [info]: Database connected successfully 
2025-11-18 03:14:51 PM [info]: 🚀 Server started on port 8003 
2025-11-18 03:14:51 PM [info]: 📡 SSE endpoint: http://localhost:8003/sse/notifications 
2025-11-18 03:14:51 PM [info]: 🧪 SSE test: http://localhost:8003/sse/test 
2025-11-18 03:15:49 PM [info]: Database connected successfully 
2025-11-18 03:15:49 PM [info]: 🚀 Server started on port 8003 
2025-11-18 03:15:49 PM [info]: 📡 SSE endpoint: http://localhost:8003/sse/notifications 
2025-11-18 03:15:49 PM [info]: 🧪 SSE test: http://localhost:8003/sse/test 
2025-11-18 03:18:59 PM [info]: Received GET request on /inventoryStock/endoftheday/eod-report [IP: ::1]
2025-11-18 03:18:59 PM [info]: Fetching End of Day Report... 
2025-11-18 03:18:59 PM [error]: Error fetching End of Day Report: missing FROM-clause entry for table "dumpproduct" 
2025-11-18 03:18:59 PM [error]: Unhandled Error: missing FROM-clause entry for table "dumpproduct" 
2025-11-18 03:23:16 PM [info]: Database connected successfully 
2025-11-18 03:23:16 PM [info]: 🚀 Server started on port 8003 
2025-11-18 03:23:16 PM [info]: 📡 SSE endpoint: http://localhost:8003/sse/notifications 
2025-11-18 03:23:16 PM [info]: 🧪 SSE test: http://localhost:8003/sse/test 
2025-11-18 03:23:41 PM [info]: Database connected successfully 
2025-11-18 03:23:41 PM [info]: 🚀 Server started on port 8003 
2025-11-18 03:23:41 PM [info]: 📡 SSE endpoint: http://localhost:8003/sse/notifications 
2025-11-18 03:23:41 PM [info]: 🧪 SSE test: http://localhost:8003/sse/test 
2025-11-18 03:23:53 PM [info]: Database connected successfully 
2025-11-18 03:23:53 PM [info]: 🚀 Server started on port 8003 
2025-11-18 03:23:53 PM [info]: 📡 SSE endpoint: http://localhost:8003/sse/notifications 
2025-11-18 03:23:53 PM [info]: 🧪 SSE test: http://localhost:8003/sse/test 
2025-11-18 03:24:09 PM [info]: Database connected successfully 
2025-11-18 03:24:09 PM [info]: 🚀 Server started on port 8003 
2025-11-18 03:24:09 PM [info]: 📡 SSE endpoint: http://localhost:8003/sse/notifications 
2025-11-18 03:24:09 PM [info]: 🧪 SSE test: http://localhost:8003/sse/test 
2025-11-18 03:26:52 PM [info]: Database connected successfully 
2025-11-18 03:26:52 PM [info]: 🚀 Server started on port 8003 
2025-11-18 03:26:52 PM [info]: 📡 SSE endpoint: http://localhost:8003/sse/notifications 
2025-11-18 03:26:52 PM [info]: 🧪 SSE test: http://localhost:8003/sse/test 
2025-11-18 03:27:23 PM [info]: Received GET request on /inventoryStock/endoftheday/eod-report [IP: ::1]
2025-11-18 03:27:23 PM [info]: Fetching End of Day Report... 
2025-11-18 03:27:24 PM [info]: End of Day Report fetched successfully 
2025-11-18 03:33:50 PM [info]: Received POST request on /auth/login [IP: ::1]
2025-11-18 03:33:50 PM [info]: Login request received 
2025-11-18 03:33:50 PM [warn]: Invalid password during login 
2025-11-18 03:33:50 PM [error]: Unexpected error during login process 
2025-11-18 03:33:50 PM [error]: AppError: Password is incorrect. Please try again. 
2025-11-18 03:33:50 PM [info]: Received POST request on /auth/refresh-token [IP: ::1]
2025-11-18 03:33:50 PM [info]: Received request to refresh access token 
2025-11-18 03:33:50 PM [warn]: Refresh token not provided 
2025-11-18 03:33:50 PM [error]: AppError: You need to re-authenticate. Please log in. 
2025-11-18 03:34:32 PM [info]: Received POST request on /auth/login [IP: ::1]
2025-11-18 03:34:32 PM [info]: Login request received 
2025-11-18 03:34:34 PM [warn]: Invalid password during login 
2025-11-18 03:34:34 PM [error]: Unexpected error during login process 
2025-11-18 03:34:34 PM [error]: AppError: Password is incorrect. Please try again. 
2025-11-18 03:34:34 PM [info]: Received POST request on /auth/refresh-token [IP: ::1]
2025-11-18 03:34:34 PM [info]: Received request to refresh access token 
2025-11-18 03:34:34 PM [warn]: Refresh token not provided 
2025-11-18 03:34:34 PM [error]: AppError: You need to re-authenticate. Please log in. 
2025-11-18 03:35:24 PM [info]: Received POST request on /auth/login [IP: ::1]
2025-11-18 03:35:24 PM [info]: Login request received 
2025-11-18 03:35:24 PM [info]: System log saved 
2025-11-18 03:35:24 PM [info]: User logged in successfully 
2025-11-18 03:35:28 PM [info]: Received GET request on /socket.io/?EIO=4&transport=websocket [IP: ::1]
2025-11-18 03:35:28 PM [info]: Received GET request on /employee/all/partial [IP: ::1]
2025-11-18 03:35:28 PM [info]: Employee Getting successfully 
2025-11-18 03:35:28 PM [info]: Received GET request on /userreport/user-counts [IP: ::1]
2025-11-18 03:35:28 PM [info]: Received GET request on /products/partial/data?page=1&limit=6 [IP: ::1]
2025-11-18 03:35:28 PM [info]: Received GET request on /vendors/filterVendor/all?page=1&limit=6 [IP: ::1]
2025-11-18 03:35:28 PM [info]: Received GET request on /farmers/filterFarmer/all?page=1&limit=6 [IP: ::1]
2025-11-18 03:35:28 PM [info]: Fetching all products 
2025-11-18 03:35:28 PM [info]: Fetching all farmers 
2025-11-18 03:35:28 PM [info]: Received GET request on /company/partial/details [IP: ::1]
2025-11-18 03:35:28 PM [info]: Received GET request on /location-branches/filterData/filter/all [IP: ::1]
2025-11-18 03:35:28 PM [info]: Received request to fetch all branches 
2025-11-18 03:35:28 PM [info]: Received GET request on /customers/names/all [IP: ::1]
2025-11-18 03:35:28 PM [info]: Fetching all customers 
2025-11-18 03:35:28 PM [info]: Fetched all branches successfully 
2025-11-18 03:35:28 PM [info]: Farmers retrieved successfully 
2025-11-18 03:35:28 PM [info]: Received GET request on /admin/dashboard/active-users [IP: ::1]
2025-11-18 03:35:28 PM [info]: Received GET request on /userreport/total-purchase [IP: ::1]
2025-11-18 03:35:29 PM [info]: Fetched undefined products successfully 
2025-11-18 03:35:29 PM [info]: Customers retrieved successfully 
2025-11-18 03:35:29 PM [info]: Received GET request on /userreport/total-sale [IP: ::1]
2025-11-18 03:35:29 PM [info]: Received GET request on /socket.io/?EIO=4&transport=websocket [IP: ::1]
2025-11-18 03:35:32 PM [info]: Received GET request on /socket.io/?EIO=4&transport=websocket [IP: ::1]
2025-11-18 03:35:36 PM [info]: Received GET request on /socket.io/?EIO=4&transport=websocket [IP: ::1]
2025-11-18 03:35:41 PM [info]: Received GET request on /socket.io/?EIO=4&transport=websocket [IP: ::1]
2025-11-18 03:35:46 PM [info]: Received GET request on /socket.io/?EIO=4&transport=websocket [IP: ::1]
2025-11-18 03:37:09 PM [info]: Received GET request on /employee/?page=1&limit=10 [IP: ::1]
2025-11-18 03:37:09 PM [info]: Getting All Employee 
2025-11-18 03:37:09 PM [info]: Employee Getting successfully 
2025-11-18 03:40:34 PM [info]: Received POST request on /auth/login [IP: ::1]
2025-11-18 03:40:34 PM [info]: Login request received 
2025-11-18 03:40:34 PM [info]: System log saved 
2025-11-18 03:40:34 PM [info]: User logged in successfully 
2025-11-18 03:40:37 PM [info]: Received GET request on /socket.io/?EIO=4&transport=websocket [IP: ::1]
2025-11-18 03:40:38 PM [info]: Received GET request on /products/partial/data?page=1&limit=6 [IP: ::1]
2025-11-18 03:40:38 PM [info]: Fetching all products 
2025-11-18 03:40:38 PM [info]: Fetched undefined products successfully 
2025-11-18 03:40:38 PM [info]: Received GET request on /company/partial/details [IP: ::1]
2025-11-18 03:40:38 PM [info]: Received GET request on /location-branches/filterData/filter/all [IP: ::1]
2025-11-18 03:40:38 PM [info]: Received request to fetch all branches 
2025-11-18 03:40:38 PM [info]: Received GET request on /api/management/getGrns/management?filterType=tillDate [IP: ::1]
2025-11-18 03:40:38 PM [info]: Fetched all branches successfully 
2025-11-18 03:40:39 PM [info]: Received GET request on /socket.io/?EIO=4&transport=websocket [IP: ::1]
2025-11-18 03:40:41 PM [info]: Received GET request on /socket.io/?EIO=4&transport=websocket [IP: ::1]
2025-11-18 03:40:46 PM [info]: Received GET request on /grns/?page=1&limit=10 [IP: ::1]
2025-11-18 03:40:46 PM [info]: Fetching all GRNs... 
2025-11-18 03:40:46 PM [info]: Received GET request on /socket.io/?EIO=4&transport=websocket [IP: ::1]
2025-11-18 03:40:47 PM [info]: Total GRNs fetched: 6 
2025-11-18 03:40:47 PM [info]: Activity logged: VIEW - GRN by user c3a14fe3-0f7d-4324-a9f0-5b2de53cbbe0 
2025-11-18 03:40:50 PM [info]: Received GET request on /vendors/filterVendor/all?page=1&limit=10 [IP: ::1]
2025-11-18 03:40:50 PM [info]: Received GET request on /farmers/filterFarmer/all?page=1&limit=10 [IP: ::1]
2025-11-18 03:40:50 PM [info]: Fetching all farmers 
2025-11-18 03:40:51 PM [info]: Received GET request on /uoms/getAll/partialdata [IP: ::1]
2025-11-18 03:40:51 PM [info]: Farmers retrieved successfully 
2025-11-18 03:40:51 PM [info]: Received GET request on /location-branches/filterData/filter/all [IP: ::1]
2025-11-18 03:40:51 PM [info]: Received GET request on /employee/all/partial [IP: ::1]
2025-11-18 03:40:51 PM [info]: Received request to fetch all branches 
2025-11-18 03:40:51 PM [info]: Fetched all branches successfully 
2025-11-18 03:40:51 PM [info]: Received GET request on /products/partial/data?page=1&limit=10 [IP: ::1]
2025-11-18 03:40:51 PM [info]: Received GET request on /dealSlip/dealslipno/getAlldealslipNo [IP: ::1]
2025-11-18 03:40:51 PM [info]: Received GET request on /company/partial/details [IP: ::1]
2025-11-18 03:40:51 PM [info]: Employee Getting successfully 
2025-11-18 03:40:51 PM [info]: Fetching all products 
2025-11-18 03:40:51 PM [info]: Received GET request on /products/partial/data [IP: ::1]
2025-11-18 03:40:51 PM [info]: Fetching all DealSlip numbers 
2025-11-18 03:40:51 PM [info]: Found 5 DealSlip numbers 
2025-11-18 03:40:51 PM [info]: Fetched undefined products successfully 
2025-11-18 03:40:51 PM [info]: Fetching all products 
2025-11-18 03:40:51 PM [info]: Fetched undefined products successfully 
2025-11-18 03:40:51 PM [info]: Received GET request on /socket.io/?EIO=4&transport=websocket [IP: ::1]
2025-11-18 03:40:56 PM [info]: Received GET request on /socket.io/?EIO=4&transport=websocket [IP: ::1]
2025-11-18 03:41:24 PM [info]: Received GET request on /vendors/filterData/afbc0d3d-99a8-45b8-9b58-051164a2cd54 [IP: ::1]
2025-11-18 03:41:26 PM [info]: Received GET request on /vendors/filterVendor/all?search=freshify%20pvt%20ltd&page=1&limit=10 [IP: ::1]
2025-11-18 03:41:31 PM [info]: Received GET request on /products/partial/f46f9547-2937-40a5-9436-72a834fa1032 [IP: ::1]
2025-11-18 03:41:31 PM [info]: Fetching all products 
2025-11-18 03:41:31 PM [info]: Fetched undefined products successfully 
2025-11-18 03:41:33 PM [info]: Received GET request on /products/getall/getvarient/f46f9547-2937-40a5-9436-72a834fa1032 [IP: ::1]
2025-11-18 03:41:33 PM [info]: Fetching product with ID 
2025-11-18 03:41:33 PM [info]: Product with ID fetched successfully 
2025-11-18 03:44:13 PM [info]: Received POST request on /grns/ [IP: ::1]
2025-11-18 03:44:13 PM [info]: Starting GRN creation... 
2025-11-18 03:44:14 PM [info]: GRN created successfully with ID: 2d098425-65df-4cd9-ad47-7aef824c4a3c 
2025-11-18 03:44:14 PM [info]: Notification sent to user c3a14fe3-0f7d-4324-a9f0-5b2de53cbbe0 for GRN SAN-00001 
2025-11-18 03:44:14 PM [info]: Approval notification sent to ab287c3d-4c7b-47bb-b189-ff5fd92d5367 for GRN SAN-00001 
2025-11-18 03:44:14 PM [info]: Approval notification sent to c4e181f5-d728-49b2-af54-192f518eb855 for GRN SAN-00001 
2025-11-18 03:44:14 PM [info]: Approval notification sent to c2174de1-5df3-4089-93d9-6de1a4a92cc4 for GRN SAN-00001 
2025-11-18 03:44:14 PM [info]: Approval notification sent to 44dc1216-c310-4b47-a797-663cf9d838b9 for GRN SAN-00001 
2025-11-18 03:44:14 PM [info]: Activity logged: CREATE - GRN by user c3a14fe3-0f7d-4324-a9f0-5b2de53cbbe0 
2025-11-18 03:44:14 PM [info]: Activity logged: CREATE GRN SAN-00001 by user c3a14fe3-0f7d-4324-a9f0-5b2de53cbbe0 
2025-11-18 03:44:17 PM [info]: Received GET request on /grns/?page=1&limit=10 [IP: ::1]
2025-11-18 03:44:17 PM [info]: Fetching all GRNs... 
2025-11-18 03:44:18 PM [info]: Total GRNs fetched: 7 
2025-11-18 03:44:18 PM [info]: Activity logged: VIEW - GRN by user c3a14fe3-0f7d-4324-a9f0-5b2de53cbbe0 
2025-11-18 03:44:30 PM [info]: Received POST request on /auth/login [IP: ::1]
2025-11-18 03:44:30 PM [info]: Login request received 
2025-11-18 03:44:30 PM [info]: System log saved 
2025-11-18 03:44:30 PM [info]: User logged in successfully 
2025-11-18 03:45:15 PM [info]: Received GET request on /inventoryStock/endoftheday/eod-report [IP: ::1]
2025-11-18 03:45:15 PM [info]: Fetching End of Day Report... 
2025-11-18 03:45:15 PM [info]: End of Day Report fetched successfully 
2025-11-18 03:52:38 PM [info]: Received GET request on /dumpRegister/?page=1&limit=10 [IP: ::1]
2025-11-18 03:52:38 PM [info]: Fetching all dump registers 
2025-11-18 03:52:38 PM [info]: Dump registers retrieved successfully 
2025-11-18 03:52:48 PM [info]: Received GET request on /products/partial/data?page=1&limit=10 [IP: ::1]
2025-11-18 03:52:48 PM [info]: Fetching all products 
2025-11-18 03:52:48 PM [info]: Fetched undefined products successfully 
2025-11-18 03:52:48 PM [info]: Received GET request on /grns/grnnumbers/getAllgrnNo [IP: ::1]
2025-11-18 03:52:48 PM [info]: Total GRNs fetched: 9 
2025-11-18 03:52:48 PM [info]: Received GET request on /location-branches/filterData/filter/all [IP: ::1]
2025-11-18 03:52:48 PM [info]: Received GET request on /uoms/getAll/partialdata [IP: ::1]
2025-11-18 03:52:48 PM [info]: Received request to fetch all branches 
2025-11-18 03:52:48 PM [info]: Received GET request on /company/partial/details [IP: ::1]
2025-11-18 03:52:48 PM [info]: Fetched all branches successfully 
2025-11-18 03:53:06 PM [info]: Received GET request on /products/getall/getvarient/f6cd3fa6-5ce3-4bee-a3e0-a0e4e706c65f [IP: ::1]
2025-11-18 03:53:06 PM [info]: Fetching product with ID 
2025-11-18 03:53:06 PM [info]: Received GET request on /products/partial/f6cd3fa6-5ce3-4bee-a3e0-a0e4e706c65f [IP: ::1]
2025-11-18 03:53:06 PM [info]: Product with ID fetched successfully 
2025-11-18 03:53:06 PM [info]: Fetching all products 
2025-11-18 03:53:07 PM [info]: Fetched undefined products successfully 
2025-11-18 03:53:11 PM [info]: Received GET request on /products/partial/f46f9547-2937-40a5-9436-72a834fa1032 [IP: ::1]
2025-11-18 03:53:11 PM [info]: Received GET request on /products/getall/getvarient/f46f9547-2937-40a5-9436-72a834fa1032 [IP: ::1]
2025-11-18 03:53:11 PM [info]: Fetching all products 
2025-11-18 03:53:11 PM [info]: Fetching product with ID 
2025-11-18 03:53:11 PM [info]: Fetched undefined products successfully 
2025-11-18 03:53:11 PM [info]: Product with ID fetched successfully 
2025-11-18 03:53:25 PM [info]: Received POST request on /dumpRegister/ [IP: ::1]
2025-11-18 03:53:26 PM [info]: Received dump register creation request 
2025-11-18 03:53:26 PM [error]: Error occurred while creating dump register 
2025-11-18 03:53:26 PM [error]: Error in dump register creation 
2025-11-18 03:53:26 PM [error]: Unhandled Error: Failed to create Dump Register 
2025-11-18 03:57:24 PM [info]: Database connected successfully 
2025-11-18 03:57:25 PM [info]: 🚀 Server started on port 8003 
2025-11-18 03:57:25 PM [info]: 📡 SSE endpoint: http://localhost:8003/sse/notifications 
2025-11-18 03:57:25 PM [info]: 🧪 SSE test: http://localhost:8003/sse/test 
2025-11-18 03:59:37 PM [info]: Database connected successfully 
2025-11-18 03:59:37 PM [info]: 🚀 Server started on port 8003 
2025-11-18 03:59:37 PM [info]: 📡 SSE endpoint: http://localhost:8003/sse/notifications 
2025-11-18 03:59:37 PM [info]: 🧪 SSE test: http://localhost:8003/sse/test 
2025-11-18 04:01:05 PM [info]: Database connected successfully 
2025-11-18 04:01:06 PM [info]: 🚀 Server started on port 8003 
2025-11-18 04:01:06 PM [info]: 📡 SSE endpoint: http://localhost:8003/sse/notifications 
2025-11-18 04:01:06 PM [info]: 🧪 SSE test: http://localhost:8003/sse/test 
2025-11-18 04:01:24 PM [info]: Database connected successfully 
2025-11-18 04:01:24 PM [info]: 🚀 Server started on port 8003 
2025-11-18 04:01:24 PM [info]: 📡 SSE endpoint: http://localhost:8003/sse/notifications 
2025-11-18 04:01:24 PM [info]: 🧪 SSE test: http://localhost:8003/sse/test 
2025-11-18 04:01:34 PM [info]: Database connected successfully 
2025-11-18 04:01:34 PM [info]: 🚀 Server started on port 8003 
2025-11-18 04:01:34 PM [info]: 📡 SSE endpoint: http://localhost:8003/sse/notifications 
2025-11-18 04:01:34 PM [info]: 🧪 SSE test: http://localhost:8003/sse/test 
2025-11-18 04:02:38 PM [info]: Received POST request on /dumpRegister/ [IP: ::1]
2025-11-18 04:02:38 PM [info]: Received dump register creation request 
2025-11-18 04:02:39 PM [error]: Error occurred while creating dump register 
2025-11-18 04:02:39 PM [error]: Error in dump register creation 
2025-11-18 04:02:39 PM [error]: Unhandled Error: Failed to create Dump Register 
2025-11-18 04:04:18 PM [info]: Database connected successfully 
2025-11-18 04:04:18 PM [info]: 🚀 Server started on port 8003 
2025-11-18 04:04:18 PM [info]: 📡 SSE endpoint: http://localhost:8003/sse/notifications 
2025-11-18 04:04:18 PM [info]: 🧪 SSE test: http://localhost:8003/sse/test 
2025-11-18 04:04:45 PM [info]: Database connected successfully 
2025-11-18 04:04:45 PM [info]: 🚀 Server started on port 8003 
2025-11-18 04:04:45 PM [info]: 📡 SSE endpoint: http://localhost:8003/sse/notifications 
2025-11-18 04:04:45 PM [info]: 🧪 SSE test: http://localhost:8003/sse/test 
2025-11-18 04:04:54 PM [info]: Received POST request on /dumpRegister/ [IP: ::1]
2025-11-18 04:04:54 PM [info]: Received dump register creation request 
2025-11-18 04:04:55 PM [error]: Error occurred while creating dump register 
2025-11-18 04:04:55 PM [error]: Error in dump register creation 
2025-11-18 04:04:55 PM [error]: Unhandled Error: Failed to create Dump Register: Each dump product must have productId and variantId 
2025-11-18 04:06:25 PM [info]: Database connected successfully 
2025-11-18 04:06:25 PM [info]: 🚀 Server started on port 8003 
2025-11-18 04:06:25 PM [info]: 📡 SSE endpoint: http://localhost:8003/sse/notifications 
2025-11-18 04:06:25 PM [info]: 🧪 SSE test: http://localhost:8003/sse/test 
2025-11-18 04:06:38 PM [info]: Database connected successfully 
2025-11-18 04:06:38 PM [info]: 🚀 Server started on port 8003 
2025-11-18 04:06:38 PM [info]: 📡 SSE endpoint: http://localhost:8003/sse/notifications 
2025-11-18 04:06:38 PM [info]: 🧪 SSE test: http://localhost:8003/sse/test 
2025-11-18 04:07:03 PM [info]: Received POST request on /dumpRegister/ [IP: ::1]
2025-11-18 04:07:03 PM [info]: Received dump register creation request 
2025-11-18 04:07:04 PM [info]: Dump register created successfully 
2025-11-18 04:07:04 PM [info]: Dump register created successfully 
2025-11-18 04:07:07 PM [info]: Received GET request on /dumpRegister/?page=1&limit=10 [IP: ::1]
2025-11-18 04:07:07 PM [info]: Fetching all dump registers 
2025-11-18 04:07:07 PM [error]: Error occurred while fetching all dump registers 
2025-11-18 04:07:07 PM [error]: Unhandled Error: Cannot read properties of null (reading 'name') 
2025-11-18 04:07:08 PM [info]: Received GET request on /dumpRegister/?page=1&limit=10 [IP: ::1]
2025-11-18 04:07:08 PM [info]: Fetching all dump registers 
2025-11-18 04:07:08 PM [error]: Error occurred while fetching all dump registers 
2025-11-18 04:07:08 PM [error]: Unhandled Error: Cannot read properties of null (reading 'name') 
2025-11-18 04:07:14 PM [info]: Received GET request on /inventoryStock/endoftheday/eod-report [IP: ::1]
2025-11-18 04:07:14 PM [info]: Fetching End of Day Report... 
2025-11-18 04:07:14 PM [info]: End of Day Report fetched successfully 
2025-11-18 04:07:24 PM [info]: Received GET request on /vehicleDispatches/?page=1&limit=10 [IP: ::1]
2025-11-18 04:07:24 PM [info]: Fetching all Vehical Dispatch... 
2025-11-18 04:07:26 PM [info]: Received GET request on /dumpRegister/?page=1&limit=10 [IP: ::1]
2025-11-18 04:07:26 PM [info]: Fetching all dump registers 
2025-11-18 04:07:26 PM [error]: Error occurred while fetching all dump registers 
2025-11-18 04:07:26 PM [error]: Unhandled Error: Cannot read properties of null (reading 'name') 
2025-11-18 04:07:27 PM [info]: Received GET request on /dumpRegister/?page=1&limit=10 [IP: ::1]
2025-11-18 04:07:27 PM [info]: Fetching all dump registers 
2025-11-18 04:07:27 PM [error]: Error occurred while fetching all dump registers 
2025-11-18 04:07:27 PM [error]: Unhandled Error: Cannot read properties of null (reading 'name') 
2025-11-18 04:07:40 PM [info]: Received GET request on /socket.io/?EIO=4&transport=websocket [IP: ::1]
2025-11-18 04:07:41 PM [info]: Received GET request on /dumpRegister/?page=1&limit=10 [IP: ::1]
2025-11-18 04:07:41 PM [info]: Fetching all dump registers 
2025-11-18 04:07:41 PM [error]: Error occurred while fetching all dump registers 
2025-11-18 04:07:41 PM [error]: Unhandled Error: Cannot read properties of null (reading 'name') 
2025-11-18 04:07:45 PM [info]: Received GET request on /socket.io/?EIO=4&transport=websocket [IP: ::1]
2025-11-18 04:07:47 PM [info]: Received GET request on /socket.io/?EIO=4&transport=websocket [IP: ::1]
2025-11-18 04:07:52 PM [info]: Received GET request on /socket.io/?EIO=4&transport=websocket [IP: ::1]
2025-11-18 04:07:58 PM [info]: Received GET request on /socket.io/?EIO=4&transport=websocket [IP: ::1]
2025-11-18 04:08:04 PM [info]: Received GET request on /socket.io/?EIO=4&transport=websocket [IP: ::1]
2025-11-18 04:08:23 PM [info]: Database connected successfully 
2025-11-18 04:08:24 PM [info]: 🚀 Server started on port 8003 
2025-11-18 04:08:24 PM [info]: 📡 SSE endpoint: http://localhost:8003/sse/notifications 
2025-11-18 04:08:24 PM [info]: 🧪 SSE test: http://localhost:8003/sse/test 
2025-11-18 04:08:31 PM [info]: Received GET request on /dumpRegister/?page=1&limit=10 [IP: ::1]
2025-11-18 04:08:31 PM [info]: Fetching all dump registers 
2025-11-18 04:08:32 PM [error]: Error occurred while fetching all dump registers 
2025-11-18 04:08:32 PM [error]: Unhandled Error: Cannot read properties of null (reading 'name') 
2025-11-18 04:08:37 PM [info]: Received GET request on /socket.io/?EIO=4&transport=websocket [IP: ::1]
2025-11-18 04:08:37 PM [info]: Received GET request on /dumpRegister/?page=1&limit=10 [IP: ::1]
2025-11-18 04:08:37 PM [info]: Fetching all dump registers 
2025-11-18 04:08:37 PM [error]: Error occurred while fetching all dump registers 
2025-11-18 04:08:37 PM [error]: Unhandled Error: Cannot read properties of null (reading 'name') 
2025-11-18 04:08:38 PM [info]: Received GET request on /dumpRegister/?page=1&limit=10 [IP: ::1]
2025-11-18 04:08:38 PM [info]: Fetching all dump registers 
2025-11-18 04:08:39 PM [error]: Error occurred while fetching all dump registers 
2025-11-18 04:08:39 PM [error]: Unhandled Error: Cannot read properties of null (reading 'name') 
2025-11-18 04:08:39 PM [info]: Received GET request on /socket.io/?EIO=4&transport=websocket [IP: ::1]
2025-11-18 04:08:41 PM [info]: Received GET request on /socket.io/?EIO=4&transport=websocket [IP: ::1]
2025-11-18 04:08:45 PM [info]: Received GET request on /socket.io/?EIO=4&transport=websocket [IP: ::1]
2025-11-18 04:08:51 PM [info]: Received GET request on /socket.io/?EIO=4&transport=websocket [IP: ::1]
2025-11-18 04:08:57 PM [info]: Received GET request on /socket.io/?EIO=4&transport=websocket [IP: ::1]
2025-11-18 04:09:58 PM [info]: Database connected successfully 
2025-11-18 04:09:59 PM [info]: 🚀 Server started on port 8003 
2025-11-18 04:09:59 PM [info]: 📡 SSE endpoint: http://localhost:8003/sse/notifications 
2025-11-18 04:09:59 PM [info]: 🧪 SSE test: http://localhost:8003/sse/test 
2025-11-18 04:11:31 PM [info]: Database connected successfully 
2025-11-18 04:11:31 PM [info]: 🚀 Server started on port 8003 
2025-11-18 04:11:31 PM [info]: 📡 SSE endpoint: http://localhost:8003/sse/notifications 
2025-11-18 04:11:31 PM [info]: 🧪 SSE test: http://localhost:8003/sse/test 
2025-11-18 04:12:08 PM [info]: Received GET request on /socket.io/?EIO=4&transport=websocket [IP: ::1]
2025-11-18 04:12:08 PM [info]: Received GET request on /dumpRegister/?page=1&limit=10 [IP: ::1]
2025-11-18 04:12:08 PM [info]: Fetching all dump registers 
2025-11-18 04:12:08 PM [info]: Dump registers retrieved successfully 
2025-11-18 04:12:10 PM [info]: Received GET request on /socket.io/?EIO=4&transport=websocket [IP: ::1]
2025-11-18 04:12:12 PM [info]: Received GET request on /socket.io/?EIO=4&transport=websocket [IP: ::1]
2025-11-18 04:12:16 PM [info]: Received GET request on /socket.io/?EIO=4&transport=websocket [IP: ::1]
2025-11-18 04:12:21 PM [info]: Received GET request on /socket.io/?EIO=4&transport=websocket [IP: ::1]
2025-11-18 04:12:27 PM [info]: Received GET request on /socket.io/?EIO=4&transport=websocket [IP: ::1]
2025-11-18 04:16:10 PM [info]: Database connected successfully 
2025-11-18 04:16:10 PM [info]: 🚀 Server started on port 8003 
2025-11-18 04:16:10 PM [info]: 📡 SSE endpoint: http://localhost:8003/sse/notifications 
2025-11-18 04:16:10 PM [info]: 🧪 SSE test: http://localhost:8003/sse/test 
2025-11-18 04:16:24 PM [info]: Database connected successfully 
2025-11-18 04:16:24 PM [info]: 🚀 Server started on port 8003 
2025-11-18 04:16:24 PM [info]: 📡 SSE endpoint: http://localhost:8003/sse/notifications 
2025-11-18 04:16:24 PM [info]: 🧪 SSE test: http://localhost:8003/sse/test 
2025-11-18 04:40:23 PM [info]: Received GET request on /inventoryStock/endoftheday/eod-report [IP: ::1]
2025-11-18 04:40:23 PM [info]: Fetching End of Day Report... 
2025-11-18 04:40:25 PM [info]: End of Day Report fetched successfully 
2025-11-18 04:42:38 PM [info]: Database connected successfully 
2025-11-18 04:42:39 PM [info]: 🚀 Server started on port 8003 
2025-11-18 04:42:39 PM [info]: 📡 SSE endpoint: http://localhost:8003/sse/notifications 
2025-11-18 04:42:39 PM [info]: 🧪 SSE test: http://localhost:8003/sse/test 
2025-11-18 04:44:23 PM [info]: Received GET request on /inventoryStock/endoftheday/eod-report [IP: ::1]
2025-11-18 04:44:23 PM [info]: Fetching End of Day Report... 
2025-11-18 04:44:23 PM [info]: End of Day Report fetched successfully 
2025-11-18 04:56:36 PM [info]: Received GET request on /inwardRegister/?page=1&limit=10 [IP: ::1]
2025-11-18 04:56:36 PM [info]: Fetching all InwardRegister... 
2025-11-18 04:56:40 PM [info]: Received GET request on /vendors/filterVendor/all?page=1&limit=10 [IP: ::1]
2025-11-18 04:56:40 PM [info]: Received GET request on /farmers/filterFarmer/all?page=1&limit=10 [IP: ::1]
2025-11-18 04:56:40 PM [info]: Received GET request on /products/partial/data?page=1&limit=10 [IP: ::1]
2025-11-18 04:56:40 PM [info]: Fetching all farmers 
2025-11-18 04:56:40 PM [info]: Fetching all products 
2025-11-18 04:56:40 PM [info]: Received GET request on /uoms/getAll/partialdata [IP: ::1]
2025-11-18 04:56:40 PM [info]: Received GET request on /deliveryChallan/challanNos/getAllChallanNo [IP: ::1]
2025-11-18 04:56:40 PM [info]: Received GET request on /employee/all/partial [IP: ::1]
2025-11-18 04:56:40 PM [info]: Farmers retrieved successfully 
2025-11-18 04:56:40 PM [info]: Fetched undefined products successfully 
2025-11-18 04:56:40 PM [info]: Fetching all Delivery Challan numbers 
2025-11-18 04:56:40 PM [info]: Received GET request on /company/partial/details [IP: ::1]
2025-11-18 04:56:40 PM [info]: Successfully fetched all Delivery Challan numbers 
2025-11-18 04:56:40 PM [info]: Received GET request on /grns/grnnumbers/getAllgrnNo [IP: ::1]
2025-11-18 04:56:40 PM [info]: Received GET request on /location-branches/filterData/filter/all [IP: ::1]
2025-11-18 04:56:40 PM [info]: Received GET request on /products/partial/data [IP: ::1]
2025-11-18 04:56:40 PM [info]: Employee Getting successfully 
2025-11-18 04:56:40 PM [info]: Received request to fetch all branches 
2025-11-18 04:56:40 PM [info]: Fetching all products 
2025-11-18 04:56:40 PM [info]: Total GRNs fetched: 9 
2025-11-18 04:56:40 PM [info]: Fetched all branches successfully 
2025-11-18 04:56:40 PM [info]: Fetched undefined products successfully 
2025-11-18 04:59:55 PM [info]: Received GET request on /vendors/filterData/42118f5c-ae81-428e-99a8-76b0192abce1 [IP: ::1]
2025-11-18 04:59:56 PM [info]: Received GET request on /farmers/filterFarmer/42118f5c-ae81-428e-99a8-76b0192abce1 [IP: ::1]
2025-11-18 04:59:56 PM [info]: Fetching all farmers 
2025-11-18 04:59:56 PM [error]: No farmers found 
2025-11-18 04:59:56 PM [error]: AppError: No farmers found 
2025-11-18 04:59:56 PM [info]: Received GET request on /vendors/filterVendor/all?search=veggievibe%20service&page=1&limit=10 [IP: ::1]
2025-11-18 04:59:57 PM [info]: Received GET request on /farmers/filterFarmer/42118f5c-ae81-428e-99a8-76b0192abce1 [IP: ::1]
2025-11-18 04:59:57 PM [info]: Fetching all farmers 
2025-11-18 04:59:57 PM [error]: No farmers found 
2025-11-18 04:59:57 PM [error]: AppError: No farmers found 
2025-11-18 05:00:09 PM [info]: Received GET request on /products/partial/f46f9547-2937-40a5-9436-72a834fa1032 [IP: ::1]
2025-11-18 05:00:09 PM [info]: Received GET request on /products/getall/getvarient/f46f9547-2937-40a5-9436-72a834fa1032 [IP: ::1]
2025-11-18 05:00:09 PM [info]: Fetching all products 
2025-11-18 05:00:09 PM [info]: Fetching product with ID 
2025-11-18 05:00:09 PM [info]: Fetched undefined products successfully 
2025-11-18 05:00:09 PM [info]: Product with ID fetched successfully 
2025-11-18 05:03:17 PM [info]: Received POST request on /inwardRegister [IP: ::1]
2025-11-18 05:03:17 PM [info]: Creating new inward register 
2025-11-18 05:03:22 PM [info]: Received GET request on /inwardRegister/?page=1&limit=10 [IP: ::1]
2025-11-18 05:03:22 PM [info]: Fetching all InwardRegister... 
2025-11-18 05:03:28 PM [info]: Received GET request on /inventoryStock/endoftheday/eod-report [IP: ::1]
2025-11-18 05:03:28 PM [info]: Fetching End of Day Report... 
2025-11-18 05:03:28 PM [info]: End of Day Report fetched successfully 
2025-11-18 05:46:52 PM [info]: Received GET request on /inventoryStock/endoftheday/eod-report?startDate=2025-11-18 [IP: ::1]
2025-11-18 05:46:52 PM [info]: Fetching End of Day Report... 
2025-11-18 05:46:52 PM [info]: End of Day Report fetched successfully 
2025-11-18 05:48:30 PM [info]: Shutting down gracefully... 
2025-11-18 05:49:41 PM [info]: Database connected successfully 
2025-11-18 05:49:41 PM [info]: 🚀 Server started on port 8003 
2025-11-18 05:49:41 PM [info]: 📡 SSE endpoint: http://localhost:8003/sse/notifications 
2025-11-18 05:49:41 PM [info]: 🧪 SSE test: http://localhost:8003/sse/test 
2025-11-18 05:53:58 PM [info]: Received GET request on /inventoryStock/endoftheday/eod-report?startDate=2025-11-18 [IP: ::1]
2025-11-18 05:53:58 PM [info]: Fetching End of Day Report... 
2025-11-18 05:53:58 PM [info]: End of Day Report fetched successfully 
2025-11-18 05:54:14 PM [info]: Received GET request on /inventoryStock/endoftheday/eod-report?startDate=2025-11-18&endDate=2025-11-19 [IP: ::1]
2025-11-18 05:54:14 PM [info]: Fetching End of Day Report... 
2025-11-18 05:54:16 PM [info]: End of Day Report fetched successfully 
2025-11-19 09:23:29 AM [info]: Received GET request on /socket.io/?EIO=4&transport=websocket [IP: ::1]
2025-11-19 09:23:29 AM [info]: Received GET request on /employee/?page=1&limit=10 [IP: ::1]
2025-11-19 09:23:30 AM [info]: Getting All Employee 
2025-11-19 09:23:32 AM [info]: Received GET request on /socket.io/?EIO=4&transport=websocket [IP: ::1]
2025-11-19 09:23:32 AM [info]: Employee Getting successfully 
2025-11-19 09:23:33 AM [info]: Received GET request on /socket.io/?EIO=4&transport=websocket [IP: ::1]
2025-11-19 09:23:39 AM [info]: Received GET request on /socket.io/?EIO=4&transport=websocket [IP: ::1]
2025-11-19 09:23:46 AM [info]: Received GET request on /socket.io/?EIO=4&transport=websocket [IP: ::1]
2025-11-19 09:23:51 AM [info]: Received GET request on /socket.io/?EIO=4&transport=websocket [IP: ::1]
2025-11-19 09:49:08 AM [info]: Received GET request on /inventoryStock/endoftheday/eod-report?startDate=2025-11-18&endDate=2025-11-18 [IP: ::1]
2025-11-19 09:49:08 AM [info]: Fetching End of Day Report... 
2025-11-19 09:49:09 AM [info]: End of Day Report fetched successfully 
2025-11-19 09:50:02 AM [info]: Received GET request on /socket.io/?EIO=4&transport=websocket [IP: ::1]
2025-11-19 09:50:02 AM [info]: Received GET request on /inventoryStock/stock/location-wise/?page=1&limit=10 [IP: ::1]
2025-11-19 09:50:02 AM [info]: Getting Stock Location wise 
2025-11-19 09:50:02 AM [info]: Inventory Stock found  
2025-11-19 09:50:04 AM [info]: Received GET request on /socket.io/?EIO=4&transport=websocket [IP: ::1]
2025-11-19 09:50:05 AM [info]: Received GET request on /socket.io/?EIO=4&transport=websocket [IP: ::1]
2025-11-19 09:50:09 AM [info]: Received POST request on /auth/logout [IP: ::1]
2025-11-19 09:50:10 AM [info]: Received GET request on /socket.io/?EIO=4&transport=websocket [IP: ::1]
2025-11-19 09:50:10 AM [info]: User logged out successfully 
2025-11-19 10:30:19 AM [info]: Database connected successfully 
2025-11-19 10:30:19 AM [info]: 🚀 Server started on port 8003 
2025-11-19 10:30:19 AM [info]: 📡 SSE endpoint: http://localhost:8003/sse/notifications 
2025-11-19 10:30:19 AM [info]: 🧪 SSE test: http://localhost:8003/sse/test 
2025-11-19 10:31:58 AM [info]: Database connected successfully 
2025-11-19 10:31:58 AM [info]: 🚀 Server started on port 8003 
2025-11-19 10:31:58 AM [info]: 📡 SSE endpoint: http://localhost:8003/sse/notifications 
2025-11-19 10:31:58 AM [info]: 🧪 SSE test: http://localhost:8003/sse/test 
2025-11-19 10:34:55 AM [info]: Database connected successfully 
2025-11-19 10:34:55 AM [info]: 🚀 Server started on port 8003 
2025-11-19 10:34:55 AM [info]: 📡 SSE endpoint: http://localhost:8003/sse/notifications 
2025-11-19 10:34:55 AM [info]: 🧪 SSE test: http://localhost:8003/sse/test 
2025-11-19 10:38:20 AM [info]: Database connected successfully 
2025-11-19 10:38:20 AM [info]: 🚀 Server started on port 8003 
2025-11-19 10:38:20 AM [info]: 📡 SSE endpoint: http://localhost:8003/sse/notifications 
2025-11-19 10:38:20 AM [info]: 🧪 SSE test: http://localhost:8003/sse/test 
2025-11-19 10:48:40 AM [info]: Database connected successfully 
2025-11-19 10:48:40 AM [info]: 🚀 Server started on port 8003 
2025-11-19 10:48:40 AM [info]: 📡 SSE endpoint: http://localhost:8003/sse/notifications 
2025-11-19 10:48:40 AM [info]: 🧪 SSE test: http://localhost:8003/sse/test 
2025-11-19 10:50:30 AM [info]: Received GET request on /inventoryStock/endoftheday/eod-report?startDate=2025-11-18&endDate=2025-11-18 [IP: ::1]
2025-11-19 10:50:30 AM [info]: Fetching End of Day Report... 
2025-11-19 10:50:30 AM [error]: Error fetching End of Day Report: column returnProduct.quantity does not exist 
2025-11-19 10:50:31 AM [error]: Unhandled Error: column returnProduct.quantity does not exist 
2025-11-19 10:53:48 AM [info]: Database connected successfully 
2025-11-19 10:53:49 AM [info]: 🚀 Server started on port 8003 
2025-11-19 10:53:49 AM [info]: 📡 SSE endpoint: http://localhost:8003/sse/notifications 
2025-11-19 10:53:49 AM [info]: 🧪 SSE test: http://localhost:8003/sse/test 
2025-11-19 10:54:49 AM [info]: Database connected successfully 
2025-11-19 10:54:49 AM [info]: 🚀 Server started on port 8003 
2025-11-19 10:54:49 AM [info]: 📡 SSE endpoint: http://localhost:8003/sse/notifications 
2025-11-19 10:54:49 AM [info]: 🧪 SSE test: http://localhost:8003/sse/test 
2025-11-19 10:56:56 AM [info]: Received GET request on /inventoryStock/endoftheday/eod-report?startDate=2025-11-18&endDate=2025-11-18 [IP: ::1]
2025-11-19 10:56:56 AM [info]: Fetching End of Day Report... 
2025-11-19 10:56:56 AM [info]: End of Day Report fetched successfully 
2025-11-19 10:57:17 AM [info]: Shutting down gracefully... 
2025-11-19 10:58:43 AM [info]: Database connected successfully 
2025-11-19 10:58:43 AM [info]: 🚀 Server started on port 8003 
2025-11-19 10:58:43 AM [info]: 📡 SSE endpoint: http://localhost:8003/sse/notifications 
2025-11-19 10:58:43 AM [info]: 🧪 SSE test: http://localhost:8003/sse/test 
2025-11-19 11:01:55 AM [info]: Received GET request on /inventoryStock/endoftheday/eod-report?startDate=2025-11-18&endDate=2025-11-18 [IP: ::1]
2025-11-19 11:01:55 AM [info]: Fetching End of Day Report... 
2025-11-19 11:01:55 AM [info]: End of Day Report fetched successfully 
2025-11-19 11:27:19 AM [info]: Database connected successfully 
2025-11-19 11:27:21 AM [info]: 🚀 Server started on port 8003 
2025-11-19 11:27:21 AM [info]: 📡 SSE endpoint: http://localhost:8003/sse/notifications 
2025-11-19 11:27:21 AM [info]: 🧪 SSE test: http://localhost:8003/sse/test 
2025-11-19 11:51:12 AM [info]: Database connected successfully 
2025-11-19 11:51:13 AM [info]: 🚀 Server started on port 8003 
2025-11-19 11:51:13 AM [info]: 📡 SSE endpoint: http://localhost:8003/sse/notifications 
2025-11-19 11:51:13 AM [info]: 🧪 SSE test: http://localhost:8003/sse/test 
2025-11-19 11:56:21 AM [info]: Database connected successfully 
2025-11-19 11:56:21 AM [info]: 🚀 Server started on port 8003 
2025-11-19 11:56:21 AM [info]: 📡 SSE endpoint: http://localhost:8003/sse/notifications 
2025-11-19 11:56:21 AM [info]: 🧪 SSE test: http://localhost:8003/sse/test 
2025-11-19 12:21:00 PM [info]: Received GET request on /socket.io/?EIO=4&transport=websocket [IP: ::1]
2025-11-19 12:21:01 PM [info]: Received GET request on /employee/?page=1&limit=10 [IP: ::1]
2025-11-19 12:21:01 PM [info]: Getting All Employee 
2025-11-19 12:21:03 PM [info]: Employee Getting successfully 
2025-11-19 12:21:04 PM [info]: Received GET request on /socket.io/?EIO=4&transport=websocket [IP: ::1]
2025-11-19 12:21:06 PM [info]: Received GET request on /socket.io/?EIO=4&transport=websocket [IP: ::1]
2025-11-19 12:21:09 PM [info]: Received GET request on /socket.io/?EIO=4&transport=websocket [IP: ::1]
2025-11-19 12:21:09 PM [info]: Received GET request on /inwardRegister/?page=1&limit=10 [IP: ::1]
2025-11-19 12:21:09 PM [info]: Fetching all InwardRegister... 
2025-11-19 12:21:10 PM [info]: Received GET request on /socket.io/?EIO=4&transport=websocket [IP: ::1]
2025-11-19 12:21:11 PM [info]: Received GET request on /socket.io/?EIO=4&transport=websocket [IP: ::1]
2025-11-19 12:21:13 PM [info]: Received GET request on /socket.io/?EIO=4&transport=websocket [IP: ::1]
2025-11-19 12:21:16 PM [info]: Received GET request on /socket.io/?EIO=4&transport=websocket [IP: ::1]
2025-11-19 12:21:18 PM [info]: Received GET request on /socket.io/?EIO=4&transport=websocket [IP: ::1]
2025-11-19 12:21:22 PM [info]: Received GET request on /returns/?page=1&limit=10 [IP: ::1]
2025-11-19 12:21:22 PM [info]: Received GET request on /socket.io/?EIO=4&transport=websocket [IP: ::1]
2025-11-19 12:21:25 PM [info]: Received GET request on /socket.io/?EIO=4&transport=websocket [IP: ::1]
2025-11-19 12:21:31 PM [info]: Received GET request on /socket.io/?EIO=4&transport=websocket [IP: ::1]
2025-11-19 12:23:49 PM [info]: Received GET request on /products/partial/data?page=1&limit=10 [IP: ::1]
2025-11-19 12:23:49 PM [info]: Received GET request on /customers/names/all [IP: ::1]
2025-11-19 12:23:49 PM [info]: Received GET request on /customer-delivery-challan/ [IP: ::1]
2025-11-19 12:23:49 PM [info]: Received GET request on /company/partial/details [IP: ::1]
2025-11-19 12:23:49 PM [info]: Received GET request on /location-branches/filterData/filter/all [IP: ::1]
2025-11-19 12:23:49 PM [info]: Received GET request on /uoms/getAll/partialdata [IP: ::1]
2025-11-19 12:23:49 PM [info]: Fetching all products 
2025-11-19 12:23:49 PM [info]: Fetching all customers 
2025-11-19 12:23:49 PM [info]: Fetching all customer delivery challans 
2025-11-19 12:23:49 PM [info]: Received request to fetch all branches 
2025-11-19 12:23:49 PM [info]: Fetched all branches successfully 
2025-11-19 12:23:49 PM [info]: Customers retrieved successfully 
2025-11-19 12:23:49 PM [info]: Fetched undefined products successfully 
2025-11-19 12:32:41 PM [info]: Database connected successfully 
2025-11-19 12:32:41 PM [info]: 🚀 Server started on port 8003 
2025-11-19 12:32:41 PM [info]: 📡 SSE endpoint: http://localhost:8003/sse/notifications 
2025-11-19 12:32:41 PM [info]: 🧪 SSE test: http://localhost:8003/sse/test 
2025-11-19 12:37:34 PM [info]: Database connected successfully 
2025-11-19 12:37:34 PM [info]: 🚀 Server started on port 8003 
2025-11-19 12:37:34 PM [info]: 📡 SSE endpoint: http://localhost:8003/sse/notifications 
2025-11-19 12:37:34 PM [info]: 🧪 SSE test: http://localhost:8003/sse/test 
2025-11-19 12:37:42 PM [info]: Database connected successfully 
2025-11-19 12:37:42 PM [info]: 🚀 Server started on port 8003 
2025-11-19 12:37:42 PM [info]: 📡 SSE endpoint: http://localhost:8003/sse/notifications 
2025-11-19 12:37:42 PM [info]: 🧪 SSE test: http://localhost:8003/sse/test 
2025-11-19 12:37:53 PM [info]: Database connected successfully 
2025-11-19 12:37:53 PM [info]: 🚀 Server started on port 8003 
2025-11-19 12:37:53 PM [info]: 📡 SSE endpoint: http://localhost:8003/sse/notifications 
2025-11-19 12:37:53 PM [info]: 🧪 SSE test: http://localhost:8003/sse/test 
2025-11-19 12:38:02 PM [info]: Database connected successfully 
2025-11-19 12:38:02 PM [info]: 🚀 Server started on port 8003 
2025-11-19 12:38:02 PM [info]: 📡 SSE endpoint: http://localhost:8003/sse/notifications 
2025-11-19 12:38:02 PM [info]: 🧪 SSE test: http://localhost:8003/sse/test 
2025-11-19 12:38:18 PM [info]: Database connected successfully 
2025-11-19 12:38:18 PM [info]: 🚀 Server started on port 8003 
2025-11-19 12:38:18 PM [info]: 📡 SSE endpoint: http://localhost:8003/sse/notifications 
2025-11-19 12:38:18 PM [info]: 🧪 SSE test: http://localhost:8003/sse/test 
2025-11-19 12:41:01 PM [info]: Received GET request on /inventoryStock/endoftheday/eod-report?startDate=2025-11-18&endDate=2025-11-18 [IP: ::1]
2025-11-19 12:41:01 PM [info]: Fetching End of Day Report... 
2025-11-19 12:41:01 PM [info]: End of Day Report fetched successfully 
2025-11-19 02:36:20 PM [info]: Database connected successfully 
2025-11-19 02:36:21 PM [info]: 🚀 Server started on port 8003 
2025-11-19 02:36:21 PM [info]: 📡 SSE endpoint: http://localhost:8003/sse/notifications 
2025-11-19 02:36:21 PM [info]: 🧪 SSE test: http://localhost:8003/sse/test 
2025-11-19 02:41:01 PM [info]: Database connected successfully 
2025-11-19 02:41:01 PM [info]: 🚀 Server started on port 8003 
2025-11-19 02:41:01 PM [info]: 📡 SSE endpoint: http://localhost:8003/sse/notifications 
2025-11-19 02:41:01 PM [info]: 🧪 SSE test: http://localhost:8003/sse/test 
2025-11-19 02:43:08 PM [info]: Database connected successfully 
2025-11-19 02:43:08 PM [info]: 🚀 Server started on port 8003 
2025-11-19 02:43:08 PM [info]: 📡 SSE endpoint: http://localhost:8003/sse/notifications 
2025-11-19 02:43:08 PM [info]: 🧪 SSE test: http://localhost:8003/sse/test 
2025-11-19 02:45:13 PM [info]: Database connected successfully 
2025-11-19 02:45:13 PM [info]: 🚀 Server started on port 8003 
2025-11-19 02:45:13 PM [info]: 📡 SSE endpoint: http://localhost:8003/sse/notifications 
2025-11-19 02:45:13 PM [info]: 🧪 SSE test: http://localhost:8003/sse/test 
2025-11-19 03:11:15 PM [info]: Database connected successfully 
2025-11-19 03:11:15 PM [info]: 🚀 Server started on port 8003 
2025-11-19 03:11:15 PM [info]: 📡 SSE endpoint: http://localhost:8003/sse/notifications 
2025-11-19 03:11:15 PM [info]: 🧪 SSE test: http://localhost:8003/sse/test 
2025-11-19 03:12:09 PM [info]: Database connected successfully 
2025-11-19 03:12:09 PM [info]: 🚀 Server started on port 8003 
2025-11-19 03:12:09 PM [info]: 📡 SSE endpoint: http://localhost:8003/sse/notifications 
2025-11-19 03:12:09 PM [info]: 🧪 SSE test: http://localhost:8003/sse/test 
2025-11-19 03:20:31 PM [info]: Received GET request on /secondSales/?page=1&limit=10 [IP: ::1]
2025-11-19 03:20:31 PM [info]: Fetching all second sales 
2025-11-19 03:20:32 PM [info]: Second sales retrieved successfully 
2025-11-19 03:20:35 PM [info]: Received GET request on /products/partial/data?page=1&limit=10 [IP: ::1]
2025-11-19 03:20:35 PM [info]: Fetching all products 
2025-11-19 03:20:35 PM [info]: Received GET request on /company/partial/details [IP: ::1]
2025-11-19 03:20:35 PM [info]: Received GET request on /deliveryChallan/challanNos/getAllChallanNo [IP: ::1]
2025-11-19 03:20:35 PM [info]: Received GET request on /uoms/getAll/partialdata [IP: ::1]
2025-11-19 03:20:35 PM [info]: Fetching all Delivery Challan numbers 
2025-11-19 03:20:35 PM [info]: Received GET request on /location-branches/filterData/filter/all [IP: ::1]
2025-11-19 03:20:35 PM [info]: Received request to fetch all branches 
2025-11-19 03:20:35 PM [info]: Successfully fetched all Delivery Challan numbers 
2025-11-19 03:20:35 PM [info]: Fetched all branches successfully 
2025-11-19 03:20:35 PM [info]: Fetched undefined products successfully 
2025-11-19 03:23:15 PM [info]: Database connected successfully 
2025-11-19 03:23:15 PM [info]: 🚀 Server started on port 8003 
2025-11-19 03:23:15 PM [info]: 📡 SSE endpoint: http://localhost:8003/sse/notifications 
2025-11-19 03:23:15 PM [info]: 🧪 SSE test: http://localhost:8003/sse/test 
2025-11-19 03:25:43 PM [info]: Database connected successfully 
2025-11-19 03:25:43 PM [info]: 🚀 Server started on port 8003 
2025-11-19 03:25:43 PM [info]: 📡 SSE endpoint: http://localhost:8003/sse/notifications 
2025-11-19 03:25:43 PM [info]: 🧪 SSE test: http://localhost:8003/sse/test 
2025-11-19 03:25:57 PM [info]: Received GET request on /inventoryStock/endoftheday/eod-report?startDate=2025-11-18&endDate=2025-11-18 [IP: ::1]
2025-11-19 03:25:57 PM [info]: Fetching End of Day Report... 
2025-11-19 03:25:57 PM [info]: End of Day Report fetched successfully 
2025-11-19 03:35:21 PM [info]: Database connected successfully 
2025-11-19 03:35:21 PM [info]: 🚀 Server started on port 8003 
2025-11-19 03:35:21 PM [info]: 📡 SSE endpoint: http://localhost:8003/sse/notifications 
2025-11-19 03:35:21 PM [info]: 🧪 SSE test: http://localhost:8003/sse/test 
2025-11-19 03:48:56 PM [info]: Database connected successfully 
2025-11-19 03:48:56 PM [info]: 🚀 Server started on port 8003 
2025-11-19 03:48:56 PM [info]: 📡 SSE endpoint: http://localhost:8003/sse/notifications 
2025-11-19 03:48:56 PM [info]: 🧪 SSE test: http://localhost:8003/sse/test 
2025-11-19 03:49:06 PM [info]: Database connected successfully 
2025-11-19 03:49:06 PM [info]: 🚀 Server started on port 8003 
2025-11-19 03:49:06 PM [info]: 📡 SSE endpoint: http://localhost:8003/sse/notifications 
2025-11-19 03:49:06 PM [info]: 🧪 SSE test: http://localhost:8003/sse/test 
2025-11-19 03:50:29 PM [info]: Database connected successfully 
2025-11-19 03:50:29 PM [info]: 🚀 Server started on port 8003 
2025-11-19 03:50:29 PM [info]: 📡 SSE endpoint: http://localhost:8003/sse/notifications 
2025-11-19 03:50:29 PM [info]: 🧪 SSE test: http://localhost:8003/sse/test 
2025-11-19 03:54:35 PM [info]: Database connected successfully 
2025-11-19 03:54:35 PM [info]: 🚀 Server started on port 8003 
2025-11-19 03:54:35 PM [info]: 📡 SSE endpoint: http://localhost:8003/sse/notifications 
2025-11-19 03:54:35 PM [info]: 🧪 SSE test: http://localhost:8003/sse/test 
2025-11-19 04:06:37 PM [info]: Received GET request on /inventoryStock/endoftheday/eod-report?startDate=2025-11-18&endDate=2025-11-18 [IP: ::1]
2025-11-19 04:06:37 PM [info]: Fetching End of Day Report... 
2025-11-19 04:06:37 PM [info]: End of Day Report fetched successfully 
2025-11-20 09:26:42 AM [info]: Received GET request on /employee/?page=1&limit=10 [IP: ::1]
2025-11-20 09:26:42 AM [info]: Received GET request on /socket.io/?EIO=4&transport=websocket [IP: ::1]
2025-11-20 09:26:43 AM [info]: Getting All Employee 
2025-11-20 09:26:43 AM [info]: Employee Getting successfully 
2025-11-20 09:26:44 AM [info]: Received GET request on /socket.io/?EIO=4&transport=websocket [IP: ::1]
2025-11-20 09:26:47 AM [info]: Received GET request on /socket.io/?EIO=4&transport=websocket [IP: ::1]
2025-11-20 09:26:52 AM [info]: Received GET request on /socket.io/?EIO=4&transport=websocket [IP: ::1]
2025-11-20 09:26:58 AM [info]: Received GET request on /socket.io/?EIO=4&transport=websocket [IP: ::1]
2025-11-20 09:27:04 AM [info]: Received GET request on /socket.io/?EIO=4&transport=websocket [IP: ::1]
2025-11-20 09:39:29 AM [info]: Database connected successfully 
2025-11-20 09:39:29 AM [info]: 🚀 Server started on port 8003 
2025-11-20 09:39:29 AM [info]: 📡 SSE endpoint: http://localhost:8003/sse/notifications 
2025-11-20 09:39:29 AM [info]: 🧪 SSE test: http://localhost:8003/sse/test 
2025-11-20 09:48:09 AM [info]: Received POST request on /auth/login [IP: ::1]
2025-11-20 09:48:09 AM [info]: Login request received 
2025-11-20 09:48:10 AM [info]: System log saved 
2025-11-20 09:48:10 AM [info]: User logged in successfully 
2025-11-20 09:48:29 AM [info]: Received POST request on /auth/login [IP: ::1]
2025-11-20 09:48:29 AM [info]: Login request received 
2025-11-20 09:48:30 AM [info]: System log saved 
2025-11-20 09:48:30 AM [info]: User logged in successfully 
2025-11-20 09:49:59 AM [info]: Received POST request on /auth/login [IP: ::1]
2025-11-20 09:49:59 AM [info]: Login request received 
2025-11-20 09:49:59 AM [info]: System log saved 
2025-11-20 09:49:59 AM [info]: User logged in successfully 
2025-11-20 09:52:26 AM [info]: Received POST request on /auth/login [IP: ::1]
2025-11-20 09:52:26 AM [info]: Login request received 
2025-11-20 09:52:29 AM [info]: System log saved 
2025-11-20 09:52:29 AM [info]: User logged in successfully 
2025-11-20 09:52:40 AM [info]: Received POST request on /auth/login [IP: ::1]
2025-11-20 09:52:40 AM [info]: Login request received 
2025-11-20 09:52:43 AM [info]: System log saved 
2025-11-20 09:52:43 AM [info]: User logged in successfully 
2025-11-20 09:58:59 AM [info]: Received POST request on /auth/login [IP: ::1]
2025-11-20 09:58:59 AM [info]: Login request received 
2025-11-20 09:59:00 AM [info]: System log saved 
2025-11-20 09:59:00 AM [info]: User logged in successfully 
2025-11-20 10:03:02 AM [info]: Received POST request on /auth/login [IP: ::1]
2025-11-20 10:03:02 AM [info]: Login request received 
2025-11-20 10:03:03 AM [info]: System log saved 
2025-11-20 10:03:03 AM [info]: User logged in successfully 
2025-11-20 10:13:36 AM [info]: Shutting down gracefully... 
2025-11-20 10:14:35 AM [info]: Database connected successfully 
2025-11-20 10:14:35 AM [info]: 🚀 Server started on port 8003 
2025-11-20 10:14:35 AM [info]: 📡 SSE endpoint: http://localhost:8003/sse/notifications 
2025-11-20 10:14:35 AM [info]: 🧪 SSE test: http://localhost:8003/sse/test 
2025-11-20 10:15:51 AM [info]: Received POST request on /invoice/generate/final/b9806ee8-c625-43ef-9abc-7b225a85ab28 [IP: ::1]
2025-11-20 10:15:53 AM [error]: Unhandled Error: Cannot read properties of undefined (reading 'id') 
2025-11-20 10:19:45 AM [info]: Database connected successfully 
2025-11-20 10:19:45 AM [info]: 🚀 Server started on port 8003 
2025-11-20 10:19:45 AM [info]: 📡 SSE endpoint: http://localhost:8003/sse/notifications 
2025-11-20 10:19:45 AM [info]: 🧪 SSE test: http://localhost:8003/sse/test 
2025-11-20 10:20:20 AM [info]: Database connected successfully 
2025-11-20 10:20:20 AM [info]: 🚀 Server started on port 8003 
2025-11-20 10:20:20 AM [info]: 📡 SSE endpoint: http://localhost:8003/sse/notifications 
2025-11-20 10:20:20 AM [info]: 🧪 SSE test: http://localhost:8003/sse/test 
2025-11-20 10:20:30 AM [info]: Received POST request on /invoice/generate/final/b9806ee8-c625-43ef-9abc-7b225a85ab28 [IP: ::1]
2025-11-20 10:20:56 AM [error]: Unhandled Error: Failed to generate or upload PDF 
2025-11-20 10:24:45 AM [info]: Database connected successfully 
2025-11-20 10:24:45 AM [info]: 🚀 Server started on port 8003 
2025-11-20 10:24:45 AM [info]: 📡 SSE endpoint: http://localhost:8003/sse/notifications 
2025-11-20 10:24:45 AM [info]: 🧪 SSE test: http://localhost:8003/sse/test 
2025-11-20 10:25:01 AM [info]: Received POST request on /invoice/generate/final/b9806ee8-c625-43ef-9abc-7b225a85ab28 [IP: ::1]
2025-11-20 10:25:05 AM [error]: Unhandled Error: Failed to generate or upload PDF 
2025-11-20 10:26:35 AM [info]: Database connected successfully 
2025-11-20 10:26:35 AM [info]: 🚀 Server started on port 8003 
2025-11-20 10:26:35 AM [info]: 📡 SSE endpoint: http://localhost:8003/sse/notifications 
2025-11-20 10:26:35 AM [info]: 🧪 SSE test: http://localhost:8003/sse/test 
2025-11-20 10:27:14 AM [info]: Received POST request on /invoice/generate/final/b9806ee8-c625-43ef-9abc-7b225a85ab28 [IP: ::1]
2025-11-20 10:27:22 AM [error]: Unhandled Error: Failed to generate or upload PDF 
2025-11-20 10:28:31 AM [info]: Database connected successfully 
2025-11-20 10:28:31 AM [info]: 🚀 Server started on port 8003 
2025-11-20 10:28:31 AM [info]: 📡 SSE endpoint: http://localhost:8003/sse/notifications 
2025-11-20 10:28:31 AM [info]: 🧪 SSE test: http://localhost:8003/sse/test 
2025-11-20 10:28:41 AM [info]: Received POST request on /invoice/generate/final/b9806ee8-c625-43ef-9abc-7b225a85ab28 [IP: ::1]
2025-11-20 10:28:46 AM [error]: Unhandled Error: The AWS Access Key Id you provided does not exist in our records. 
2025-11-20 10:30:01 AM [info]: Database connected successfully 
2025-11-20 10:30:03 AM [info]: 🚀 Server started on port 8003 
2025-11-20 10:30:03 AM [info]: 📡 SSE endpoint: http://localhost:8003/sse/notifications 
2025-11-20 10:30:03 AM [info]: 🧪 SSE test: http://localhost:8003/sse/test 
2025-11-20 10:30:35 AM [info]: Received POST request on /invoice/generate/final/b9806ee8-c625-43ef-9abc-7b225a85ab28 [IP: ::1]
2025-11-20 10:31:09 AM [error]: Unhandled Error: Timed out after 30000 ms while waiting for the WS endpoint URL to appear in stdout! 
2025-11-20 10:31:21 AM [error]: Unhandled Promise Rejection: EBUSY: resource busy or locked, unlink 'C:\Users\Admin\AppData\Local\Temp\puppeteer_dev_chrome_profile-XXXXXXJnWL50\first_party_sets.db-journal' 
2025-11-20 10:32:55 AM [info]: Database connected successfully 
2025-11-20 10:32:55 AM [info]: 🚀 Server started on port 8003 
2025-11-20 10:32:55 AM [info]: 📡 SSE endpoint: http://localhost:8003/sse/notifications 
2025-11-20 10:32:55 AM [info]: 🧪 SSE test: http://localhost:8003/sse/test 
2025-11-20 10:33:19 AM [info]: Database connected successfully 
2025-11-20 10:33:19 AM [info]: 🚀 Server started on port 8003 
2025-11-20 10:33:19 AM [info]: 📡 SSE endpoint: http://localhost:8003/sse/notifications 
2025-11-20 10:33:19 AM [info]: 🧪 SSE test: http://localhost:8003/sse/test 
2025-11-20 10:34:05 AM [info]: Received POST request on /invoice/generate/final/b9806ee8-c625-43ef-9abc-7b225a85ab28 [IP: ::1]
2025-11-20 10:41:11 AM [info]: Received GET request on /socket.io/?EIO=4&transport=websocket [IP: ::1]
2025-11-20 10:41:12 AM [info]: Received GET request on /company/partial/details [IP: ::1]
2025-11-20 10:41:12 AM [info]: Received GET request on /deliveryChallan/challanNos/getAllChallanNo [IP: ::1]
2025-11-20 10:41:12 AM [info]: Fetching all Delivery Challan numbers 
2025-11-20 10:41:12 AM [info]: Successfully fetched all Delivery Challan numbers 
2025-11-20 10:41:12 AM [info]: Received GET request on /uoms/getAll/partialdata [IP: ::1]
2025-11-20 10:41:12 AM [info]: Received GET request on /products/partial/data?page=1&limit=10 [IP: ::1]
2025-11-20 10:41:12 AM [info]: Fetching all products 
2025-11-20 10:41:12 AM [info]: Received GET request on /location-branches/filterData/filter/all [IP: ::1]
2025-11-20 10:41:12 AM [info]: Received request to fetch all branches 
2025-11-20 10:41:12 AM [info]: Fetched all branches successfully 
2025-11-20 10:41:12 AM [info]: Fetched undefined products successfully 
2025-11-20 10:41:13 AM [info]: Received GET request on /socket.io/?EIO=4&transport=websocket [IP: ::1]
2025-11-20 10:41:14 AM [info]: Received GET request on /socket.io/?EIO=4&transport=websocket [IP: ::1]
2025-11-20 10:41:16 AM [info]: Received GET request on /returns/?page=1&limit=10 [IP: ::1]
2025-11-20 10:41:19 AM [info]: Received GET request on /socket.io/?EIO=4&transport=websocket [IP: ::1]
2025-11-20 10:41:24 AM [info]: Received GET request on /socket.io/?EIO=4&transport=websocket [IP: ::1]
2025-11-20 10:41:30 AM [info]: Received GET request on /socket.io/?EIO=4&transport=websocket [IP: ::1]
2025-11-20 10:41:48 AM [info]: Received GET request on /customer-delivery-challan/ [IP: ::1]
2025-11-20 10:41:48 AM [info]: Received GET request on /products/partial/data?page=1&limit=10 [IP: ::1]
2025-11-20 10:41:48 AM [info]: Received GET request on /company/partial/details [IP: ::1]
2025-11-20 10:41:48 AM [info]: Received GET request on /location-branches/filterData/filter/all [IP: ::1]
2025-11-20 10:41:49 AM [info]: Fetching all customer delivery challans 
2025-11-20 10:41:49 AM [info]: Fetching all products 
2025-11-20 10:41:49 AM [info]: Received request to fetch all branches 
2025-11-20 10:41:49 AM [info]: Fetched all branches successfully 
2025-11-20 10:41:49 AM [info]: Fetched undefined products successfully 
2025-11-20 10:41:49 AM [info]: Received GET request on /uoms/getAll/partialdata [IP: ::1]
2025-11-20 10:41:49 AM [info]: Received GET request on /customers/names/all [IP: ::1]
2025-11-20 10:41:49 AM [info]: Fetching all customers 
2025-11-20 10:41:49 AM [info]: Customers retrieved successfully 
2025-11-20 10:45:04 AM [info]: Database connected successfully 
2025-11-20 10:45:04 AM [info]: 🚀 Server started on port 8003 
2025-11-20 10:45:04 AM [info]: 📡 SSE endpoint: http://localhost:8003/sse/notifications 
2025-11-20 10:45:04 AM [info]: 🧪 SSE test: http://localhost:8003/sse/test 
2025-11-20 10:48:32 AM [info]: Database connected successfully 
2025-11-20 10:48:32 AM [info]: 🚀 Server started on port 8003 
2025-11-20 10:48:32 AM [info]: 📡 SSE endpoint: http://localhost:8003/sse/notifications 
2025-11-20 10:48:32 AM [info]: 🧪 SSE test: http://localhost:8003/sse/test 
2025-11-20 10:50:39 AM [info]: Database connected successfully 
2025-11-20 10:50:39 AM [info]: 🚀 Server started on port 8003 
2025-11-20 10:50:39 AM [info]: 📡 SSE endpoint: http://localhost:8003/sse/notifications 
2025-11-20 10:50:39 AM [info]: 🧪 SSE test: http://localhost:8003/sse/test 
2025-11-20 10:50:58 AM [info]: Database connected successfully 
2025-11-20 10:50:58 AM [info]: 🚀 Server started on port 8003 
2025-11-20 10:50:58 AM [info]: 📡 SSE endpoint: http://localhost:8003/sse/notifications 
2025-11-20 10:50:58 AM [info]: 🧪 SSE test: http://localhost:8003/sse/test 
2025-11-20 10:51:15 AM [info]: Database connected successfully 
2025-11-20 10:51:15 AM [info]: 🚀 Server started on port 8003 
2025-11-20 10:51:15 AM [info]: 📡 SSE endpoint: http://localhost:8003/sse/notifications 
2025-11-20 10:51:15 AM [info]: 🧪 SSE test: http://localhost:8003/sse/test 
2025-11-20 10:55:12 AM [info]: Database connected successfully 
2025-11-20 10:55:12 AM [info]: 🚀 Server started on port 8003 
2025-11-20 10:55:12 AM [info]: 📡 SSE endpoint: http://localhost:8003/sse/notifications 
2025-11-20 10:55:12 AM [info]: 🧪 SSE test: http://localhost:8003/sse/test 
2025-11-20 10:55:51 AM [info]: Database connected successfully 
2025-11-20 10:55:52 AM [info]: 🚀 Server started on port 8003 
2025-11-20 10:55:52 AM [info]: 📡 SSE endpoint: http://localhost:8003/sse/notifications 
2025-11-20 10:55:52 AM [info]: 🧪 SSE test: http://localhost:8003/sse/test 
2025-11-20 11:07:39 AM [info]: Database connected successfully 
2025-11-20 11:07:39 AM [info]: 🚀 Server started on port 8003 
2025-11-20 11:07:39 AM [info]: 📡 SSE endpoint: http://localhost:8003/sse/notifications 
2025-11-20 11:07:39 AM [info]: 🧪 SSE test: http://localhost:8003/sse/test 
2025-11-20 11:08:28 AM [info]: Database connected successfully 
2025-11-20 11:08:28 AM [info]: 🚀 Server started on port 8003 
2025-11-20 11:08:28 AM [info]: 📡 SSE endpoint: http://localhost:8003/sse/notifications 
2025-11-20 11:08:28 AM [info]: 🧪 SSE test: http://localhost:8003/sse/test 
2025-11-20 11:09:32 AM [info]: Database connected successfully 
2025-11-20 11:09:32 AM [info]: 🚀 Server started on port 8003 
2025-11-20 11:09:32 AM [info]: 📡 SSE endpoint: http://localhost:8003/sse/notifications 
2025-11-20 11:09:32 AM [info]: 🧪 SSE test: http://localhost:8003/sse/test 
2025-11-20 11:18:33 AM [info]: Received GET request on /socket.io/?EIO=4&transport=websocket [IP: ::1]
2025-11-20 11:18:33 AM [info]: Received GET request on /company/partial/details [IP: ::1]
2025-11-20 11:18:33 AM [info]: Received GET request on /products/partial/data?page=1&limit=10 [IP: ::1]
2025-11-20 11:18:33 AM [info]: Received GET request on /customers/names/all [IP: ::1]
2025-11-20 11:18:33 AM [info]: Received GET request on /location-branches/filterData/filter/all [IP: ::1]
2025-11-20 11:18:33 AM [info]: Received GET request on /customer-delivery-challan/ [IP: ::1]
2025-11-20 11:18:33 AM [info]: Received GET request on /uoms/getAll/partialdata [IP: ::1]
2025-11-20 11:18:33 AM [info]: Fetching all customer delivery challans 
2025-11-20 11:18:33 AM [info]: Fetching all customers 
2025-11-20 11:18:33 AM [info]: Received request to fetch all branches 
2025-11-20 11:18:33 AM [info]: Fetching all products 
2025-11-20 11:18:33 AM [info]: Fetched all branches successfully 
2025-11-20 11:18:33 AM [info]: Customers retrieved successfully 
2025-11-20 11:18:33 AM [info]: Fetched undefined products successfully 
2025-11-20 11:18:34 AM [info]: Received GET request on /socket.io/?EIO=4&transport=websocket [IP: ::1]
2025-11-20 11:18:37 AM [info]: Received GET request on /socket.io/?EIO=4&transport=websocket [IP: ::1]
2025-11-20 11:18:40 AM [info]: Received GET request on /customer-delivery-challan/update/3b5f8649-2f41-4f12-ab5f-ae52242d258d [IP: ::1]
2025-11-20 11:18:40 AM [info]: Fetching customer delivery challan with ID: 3b5f8649-2f41-4f12-ab5f-ae52242d258d 
2025-11-20 11:18:41 AM [info]: Fetched challan with ID: 3b5f8649-2f41-4f12-ab5f-ae52242d258d successfully 
2025-11-20 11:18:41 AM [info]: Received GET request on /products/partial/f151f517-33fa-4235-a02a-90c355b1c942 [IP: ::1]
2025-11-20 11:18:41 AM [info]: Received GET request on /products/getall/getvarient/f151f517-33fa-4235-a02a-90c355b1c942 [IP: ::1]
2025-11-20 11:18:41 AM [info]: Fetching all products 
2025-11-20 11:18:41 AM [info]: Fetching product with ID 
2025-11-20 11:18:41 AM [info]: Fetched undefined products successfully 
2025-11-20 11:18:41 AM [info]: Product with ID fetched successfully 
2025-11-20 11:18:42 AM [info]: Received GET request on /socket.io/?EIO=4&transport=websocket [IP: ::1]
2025-11-20 11:18:47 AM [info]: Received GET request on /socket.io/?EIO=4&transport=websocket [IP: ::1]
2025-11-20 11:18:52 AM [info]: Received GET request on /socket.io/?EIO=4&transport=websocket [IP: ::1]
2025-11-20 11:19:04 AM [info]: Received GET request on /customer-delivery-challan/update/7bdf8c0f-f4db-48d7-bc5c-735b8f30c0eb [IP: ::1]
2025-11-20 11:19:04 AM [info]: Fetching customer delivery challan with ID: 7bdf8c0f-f4db-48d7-bc5c-735b8f30c0eb 
2025-11-20 11:19:04 AM [info]: Fetched challan with ID: 7bdf8c0f-f4db-48d7-bc5c-735b8f30c0eb successfully 
2025-11-20 11:19:13 AM [info]: Received GET request on /customer-delivery-challan/update/3b5f8649-2f41-4f12-ab5f-ae52242d258d [IP: ::1]
2025-11-20 11:19:13 AM [info]: Fetching customer delivery challan with ID: 3b5f8649-2f41-4f12-ab5f-ae52242d258d 
2025-11-20 11:19:13 AM [info]: Fetched challan with ID: 3b5f8649-2f41-4f12-ab5f-ae52242d258d successfully 
2025-11-20 11:19:17 AM [info]: Received GET request on /customer-delivery-challan/update/d365435c-2bb5-44f2-98a1-8ce8b83ed16e [IP: ::1]
2025-11-20 11:19:17 AM [info]: Fetching customer delivery challan with ID: d365435c-2bb5-44f2-98a1-8ce8b83ed16e 
2025-11-20 11:19:17 AM [info]: Fetched challan with ID: d365435c-2bb5-44f2-98a1-8ce8b83ed16e successfully 
2025-11-20 11:19:17 AM [info]: Received GET request on /products/partial/f6cd3fa6-5ce3-4bee-a3e0-a0e4e706c65f [IP: ::1]
2025-11-20 11:19:17 AM [info]: Fetching all products 
2025-11-20 11:19:17 AM [info]: Fetched undefined products successfully 
2025-11-20 11:19:17 AM [info]: Received GET request on /products/getall/getvarient/f6cd3fa6-5ce3-4bee-a3e0-a0e4e706c65f [IP: ::1]
2025-11-20 11:19:17 AM [info]: Fetching product with ID 
2025-11-20 11:19:17 AM [info]: Product with ID fetched successfully 
2025-11-20 11:20:36 AM [info]: Received POST request on /returns/ [IP: ::1]
2025-11-20 11:20:41 AM [info]: Received GET request on /returns/?page=1&limit=10 [IP: ::1]
2025-11-20 11:22:57 AM [info]: Received GET request on /customer-delivery-challan/view/d365435c-2bb5-44f2-98a1-8ce8b83ed16e [IP: ::1]
2025-11-20 11:22:57 AM [info]: Fetching customer delivery challan with ID: d365435c-2bb5-44f2-98a1-8ce8b83ed16e 
2025-11-20 11:22:57 AM [error]: Error fetching challan by ID 
2025-11-20 11:22:57 AM [error]: Unhandled Error: Error fetching document: Error: Document with ID d365435c-2bb5-44f2-98a1-8ce8b83ed16e not found 
2025-11-20 11:23:03 AM [info]: Received GET request on /customer-delivery-challan/view/d365435c-2bb5-44f2-98a1-8ce8b83ed16e [IP: ::1]
2025-11-20 11:23:03 AM [info]: Fetching customer delivery challan with ID: d365435c-2bb5-44f2-98a1-8ce8b83ed16e 
2025-11-20 11:23:03 AM [error]: Error fetching challan by ID 
2025-11-20 11:23:03 AM [error]: Unhandled Error: Error fetching document: Error: Document with ID d365435c-2bb5-44f2-98a1-8ce8b83ed16e not found 
2025-11-20 11:27:58 AM [info]: Received GET request on /customer-delivery-challan/view/b4682910-0f0c-485d-91a2-b3fe673205c0 [IP: ::1]
2025-11-20 11:27:58 AM [info]: Fetching customer delivery challan with ID: b4682910-0f0c-485d-91a2-b3fe673205c0 
2025-11-20 11:28:00 AM [info]: Fetched challan with ID: b4682910-0f0c-485d-91a2-b3fe673205c0 successfully 
2025-11-20 11:30:09 AM [info]: Database connected successfully 
2025-11-20 11:30:09 AM [info]: 🚀 Server started on port 8003 
2025-11-20 11:30:09 AM [info]: 📡 SSE endpoint: http://localhost:8003/sse/notifications 
2025-11-20 11:30:09 AM [info]: 🧪 SSE test: http://localhost:8003/sse/test 
2025-11-20 11:40:26 AM [info]: Database connected successfully 
2025-11-20 11:40:26 AM [info]: 🚀 Server started on port 8003 
2025-11-20 11:40:26 AM [info]: 📡 SSE endpoint: http://localhost:8003/sse/notifications 
2025-11-20 11:40:26 AM [info]: 🧪 SSE test: http://localhost:8003/sse/test 
2025-11-20 11:40:35 AM [info]: Received GET request on /customer-delivery-challan/view/b4682910-0f0c-485d-91a2-b3fe673205c0 [IP: ::1]
2025-11-20 11:40:36 AM [info]: Fetching customer delivery challan with ID: b4682910-0f0c-485d-91a2-b3fe673205c0 
2025-11-20 11:40:36 AM [info]: Fetched challan with ID: b4682910-0f0c-485d-91a2-b3fe673205c0 successfully 
2025-11-20 11:40:40 AM [info]: Received GET request on /socket.io/?EIO=4&transport=websocket [IP: 182.156.141.17]
2025-11-20 11:40:40 AM [info]: Received GET request on /userreport/user-counts [IP: 182.156.141.17]
2025-11-20 11:40:40 AM [error]: AppError: You need to re-authenticate. Please log in. 
2025-11-20 11:40:40 AM [info]: Received GET request on /userreport/total-sale [IP: 182.156.141.17]
2025-11-20 11:40:40 AM [error]: AppError: You need to re-authenticate. Please log in. 
2025-11-20 11:40:41 AM [info]: Received POST request on /auth/refresh-token [IP: 182.156.141.17]
2025-11-20 11:40:41 AM [info]: Received request to refresh access token 
2025-11-20 11:40:41 AM [info]: Received GET request on /location-branches/filterData/filter/all [IP: 182.156.141.17]
2025-11-20 11:40:41 AM [error]: AppError: You need to re-authenticate. Please log in. 
2025-11-20 11:40:41 AM [warn]: Invalid refresh token provided 
2025-11-20 11:40:41 AM [error]: AppError: You need to re-authenticate. Please log in. 
2025-11-20 11:40:41 AM [info]: Received GET request on /customers/names/all [IP: 182.156.141.17]
2025-11-20 11:40:41 AM [error]: AppError: You need to re-authenticate. Please log in. 
2025-11-20 11:40:41 AM [info]: Received GET request on /admin/dashboard/active-users [IP: 182.156.141.17]
2025-11-20 11:40:41 AM [error]: AppError: You need to re-authenticate. Please log in. 
2025-11-20 11:40:41 AM [info]: Received GET request on /vendors/filterVendor/all?page=1&limit=6 [IP: 182.156.141.17]
2025-11-20 11:40:41 AM [error]: AppError: You need to re-authenticate. Please log in. 
2025-11-20 11:40:41 AM [info]: Received GET request on /employee/all/partial [IP: 182.156.141.17]
2025-11-20 11:40:41 AM [error]: AppError: You need to re-authenticate. Please log in. 
2025-11-20 11:40:41 AM [info]: Received POST request on /auth/refresh-token [IP: 182.156.141.17]
2025-11-20 11:40:41 AM [info]: Received request to refresh access token 
2025-11-20 11:40:41 AM [info]: Received POST request on /auth/refresh-token [IP: 182.156.141.17]
2025-11-20 11:40:41 AM [info]: Received request to refresh access token 
2025-11-20 11:40:41 AM [info]: Received POST request on /auth/refresh-token [IP: 182.156.141.17]
2025-11-20 11:40:41 AM [info]: Received request to refresh access token 
2025-11-20 11:40:41 AM [info]: Received POST request on /auth/refresh-token [IP: 182.156.141.17]
2025-11-20 11:40:41 AM [info]: Received request to refresh access token 
2025-11-20 11:40:41 AM [info]: Received POST request on /auth/refresh-token [IP: 182.156.141.17]
2025-11-20 11:40:41 AM [info]: Received request to refresh access token 
2025-11-20 11:40:41 AM [info]: Received GET request on /company/partial/details [IP: 182.156.141.17]
2025-11-20 11:40:41 AM [error]: AppError: You need to re-authenticate. Please log in. 
2025-11-20 11:40:41 AM [info]: Received POST request on /auth/refresh-token [IP: 182.156.141.17]
2025-11-20 11:40:41 AM [info]: Received request to refresh access token 
2025-11-20 11:40:41 AM [warn]: Invalid refresh token provided 
2025-11-20 11:40:41 AM [error]: AppError: You need to re-authenticate. Please log in. 
2025-11-20 11:40:41 AM [warn]: Invalid refresh token provided 
2025-11-20 11:40:41 AM [error]: AppError: You need to re-authenticate. Please log in. 
2025-11-20 11:40:41 AM [warn]: Invalid refresh token provided 
2025-11-20 11:40:41 AM [error]: AppError: You need to re-authenticate. Please log in. 
2025-11-20 11:40:41 AM [warn]: Invalid refresh token provided 
2025-11-20 11:40:41 AM [error]: AppError: You need to re-authenticate. Please log in. 
2025-11-20 11:40:41 AM [warn]: Invalid refresh token provided 
2025-11-20 11:40:41 AM [error]: AppError: You need to re-authenticate. Please log in. 
2025-11-20 11:40:41 AM [info]: Received GET request on /userreport/total-purchase [IP: 182.156.141.17]
2025-11-20 11:40:41 AM [error]: AppError: You need to re-authenticate. Please log in. 
2025-11-20 11:40:41 AM [warn]: Invalid refresh token provided 
2025-11-20 11:40:41 AM [error]: AppError: You need to re-authenticate. Please log in. 
2025-11-20 11:40:41 AM [info]: Received GET request on /farmers/filterFarmer/all?page=1&limit=6 [IP: 182.156.141.17]
2025-11-20 11:40:41 AM [error]: AppError: You need to re-authenticate. Please log in. 
2025-11-20 11:40:41 AM [info]: Received GET request on /products/partial/data?page=1&limit=6 [IP: 182.156.141.17]
2025-11-20 11:40:41 AM [error]: AppError: You need to re-authenticate. Please log in. 
2025-11-20 11:40:41 AM [info]: Received POST request on /auth/refresh-token [IP: 182.156.141.17]
2025-11-20 11:40:41 AM [info]: Received request to refresh access token 
2025-11-20 11:40:41 AM [info]: Received POST request on /auth/refresh-token [IP: 182.156.141.17]
2025-11-20 11:40:41 AM [info]: Received request to refresh access token 
2025-11-20 11:40:41 AM [info]: Received POST request on /auth/refresh-token [IP: 182.156.141.17]
2025-11-20 11:40:41 AM [info]: Received request to refresh access token 
2025-11-20 11:40:41 AM [info]: Received POST request on /auth/refresh-token [IP: 182.156.141.17]
2025-11-20 11:40:41 AM [info]: Received request to refresh access token 
2025-11-20 11:40:41 AM [warn]: Invalid refresh token provided 
2025-11-20 11:40:41 AM [error]: AppError: You need to re-authenticate. Please log in. 
2025-11-20 11:40:41 AM [warn]: Invalid refresh token provided 
2025-11-20 11:40:41 AM [error]: AppError: You need to re-authenticate. Please log in. 
2025-11-20 11:40:41 AM [info]: Received GET request on /socket.io/?EIO=4&transport=websocket [IP: 182.156.141.17]
2025-11-20 11:40:41 AM [warn]: Invalid refresh token provided 
2025-11-20 11:40:41 AM [error]: AppError: You need to re-authenticate. Please log in. 
2025-11-20 11:40:41 AM [warn]: Invalid refresh token provided 
2025-11-20 11:40:41 AM [error]: AppError: You need to re-authenticate. Please log in. 
2025-11-20 11:40:42 AM [info]: Received GET request on /userreport/user-counts [IP: 182.156.141.17]
2025-11-20 11:40:42 AM [error]: AppError: You need to re-authenticate. Please log in. 
2025-11-20 11:40:42 AM [info]: Received POST request on /auth/refresh-token [IP: 182.156.141.17]
2025-11-20 11:40:42 AM [info]: Received request to refresh access token 
2025-11-20 11:40:42 AM [warn]: Invalid refresh token provided 
2025-11-20 11:40:42 AM [error]: AppError: You need to re-authenticate. Please log in. 
2025-11-20 11:40:42 AM [info]: Received GET request on /customers/names/all [IP: 182.156.141.17]
2025-11-20 11:40:42 AM [error]: AppError: You need to re-authenticate. Please log in. 
2025-11-20 11:40:42 AM [info]: Received GET request on /vendors/filterVendor/all?page=1&limit=6 [IP: 182.156.141.17]
2025-11-20 11:40:42 AM [error]: AppError: You need to re-authenticate. Please log in. 
2025-11-20 11:40:42 AM [info]: Received GET request on /admin/dashboard/active-users [IP: 182.156.141.17]
2025-11-20 11:40:42 AM [error]: AppError: You need to re-authenticate. Please log in. 
2025-11-20 11:40:42 AM [info]: Received GET request on /employee/all/partial [IP: 182.156.141.17]
2025-11-20 11:40:42 AM [error]: AppError: You need to re-authenticate. Please log in. 
2025-11-20 11:40:42 AM [info]: Received GET request on /userreport/total-sale [IP: 182.156.141.17]
2025-11-20 11:40:42 AM [error]: AppError: You need to re-authenticate. Please log in. 
2025-11-20 11:40:42 AM [info]: Received GET request on /location-branches/filterData/filter/all [IP: 182.156.141.17]
2025-11-20 11:40:42 AM [error]: AppError: You need to re-authenticate. Please log in. 
2025-11-20 11:40:42 AM [info]: Received POST request on /auth/refresh-token [IP: 182.156.141.17]
2025-11-20 11:40:42 AM [info]: Received request to refresh access token 
2025-11-20 11:40:42 AM [warn]: Invalid refresh token provided 
2025-11-20 11:40:42 AM [error]: AppError: You need to re-authenticate. Please log in. 
2025-11-20 11:40:42 AM [info]: Received POST request on /auth/refresh-token [IP: 182.156.141.17]
2025-11-20 11:40:42 AM [info]: Received request to refresh access token 
2025-11-20 11:40:42 AM [info]: Received POST request on /auth/refresh-token [IP: 182.156.141.17]
2025-11-20 11:40:42 AM [info]: Received request to refresh access token 
2025-11-20 11:40:42 AM [info]: Received POST request on /auth/refresh-token [IP: 182.156.141.17]
2025-11-20 11:40:42 AM [info]: Received request to refresh access token 
2025-11-20 11:40:42 AM [info]: Received POST request on /auth/refresh-token [IP: 182.156.141.17]
2025-11-20 11:40:42 AM [info]: Received request to refresh access token 
2025-11-20 11:40:42 AM [warn]: Invalid refresh token provided 
2025-11-20 11:40:42 AM [error]: AppError: You need to re-authenticate. Please log in. 
2025-11-20 11:40:42 AM [warn]: Invalid refresh token provided 
2025-11-20 11:40:42 AM [error]: AppError: You need to re-authenticate. Please log in. 
2025-11-20 11:40:42 AM [warn]: Invalid refresh token provided 
2025-11-20 11:40:42 AM [error]: AppError: You need to re-authenticate. Please log in. 
2025-11-20 11:40:42 AM [info]: Received POST request on /auth/refresh-token [IP: 182.156.141.17]
2025-11-20 11:40:42 AM [info]: Received request to refresh access token 
2025-11-20 11:40:42 AM [warn]: Invalid refresh token provided 
2025-11-20 11:40:42 AM [error]: AppError: You need to re-authenticate. Please log in. 
2025-11-20 11:40:42 AM [info]: Received GET request on /products/partial/data?page=1&limit=6 [IP: 182.156.141.17]
2025-11-20 11:40:42 AM [error]: AppError: You need to re-authenticate. Please log in. 
2025-11-20 11:40:42 AM [info]: Received GET request on /farmers/filterFarmer/all?page=1&limit=6 [IP: 182.156.141.17]
2025-11-20 11:40:42 AM [error]: AppError: You need to re-authenticate. Please log in. 
2025-11-20 11:40:42 AM [warn]: Invalid refresh token provided 
2025-11-20 11:40:42 AM [error]: AppError: You need to re-authenticate. Please log in. 
2025-11-20 11:40:42 AM [info]: Received POST request on /auth/refresh-token [IP: 182.156.141.17]
2025-11-20 11:40:42 AM [info]: Received request to refresh access token 
2025-11-20 11:40:42 AM [info]: Received POST request on /auth/refresh-token [IP: 182.156.141.17]
2025-11-20 11:40:42 AM [info]: Received request to refresh access token 
2025-11-20 11:40:42 AM [warn]: Invalid refresh token provided 
2025-11-20 11:40:42 AM [error]: AppError: You need to re-authenticate. Please log in. 
2025-11-20 11:40:42 AM [warn]: Invalid refresh token provided 
2025-11-20 11:40:42 AM [error]: AppError: You need to re-authenticate. Please log in. 
2025-11-20 11:40:43 AM [info]: Received GET request on /company/partial/details [IP: 182.156.141.17]
2025-11-20 11:40:43 AM [error]: AppError: You need to re-authenticate. Please log in. 
2025-11-20 11:40:43 AM [info]: Received GET request on /userreport/total-purchase [IP: 182.156.141.17]
2025-11-20 11:40:43 AM [error]: AppError: You need to re-authenticate. Please log in. 
2025-11-20 11:40:43 AM [info]: Received POST request on /auth/refresh-token [IP: 182.156.141.17]
2025-11-20 11:40:43 AM [info]: Received request to refresh access token 
2025-11-20 11:40:43 AM [info]: Received POST request on /auth/refresh-token [IP: 182.156.141.17]
2025-11-20 11:40:43 AM [info]: Received request to refresh access token 
2025-11-20 11:40:43 AM [warn]: Invalid refresh token provided 
2025-11-20 11:40:43 AM [error]: AppError: You need to re-authenticate. Please log in. 
2025-11-20 11:40:43 AM [warn]: Invalid refresh token provided 
2025-11-20 11:40:43 AM [error]: AppError: You need to re-authenticate. Please log in. 
2025-11-20 11:40:43 AM [info]: Received GET request on /socket.io/?EIO=4&transport=websocket [IP: 182.156.141.17]
2025-11-20 11:40:48 AM [info]: Received GET request on /socket.io/?EIO=4&transport=websocket [IP: 182.156.141.17]
2025-11-20 11:40:53 AM [info]: Received GET request on /socket.io/?EIO=4&transport=websocket [IP: 182.156.141.17]
2025-11-20 11:40:58 AM [info]: Received GET request on /socket.io/?EIO=4&transport=websocket [IP: 182.156.141.17]
2025-11-20 12:18:03 PM [info]: Received GET request on /customer-delivery-challan/view/b4682910-0f0c-485d-91a2-b3fe673205c0 [IP: ::1]
2025-11-20 12:18:04 PM [info]: Fetching customer delivery challan with ID: b4682910-0f0c-485d-91a2-b3fe673205c0 
2025-11-20 12:18:04 PM [info]: Fetched challan with ID: b4682910-0f0c-485d-91a2-b3fe673205c0 successfully 
2025-11-20 12:21:45 PM [info]: Database connected successfully 
2025-11-20 12:21:46 PM [info]: 🚀 Server started on port 8003 
2025-11-20 12:21:46 PM [info]: 📡 SSE endpoint: http://localhost:8003/sse/notifications 
2025-11-20 12:21:46 PM [info]: 🧪 SSE test: http://localhost:8003/sse/test 
2025-11-20 12:24:39 PM [info]: Database connected successfully 
2025-11-20 12:24:39 PM [info]: 🚀 Server started on port 8003 
2025-11-20 12:24:39 PM [info]: 📡 SSE endpoint: http://localhost:8003/sse/notifications 
2025-11-20 12:24:39 PM [info]: 🧪 SSE test: http://localhost:8003/sse/test 
2025-11-20 12:25:10 PM [info]: Received GET request on /socket.io/?EIO=4&transport=websocket [IP: 182.156.141.17]
2025-11-20 12:25:11 PM [info]: Received GET request on /userreport/user-counts [IP: 182.156.141.17]
2025-11-20 12:25:11 PM [error]: AppError: You need to re-authenticate. Please log in. 
2025-11-20 12:25:11 PM [info]: Received GET request on /admin/dashboard/active-users [IP: 182.156.141.17]
2025-11-20 12:25:11 PM [error]: AppError: You need to re-authenticate. Please log in. 
2025-11-20 12:25:11 PM [info]: Received GET request on /userreport/total-purchase [IP: 182.156.141.17]
2025-11-20 12:25:11 PM [error]: AppError: You need to re-authenticate. Please log in. 
2025-11-20 12:25:11 PM [info]: Received GET request on /socket.io/?EIO=4&transport=websocket [IP: 182.156.141.17]
2025-11-20 12:25:12 PM [info]: Received POST request on /auth/refresh-token [IP: 182.156.141.17]
2025-11-20 12:25:12 PM [info]: Received request to refresh access token 
2025-11-20 12:25:12 PM [info]: Received GET request on /userreport/total-sale [IP: 182.156.141.17]
2025-11-20 12:25:12 PM [error]: AppError: You need to re-authenticate. Please log in. 
2025-11-20 12:25:12 PM [info]: Received POST request on /auth/refresh-token [IP: 182.156.141.17]
2025-11-20 12:25:12 PM [info]: Received request to refresh access token 
2025-11-20 12:25:12 PM [warn]: Invalid refresh token provided 
2025-11-20 12:25:12 PM [error]: AppError: You need to re-authenticate. Please log in. 
2025-11-20 12:25:12 PM [warn]: Invalid refresh token provided 
2025-11-20 12:25:12 PM [error]: AppError: You need to re-authenticate. Please log in. 
2025-11-20 12:25:12 PM [info]: Received POST request on /auth/refresh-token [IP: 182.156.141.17]
2025-11-20 12:25:12 PM [info]: Received request to refresh access token 
2025-11-20 12:25:12 PM [warn]: Invalid refresh token provided 
2025-11-20 12:25:12 PM [error]: AppError: You need to re-authenticate. Please log in. 
2025-11-20 12:25:12 PM [info]: Received POST request on /auth/refresh-token [IP: 182.156.141.17]
2025-11-20 12:25:12 PM [info]: Received request to refresh access token 
2025-11-20 12:25:12 PM [warn]: Invalid refresh token provided 
2025-11-20 12:25:12 PM [error]: AppError: You need to re-authenticate. Please log in. 
2025-11-20 12:25:15 PM [info]: Received GET request on /socket.io/?EIO=4&transport=websocket [IP: 182.156.141.17]
2025-11-20 12:25:19 PM [info]: Received GET request on /socket.io/?EIO=4&transport=websocket [IP: 182.156.141.17]
2025-11-20 12:25:25 PM [info]: Received GET request on /socket.io/?EIO=4&transport=websocket [IP: 182.156.141.17]
2025-11-20 12:25:31 PM [info]: Received GET request on /socket.io/?EIO=4&transport=websocket [IP: 182.156.141.17]
2025-11-20 12:25:40 PM [info]: Received GET request on /customer-delivery-challan/view/b4682910-0f0c-485d-91a2-b3fe673205c0 [IP: ::1]
2025-11-20 12:25:40 PM [info]: Fetching customer delivery challan with ID: b4682910-0f0c-485d-91a2-b3fe673205c0 
2025-11-20 12:25:41 PM [info]: Fetched challan with ID: b4682910-0f0c-485d-91a2-b3fe673205c0 successfully 
2025-11-20 12:26:04 PM [info]: Received GET request on /socket.io/?EIO=4&transport=websocket [IP: 182.156.141.17]
2025-11-20 12:26:04 PM [info]: Received GET request on /products/partial/data?page=1&limit=6 [IP: 182.156.141.17]
2025-11-20 12:26:04 PM [error]: AppError: You need to re-authenticate. Please log in. 
2025-11-20 12:26:04 PM [info]: Received GET request on /api/management/getGrns/management?filterType=tillDate [IP: 182.156.141.17]
2025-11-20 12:26:04 PM [error]: AppError: You need to re-authenticate. Please log in. 
2025-11-20 12:26:04 PM [info]: Received GET request on /company/partial/details [IP: 182.156.141.17]
2025-11-20 12:26:04 PM [error]: AppError: You need to re-authenticate. Please log in. 
2025-11-20 12:26:05 PM [info]: Received POST request on /auth/refresh-token [IP: 182.156.141.17]
2025-11-20 12:26:05 PM [info]: Received request to refresh access token 
2025-11-20 12:26:05 PM [warn]: Invalid refresh token provided 
2025-11-20 12:26:05 PM [error]: AppError: You need to re-authenticate. Please log in. 
2025-11-20 12:26:05 PM [info]: Received POST request on /auth/refresh-token [IP: 182.156.141.17]
2025-11-20 12:26:05 PM [info]: Received request to refresh access token 
2025-11-20 12:26:05 PM [warn]: Invalid refresh token provided 
2025-11-20 12:26:05 PM [error]: AppError: You need to re-authenticate. Please log in. 
2025-11-20 12:26:05 PM [info]: Received GET request on /location-branches/filterData/filter/all [IP: 182.156.141.17]
2025-11-20 12:26:05 PM [error]: AppError: You need to re-authenticate. Please log in. 
2025-11-20 12:26:05 PM [info]: Received POST request on /auth/refresh-token [IP: 182.156.141.17]
2025-11-20 12:26:05 PM [info]: Received request to refresh access token 
2025-11-20 12:26:05 PM [warn]: Invalid refresh token provided 
2025-11-20 12:26:05 PM [error]: AppError: You need to re-authenticate. Please log in. 
2025-11-20 12:26:05 PM [info]: Received POST request on /auth/refresh-token [IP: 182.156.141.17]
2025-11-20 12:26:05 PM [info]: Received request to refresh access token 
2025-11-20 12:26:05 PM [warn]: Invalid refresh token provided 
2025-11-20 12:26:05 PM [error]: AppError: You need to re-authenticate. Please log in. 
2025-11-20 12:26:06 PM [info]: Received GET request on /products/partial/data?page=1&limit=6 [IP: 182.156.141.17]
2025-11-20 12:26:06 PM [error]: AppError: You need to re-authenticate. Please log in. 
2025-11-20 12:26:06 PM [info]: Received GET request on /company/partial/details [IP: 182.156.141.17]
2025-11-20 12:26:06 PM [error]: AppError: You need to re-authenticate. Please log in. 
2025-11-20 12:26:06 PM [info]: Received GET request on /api/management/getGrns/management?filterType=tillDate [IP: 182.156.141.17]
2025-11-20 12:26:06 PM [error]: AppError: You need to re-authenticate. Please log in. 
2025-11-20 12:26:06 PM [info]: Received GET request on /location-branches/filterData/filter/all [IP: 182.156.141.17]
2025-11-20 12:26:06 PM [error]: AppError: You need to re-authenticate. Please log in. 
2025-11-20 12:26:06 PM [info]: Received POST request on /auth/refresh-token [IP: 182.156.141.17]
2025-11-20 12:26:06 PM [info]: Received request to refresh access token 
2025-11-20 12:26:06 PM [warn]: Invalid refresh token provided 
2025-11-20 12:26:06 PM [error]: AppError: You need to re-authenticate. Please log in. 
2025-11-20 12:26:06 PM [info]: Received POST request on /auth/refresh-token [IP: 182.156.141.17]
2025-11-20 12:26:06 PM [info]: Received request to refresh access token 
2025-11-20 12:26:06 PM [info]: Received POST request on /auth/refresh-token [IP: 182.156.141.17]
2025-11-20 12:26:06 PM [info]: Received request to refresh access token 
2025-11-20 12:26:06 PM [warn]: Invalid refresh token provided 
2025-11-20 12:26:06 PM [error]: AppError: You need to re-authenticate. Please log in. 
2025-11-20 12:26:06 PM [warn]: Invalid refresh token provided 
2025-11-20 12:26:06 PM [error]: AppError: You need to re-authenticate. Please log in. 
2025-11-20 12:26:06 PM [info]: Received POST request on /auth/refresh-token [IP: 182.156.141.17]
2025-11-20 12:26:06 PM [info]: Received request to refresh access token 
2025-11-20 12:26:06 PM [warn]: Invalid refresh token provided 
2025-11-20 12:26:06 PM [error]: AppError: You need to re-authenticate. Please log in. 
2025-11-20 12:26:06 PM [info]: Received GET request on /socket.io/?EIO=4&transport=websocket [IP: 182.156.141.17]
2025-11-20 12:26:08 PM [info]: Received GET request on /socket.io/?EIO=4&transport=websocket [IP: 182.156.141.17]
2025-11-20 12:26:10 PM [info]: Received GET request on /secondSales/?page=1&limit=10 [IP: 182.156.141.17]
2025-11-20 12:26:10 PM [error]: AppError: You need to re-authenticate. Please log in. 
2025-11-20 12:26:10 PM [info]: Received POST request on /auth/refresh-token [IP: 182.156.141.17]
2025-11-20 12:26:10 PM [info]: Received request to refresh access token 
2025-11-20 12:26:10 PM [warn]: Invalid refresh token provided 
2025-11-20 12:26:10 PM [error]: AppError: You need to re-authenticate. Please log in. 
2025-11-20 12:26:11 PM [info]: Received GET request on /secondSales/?page=1&limit=10 [IP: 182.156.141.17]
2025-11-20 12:26:11 PM [error]: AppError: You need to re-authenticate. Please log in. 
2025-11-20 12:26:11 PM [info]: Received POST request on /auth/refresh-token [IP: 182.156.141.17]
2025-11-20 12:26:11 PM [info]: Received request to refresh access token 
2025-11-20 12:26:11 PM [warn]: Invalid refresh token provided 
2025-11-20 12:26:11 PM [error]: AppError: You need to re-authenticate. Please log in. 
2025-11-20 12:26:13 PM [info]: Received GET request on /socket.io/?EIO=4&transport=websocket [IP: 182.156.141.17]
2025-11-20 12:26:16 PM [info]: Received POST request on /auth/logout [IP: 182.156.141.17]
2025-11-20 12:26:18 PM [info]: Received GET request on /socket.io/?EIO=4&transport=websocket [IP: 182.156.141.17]
2025-11-20 12:26:18 PM [info]: User logged out successfully 
2025-11-20 12:34:04 PM [info]: Received GET request on /location-branches/filterData/filter/all [IP: ::1]
2025-11-20 12:34:04 PM [info]: Received GET request on /customer-delivery-challan/ [IP: ::1]
2025-11-20 12:34:04 PM [info]: Received request to fetch all branches 
2025-11-20 12:34:04 PM [info]: Received GET request on /products/partial/data?page=1&limit=10 [IP: ::1]
2025-11-20 12:34:04 PM [info]: Fetched all branches successfully 
2025-11-20 12:34:04 PM [info]: Received GET request on /customers/names/all [IP: ::1]
2025-11-20 12:34:04 PM [info]: Fetching all customer delivery challans 
2025-11-20 12:34:04 PM [info]: Fetching all products 
2025-11-20 12:34:04 PM [info]: Fetching all customers 
2025-11-20 12:34:04 PM [info]: Customers retrieved successfully 
2025-11-20 12:34:04 PM [info]: Received GET request on /uoms/getAll/partialdata [IP: ::1]
2025-11-20 12:34:04 PM [info]: Received GET request on /company/partial/details [IP: ::1]
2025-11-20 12:34:04 PM [info]: Fetched undefined products successfully 
2025-11-20 12:35:03 PM [info]: Received GET request on /customer-delivery-challan/update/3b5f8649-2f41-4f12-ab5f-ae52242d258d [IP: ::1]
2025-11-20 12:35:03 PM [info]: Fetching customer delivery challan with ID: 3b5f8649-2f41-4f12-ab5f-ae52242d258d 
2025-11-20 12:35:03 PM [info]: Fetched challan with ID: 3b5f8649-2f41-4f12-ab5f-ae52242d258d successfully 
2025-11-20 12:35:04 PM [info]: Received GET request on /products/partial/f151f517-33fa-4235-a02a-90c355b1c942 [IP: ::1]
2025-11-20 12:35:04 PM [info]: Fetching all products 
2025-11-20 12:35:04 PM [info]: Fetched undefined products successfully 
2025-11-20 12:35:04 PM [info]: Received GET request on /products/getall/getvarient/f151f517-33fa-4235-a02a-90c355b1c942 [IP: ::1]
2025-11-20 12:35:04 PM [info]: Fetching product with ID 
2025-11-20 12:35:04 PM [info]: Product with ID fetched successfully 
2025-11-20 12:37:04 PM [info]: Received GET request on /employee/all/partial [IP: 182.156.141.17]
2025-11-20 12:37:04 PM [error]: AppError: You need to re-authenticate. Please log in. 
2025-11-20 12:37:04 PM [info]: Received GET request on /location-branches/filterData/filter/all [IP: 182.156.141.17]
2025-11-20 12:37:04 PM [error]: AppError: You need to re-authenticate. Please log in. 
2025-11-20 12:37:04 PM [info]: Received GET request on /customers/names/all [IP: 182.156.141.17]
2025-11-20 12:37:04 PM [error]: AppError: You need to re-authenticate. Please log in. 
2025-11-20 12:37:04 PM [info]: Received GET request on /admin/dashboard/active-users [IP: 182.156.141.17]
2025-11-20 12:37:04 PM [error]: AppError: You need to re-authenticate. Please log in. 
2025-11-20 12:37:04 PM [info]: Received GET request on /farmers/filterFarmer/all?page=1&limit=6 [IP: 182.156.141.17]
2025-11-20 12:37:04 PM [error]: AppError: You need to re-authenticate. Please log in. 
2025-11-20 12:37:04 PM [info]: Received GET request on /userreport/total-purchase [IP: 182.156.141.17]
2025-11-20 12:37:04 PM [error]: AppError: You need to re-authenticate. Please log in. 
2025-11-20 12:37:04 PM [info]: Received GET request on /vendors/filterVendor/all?page=1&limit=6 [IP: 182.156.141.17]
2025-11-20 12:37:04 PM [error]: AppError: You need to re-authenticate. Please log in. 
2025-11-20 12:37:04 PM [info]: Received GET request on /userreport/user-counts [IP: 182.156.141.17]
2025-11-20 12:37:04 PM [error]: AppError: You need to re-authenticate. Please log in. 
2025-11-20 12:37:04 PM [info]: Received GET request on /userreport/total-sale [IP: 182.156.141.17]
2025-11-20 12:37:04 PM [error]: AppError: You need to re-authenticate. Please log in. 
2025-11-20 12:37:04 PM [info]: Received POST request on /auth/refresh-token [IP: 182.156.141.17]
2025-11-20 12:37:04 PM [info]: Received request to refresh access token 
2025-11-20 12:37:04 PM [info]: Received POST request on /auth/refresh-token [IP: 182.156.141.17]
2025-11-20 12:37:04 PM [info]: Received request to refresh access token 
2025-11-20 12:37:04 PM [warn]: Invalid refresh token provided 
2025-11-20 12:37:04 PM [error]: AppError: You need to re-authenticate. Please log in. 
2025-11-20 12:37:04 PM [warn]: Invalid refresh token provided 
2025-11-20 12:37:04 PM [error]: AppError: You need to re-authenticate. Please log in. 
2025-11-20 12:37:04 PM [info]: Received GET request on /company/partial/details [IP: 182.156.141.17]
2025-11-20 12:37:04 PM [error]: AppError: You need to re-authenticate. Please log in. 
2025-11-20 12:37:04 PM [info]: Received GET request on /products/partial/data?page=1&limit=6 [IP: 182.156.141.17]
2025-11-20 12:37:04 PM [error]: AppError: You need to re-authenticate. Please log in. 
2025-11-20 12:37:04 PM [info]: Received POST request on /auth/refresh-token [IP: 182.156.141.17]
2025-11-20 12:37:04 PM [info]: Received request to refresh access token 
2025-11-20 12:37:04 PM [info]: Received POST request on /auth/refresh-token [IP: 182.156.141.17]
2025-11-20 12:37:04 PM [info]: Received request to refresh access token 
2025-11-20 12:37:04 PM [warn]: Invalid refresh token provided 
2025-11-20 12:37:04 PM [error]: AppError: You need to re-authenticate. Please log in. 
2025-11-20 12:37:04 PM [warn]: Invalid refresh token provided 
2025-11-20 12:37:04 PM [error]: AppError: You need to re-authenticate. Please log in. 
2025-11-20 12:37:05 PM [info]: Received POST request on /auth/refresh-token [IP: 182.156.141.17]
2025-11-20 12:37:05 PM [info]: Received request to refresh access token 
2025-11-20 12:37:05 PM [warn]: Invalid refresh token provided 
2025-11-20 12:37:05 PM [error]: AppError: You need to re-authenticate. Please log in. 
2025-11-20 12:37:05 PM [info]: Received POST request on /auth/refresh-token [IP: 182.156.141.17]
2025-11-20 12:37:05 PM [info]: Received request to refresh access token 
2025-11-20 12:37:05 PM [warn]: Invalid refresh token provided 
2025-11-20 12:37:05 PM [error]: AppError: You need to re-authenticate. Please log in. 
2025-11-20 12:37:05 PM [info]: Received POST request on /auth/refresh-token [IP: 182.156.141.17]
2025-11-20 12:37:05 PM [info]: Received request to refresh access token 
2025-11-20 12:37:05 PM [info]: Received POST request on /auth/refresh-token [IP: 182.156.141.17]
2025-11-20 12:37:05 PM [info]: Received request to refresh access token 
2025-11-20 12:37:05 PM [info]: Received POST request on /auth/refresh-token [IP: 182.156.141.17]
2025-11-20 12:37:05 PM [info]: Received request to refresh access token 
2025-11-20 12:37:05 PM [info]: Received POST request on /auth/refresh-token [IP: 182.156.141.17]
2025-11-20 12:37:05 PM [info]: Received request to refresh access token 
2025-11-20 12:37:05 PM [warn]: Invalid refresh token provided 
2025-11-20 12:37:05 PM [error]: AppError: You need to re-authenticate. Please log in. 
2025-11-20 12:37:05 PM [warn]: Invalid refresh token provided 
2025-11-20 12:37:05 PM [error]: AppError: You need to re-authenticate. Please log in. 
2025-11-20 12:37:05 PM [warn]: Invalid refresh token provided 
2025-11-20 12:37:05 PM [error]: AppError: You need to re-authenticate. Please log in. 
2025-11-20 12:37:05 PM [warn]: Invalid refresh token provided 
2025-11-20 12:37:05 PM [error]: AppError: You need to re-authenticate. Please log in. 
2025-11-20 12:37:05 PM [info]: Received POST request on /auth/refresh-token [IP: 182.156.141.17]
2025-11-20 12:37:05 PM [info]: Received request to refresh access token 
2025-11-20 12:37:05 PM [warn]: Invalid refresh token provided 
2025-11-20 12:37:05 PM [error]: AppError: You need to re-authenticate. Please log in. 
2025-11-20 12:37:05 PM [info]: Received GET request on /employee/?page=1&limit=10 [IP: 182.156.141.17]
2025-11-20 12:37:05 PM [error]: AppError: You need to re-authenticate. Please log in. 
2025-11-20 12:37:05 PM [info]: Received POST request on /auth/refresh-token [IP: 182.156.141.17]
2025-11-20 12:37:05 PM [info]: Received request to refresh access token 
2025-11-20 12:37:05 PM [warn]: Invalid refresh token provided 
2025-11-20 12:37:05 PM [error]: AppError: You need to re-authenticate. Please log in. 
2025-11-20 12:37:06 PM [info]: Received GET request on /employee/?page=1&limit=10 [IP: 182.156.141.17]
2025-11-20 12:37:06 PM [error]: AppError: You need to re-authenticate. Please log in. 
2025-11-20 12:37:06 PM [info]: Received POST request on /auth/refresh-token [IP: 182.156.141.17]
2025-11-20 12:37:06 PM [info]: Received request to refresh access token 
2025-11-20 12:37:06 PM [warn]: Invalid refresh token provided 
2025-11-20 12:37:06 PM [error]: AppError: You need to re-authenticate. Please log in. 
2025-11-20 12:37:11 PM [info]: Received POST request on /auth/logout [IP: 182.156.141.17]
2025-11-20 12:37:11 PM [info]: User logged out successfully 
2025-11-20 12:37:55 PM [info]: Received GET request on /customer-delivery-challan/view/e7f5fccb-f823-4aab-87a1-187397877ec5 [IP: ::1]
2025-11-20 12:37:55 PM [info]: Fetching customer delivery challan with ID: e7f5fccb-f823-4aab-87a1-187397877ec5 
2025-11-20 12:37:55 PM [info]: Fetched challan with ID: e7f5fccb-f823-4aab-87a1-187397877ec5 successfully 
2025-11-20 12:38:39 PM [info]: Received GET request on /customer-delivery-challan/update/7bdf8c0f-f4db-48d7-bc5c-735b8f30c0eb [IP: ::1]
2025-11-20 12:38:39 PM [info]: Fetching customer delivery challan with ID: 7bdf8c0f-f4db-48d7-bc5c-735b8f30c0eb 
2025-11-20 12:38:39 PM [info]: Fetched challan with ID: 7bdf8c0f-f4db-48d7-bc5c-735b8f30c0eb successfully 
2025-11-20 12:38:45 PM [info]: Received GET request on /customer-delivery-challan/update/3b5f8649-2f41-4f12-ab5f-ae52242d258d [IP: ::1]
2025-11-20 12:38:45 PM [info]: Fetching customer delivery challan with ID: 3b5f8649-2f41-4f12-ab5f-ae52242d258d 
2025-11-20 12:38:45 PM [info]: Fetched challan with ID: 3b5f8649-2f41-4f12-ab5f-ae52242d258d successfully 
2025-11-20 12:38:49 PM [info]: Received GET request on /customer-delivery-challan/update/7bdf8c0f-f4db-48d7-bc5c-735b8f30c0eb [IP: ::1]
2025-11-20 12:38:49 PM [info]: Fetching customer delivery challan with ID: 7bdf8c0f-f4db-48d7-bc5c-735b8f30c0eb 
2025-11-20 12:38:49 PM [info]: Fetched challan with ID: 7bdf8c0f-f4db-48d7-bc5c-735b8f30c0eb successfully 
2025-11-20 12:39:01 PM [info]: Received GET request on /customer-delivery-challan/view/e7f5fccb-f823-4aab-87a1-187397877ec5 [IP: ::1]
2025-11-20 12:39:01 PM [info]: Fetching customer delivery challan with ID: e7f5fccb-f823-4aab-87a1-187397877ec5 
2025-11-20 12:39:01 PM [info]: Fetched challan with ID: e7f5fccb-f823-4aab-87a1-187397877ec5 successfully 
2025-11-20 12:39:52 PM [info]: Received GET request on /customer-delivery-challan/view/ebcbc1e6-e329-4b38-b619-f41adff7aab6 [IP: ::1]
2025-11-20 12:39:52 PM [info]: Fetching customer delivery challan with ID: ebcbc1e6-e329-4b38-b619-f41adff7aab6 
2025-11-20 12:39:52 PM [info]: Fetched challan with ID: ebcbc1e6-e329-4b38-b619-f41adff7aab6 successfully 
2025-11-20 12:40:12 PM [info]: Received POST request on /auth/login [IP: 182.156.141.17]
2025-11-20 12:40:12 PM [info]: Login request received 
2025-11-20 12:40:12 PM [warn]: Invalid password during login 
2025-11-20 12:40:12 PM [error]: Unexpected error during login process 
2025-11-20 12:40:12 PM [error]: AppError: Password is incorrect. Please try again. 
2025-11-20 12:40:12 PM [info]: Received POST request on /auth/refresh-token [IP: 182.156.141.17]
2025-11-20 12:40:12 PM [info]: Received request to refresh access token 
2025-11-20 12:40:12 PM [warn]: Refresh token not provided 
2025-11-20 12:40:12 PM [error]: AppError: You need to re-authenticate. Please log in. 
2025-11-20 12:40:14 PM [info]: Received POST request on /auth/login [IP: 182.156.141.17]
2025-11-20 12:40:14 PM [info]: Login request received 
2025-11-20 12:40:15 PM [warn]: Invalid password during login 
2025-11-20 12:40:15 PM [error]: Unexpected error during login process 
2025-11-20 12:40:15 PM [error]: AppError: Password is incorrect. Please try again. 
2025-11-20 12:40:15 PM [info]: Received POST request on /auth/refresh-token [IP: 182.156.141.17]
2025-11-20 12:40:15 PM [info]: Received request to refresh access token 
2025-11-20 12:40:15 PM [warn]: Refresh token not provided 
2025-11-20 12:40:15 PM [error]: AppError: You need to re-authenticate. Please log in. 
2025-11-20 12:40:53 PM [info]: Received GET request on /customer-delivery-challan/view/6198e040-a84e-40b8-a0a9-0f02ba4eef66 [IP: ::1]
2025-11-20 12:40:53 PM [info]: Fetching customer delivery challan with ID: 6198e040-a84e-40b8-a0a9-0f02ba4eef66 
2025-11-20 12:40:54 PM [info]: Fetched challan with ID: 6198e040-a84e-40b8-a0a9-0f02ba4eef66 successfully 
2025-11-20 12:40:59 PM [info]: Received GET request on /customer-delivery-challan/view/6198e040-a84e-40b8-a0a9-0f02ba4eef66 [IP: ::1]
2025-11-20 12:40:59 PM [info]: Fetching customer delivery challan with ID: 6198e040-a84e-40b8-a0a9-0f02ba4eef66 
2025-11-20 12:40:59 PM [info]: Fetched challan with ID: 6198e040-a84e-40b8-a0a9-0f02ba4eef66 successfully 
2025-11-20 12:41:27 PM [info]: Received POST request on /auth/login [IP: 182.156.141.17]
2025-11-20 12:41:27 PM [info]: Login request received 
2025-11-20 12:41:28 PM [warn]: Invalid password during login 
2025-11-20 12:41:28 PM [error]: Unexpected error during login process 
2025-11-20 12:41:28 PM [error]: AppError: Password is incorrect. Please try again. 
2025-11-20 12:41:28 PM [info]: Received POST request on /auth/refresh-token [IP: 182.156.141.17]
2025-11-20 12:41:28 PM [info]: Received request to refresh access token 
2025-11-20 12:41:28 PM [warn]: Refresh token not provided 
2025-11-20 12:41:28 PM [error]: AppError: You need to re-authenticate. Please log in. 
2025-11-20 12:41:56 PM [info]: Received GET request on /customer-delivery-challan/view/bca1f9e5-38a8-4f96-b956-35f2936e893f [IP: ::1]
2025-11-20 12:41:56 PM [info]: Fetching customer delivery challan with ID: bca1f9e5-38a8-4f96-b956-35f2936e893f 
2025-11-20 12:41:56 PM [info]: Fetched challan with ID: bca1f9e5-38a8-4f96-b956-35f2936e893f successfully 
2025-11-20 12:42:23 PM [info]: Received POST request on /auth/login [IP: 182.156.141.17]
2025-11-20 12:42:23 PM [info]: Login request received 
2025-11-20 12:42:25 PM [info]: System log saved 
2025-11-20 12:42:25 PM [info]: User logged in successfully 
2025-11-20 12:42:26 PM [info]: Received GET request on /customer-delivery-challan/update/d365435c-2bb5-44f2-98a1-8ce8b83ed16e [IP: ::1]
2025-11-20 12:42:26 PM [info]: Fetching customer delivery challan with ID: d365435c-2bb5-44f2-98a1-8ce8b83ed16e 
2025-11-20 12:42:26 PM [info]: Fetched challan with ID: d365435c-2bb5-44f2-98a1-8ce8b83ed16e successfully 
2025-11-20 12:42:27 PM [info]: Received GET request on /products/partial/f6cd3fa6-5ce3-4bee-a3e0-a0e4e706c65f [IP: ::1]
2025-11-20 12:42:27 PM [info]: Fetching all products 
2025-11-20 12:42:27 PM [info]: Fetched undefined products successfully 
2025-11-20 12:42:27 PM [info]: Received GET request on /products/getall/getvarient/f6cd3fa6-5ce3-4bee-a3e0-a0e4e706c65f [IP: ::1]
2025-11-20 12:42:27 PM [info]: Fetching product with ID 
2025-11-20 12:42:27 PM [info]: Product with ID fetched successfully 
2025-11-20 12:42:28 PM [info]: Received GET request on /socket.io/?EIO=4&transport=websocket [IP: 182.156.141.17]
2025-11-20 12:42:28 PM [info]: Received GET request on /employee/all/partial [IP: 182.156.141.17]
2025-11-20 12:42:28 PM [info]: Employee Getting successfully 
2025-11-20 12:42:29 PM [info]: Received GET request on /customers/names/all [IP: 182.156.141.17]
2025-11-20 12:42:29 PM [info]: Received GET request on /userreport/total-sale [IP: 182.156.141.17]
2025-11-20 12:42:29 PM [info]: Fetching all customers 
2025-11-20 12:42:29 PM [info]: Customers retrieved successfully 
2025-11-20 12:42:29 PM [info]: Received GET request on /company/partial/details [IP: 182.156.141.17]
2025-11-20 12:42:29 PM [info]: Received GET request on /products/partial/data?page=1&limit=6 [IP: 182.156.141.17]
2025-11-20 12:42:29 PM [info]: Received GET request on /farmers/filterFarmer/all?page=1&limit=6 [IP: 182.156.141.17]
2025-11-20 12:42:29 PM [info]: Received GET request on /location-branches/filterData/filter/all [IP: 182.156.141.17]
2025-11-20 12:42:29 PM [info]: Received GET request on /userreport/user-counts [IP: 182.156.141.17]
2025-11-20 12:42:29 PM [info]: Received GET request on /userreport/total-purchase [IP: 182.156.141.17]
2025-11-20 12:42:29 PM [info]: Received GET request on /admin/dashboard/active-users [IP: 182.156.141.17]
2025-11-20 12:42:29 PM [info]: Received GET request on /vendors/filterVendor/all?page=1&limit=6 [IP: 182.156.141.17]
2025-11-20 12:42:29 PM [info]: Fetching all products 
2025-11-20 12:42:29 PM [info]: Fetching all farmers 
2025-11-20 12:42:29 PM [info]: Received request to fetch all branches 
2025-11-20 12:42:29 PM [info]: Fetched all branches successfully 
2025-11-20 12:42:29 PM [info]: Fetched undefined products successfully 
2025-11-20 12:42:29 PM [info]: Farmers retrieved successfully 
2025-11-20 12:42:30 PM [info]: Received GET request on /socket.io/?EIO=4&transport=websocket [IP: 182.156.141.17]
2025-11-20 12:42:33 PM [info]: Received GET request on /socket.io/?EIO=4&transport=websocket [IP: 182.156.141.17]
2025-11-20 12:42:36 PM [info]: Received GET request on /employee/?page=1&limit=10 [IP: 182.156.141.17]
2025-11-20 12:42:36 PM [info]: Getting All Employee 
2025-11-20 12:42:36 PM [info]: Employee Getting successfully 
2025-11-20 12:42:37 PM [info]: Received GET request on /socket.io/?EIO=4&transport=websocket [IP: 182.156.141.17]
2025-11-20 12:42:42 PM [info]: Received GET request on /socket.io/?EIO=4&transport=websocket [IP: 182.156.141.17]
2025-11-20 12:42:47 PM [info]: Received GET request on /socket.io/?EIO=4&transport=websocket [IP: 182.156.141.17]
2025-11-20 12:43:09 PM [info]: Received POST request on /auth/login [IP: 182.156.141.17]
2025-11-20 12:43:09 PM [info]: Login request received 
2025-11-20 12:43:15 PM [info]: Active session stored 
2025-11-20 12:43:15 PM [info]: System log saved 
2025-11-20 12:43:15 PM [info]: User logged in successfully 
2025-11-20 12:43:18 PM [info]: Received GET request on /socket.io/?EIO=4&transport=websocket [IP: 182.156.141.17]
2025-11-20 12:43:19 PM [info]: Received GET request on /products/partial/data?page=1&limit=6 [IP: 182.156.141.17]
2025-11-20 12:43:19 PM [info]: Fetching all products 
2025-11-20 12:43:19 PM [info]: Fetched undefined products successfully 
2025-11-20 12:43:19 PM [info]: Received GET request on /company/partial/details [IP: 182.156.141.17]
2025-11-20 12:43:19 PM [info]: Received GET request on /api/management/getGrns/management?filterType=tillDate [IP: 182.156.141.17]
2025-11-20 12:43:19 PM [info]: Received GET request on /location-branches/filterData/filter/all [IP: 182.156.141.17]
2025-11-20 12:43:19 PM [info]: Received request to fetch all branches 
2025-11-20 12:43:19 PM [info]: Fetched all branches successfully 
2025-11-20 12:43:20 PM [info]: Received GET request on /socket.io/?EIO=4&transport=websocket [IP: 182.156.141.17]
2025-11-20 12:43:22 PM [info]: Received GET request on /socket.io/?EIO=4&transport=websocket [IP: 182.156.141.17]
2025-11-20 12:43:27 PM [info]: Received GET request on /socket.io/?EIO=4&transport=websocket [IP: 182.156.141.17]
2025-11-20 12:43:33 PM [info]: Received GET request on /socket.io/?EIO=4&transport=websocket [IP: 182.156.141.17]
2025-11-20 12:43:39 PM [info]: Received GET request on /socket.io/?EIO=4&transport=websocket [IP: 182.156.141.17]
2025-11-20 12:44:22 PM [info]: Received GET request on /secondSales/?page=1&limit=10 [IP: 182.156.141.17]
2025-11-20 12:44:22 PM [info]: Fetching all second sales 
2025-11-20 12:44:22 PM [info]: Second sales retrieved successfully 
2025-11-20 12:44:25 PM [info]: Received GET request on /products/partial/data?page=1&limit=10 [IP: 182.156.141.17]
2025-11-20 12:44:25 PM [info]: Fetching all products 
2025-11-20 12:44:25 PM [info]: Fetched undefined products successfully 
2025-11-20 12:44:26 PM [info]: Received GET request on /uoms/getAll/partialdata [IP: 182.156.141.17]
2025-11-20 12:44:26 PM [info]: Received GET request on /company/partial/details [IP: 182.156.141.17]
2025-11-20 12:44:26 PM [info]: Received GET request on /location-branches/filterData/filter/all [IP: 182.156.141.17]
2025-11-20 12:44:26 PM [info]: Received GET request on /deliveryChallan/challanNos/getAllChallanNo [IP: 182.156.141.17]
2025-11-20 12:44:26 PM [info]: Received request to fetch all branches 
2025-11-20 12:44:26 PM [info]: Fetched all branches successfully 
2025-11-20 12:44:26 PM [info]: Fetching all Delivery Challan numbers 
2025-11-20 12:44:26 PM [info]: Successfully fetched all Delivery Challan numbers 
2025-11-20 12:44:28 PM [info]: Received POST request on /secondSales/ [IP: 182.156.141.17]
2025-11-20 12:44:28 PM [info]: Attempting to create a new second sale 
2025-11-20 12:44:29 PM [error]: Unhandled Promise Rejection: Something went wrong In Approval flow service 
2025-11-20 12:44:30 PM [error]: Error occurred while creating second sale 
2025-11-20 12:44:30 PM [error]: Unhandled Error: null value in column "saleDate" of relation "second_sale_document" violates not-null constraint 
2025-11-20 12:46:20 PM [info]: Received GET request on /customer-delivery-challan/view/b4682910-0f0c-485d-91a2-b3fe673205c0 [IP: ::1]
2025-11-20 12:46:20 PM [info]: Fetching customer delivery challan with ID: b4682910-0f0c-485d-91a2-b3fe673205c0 
2025-11-20 12:46:20 PM [info]: Fetched challan with ID: b4682910-0f0c-485d-91a2-b3fe673205c0 successfully 
2025-11-20 12:47:31 PM [info]: Received GET request on /customer-delivery-challan/view/6198e040-a84e-40b8-a0a9-0f02ba4eef66 [IP: ::1]
2025-11-20 12:47:31 PM [info]: Fetching customer delivery challan with ID: 6198e040-a84e-40b8-a0a9-0f02ba4eef66 
2025-11-20 12:47:31 PM [info]: Fetched challan with ID: 6198e040-a84e-40b8-a0a9-0f02ba4eef66 successfully 
2025-11-20 12:49:36 PM [info]: Received GET request on /invoice/getfinal/all [IP: ::1]
2025-11-20 12:51:22 PM [info]: Received POST request on /auth/login [IP: ::1]
2025-11-20 12:51:22 PM [info]: Login request received 
2025-11-20 12:51:23 PM [info]: System log saved 
2025-11-20 12:51:23 PM [info]: User logged in successfully 
2025-11-20 12:51:26 PM [info]: Received GET request on /socket.io/?EIO=4&transport=websocket [IP: ::1]
2025-11-20 12:51:26 PM [info]: Received GET request on /employee/all/partial [IP: ::1]
2025-11-20 12:51:26 PM [info]: Received GET request on /products/partial/data?page=1&limit=6 [IP: ::1]
2025-11-20 12:51:26 PM [info]: Fetching all products 
2025-11-20 12:51:26 PM [info]: Employee Getting successfully 
2025-11-20 12:51:26 PM [info]: Fetched undefined products successfully 
2025-11-20 12:51:26 PM [info]: Received GET request on /vendors/filterVendor/all?page=1&limit=6 [IP: ::1]
2025-11-20 12:51:26 PM [info]: Received GET request on /location-branches/filterData/filter/all [IP: ::1]
2025-11-20 12:51:26 PM [info]: Received GET request on /company/partial/details [IP: ::1]
2025-11-20 12:51:26 PM [info]: Received request to fetch all branches 
2025-11-20 12:51:26 PM [info]: Fetched all branches successfully 
2025-11-20 12:51:26 PM [info]: Received GET request on /farmers/filterFarmer/all?page=1&limit=6 [IP: ::1]
2025-11-20 12:51:26 PM [info]: Received GET request on /admin/dashboard/active-users [IP: ::1]
2025-11-20 12:51:26 PM [info]: Received GET request on /userreport/total-purchase [IP: ::1]
2025-11-20 12:51:26 PM [info]: Fetching all farmers 
2025-11-20 12:51:26 PM [info]: Received GET request on /userreport/total-sale [IP: ::1]
2025-11-20 12:51:26 PM [info]: Farmers retrieved successfully 
2025-11-20 12:51:26 PM [info]: Received GET request on /userreport/user-counts [IP: ::1]
2025-11-20 12:51:26 PM [info]: Received GET request on /customers/names/all [IP: ::1]
2025-11-20 12:51:26 PM [info]: Fetching all customers 
2025-11-20 12:51:26 PM [info]: Customers retrieved successfully 
2025-11-20 12:51:27 PM [info]: Received GET request on /socket.io/?EIO=4&transport=websocket [IP: ::1]
2025-11-20 12:51:28 PM [info]: Received GET request on /socket.io/?EIO=4&transport=websocket [IP: ::1]
2025-11-20 12:51:32 PM [info]: Received GET request on /socket.io/?EIO=4&transport=websocket [IP: ::1]
2025-11-20 12:51:38 PM [info]: Received GET request on /employee/?page=1&limit=10 [IP: ::1]
2025-11-20 12:51:38 PM [info]: Getting All Employee 
2025-11-20 12:51:38 PM [info]: Employee Getting successfully 
2025-11-20 12:51:39 PM [info]: Received GET request on /socket.io/?EIO=4&transport=websocket [IP: ::1]
2025-11-20 12:51:45 PM [info]: Received GET request on /employee/c3a14fe3-0f7d-4324-a9f0-5b2de53cbbe0/update [IP: ::1]
2025-11-20 12:51:45 PM [info]: Received GET request on /company/partial/details [IP: ::1]
2025-11-20 12:51:45 PM [info]: Received GET request on /document-details/ [IP: ::1]
2025-11-20 12:51:45 PM [info]: Received GET request on /location-branches/filterData/filter/all [IP: ::1]
2025-11-20 12:51:45 PM [info]: Fetching all documents 
2025-11-20 12:51:45 PM [info]: Received request to fetch all branches 
2025-11-20 12:51:45 PM [info]: DocumentDef retrieved successfully 
2025-11-20 12:51:45 PM [info]: Received GET request on /location-offices/filterData/filter/all [IP: ::1]
2025-11-20 12:51:45 PM [info]: Fetched all branches successfully 
2025-11-20 12:51:45 PM [info]: Received request to fetch all offices 
2025-11-20 12:51:45 PM [info]: Fetched all offices successfully 
2025-11-20 12:51:45 PM [info]: Received GET request on /socket.io/?EIO=4&transport=websocket [IP: ::1]
2025-11-20 12:51:46 PM [info]: Received GET request on /pincode/fetchAddressByPincode?pincode= [IP: ::1]
2025-11-20 12:51:47 PM [info]: Received GET request on /pincode/fetchAddressByPincode?pincode=412207 [IP: ::1]
2025-11-20 12:58:03 PM [info]: Received GET request on /socket.io/?EIO=4&transport=websocket [IP: 182.156.141.17]
2025-11-20 12:58:03 PM [info]: Received GET request on /employee/?page=1&limit=10 [IP: 182.156.141.17]
2025-11-20 12:58:03 PM [info]: Received GET request on /socket.io/?EIO=4&transport=websocket [IP: 182.156.141.17]
2025-11-20 12:58:03 PM [info]: Received GET request on /company/partial/details [IP: 182.156.141.17]
2025-11-20 12:58:03 PM [info]: Getting All Employee 
2025-11-20 12:58:04 PM [info]: Received GET request on /uoms/getAll/partialdata [IP: 182.156.141.17]
2025-11-20 12:58:04 PM [info]: Employee Getting successfully 
2025-11-20 12:58:04 PM [info]: Received GET request on /deliveryChallan/challanNos/getAllChallanNo [IP: 182.156.141.17]
2025-11-20 12:58:04 PM [info]: Received GET request on /products/partial/data?page=1&limit=10 [IP: 182.156.141.17]
2025-11-20 12:58:04 PM [info]: Fetching all Delivery Challan numbers 
2025-11-20 12:58:04 PM [info]: Fetching all products 
2025-11-20 12:58:04 PM [info]: Successfully fetched all Delivery Challan numbers 
2025-11-20 12:58:04 PM [info]: Fetched undefined products successfully 
2025-11-20 12:58:04 PM [info]: Received GET request on /location-branches/filterData/filter/all [IP: 182.156.141.17]
2025-11-20 12:58:04 PM [info]: Received request to fetch all branches 
2025-11-20 12:58:04 PM [info]: Fetched all branches successfully 
2025-11-20 12:58:06 PM [info]: Received GET request on /socket.io/?EIO=4&transport=websocket [IP: 182.156.141.17]
2025-11-20 12:58:09 PM [info]: Received GET request on /socket.io/?EIO=4&transport=websocket [IP: 182.156.141.17]
2025-11-20 12:58:10 PM [info]: Received GET request on /socket.io/?EIO=4&transport=websocket [IP: 182.156.141.17]
2025-11-20 12:58:11 PM [info]: Received GET request on /socket.io/?EIO=4&transport=websocket [IP: 182.156.141.17]
2025-11-20 12:58:14 PM [info]: Received GET request on /socket.io/?EIO=4&transport=websocket [IP: 182.156.141.17]
2025-11-20 12:58:14 PM [info]: Received GET request on /socket.io/?EIO=4&transport=websocket [IP: 182.156.141.17]
2025-11-20 12:58:14 PM [info]: Received GET request on /employee/?page=1&limit=10 [IP: 182.156.141.17]
2025-11-20 12:58:14 PM [info]: Getting All Employee 
2025-11-20 12:58:14 PM [info]: Received GET request on /deliveryChallan/challanNos/getAllChallanNo [IP: 182.156.141.17]
2025-11-20 12:58:14 PM [info]: Fetching all Delivery Challan numbers 
2025-11-20 12:58:14 PM [info]: Successfully fetched all Delivery Challan numbers 
2025-11-20 12:58:14 PM [info]: Received GET request on /company/partial/details [IP: 182.156.141.17]
2025-11-20 12:58:14 PM [info]: Received GET request on /uoms/getAll/partialdata [IP: 182.156.141.17]
2025-11-20 12:58:15 PM [info]: Employee Getting successfully 
2025-11-20 12:58:15 PM [info]: Received GET request on /location-branches/filterData/filter/all [IP: 182.156.141.17]
2025-11-20 12:58:15 PM [info]: Received request to fetch all branches 
2025-11-20 12:58:15 PM [info]: Fetched all branches successfully 
2025-11-20 12:58:15 PM [info]: Received GET request on /products/partial/data?page=1&limit=10 [IP: 182.156.141.17]
2025-11-20 12:58:15 PM [info]: Fetching all products 
2025-11-20 12:58:15 PM [info]: Fetched undefined products successfully 
2025-11-20 12:58:18 PM [info]: Received GET request on /socket.io/?EIO=4&transport=websocket [IP: 182.156.141.17]
2025-11-20 12:58:20 PM [info]: Received GET request on /socket.io/?EIO=4&transport=websocket [IP: 182.156.141.17]
2025-11-20 12:58:21 PM [info]: Received GET request on /socket.io/?EIO=4&transport=websocket [IP: 182.156.141.17]
2025-11-20 12:58:22 PM [info]: Received GET request on /socket.io/?EIO=4&transport=websocket [IP: 182.156.141.17]
2025-11-20 12:58:26 PM [info]: Received GET request on /socket.io/?EIO=4&transport=websocket [IP: 182.156.141.17]
2025-11-20 12:58:26 PM [info]: Received GET request on /socket.io/?EIO=4&transport=websocket [IP: 182.156.141.17]
2025-11-20 12:58:27 PM [info]: Received POST request on /auth/login [IP: ::1]
2025-11-20 12:58:27 PM [info]: Login request received 
2025-11-20 12:58:29 PM [info]: System log saved 
2025-11-20 12:58:29 PM [info]: User logged in successfully 
2025-11-20 12:58:32 PM [info]: Received GET request on /socket.io/?EIO=4&transport=websocket [IP: 182.156.141.17]
2025-11-20 12:58:32 PM [info]: Received GET request on /socket.io/?EIO=4&transport=websocket [IP: 182.156.141.17]
2025-11-20 12:58:38 PM [info]: Received GET request on /socket.io/?EIO=4&transport=websocket [IP: 182.156.141.17]
2025-11-20 12:58:38 PM [info]: Received GET request on /socket.io/?EIO=4&transport=websocket [IP: 182.156.141.17]
2025-11-20 01:06:28 PM [info]: Received POST request on /auth/login [IP: ::1]
2025-11-20 01:06:28 PM [info]: Login request received 
2025-11-20 01:06:28 PM [info]: System log saved 
2025-11-20 01:06:28 PM [info]: User logged in successfully 
2025-11-20 01:06:42 PM [info]: Shutting down gracefully... 
2025-11-20 01:08:00 PM [info]: Database connected successfully 
2025-11-20 01:08:00 PM [info]: 🚀 Server started on port 8003 
2025-11-20 01:08:00 PM [info]: 📡 SSE endpoint: http://localhost:8003/sse/notifications 
2025-11-20 01:08:00 PM [info]: 🧪 SSE test: http://localhost:8003/sse/test 
2025-11-20 01:11:12 PM [info]: Received GET request on /socket.io/?EIO=4&transport=websocket [IP: ::1]
2025-11-20 01:11:12 PM [info]: Received GET request on /employee/c3a14fe3-0f7d-4324-a9f0-5b2de53cbbe0/update [IP: ::1]
2025-11-20 01:11:12 PM [info]: Received GET request on /company/partial/details [IP: ::1]
2025-11-20 01:11:12 PM [info]: Received GET request on /location-branches/filterData/filter/all [IP: ::1]
2025-11-20 01:11:12 PM [info]: Received GET request on /location-offices/filterData/filter/all [IP: ::1]
2025-11-20 01:11:12 PM [info]: Received GET request on /document-details/ [IP: ::1]
2025-11-20 01:11:12 PM [info]: Fetching all documents 
2025-11-20 01:11:12 PM [info]: Received request to fetch all offices 
2025-11-20 01:11:12 PM [info]: Received request to fetch all branches 
2025-11-20 01:11:12 PM [info]: DocumentDef retrieved successfully 
2025-11-20 01:11:13 PM [info]: Fetched all offices successfully 
2025-11-20 01:11:13 PM [info]: Fetched all branches successfully 
2025-11-20 01:11:14 PM [info]: Received GET request on /pincode/fetchAddressByPincode?pincode= [IP: ::1]
2025-11-20 01:11:14 PM [info]: Received GET request on /socket.io/?EIO=4&transport=websocket [IP: ::1]
2025-11-20 01:11:15 PM [info]: Received GET request on /pincode/fetchAddressByPincode?pincode=412207 [IP: ::1]
2025-11-20 01:11:16 PM [info]: Received GET request on /socket.io/?EIO=4&transport=websocket [IP: ::1]
2025-11-20 01:11:22 PM [info]: Received GET request on /socket.io/?EIO=4&transport=websocket [IP: ::1]
2025-11-20 01:11:28 PM [info]: Received GET request on /socket.io/?EIO=4&transport=websocket [IP: ::1]
2025-11-20 01:11:33 PM [info]: Received GET request on /socket.io/?EIO=4&transport=websocket [IP: ::1]
2025-11-20 01:11:54 PM [info]: Received POST request on /auth/logout [IP: ::1]
2025-11-20 01:11:54 PM [info]: User logged out successfully 
2025-11-20 01:16:58 PM [info]: Received GET request on /employee/?page=1&limit=10 [IP: 182.156.141.17]
2025-11-20 01:16:58 PM [info]: Getting All Employee 
2025-11-20 01:16:58 PM [info]: Employee Getting successfully 
2025-11-20 01:16:58 PM [info]: Received GET request on /socket.io/?EIO=4&transport=websocket [IP: 182.156.141.17]
2025-11-20 01:16:58 PM [info]: Received GET request on /socket.io/?EIO=4&transport=websocket [IP: 182.156.141.17]
2025-11-20 01:16:58 PM [info]: Received GET request on /deliveryChallan/challanNos/getAllChallanNo [IP: 182.156.141.17]
2025-11-20 01:16:58 PM [info]: Fetching all Delivery Challan numbers 
2025-11-20 01:16:59 PM [info]: Received GET request on /company/partial/details [IP: 182.156.141.17]
2025-11-20 01:16:59 PM [info]: Successfully fetched all Delivery Challan numbers 
2025-11-20 01:16:59 PM [info]: Received GET request on /products/partial/data?page=1&limit=10 [IP: 182.156.141.17]
2025-11-20 01:16:59 PM [info]: Fetching all products 
2025-11-20 01:16:59 PM [info]: Received GET request on /location-branches/filterData/filter/all [IP: 182.156.141.17]
2025-11-20 01:16:59 PM [info]: Received GET request on /uoms/getAll/partialdata [IP: 182.156.141.17]
2025-11-20 01:16:59 PM [info]: Received request to fetch all branches 
2025-11-20 01:16:59 PM [info]: Fetched all branches successfully 
2025-11-20 01:16:59 PM [info]: Fetched undefined products successfully 
2025-11-20 01:17:00 PM [info]: Received GET request on /socket.io/?EIO=4&transport=websocket [IP: 182.156.141.17]
2025-11-20 01:17:01 PM [info]: Received GET request on /socket.io/?EIO=4&transport=websocket [IP: 182.156.141.17]
2025-11-20 01:17:03 PM [info]: Received GET request on /socket.io/?EIO=4&transport=websocket [IP: 182.156.141.17]
2025-11-20 01:17:03 PM [info]: Received GET request on /socket.io/?EIO=4&transport=websocket [IP: 182.156.141.17]
2025-11-20 01:17:07 PM [info]: Received GET request on /socket.io/?EIO=4&transport=websocket [IP: 182.156.141.17]
2025-11-20 01:17:09 PM [info]: Received GET request on /socket.io/?EIO=4&transport=websocket [IP: 182.156.141.17]
2025-11-20 01:17:12 PM [info]: Received GET request on /socket.io/?EIO=4&transport=websocket [IP: 182.156.141.17]
2025-11-20 01:17:15 PM [info]: Received GET request on /socket.io/?EIO=4&transport=websocket [IP: 182.156.141.17]
2025-11-20 01:17:18 PM [info]: Received GET request on /socket.io/?EIO=4&transport=websocket [IP: 182.156.141.17]
2025-11-20 01:17:21 PM [info]: Received GET request on /socket.io/?EIO=4&transport=websocket [IP: 182.156.141.17]
2025-11-20 01:18:39 PM [info]: Received GET request on /employee/?page=1&limit=10 [IP: 182.156.141.17]
2025-11-20 01:18:39 PM [info]: Received GET request on /products/partial/data?page=1&limit=10 [IP: 182.156.141.17]
2025-11-20 01:18:39 PM [info]: Getting All Employee 
2025-11-20 01:18:40 PM [info]: Received GET request on /socket.io/?EIO=4&transport=websocket [IP: 182.156.141.17]
2025-11-20 01:18:40 PM [info]: Received GET request on /socket.io/?EIO=4&transport=websocket [IP: 182.156.141.17]
2025-11-20 01:18:40 PM [info]: Fetching all products 
2025-11-20 01:18:40 PM [info]: Received GET request on /uoms/getAll/partialdata [IP: 182.156.141.17]
2025-11-20 01:18:40 PM [info]: Employee Getting successfully 
2025-11-20 01:18:40 PM [info]: Fetched undefined products successfully 
2025-11-20 01:18:40 PM [info]: Received GET request on /company/partial/details [IP: 182.156.141.17]
2025-11-20 01:18:40 PM [info]: Received GET request on /location-branches/filterData/filter/all [IP: 182.156.141.17]
2025-11-20 01:18:40 PM [info]: Received GET request on /deliveryChallan/challanNos/getAllChallanNo [IP: 182.156.141.17]
2025-11-20 01:18:40 PM [info]: Received request to fetch all branches 
2025-11-20 01:18:40 PM [info]: Fetching all Delivery Challan numbers 
2025-11-20 01:18:40 PM [info]: Fetched all branches successfully 
2025-11-20 01:18:40 PM [info]: Successfully fetched all Delivery Challan numbers 
2025-11-20 01:18:44 PM [info]: Received GET request on /socket.io/?EIO=4&transport=websocket [IP: 182.156.141.17]
2025-11-20 01:18:44 PM [info]: Received GET request on /socket.io/?EIO=4&transport=websocket [IP: 182.156.141.17]
2025-11-20 01:18:46 PM [info]: Received GET request on /socket.io/?EIO=4&transport=websocket [IP: 182.156.141.17]
2025-11-20 01:18:47 PM [info]: Received GET request on /socket.io/?EIO=4&transport=websocket [IP: 182.156.141.17]
2025-11-20 01:18:51 PM [info]: Received GET request on /socket.io/?EIO=4&transport=websocket [IP: 182.156.141.17]
2025-11-20 01:18:51 PM [info]: Received GET request on /socket.io/?EIO=4&transport=websocket [IP: 182.156.141.17]
2025-11-20 01:18:57 PM [info]: Received GET request on /socket.io/?EIO=4&transport=websocket [IP: 182.156.141.17]
2025-11-20 01:18:57 PM [info]: Received GET request on /socket.io/?EIO=4&transport=websocket [IP: 182.156.141.17]
2025-11-20 01:19:03 PM [info]: Received GET request on /socket.io/?EIO=4&transport=websocket [IP: 182.156.141.17]
2025-11-20 01:19:03 PM [info]: Received GET request on /socket.io/?EIO=4&transport=websocket [IP: 182.156.141.17]
2025-11-20 01:19:44 PM [info]: Received GET request on /location-branches/filterData/filter/all [IP: 182.156.141.17]
2025-11-20 01:19:44 PM [info]: Received GET request on /deliveryChallan/challanNos/getAllChallanNo [IP: 182.156.141.17]
2025-11-20 01:19:44 PM [info]: Received request to fetch all branches 
2025-11-20 01:19:44 PM [info]: Fetching all Delivery Challan numbers 
2025-11-20 01:19:44 PM [info]: Fetched all branches successfully 
2025-11-20 01:19:44 PM [info]: Successfully fetched all Delivery Challan numbers 
2025-11-20 01:19:44 PM [info]: Received GET request on /company/partial/details [IP: 182.156.141.17]
2025-11-20 01:19:44 PM [info]: Received GET request on /uoms/getAll/partialdata [IP: 182.156.141.17]
2025-11-20 01:19:44 PM [info]: Received GET request on /products/partial/data?page=1&limit=10 [IP: 182.156.141.17]
2025-11-20 01:19:44 PM [info]: Fetching all products 
2025-11-20 01:19:44 PM [info]: Fetched undefined products successfully 
2025-11-20 01:22:13 PM [info]: Received GET request on /location-branches/filterData/filter/all [IP: 182.156.141.17]
2025-11-20 01:22:13 PM [info]: Received request to fetch all branches 
2025-11-20 01:22:13 PM [info]: Fetched all branches successfully 
2025-11-20 01:22:13 PM [info]: Received GET request on /uoms/getAll/partialdata [IP: 182.156.141.17]
2025-11-20 01:22:13 PM [info]: Received GET request on /deliveryChallan/challanNos/getAllChallanNo [IP: 182.156.141.17]
2025-11-20 01:22:13 PM [info]: Received GET request on /company/partial/details [IP: 182.156.141.17]
2025-11-20 01:22:13 PM [info]: Fetching all Delivery Challan numbers 
2025-11-20 01:22:13 PM [info]: Successfully fetched all Delivery Challan numbers 
2025-11-20 01:22:23 PM [info]: Received GET request on /company/partial/details [IP: 182.156.141.17]
2025-11-20 01:22:23 PM [info]: Received GET request on /uoms/getAll/partialdata [IP: 182.156.141.17]
2025-11-20 01:22:24 PM [info]: Received GET request on /location-branches/filterData/filter/all [IP: 182.156.141.17]
2025-11-20 01:22:24 PM [info]: Received request to fetch all branches 
2025-11-20 01:22:24 PM [info]: Fetched all branches successfully 
2025-11-20 01:22:24 PM [info]: Received GET request on /deliveryChallan/challanNos/getAllChallanNo [IP: 182.156.141.17]
2025-11-20 01:22:24 PM [info]: Fetching all Delivery Challan numbers 
2025-11-20 01:22:24 PM [info]: Successfully fetched all Delivery Challan numbers 
2025-11-20 01:23:08 PM [info]: Received GET request on /deliveryChallan/challanNos/getAllChallanNo [IP: 182.156.141.17]
2025-11-20 01:23:08 PM [info]: Received GET request on /uoms/getAll/partialdata [IP: 182.156.141.17]
2025-11-20 01:23:08 PM [info]: Fetching all Delivery Challan numbers 
2025-11-20 01:23:08 PM [info]: Successfully fetched all Delivery Challan numbers 
2025-11-20 01:23:08 PM [info]: Received GET request on /location-branches/filterData/filter/all [IP: 182.156.141.17]
2025-11-20 01:23:08 PM [info]: Received request to fetch all branches 
2025-11-20 01:23:08 PM [info]: Fetched all branches successfully 
2025-11-20 01:23:09 PM [info]: Received GET request on /company/partial/details [IP: 182.156.141.17]
2025-11-20 01:23:15 PM [info]: Received GET request on /products/partial/data?page=1&limit=10 [IP: 182.156.141.17]
2025-11-20 01:23:15 PM [info]: Fetching all products 
2025-11-20 01:23:15 PM [info]: Fetched undefined products successfully 
2025-11-20 01:23:15 PM [info]: Received GET request on /deliveryChallan/challanNos/getAllChallanNo [IP: 182.156.141.17]
2025-11-20 01:23:15 PM [info]: Fetching all Delivery Challan numbers 
2025-11-20 01:23:15 PM [info]: Successfully fetched all Delivery Challan numbers 
2025-11-20 01:23:15 PM [info]: Received GET request on /company/partial/details [IP: 182.156.141.17]
2025-11-20 01:23:15 PM [info]: Received GET request on /location-branches/filterData/filter/all [IP: 182.156.141.17]
2025-11-20 01:23:15 PM [info]: Received GET request on /uoms/getAll/partialdata [IP: 182.156.141.17]
2025-11-20 01:23:15 PM [info]: Received request to fetch all branches 
2025-11-20 01:23:15 PM [info]: Fetched all branches successfully 
2025-11-20 01:23:16 PM [info]: Received GET request on /socket.io/?EIO=4&transport=websocket [IP: 182.156.141.17]
2025-11-20 01:23:17 PM [info]: Received GET request on /socket.io/?EIO=4&transport=websocket [IP: 182.156.141.17]
2025-11-20 01:23:18 PM [info]: Received GET request on /socket.io/?EIO=4&transport=websocket [IP: 182.156.141.17]
2025-11-20 01:23:22 PM [info]: Received GET request on /socket.io/?EIO=4&transport=websocket [IP: 182.156.141.17]
2025-11-20 01:23:28 PM [info]: Received GET request on /socket.io/?EIO=4&transport=websocket [IP: 182.156.141.17]
2025-11-20 01:23:34 PM [info]: Received GET request on /socket.io/?EIO=4&transport=websocket [IP: 182.156.141.17]
2025-11-20 02:04:17 PM [info]: Received GET request on /socket.io/?EIO=4&transport=websocket [IP: 182.156.141.17]
2025-11-20 02:04:17 PM [info]: Received GET request on /employee/?page=1&limit=10 [IP: 182.156.141.17]
2025-11-20 02:04:17 PM [info]: Getting All Employee 
2025-11-20 02:04:17 PM [info]: Employee Getting successfully 
2025-11-20 02:04:17 PM [info]: Received GET request on /socket.io/?EIO=4&transport=websocket [IP: 182.156.141.17]
2025-11-20 02:04:17 PM [info]: Received GET request on /company/partial/details [IP: 182.156.141.17]
2025-11-20 02:04:17 PM [info]: Received GET request on /location-branches/filterData/filter/all [IP: 182.156.141.17]
2025-11-20 02:04:17 PM [info]: Received GET request on /products/partial/data?page=1&limit=10 [IP: 182.156.141.17]
2025-11-20 02:04:17 PM [info]: Received request to fetch all branches 
2025-11-20 02:04:17 PM [info]: Fetching all products 
2025-11-20 02:04:17 PM [info]: Fetched all branches successfully 
2025-11-20 02:04:17 PM [info]: Fetched undefined products successfully 
2025-11-20 02:04:17 PM [info]: Received GET request on /deliveryChallan/challanNos/getAllChallanNo [IP: 182.156.141.17]
2025-11-20 02:04:17 PM [info]: Received GET request on /uoms/getAll/partialdata [IP: 182.156.141.17]
2025-11-20 02:04:17 PM [info]: Fetching all Delivery Challan numbers 
2025-11-20 02:04:17 PM [info]: Successfully fetched all Delivery Challan numbers 
2025-11-20 02:04:19 PM [info]: Received GET request on /socket.io/?EIO=4&transport=websocket [IP: 182.156.141.17]
2025-11-20 02:04:21 PM [info]: Received GET request on /socket.io/?EIO=4&transport=websocket [IP: 182.156.141.17]
2025-11-20 02:04:22 PM [info]: Received GET request on /socket.io/?EIO=4&transport=websocket [IP: 182.156.141.17]
2025-11-20 02:04:25 PM [info]: Received GET request on /socket.io/?EIO=4&transport=websocket [IP: 182.156.141.17]
2025-11-20 02:04:25 PM [info]: Received GET request on /socket.io/?EIO=4&transport=websocket [IP: 182.156.141.17]
2025-11-20 02:04:30 PM [info]: Received GET request on /socket.io/?EIO=4&transport=websocket [IP: 182.156.141.17]
2025-11-20 02:04:31 PM [info]: Received GET request on /socket.io/?EIO=4&transport=websocket [IP: 182.156.141.17]
2025-11-20 02:04:37 PM [info]: Received GET request on /socket.io/?EIO=4&transport=websocket [IP: 182.156.141.17]
2025-11-20 02:04:37 PM [info]: Received GET request on /socket.io/?EIO=4&transport=websocket [IP: 182.156.141.17]
2025-11-20 02:04:42 PM [info]: Received GET request on /socket.io/?EIO=4&transport=websocket [IP: 182.156.141.17]
2025-11-20 02:06:50 PM [info]: Received GET request on /socket.io/?EIO=4&transport=websocket [IP: 182.156.141.17]
2025-11-20 02:06:50 PM [info]: Received GET request on /socket.io/?EIO=4&transport=websocket [IP: 182.156.141.17]
2025-11-20 02:06:51 PM [info]: Received GET request on /deliveryChallan/challanNos/getAllChallanNo [IP: 182.156.141.17]
2025-11-20 02:06:51 PM [info]: Fetching all Delivery Challan numbers 
2025-11-20 02:06:51 PM [info]: Successfully fetched all Delivery Challan numbers 
2025-11-20 02:06:51 PM [info]: Received GET request on /uoms/getAll/partialdata [IP: 182.156.141.17]
2025-11-20 02:06:51 PM [info]: Received GET request on /employee/?page=1&limit=10 [IP: 182.156.141.17]
2025-11-20 02:06:51 PM [info]: Getting All Employee 
2025-11-20 02:06:51 PM [info]: Received GET request on /company/partial/details [IP: 182.156.141.17]
2025-11-20 02:06:52 PM [info]: Received GET request on /products/partial/data?page=1&limit=10 [IP: 182.156.141.17]
2025-11-20 02:06:52 PM [info]: Received GET request on /location-branches/filterData/filter/all [IP: 182.156.141.17]
2025-11-20 02:06:52 PM [info]: Employee Getting successfully 
2025-11-20 02:06:52 PM [info]: Fetching all products 
2025-11-20 02:06:52 PM [info]: Received request to fetch all branches 
2025-11-20 02:06:53 PM [info]: Fetched all branches successfully 
2025-11-20 02:06:53 PM [info]: Fetched undefined products successfully 
2025-11-20 02:06:55 PM [info]: Received GET request on /socket.io/?EIO=4&transport=websocket [IP: 182.156.141.17]
2025-11-20 02:06:55 PM [info]: Received GET request on /socket.io/?EIO=4&transport=websocket [IP: 182.156.141.17]
2025-11-20 02:06:59 PM [info]: Received GET request on /socket.io/?EIO=4&transport=websocket [IP: 182.156.141.17]
2025-11-20 02:07:02 PM [info]: Received GET request on /socket.io/?EIO=4&transport=websocket [IP: 182.156.141.17]
2025-11-20 02:07:04 PM [info]: Received GET request on /socket.io/?EIO=4&transport=websocket [IP: 182.156.141.17]
2025-11-20 02:07:08 PM [info]: Received GET request on /socket.io/?EIO=4&transport=websocket [IP: 182.156.141.17]
2025-11-20 02:07:10 PM [info]: Received GET request on /socket.io/?EIO=4&transport=websocket [IP: 182.156.141.17]
2025-11-20 02:07:14 PM [info]: Received GET request on /socket.io/?EIO=4&transport=websocket [IP: 182.156.141.17]
2025-11-20 02:07:16 PM [info]: Received GET request on /socket.io/?EIO=4&transport=websocket [IP: 182.156.141.17]
2025-11-20 02:07:20 PM [info]: Received GET request on /socket.io/?EIO=4&transport=websocket [IP: 182.156.141.17]
2025-11-20 02:12:27 PM [info]: Received GET request on /products/partial/data?page=1&limit=10 [IP: 182.156.141.17]
2025-11-20 02:12:27 PM [info]: Fetching all products 
2025-11-20 02:12:27 PM [info]: Fetched undefined products successfully 
2025-11-20 02:12:28 PM [info]: Received GET request on /products/partial/data?page=1&limit=10 [IP: 182.156.141.17]
2025-11-20 02:12:28 PM [info]: Fetching all products 
2025-11-20 02:12:28 PM [info]: Fetched undefined products successfully 
2025-11-20 02:12:39 PM [info]: Received GET request on /products/partial/data?page=2&limit=10 [IP: 182.156.141.17]
2025-11-20 02:12:39 PM [info]: Fetching all products 
2025-11-20 02:12:39 PM [info]: Fetched undefined products successfully 
2025-11-20 02:12:47 PM [info]: Received GET request on /products/partial/data?page=1&limit=10 [IP: 182.156.141.17]
2025-11-20 02:12:47 PM [info]: Fetching all products 
2025-11-20 02:12:47 PM [info]: Fetched undefined products successfully 
2025-11-20 02:12:50 PM [info]: Received GET request on /products/getall/getvarient/2bf29417-d592-4642-a775-d3014aecc7ac [IP: 182.156.141.17]
2025-11-20 02:12:51 PM [info]: Fetching product with ID 
2025-11-20 02:12:52 PM [info]: Received GET request on /products/partial/2bf29417-d592-4642-a775-d3014aecc7ac [IP: 182.156.141.17]
2025-11-20 02:12:52 PM [info]: Fetching all products 
2025-11-20 02:12:52 PM [info]: Fetched undefined products successfully 
2025-11-20 02:13:04 PM [info]: Product with ID fetched successfully 
2025-11-20 02:13:04 PM [info]: Received GET request on /products/partial/data?page=2&limit=10 [IP: 182.156.141.17]
2025-11-20 02:13:04 PM [info]: Received GET request on /products/partial/data?page=1&limit=10 [IP: 182.156.141.17]
2025-11-20 02:13:04 PM [info]: Fetching all products 
2025-11-20 02:13:04 PM [info]: Fetching all products 
2025-11-20 02:13:04 PM [info]: Fetched undefined products successfully 
2025-11-20 02:13:05 PM [info]: Fetched undefined products successfully 
2025-11-20 02:13:05 PM [info]: Received GET request on /products/partial/f6cd3fa6-5ce3-4bee-a3e0-a0e4e706c65f [IP: 182.156.141.17]
2025-11-20 02:13:05 PM [info]: Fetching all products 
2025-11-20 02:13:05 PM [info]: Fetched undefined products successfully 
2025-11-20 02:13:06 PM [info]: Received GET request on /products/getall/getvarient/f6cd3fa6-5ce3-4bee-a3e0-a0e4e706c65f [IP: 182.156.141.17]
2025-11-20 02:13:06 PM [info]: Fetching product with ID 
2025-11-20 02:13:06 PM [info]: Product with ID fetched successfully 
2025-11-20 02:17:22 PM [info]: Received POST request on /auth/logout [IP: ::1]
2025-11-20 02:17:23 PM [info]: User logged out successfully 
2025-11-20 02:18:29 PM [info]: Received GET request on /socket.io/?EIO=4&transport=websocket [IP: ::1]
2025-11-20 02:18:29 PM [info]: Received GET request on /employee/?page=1&limit=10 [IP: ::1]
2025-11-20 02:18:29 PM [info]: Getting All Employee 
2025-11-20 02:18:29 PM [info]: Employee Getting successfully 
2025-11-20 02:18:33 PM [info]: Received GET request on /socket.io/?EIO=4&transport=websocket [IP: ::1]
2025-11-20 02:18:35 PM [info]: Received GET request on /socket.io/?EIO=4&transport=websocket [IP: ::1]
2025-11-20 02:18:41 PM [info]: Received GET request on /socket.io/?EIO=4&transport=websocket [IP: ::1]
2025-11-20 02:18:47 PM [info]: Received GET request on /socket.io/?EIO=4&transport=websocket [IP: ::1]
2025-11-20 02:18:53 PM [info]: Received GET request on /socket.io/?EIO=4&transport=websocket [IP: ::1]
2025-11-20 02:20:07 PM [info]: Received GET request on /customer-delivery-challan/?page=1&limit=10 [IP: 182.156.141.17]
2025-11-20 02:20:07 PM [info]: Fetching all customer delivery challans 
2025-11-20 02:20:46 PM [info]: Received GET request on /inventoryStock/stock/location-wise/?page=1&limit=10 [IP: 182.156.141.17]
2025-11-20 02:20:46 PM [info]: Getting Stock Location wise 
2025-11-20 02:20:47 PM [info]: Inventory Stock found  
2025-11-20 02:32:08 PM [info]: Received GET request on /customer-delivery-challan/?page=1&limit=10 [IP: 182.156.141.17]
2025-11-20 02:32:08 PM [info]: Fetching all customer delivery challans 
2025-11-20 02:32:21 PM [info]: Received GET request on /inwardRegister/?page=1&limit=10 [IP: 182.156.141.17]
2025-11-20 02:32:22 PM [info]: Fetching all InwardRegister... 
2025-11-20 02:32:26 PM [info]: Received GET request on /vendors/filterVendor/all?page=1&limit=10 [IP: 182.156.141.17]
2025-11-20 02:32:26 PM [info]: Received GET request on /products/partial/data [IP: 182.156.141.17]
2025-11-20 02:32:26 PM [info]: Received GET request on /farmers/filterFarmer/all?page=1&limit=10 [IP: 182.156.141.17]
2025-11-20 02:32:26 PM [info]: Fetching all farmers 
2025-11-20 02:32:26 PM [info]: Fetching all products 
2025-11-20 02:32:26 PM [info]: Received GET request on /uoms/getAll/partialdata [IP: 182.156.141.17]
2025-11-20 02:32:26 PM [info]: Received GET request on /location-branches/filterData/filter/all [IP: 182.156.141.17]
2025-11-20 02:32:26 PM [info]: Farmers retrieved successfully 
2025-11-20 02:32:26 PM [info]: Fetched undefined products successfully 
2025-11-20 02:32:26 PM [info]: Received request to fetch all branches 
2025-11-20 02:32:26 PM [info]: Fetched all branches successfully 
2025-11-20 02:32:26 PM [info]: Received GET request on /deliveryChallan/challanNos/getAllChallanNo [IP: 182.156.141.17]
2025-11-20 02:32:26 PM [info]: Received GET request on /grns/grnnumbers/getAllgrnNo [IP: 182.156.141.17]
2025-11-20 02:32:26 PM [info]: Received GET request on /company/partial/details [IP: 182.156.141.17]
2025-11-20 02:32:26 PM [info]: Received GET request on /products/partial/data?page=1&limit=10 [IP: 182.156.141.17]
2025-11-20 02:32:26 PM [info]: Received GET request on /employee/all/partial [IP: 182.156.141.17]
2025-11-20 02:32:26 PM [info]: Fetching all Delivery Challan numbers 
2025-11-20 02:32:26 PM [info]: Successfully fetched all Delivery Challan numbers 
2025-11-20 02:32:26 PM [info]: Fetching all products 
2025-11-20 02:32:26 PM [info]: Total GRNs fetched: 9 
2025-11-20 02:32:26 PM [info]: Fetched undefined products successfully 
2025-11-20 02:32:26 PM [info]: Employee Getting successfully 
2025-11-20 02:33:18 PM [info]: Received GET request on /vendors/filterVendor/all?page=1&limit=10 [IP: 182.156.141.17]
2025-11-20 02:33:18 PM [info]: Received GET request on /grns/?page=1&limit=10 [IP: 182.156.141.17]
2025-11-20 02:33:18 PM [info]: Fetching all GRNs... 
2025-11-20 02:33:18 PM [info]: Received GET request on /dealSlip/dealslipno/getAlldealslipNo [IP: 182.156.141.17]
2025-11-20 02:33:18 PM [info]: Received GET request on /company/partial/details [IP: 182.156.141.17]
2025-11-20 02:33:18 PM [info]: Received GET request on /products/partial/data?page=1&limit=10 [IP: 182.156.141.17]
2025-11-20 02:33:18 PM [info]: Received GET request on /products/partial/data [IP: 182.156.141.17]
2025-11-20 02:33:18 PM [info]: Received GET request on /location-branches/filterData/filter/all [IP: 182.156.141.17]
2025-11-20 02:33:18 PM [info]: Received GET request on /uoms/getAll/partialdata [IP: 182.156.141.17]
2025-11-20 02:33:18 PM [info]: Fetching all DealSlip numbers 
2025-11-20 02:33:18 PM [info]: Received GET request on /farmers/filterFarmer/all?page=1&limit=10 [IP: 182.156.141.17]
2025-11-20 02:33:18 PM [info]: Received GET request on /employee/all/partial [IP: 182.156.141.17]
2025-11-20 02:33:18 PM [info]: Fetching all products 
2025-11-20 02:33:18 PM [info]: Fetching all products 
2025-11-20 02:33:18 PM [info]: Received request to fetch all branches 
2025-11-20 02:33:18 PM [info]: Found 5 DealSlip numbers 
2025-11-20 02:33:18 PM [info]: Fetched all branches successfully 
2025-11-20 02:33:18 PM [info]: Fetching all farmers 
2025-11-20 02:33:18 PM [info]: Fetched undefined products successfully 
2025-11-20 02:33:18 PM [info]: Fetched undefined products successfully 
2025-11-20 02:33:18 PM [info]: Employee Getting successfully 
2025-11-20 02:33:18 PM [info]: Farmers retrieved successfully 
2025-11-20 02:33:20 PM [info]: Total GRNs fetched: 7 
2025-11-20 02:33:22 PM [info]: Activity logged: VIEW - GRN by user c3a14fe3-0f7d-4324-a9f0-5b2de53cbbe0 
2025-11-20 02:36:35 PM [info]: Received GET request on /inwardRegister/?page=1&limit=10 [IP: 182.156.141.17]
2025-11-20 02:36:35 PM [info]: Fetching all InwardRegister... 
2025-11-20 02:36:42 PM [info]: Received GET request on /products/partial/data?page=1&limit=10 [IP: 182.156.141.17]
2025-11-20 02:36:42 PM [info]: Fetching all products 
2025-11-20 02:36:42 PM [info]: Fetched undefined products successfully 
2025-11-20 02:36:42 PM [info]: Received GET request on /vendors/filterVendor/all?page=1&limit=10 [IP: 182.156.141.17]
2025-11-20 02:36:43 PM [info]: Received GET request on /company/partial/details [IP: 182.156.141.17]
2025-11-20 02:36:43 PM [info]: Received GET request on /uoms/getAll/partialdata [IP: 182.156.141.17]
2025-11-20 02:36:43 PM [info]: Received GET request on /grns/grnnumbers/getAllgrnNo [IP: 182.156.141.17]
2025-11-20 02:36:43 PM [info]: Received GET request on /farmers/filterFarmer/all?page=1&limit=10 [IP: 182.156.141.17]
2025-11-20 02:36:43 PM [info]: Received GET request on /location-branches/filterData/filter/all [IP: 182.156.141.17]
2025-11-20 02:36:43 PM [info]: Received GET request on /products/partial/data [IP: 182.156.141.17]
2025-11-20 02:36:43 PM [info]: Received GET request on /deliveryChallan/challanNos/getAllChallanNo [IP: 182.156.141.17]
2025-11-20 02:36:43 PM [info]: Received GET request on /employee/all/partial [IP: 182.156.141.17]
2025-11-20 02:36:43 PM [info]: Fetching all farmers 
2025-11-20 02:36:43 PM [info]: Total GRNs fetched: 9 
2025-11-20 02:36:43 PM [info]: Received request to fetch all branches 
2025-11-20 02:36:43 PM [info]: Fetching all products 
2025-11-20 02:36:43 PM [info]: Fetching all Delivery Challan numbers 
2025-11-20 02:36:43 PM [info]: Fetched all branches successfully 
2025-11-20 02:36:43 PM [info]: Farmers retrieved successfully 
2025-11-20 02:36:43 PM [info]: Successfully fetched all Delivery Challan numbers 
2025-11-20 02:36:43 PM [info]: Fetched undefined products successfully 
2025-11-20 02:36:43 PM [info]: Employee Getting successfully 
2025-11-20 02:45:42 PM [info]: Received GET request on /dumpRegister/?page=1&limit=10 [IP: 182.156.141.17]
2025-11-20 02:45:43 PM [info]: Fetching all dump registers 
2025-11-20 02:45:44 PM [info]: Received GET request on /products/partial/data?page=1&limit=10 [IP: 182.156.141.17]
2025-11-20 02:45:44 PM [info]: Received GET request on /grns/grnnumbers/getAllgrnNo [IP: 182.156.141.17]
2025-11-20 02:45:45 PM [info]: Fetching all products 
2025-11-20 02:45:45 PM [info]: Total GRNs fetched: 9 
2025-11-20 02:45:45 PM [info]: Fetched undefined products successfully 
2025-11-20 02:45:45 PM [info]: Received GET request on /uoms/getAll/partialdata [IP: 182.156.141.17]
2025-11-20 02:45:45 PM [info]: Received GET request on /location-branches/filterData/filter/all [IP: 182.156.141.17]
2025-11-20 02:45:45 PM [info]: Received request to fetch all branches 
2025-11-20 02:45:45 PM [info]: Fetched all branches successfully 
2025-11-20 02:45:45 PM [info]: Dump registers retrieved successfully 
2025-11-20 02:45:45 PM [info]: Received GET request on /company/partial/details [IP: 182.156.141.17]
2025-11-20 02:50:14 PM [info]: Received GET request on /grns/?page=1&limit=10 [IP: 182.156.141.17]
2025-11-20 02:50:14 PM [info]: Fetching all GRNs... 
2025-11-20 02:50:15 PM [info]: Total GRNs fetched: 7 
2025-11-20 02:50:16 PM [info]: Activity logged: VIEW - GRN by user c3a14fe3-0f7d-4324-a9f0-5b2de53cbbe0 
2025-11-20 02:50:16 PM [info]: Received GET request on /farmers/filterFarmer/all?page=1&limit=10 [IP: 182.156.141.17]
2025-11-20 02:50:16 PM [info]: Received GET request on /products/partial/data?page=1&limit=10 [IP: 182.156.141.17]
2025-11-20 02:50:16 PM [info]: Received GET request on /dealSlip/dealslipno/getAlldealslipNo [IP: 182.156.141.17]
2025-11-20 02:50:16 PM [info]: Received GET request on /uoms/getAll/partialdata [IP: 182.156.141.17]
2025-11-20 02:50:16 PM [info]: Received GET request on /vendors/filterVendor/all?page=1&limit=10 [IP: 182.156.141.17]
2025-11-20 02:50:16 PM [info]: Received GET request on /company/partial/details [IP: 182.156.141.17]
2025-11-20 02:50:16 PM [info]: Fetching all farmers 
2025-11-20 02:50:16 PM [info]: Received GET request on /products/partial/data [IP: 182.156.141.17]
2025-11-20 02:50:16 PM [info]: Fetching all products 
2025-11-20 02:50:16 PM [info]: Fetching all DealSlip numbers 
2025-11-20 02:50:16 PM [info]: Received GET request on /location-branches/filterData/filter/all [IP: 182.156.141.17]
2025-11-20 02:50:16 PM [info]: Found 5 DealSlip numbers 
2025-11-20 02:50:16 PM [info]: Farmers retrieved successfully 
2025-11-20 02:50:16 PM [info]: Fetching all products 
2025-11-20 02:50:16 PM [info]: Received request to fetch all branches 
2025-11-20 02:50:16 PM [info]: Fetched undefined products successfully 
2025-11-20 02:50:16 PM [info]: Fetched all branches successfully 
2025-11-20 02:50:16 PM [info]: Fetched undefined products successfully 
2025-11-20 02:50:16 PM [info]: Received GET request on /employee/all/partial [IP: 182.156.141.17]
2025-11-20 02:50:16 PM [info]: Employee Getting successfully 
2025-11-20 02:55:42 PM [info]: Received GET request on /returns/?page=1&limit=10 [IP: 182.156.141.17]
2025-11-20 02:55:44 PM [info]: Received GET request on /products/partial/data?page=1&limit=10 [IP: 182.156.141.17]
2025-11-20 02:55:44 PM [info]: Received GET request on /customer-delivery-challan/ [IP: 182.156.141.17]
2025-11-20 02:55:44 PM [info]: Received GET request on /location-branches/filterData/filter/all [IP: 182.156.141.17]
2025-11-20 02:55:44 PM [info]: Fetching all products 
2025-11-20 02:55:44 PM [info]: Fetching all customer delivery challans 
2025-11-20 02:55:44 PM [info]: Received request to fetch all branches 
2025-11-20 02:55:44 PM [info]: Fetched all branches successfully 
2025-11-20 02:55:44 PM [info]: Fetched undefined products successfully 
2025-11-20 02:55:44 PM [info]: Received GET request on /company/partial/details [IP: 182.156.141.17]
2025-11-20 02:55:44 PM [info]: Received GET request on /uoms/getAll/partialdata [IP: 182.156.141.17]
2025-11-20 02:55:45 PM [info]: Received GET request on /customers/names/all [IP: 182.156.141.17]
2025-11-20 02:55:45 PM [info]: Fetching all customers 
2025-11-20 02:55:45 PM [info]: Customers retrieved successfully 
2025-11-20 02:57:37 PM [info]: Received GET request on /customer-delivery-challan/?page=1&limit=10 [IP: 182.156.141.17]
2025-11-20 02:57:37 PM [info]: Fetching all customer delivery challans 
2025-11-20 02:57:41 PM [info]: Received GET request on /customer-delivery-challan/view/ebcbc1e6-e329-4b38-b619-f41adff7aab6 [IP: 182.156.141.17]
2025-11-20 02:57:41 PM [info]: Fetching customer delivery challan with ID: ebcbc1e6-e329-4b38-b619-f41adff7aab6 
2025-11-20 02:57:42 PM [info]: Received GET request on /company/ [IP: 182.156.141.17]
2025-11-20 02:57:42 PM [info]: Fetched challan with ID: ebcbc1e6-e329-4b38-b619-f41adff7aab6 successfully 
2025-11-20 02:59:12 PM [info]: Received GET request on /invoice/getfinal/all [IP: 182.156.141.17]
2025-11-20 03:06:29 PM [info]: Received GET request on /customer-delivery-challan/?page=1&limit=10 [IP: 182.156.141.17]
2025-11-20 03:06:29 PM [info]: Fetching all customer delivery challans 
2025-11-20 03:06:31 PM [info]: Received GET request on /customer-delivery-challan/view/ebcbc1e6-e329-4b38-b619-f41adff7aab6 [IP: 182.156.141.17]
2025-11-20 03:06:31 PM [info]: Fetching customer delivery challan with ID: ebcbc1e6-e329-4b38-b619-f41adff7aab6 
2025-11-20 03:06:31 PM [info]: Fetched challan with ID: ebcbc1e6-e329-4b38-b619-f41adff7aab6 successfully 
2025-11-20 03:06:32 PM [info]: Received GET request on /company/ [IP: 182.156.141.17]
2025-11-20 03:17:05 PM [info]: Received GET request on /notification/getbyuserid [IP: 182.156.141.17]
2025-11-20 03:17:16 PM [info]: Received GET request on /company/ [IP: 182.156.141.17]
2025-11-20 03:17:16 PM [info]: Received GET request on /customer-delivery-challan/view/ebcbc1e6-e329-4b38-b619-f41adff7aab6 [IP: 182.156.141.17]
2025-11-20 03:17:16 PM [info]: Fetching customer delivery challan with ID: ebcbc1e6-e329-4b38-b619-f41adff7aab6 
2025-11-20 03:17:16 PM [info]: Fetched challan with ID: ebcbc1e6-e329-4b38-b619-f41adff7aab6 successfully 
2025-11-20 04:01:24 PM [info]: Received GET request on /customer-delivery-challan/?page=1&limit=10 [IP: 182.156.141.17]
2025-11-20 04:01:24 PM [info]: Fetching all customer delivery challans 
2025-11-20 04:01:25 PM [info]: Received GET request on /returns/?page=1&limit=10 [IP: 182.156.141.17]
2025-11-20 04:01:30 PM [info]: Received GET request on /secondSales/?page=1&limit=10 [IP: 182.156.141.17]
2025-11-20 04:01:30 PM [info]: Fetching all second sales 
2025-11-20 04:01:30 PM [info]: Second sales retrieved successfully 
2025-11-20 04:01:31 PM [info]: Received GET request on /products/partial/data?page=1&limit=10 [IP: 182.156.141.17]
2025-11-20 04:01:31 PM [info]: Fetching all products 
2025-11-20 04:01:31 PM [info]: Received GET request on /company/partial/details [IP: 182.156.141.17]
2025-11-20 04:01:31 PM [info]: Fetched undefined products successfully 
2025-11-20 04:01:31 PM [info]: Received GET request on /deliveryChallan/challanNos/getAllChallanNo [IP: 182.156.141.17]
2025-11-20 04:01:31 PM [info]: Received GET request on /location-branches/filterData/filter/all [IP: 182.156.141.17]
2025-11-20 04:01:31 PM [info]: Fetching all Delivery Challan numbers 
2025-11-20 04:01:31 PM [info]: Received request to fetch all branches 
2025-11-20 04:01:31 PM [info]: Successfully fetched all Delivery Challan numbers 
2025-11-20 04:01:31 PM [info]: Fetched all branches successfully 
2025-11-20 04:01:31 PM [info]: Received GET request on /uoms/getAll/partialdata [IP: 182.156.141.17]
2025-11-20 04:06:41 PM [info]: Received GET request on /socket.io/?EIO=4&transport=websocket [IP: 182.156.141.17]
2025-11-20 04:06:41 PM [info]: Received GET request on /socket.io/?EIO=4&transport=websocket [IP: 182.156.141.17]
2025-11-20 04:06:41 PM [info]: Received GET request on /uoms/getAll/partialdata [IP: 182.156.141.17]
2025-11-20 04:06:41 PM [info]: Received GET request on /employee/?page=1&limit=10 [IP: 182.156.141.17]
2025-11-20 04:06:41 PM [info]: Getting All Employee 
2025-11-20 04:06:41 PM [info]: Received GET request on /company/partial/details [IP: 182.156.141.17]
2025-11-20 04:06:41 PM [info]: Received GET request on /location-branches/filterData/filter/all [IP: 182.156.141.17]
2025-11-20 04:06:41 PM [info]: Received GET request on /deliveryChallan/challanNos/getAllChallanNo [IP: 182.156.141.17]
2025-11-20 04:06:41 PM [info]: Received GET request on /products/partial/data?page=1&limit=10 [IP: 182.156.141.17]
2025-11-20 04:06:41 PM [info]: Received request to fetch all branches 
2025-11-20 04:06:41 PM [info]: Employee Getting successfully 
2025-11-20 04:06:41 PM [info]: Fetching all Delivery Challan numbers 
2025-11-20 04:06:41 PM [info]: Fetching all products 
2025-11-20 04:06:41 PM [info]: Fetched all branches successfully 
2025-11-20 04:06:41 PM [info]: Successfully fetched all Delivery Challan numbers 
2025-11-20 04:06:41 PM [info]: Fetched undefined products successfully 
2025-11-20 04:06:45 PM [info]: Received GET request on /socket.io/?EIO=4&transport=websocket [IP: 182.156.141.17]
2025-11-20 04:06:47 PM [info]: Received GET request on /socket.io/?EIO=4&transport=websocket [IP: 182.156.141.17]
2025-11-20 04:06:51 PM [info]: Received GET request on /socket.io/?EIO=4&transport=websocket [IP: 182.156.141.17]
2025-11-20 04:06:51 PM [info]: Received GET request on /socket.io/?EIO=4&transport=websocket [IP: 182.156.141.17]
2025-11-20 04:06:56 PM [info]: Received GET request on /socket.io/?EIO=4&transport=websocket [IP: 182.156.141.17]
2025-11-20 04:06:59 PM [info]: Received GET request on /socket.io/?EIO=4&transport=websocket [IP: 182.156.141.17]
2025-11-20 04:07:02 PM [info]: Received GET request on /socket.io/?EIO=4&transport=websocket [IP: 182.156.141.17]
2025-11-20 04:07:07 PM [info]: Received GET request on /socket.io/?EIO=4&transport=websocket [IP: 182.156.141.17]
2025-11-20 04:07:07 PM [info]: Received GET request on /socket.io/?EIO=4&transport=websocket [IP: 182.156.141.17]
2025-11-20 04:07:15 PM [info]: Received GET request on /socket.io/?EIO=4&transport=websocket [IP: 182.156.141.17]
2025-11-20 04:08:04 PM [info]: Received GET request on /socket.io/?EIO=4&transport=websocket [IP: 182.156.141.17]
2025-11-20 04:08:04 PM [info]: Received GET request on /deliveryChallan/challanNos/getAllChallanNo [IP: 182.156.141.17]
2025-11-20 04:08:04 PM [info]: Fetching all Delivery Challan numbers 
2025-11-20 04:08:04 PM [info]: Successfully fetched all Delivery Challan numbers 
2025-11-20 04:08:04 PM [info]: Received GET request on /products/partial/data?page=1&limit=10 [IP: 182.156.141.17]
2025-11-20 04:08:04 PM [info]: Fetching all products 
2025-11-20 04:08:04 PM [info]: Fetched undefined products successfully 
2025-11-20 04:08:04 PM [info]: Received GET request on /uoms/getAll/partialdata [IP: 182.156.141.17]
2025-11-20 04:08:04 PM [info]: Received GET request on /company/partial/details [IP: 182.156.141.17]
2025-11-20 04:08:04 PM [info]: Received GET request on /location-branches/filterData/filter/all [IP: 182.156.141.17]
2025-11-20 04:08:04 PM [info]: Received request to fetch all branches 
2025-11-20 04:08:04 PM [info]: Fetched all branches successfully 
2025-11-20 04:08:05 PM [info]: Received GET request on /socket.io/?EIO=4&transport=websocket [IP: 182.156.141.17]
2025-11-20 04:08:07 PM [info]: Received GET request on /socket.io/?EIO=4&transport=websocket [IP: 182.156.141.17]
2025-11-20 04:08:07 PM [info]: Received GET request on /employee/?page=1&limit=10 [IP: 182.156.141.17]
2025-11-20 04:08:07 PM [info]: Getting All Employee 
2025-11-20 04:08:07 PM [info]: Employee Getting successfully 
2025-11-20 04:08:09 PM [info]: Received GET request on /socket.io/?EIO=4&transport=websocket [IP: 182.156.141.17]
2025-11-20 04:08:10 PM [info]: Received GET request on /socket.io/?EIO=4&transport=websocket [IP: 182.156.141.17]
2025-11-20 04:08:10 PM [info]: Received GET request on /secondSales/?page=1&limit=10 [IP: 182.156.141.17]
2025-11-20 04:08:10 PM [info]: Fetching all second sales 
2025-11-20 04:08:10 PM [info]: Second sales retrieved successfully 
2025-11-20 04:08:11 PM [info]: Received GET request on /socket.io/?EIO=4&transport=websocket [IP: 182.156.141.17]
2025-11-20 04:08:12 PM [info]: Received GET request on /aqr/?page=1&limit=10 [IP: 182.156.141.17]
2025-11-20 04:08:12 PM [info]: Fetching all AQR... 
2025-11-20 04:08:14 PM [info]: Received GET request on /socket.io/?EIO=4&transport=websocket [IP: 182.156.141.17]
2025-11-20 04:08:14 PM [info]: Received GET request on /employee/all/partial [IP: 182.156.141.17]
2025-11-20 04:08:15 PM [info]: Employee Getting successfully 
2025-11-20 04:08:15 PM [info]: Received GET request on /products/?page=1&limit=10 [IP: 182.156.141.17]
2025-11-20 04:08:15 PM [info]: Received GET request on /deliveryChallan/challanNos/getAllChallanNo [IP: 182.156.141.17]
2025-11-20 04:08:15 PM [info]: Fetching all products 
2025-11-20 04:08:15 PM [info]: Fetching all Delivery Challan numbers 
2025-11-20 04:08:15 PM [info]: Received GET request on /socket.io/?EIO=4&transport=websocket [IP: 182.156.141.17]
2025-11-20 04:08:15 PM [info]: Successfully fetched all Delivery Challan numbers 
2025-11-20 04:08:15 PM [info]: Fetched undefined products successfully 
2025-11-20 04:08:22 PM [info]: Received GET request on /socket.io/?EIO=4&transport=websocket [IP: 182.156.141.17]
2025-11-20 04:08:22 PM [info]: Received GET request on /socket.io/?EIO=4&transport=websocket [IP: 182.156.141.17]
2025-11-20 04:08:27 PM [info]: Received GET request on /socket.io/?EIO=4&transport=websocket [IP: 182.156.141.17]
2025-11-20 04:08:28 PM [info]: Received GET request on /socket.io/?EIO=4&transport=websocket [IP: 182.156.141.17]
2025-11-20 04:09:37 PM [info]: Received GET request on /products/f46f9547-2937-40a5-9436-72a834fa1032 [IP: 182.156.141.17]
2025-11-20 04:09:37 PM [info]: Fetching product with ID 
2025-11-20 04:09:37 PM [info]: Product with ID fetched successfully 
2025-11-20 04:21:12 PM [info]: Received GET request on /socket.io/?EIO=4&transport=websocket [IP: 182.156.141.17]
2025-11-20 04:21:12 PM [info]: Received GET request on /socket.io/?EIO=4&transport=websocket [IP: 182.156.141.17]
2025-11-20 04:21:12 PM [info]: Received GET request on /employee/?page=1&limit=10 [IP: 182.156.141.17]
2025-11-20 04:21:12 PM [info]: Getting All Employee 
2025-11-20 04:21:12 PM [info]: Employee Getting successfully 
2025-11-20 04:21:12 PM [info]: Received GET request on /employee/all/partial [IP: 182.156.141.17]
2025-11-20 04:21:12 PM [info]: Received GET request on /products/f46f9547-2937-40a5-9436-72a834fa1032 [IP: 182.156.141.17]
2025-11-20 04:21:12 PM [info]: Fetching product with ID 
2025-11-20 04:21:12 PM [info]: Employee Getting successfully 
2025-11-20 04:21:12 PM [info]: Product with ID fetched successfully 
2025-11-20 04:21:12 PM [info]: Received GET request on /products/?page=1&limit=10 [IP: 182.156.141.17]
2025-11-20 04:21:12 PM [info]: Received GET request on /deliveryChallan/challanNos/getAllChallanNo [IP: 182.156.141.17]
2025-11-20 04:21:12 PM [info]: Fetching all products 
2025-11-20 04:21:12 PM [info]: Fetching all Delivery Challan numbers 
2025-11-20 04:21:12 PM [info]: Successfully fetched all Delivery Challan numbers 
2025-11-20 04:21:12 PM [info]: Fetched undefined products successfully 
2025-11-20 04:21:15 PM [info]: Received GET request on /socket.io/?EIO=4&transport=websocket [IP: 182.156.141.17]
2025-11-20 04:21:15 PM [info]: Received GET request on /socket.io/?EIO=4&transport=websocket [IP: 182.156.141.17]
2025-11-20 04:21:18 PM [info]: Received GET request on /socket.io/?EIO=4&transport=websocket [IP: 182.156.141.17]
2025-11-20 04:21:18 PM [info]: Received GET request on /socket.io/?EIO=4&transport=websocket [IP: 182.156.141.17]
2025-11-20 04:21:18 PM [info]: Received GET request on /employee/all/partial [IP: 182.156.141.17]
2025-11-20 04:21:18 PM [info]: Received GET request on /deliveryChallan/challanNos/getAllChallanNo [IP: 182.156.141.17]
2025-11-20 04:21:18 PM [info]: Received GET request on /products/?page=1&limit=10 [IP: 182.156.141.17]
2025-11-20 04:21:20 PM [info]: Fetching all Delivery Challan numbers 
2025-11-20 04:21:20 PM [info]: Fetching all products 
2025-11-20 04:21:20 PM [info]: Received GET request on /socket.io/?EIO=4&transport=websocket [IP: 182.156.141.17]
2025-11-20 04:21:20 PM [info]: Successfully fetched all Delivery Challan numbers 
2025-11-20 04:21:20 PM [info]: Employee Getting successfully 
2025-11-20 04:21:20 PM [info]: Fetched undefined products successfully 
2025-11-20 04:21:21 PM [info]: Received GET request on /socket.io/?EIO=4&transport=websocket [IP: 182.156.141.17]
2025-11-20 04:21:23 PM [info]: Received GET request on /socket.io/?EIO=4&transport=websocket [IP: 182.156.141.17]
2025-11-20 04:21:25 PM [info]: Received GET request on /socket.io/?EIO=4&transport=websocket [IP: 182.156.141.17]
2025-11-20 04:21:28 PM [info]: Received GET request on /socket.io/?EIO=4&transport=websocket [IP: 182.156.141.17]
2025-11-20 04:21:30 PM [info]: Received GET request on /socket.io/?EIO=4&transport=websocket [IP: 182.156.141.17]
2025-11-20 04:21:33 PM [info]: Received GET request on /socket.io/?EIO=4&transport=websocket [IP: 182.156.141.17]
2025-11-20 04:21:38 PM [info]: Received GET request on /socket.io/?EIO=4&transport=websocket [IP: 182.156.141.17]
2025-11-20 04:21:38 PM [info]: Received GET request on /socket.io/?EIO=4&transport=websocket [IP: 182.156.141.17]
2025-11-20 04:23:03 PM [info]: Received GET request on /socket.io/?EIO=4&transport=websocket [IP: 182.156.141.17]
2025-11-20 04:23:03 PM [info]: Received GET request on /socket.io/?EIO=4&transport=websocket [IP: 182.156.141.17]
2025-11-20 04:23:03 PM [info]: Received GET request on /deliveryChallan/challanNos/getAllChallanNo [IP: 182.156.141.17]
2025-11-20 04:23:03 PM [info]: Fetching all Delivery Challan numbers 
2025-11-20 04:23:03 PM [info]: Successfully fetched all Delivery Challan numbers 
2025-11-20 04:23:03 PM [info]: Received GET request on /employee/?page=1&limit=10 [IP: 182.156.141.17]
2025-11-20 04:23:03 PM [info]: Received GET request on /products/?page=1&limit=10 [IP: 182.156.141.17]
2025-11-20 04:23:03 PM [info]: Received GET request on /employee/all/partial [IP: 182.156.141.17]
2025-11-20 04:23:03 PM [info]: Getting All Employee 
2025-11-20 04:23:03 PM [info]: Fetching all products 
2025-11-20 04:23:03 PM [info]: Employee Getting successfully 
2025-11-20 04:23:03 PM [info]: Fetched undefined products successfully 
2025-11-20 04:23:03 PM [info]: Employee Getting successfully 
2025-11-20 04:23:04 PM [info]: Received GET request on /socket.io/?EIO=4&transport=websocket [IP: 182.156.141.17]
2025-11-20 04:23:06 PM [info]: Received GET request on /socket.io/?EIO=4&transport=websocket [IP: 182.156.141.17]
2025-11-20 04:23:06 PM [info]: Received GET request on /socket.io/?EIO=4&transport=websocket [IP: 182.156.141.17]
2025-11-20 04:23:09 PM [info]: Received GET request on /socket.io/?EIO=4&transport=websocket [IP: 182.156.141.17]
2025-11-20 04:23:11 PM [info]: Received GET request on /socket.io/?EIO=4&transport=websocket [IP: 182.156.141.17]
2025-11-20 04:23:13 PM [info]: Received GET request on /socket.io/?EIO=4&transport=websocket [IP: 182.156.141.17]
2025-11-20 04:23:16 PM [info]: Received GET request on /socket.io/?EIO=4&transport=websocket [IP: 182.156.141.17]
2025-11-20 04:23:21 PM [info]: Received GET request on /socket.io/?EIO=4&transport=websocket [IP: 182.156.141.17]
2025-11-20 04:23:23 PM [info]: Received GET request on /socket.io/?EIO=4&transport=websocket [IP: 182.156.141.17]
2025-11-20 04:23:26 PM [info]: Received GET request on /socket.io/?EIO=4&transport=websocket [IP: 182.156.141.17]
2025-11-21 10:22:44 AM [info]: Database connected successfully 
2025-11-21 10:22:50 AM [info]: 🚀 Server started on port 8003 
2025-11-21 10:22:50 AM [info]: 📡 SSE endpoint: http://localhost:8003/sse/notifications 
2025-11-21 10:22:50 AM [info]: 🧪 SSE test: http://localhost:8003/sse/test 
2025-11-21 10:32:54 AM [info]: Received GET request on /api/management/getGrns/management?filterType=tillDate [IP: 182.156.141.17]
2025-11-21 10:32:54 AM [info]: Received GET request on /company/partial/details [IP: 182.156.141.17]
2025-11-21 10:32:54 AM [info]: Received GET request on /location-branches/filterData/filter/all [IP: 182.156.141.17]
2025-11-21 10:32:54 AM [info]: Received GET request on /socket.io/?EIO=4&transport=websocket [IP: 182.156.141.17]
2025-11-21 10:32:54 AM [info]: Received GET request on /products/partial/data?page=1&limit=6 [IP: 182.156.141.17]
2025-11-21 10:32:54 AM [info]: Received request to fetch all branches 
2025-11-21 10:32:54 AM [info]: Fetching all products 
2025-11-21 10:32:54 AM [info]: Fetched all branches successfully 
2025-11-21 10:32:54 AM [info]: Fetched undefined products successfully 
2025-11-21 10:32:55 AM [info]: Received GET request on /socket.io/?EIO=4&transport=websocket [IP: 182.156.141.17]
2025-11-21 10:32:57 AM [info]: Received GET request on /socket.io/?EIO=4&transport=websocket [IP: 182.156.141.17]
2025-11-21 10:32:59 AM [info]: Received GET request on /socket.io/?EIO=4&transport=websocket [IP: 182.156.141.17]
2025-11-21 10:33:04 AM [info]: Received GET request on /socket.io/?EIO=4&transport=websocket [IP: 182.156.141.17]
2025-11-21 10:33:09 AM [info]: Received GET request on /socket.io/?EIO=4&transport=websocket [IP: 182.156.141.17]
2025-11-21 10:33:34 AM [info]: Received GET request on /aqr/?page=1&limit=10 [IP: 182.156.141.17]
2025-11-21 10:33:34 AM [info]: Fetching all AQR... 
2025-11-21 10:33:36 AM [info]: Received GET request on /products/?page=1&limit=10 [IP: 182.156.141.17]
2025-11-21 10:33:36 AM [info]: Fetching all products 
2025-11-21 10:33:36 AM [info]: Received GET request on /employee/all/partial [IP: 182.156.141.17]
2025-11-21 10:33:36 AM [info]: Employee Getting successfully 
2025-11-21 10:33:36 AM [info]: Received GET request on /deliveryChallan/challanNos/getAllChallanNo [IP: 182.156.141.17]
2025-11-21 10:33:36 AM [info]: Fetching all Delivery Challan numbers 
2025-11-21 10:33:36 AM [info]: Successfully fetched all Delivery Challan numbers 
2025-11-21 10:33:37 AM [info]: Fetched undefined products successfully 
2025-11-21 10:42:57 AM [info]: Received GET request on /deliveryChallan/challanNos/getAllChallanNo [IP: 182.156.141.17]
2025-11-21 10:42:57 AM [info]: Received GET request on /products/?page=1&limit=10 [IP: 182.156.141.17]
2025-11-21 10:42:57 AM [info]: Received GET request on /employee/all/partial [IP: 182.156.141.17]
2025-11-21 10:42:58 AM [info]: Fetching all Delivery Challan numbers 
2025-11-21 10:42:58 AM [info]: Fetching all products 
2025-11-21 10:42:58 AM [info]: Successfully fetched all Delivery Challan numbers 
2025-11-21 10:42:58 AM [info]: Employee Getting successfully 
2025-11-21 10:42:58 AM [info]: Fetched undefined products successfully 
2025-11-21 10:43:01 AM [info]: Received GET request on /employee/all/partial [IP: 182.156.141.17]
2025-11-21 10:43:01 AM [info]: Received GET request on /products/?page=1&limit=10 [IP: 182.156.141.17]
2025-11-21 10:43:01 AM [info]: Fetching all products 
2025-11-21 10:43:01 AM [info]: Employee Getting successfully 
2025-11-21 10:43:01 AM [info]: Fetched undefined products successfully 
2025-11-21 10:43:03 AM [info]: Received GET request on /deliveryChallan/challanNos/getAllChallanNo [IP: 182.156.141.17]
2025-11-21 10:43:03 AM [info]: Received GET request on /socket.io/?EIO=4&transport=websocket [IP: 182.156.141.17]
2025-11-21 10:43:03 AM [info]: Fetching all Delivery Challan numbers 
2025-11-21 10:43:03 AM [info]: Successfully fetched all Delivery Challan numbers 
2025-11-21 10:43:04 AM [info]: Received GET request on /socket.io/?EIO=4&transport=websocket [IP: 182.156.141.17]
2025-11-21 10:43:07 AM [info]: Received GET request on /socket.io/?EIO=4&transport=websocket [IP: 182.156.141.17]
2025-11-21 10:43:12 AM [info]: Received GET request on /socket.io/?EIO=4&transport=websocket [IP: 182.156.141.17]
2025-11-21 10:43:17 AM [info]: Received GET request on /socket.io/?EIO=4&transport=websocket [IP: 182.156.141.17]
2025-11-21 10:43:22 AM [info]: Received GET request on /socket.io/?EIO=4&transport=websocket [IP: 182.156.141.17]
2025-11-21 10:51:25 AM [info]: Received GET request on /products/f46f9547-2937-40a5-9436-72a834fa1032 [IP: 182.156.141.17]
2025-11-21 10:51:25 AM [info]: Fetching product with ID 
2025-11-21 10:51:26 AM [info]: Product with ID fetched successfully 
2025-11-21 10:59:43 AM [info]: Received GET request on /deliveryChallan/challanNos/getAllChallanNo [IP: 182.156.141.17]
2025-11-21 10:59:43 AM [info]: Received GET request on /products/f46f9547-2937-40a5-9436-72a834fa1032 [IP: 182.156.141.17]
2025-11-21 10:59:43 AM [info]: Received GET request on /employee/all/partial [IP: 182.156.141.17]
2025-11-21 10:59:43 AM [info]: Received GET request on /socket.io/?EIO=4&transport=websocket [IP: 182.156.141.17]
2025-11-21 10:59:43 AM [info]: Received GET request on /products/?page=1&limit=10 [IP: 182.156.141.17]
2025-11-21 10:59:43 AM [info]: Fetching product with ID 
2025-11-21 10:59:43 AM [info]: Fetching all Delivery Challan numbers 
2025-11-21 10:59:43 AM [info]: Fetching all products 
2025-11-21 10:59:43 AM [info]: Successfully fetched all Delivery Challan numbers 
2025-11-21 10:59:43 AM [info]: Product with ID fetched successfully 
2025-11-21 10:59:43 AM [info]: Employee Getting successfully 
2025-11-21 10:59:43 AM [info]: Fetched undefined products successfully 
2025-11-21 10:59:45 AM [info]: Received GET request on /socket.io/?EIO=4&transport=websocket [IP: 182.156.141.17]
2025-11-21 10:59:46 AM [info]: Received GET request on /employee/all/partial [IP: 182.156.141.17]
2025-11-21 10:59:46 AM [info]: Received GET request on /products/?page=1&limit=10 [IP: 182.156.141.17]
2025-11-21 10:59:46 AM [info]: Received GET request on /deliveryChallan/challanNos/getAllChallanNo [IP: 182.156.141.17]
2025-11-21 10:59:46 AM [info]: Received GET request on /socket.io/?EIO=4&transport=websocket [IP: 182.156.141.17]
2025-11-21 10:59:46 AM [info]: Fetching all products 
2025-11-21 10:59:46 AM [info]: Fetching all Delivery Challan numbers 
2025-11-21 10:59:46 AM [info]: Employee Getting successfully 
2025-11-21 10:59:46 AM [info]: Successfully fetched all Delivery Challan numbers 
2025-11-21 10:59:46 AM [info]: Fetched undefined products successfully 
2025-11-21 10:59:48 AM [info]: Received GET request on /socket.io/?EIO=4&transport=websocket [IP: 182.156.141.17]
2025-11-21 10:59:50 AM [info]: Received GET request on /socket.io/?EIO=4&transport=websocket [IP: 182.156.141.17]
2025-11-21 10:59:53 AM [info]: Received GET request on /socket.io/?EIO=4&transport=websocket [IP: 182.156.141.17]
2025-11-21 10:59:58 AM [info]: Received GET request on /products/6238051b-af16-4002-bc9d-db87e3152a13 [IP: 182.156.141.17]
2025-11-21 10:59:58 AM [info]: Fetching product with ID 
2025-11-21 10:59:58 AM [info]: Product with ID fetched successfully 
2025-11-21 10:59:58 AM [info]: Received GET request on /socket.io/?EIO=4&transport=websocket [IP: 182.156.141.17]
2025-11-21 11:00:03 AM [info]: Received GET request on /products/f06000b1-a7cd-49d6-b89e-2c2ec5c527b5 [IP: 182.156.141.17]
2025-11-21 11:00:03 AM [info]: Fetching product with ID 
2025-11-21 11:00:03 AM [info]: Product with ID fetched successfully 
2025-11-21 11:00:03 AM [info]: Received GET request on /socket.io/?EIO=4&transport=websocket [IP: 182.156.141.17]
2025-11-21 11:03:46 AM [info]: Received GET request on /employee/all/partial [IP: 182.156.141.17]
2025-11-21 11:03:46 AM [info]: Received GET request on /deliveryChallan/challanNos/getAllChallanNo [IP: 182.156.141.17]
2025-11-21 11:03:46 AM [info]: Received GET request on /products/f06000b1-a7cd-49d6-b89e-2c2ec5c527b5 [IP: 182.156.141.17]
2025-11-21 11:03:46 AM [info]: Received GET request on /socket.io/?EIO=4&transport=websocket [IP: 182.156.141.17]
2025-11-21 11:03:46 AM [info]: Received GET request on /products/?page=1&limit=10 [IP: 182.156.141.17]
2025-11-21 11:03:46 AM [info]: Fetching all Delivery Challan numbers 
2025-11-21 11:03:46 AM [info]: Fetching all products 
2025-11-21 11:03:46 AM [info]: Fetching product with ID 
2025-11-21 11:03:46 AM [info]: Successfully fetched all Delivery Challan numbers 
2025-11-21 11:03:46 AM [info]: Employee Getting successfully 
2025-11-21 11:03:46 AM [info]: Product with ID fetched successfully 
2025-11-21 11:03:46 AM [info]: Fetched undefined products successfully 
2025-11-21 11:03:49 AM [info]: Received GET request on /socket.io/?EIO=4&transport=websocket [IP: 182.156.141.17]
2025-11-21 11:03:50 AM [info]: Received GET request on /employee/all/partial [IP: 182.156.141.17]
2025-11-21 11:03:50 AM [info]: Received GET request on /products/?page=1&limit=10 [IP: 182.156.141.17]
2025-11-21 11:03:50 AM [info]: Received GET request on /deliveryChallan/challanNos/getAllChallanNo [IP: 182.156.141.17]
2025-11-21 11:03:50 AM [info]: Fetching all products 
2025-11-21 11:03:50 AM [info]: Fetching all Delivery Challan numbers 
2025-11-21 11:03:50 AM [info]: Successfully fetched all Delivery Challan numbers 
2025-11-21 11:03:50 AM [info]: Employee Getting successfully 
2025-11-21 11:03:50 AM [info]: Fetched undefined products successfully 
2025-11-21 11:03:51 AM [info]: Received GET request on /socket.io/?EIO=4&transport=websocket [IP: 182.156.141.17]
2025-11-21 11:03:53 AM [info]: Received GET request on /products/f46f9547-2937-40a5-9436-72a834fa1032 [IP: 182.156.141.17]
2025-11-21 11:03:53 AM [info]: Fetching product with ID 
2025-11-21 11:03:53 AM [info]: Product with ID fetched successfully 
2025-11-21 11:03:54 AM [info]: Received GET request on /socket.io/?EIO=4&transport=websocket [IP: 182.156.141.17]
2025-11-21 11:03:58 AM [info]: Received GET request on /socket.io/?EIO=4&transport=websocket [IP: 182.156.141.17]
2025-11-21 11:04:04 AM [info]: Received GET request on /socket.io/?EIO=4&transport=websocket [IP: 182.156.141.17]
2025-11-21 11:04:09 AM [info]: Received GET request on /socket.io/?EIO=4&transport=websocket [IP: 182.156.141.17]
2025-11-21 11:06:37 AM [info]: Received GET request on /products/f46f9547-2937-40a5-9436-72a834fa1032 [IP: 182.156.141.17]
2025-11-21 11:06:37 AM [info]: Received GET request on /products/?page=1&limit=10 [IP: 182.156.141.17]
2025-11-21 11:06:37 AM [info]: Received GET request on /employee/all/partial [IP: 182.156.141.17]
2025-11-21 11:06:38 AM [info]: Fetching product with ID 
2025-11-21 11:06:38 AM [info]: Fetching all products 
2025-11-21 11:06:38 AM [info]: Product with ID fetched successfully 
2025-11-21 11:06:38 AM [info]: Employee Getting successfully 
2025-11-21 11:06:38 AM [info]: Fetched undefined products successfully 
2025-11-21 11:06:38 AM [info]: Received GET request on /deliveryChallan/challanNos/getAllChallanNo [IP: 182.156.141.17]
2025-11-21 11:06:38 AM [info]: Fetching all Delivery Challan numbers 
2025-11-21 11:06:38 AM [info]: Successfully fetched all Delivery Challan numbers 
2025-11-21 11:07:11 AM [info]: Received GET request on /socket.io/?EIO=4&transport=websocket [IP: 182.156.141.17]
2025-11-21 11:07:11 AM [info]: Received GET request on /employee/all/partial [IP: 182.156.141.17]
2025-11-21 11:07:11 AM [info]: Received GET request on /products/?page=1&limit=10 [IP: 182.156.141.17]
2025-11-21 11:07:11 AM [info]: Received GET request on /deliveryChallan/challanNos/getAllChallanNo [IP: 182.156.141.17]
2025-11-21 11:07:11 AM [info]: Employee Getting successfully 
2025-11-21 11:07:11 AM [info]: Fetching all products 
2025-11-21 11:07:11 AM [info]: Fetching all Delivery Challan numbers 
2025-11-21 11:07:11 AM [info]: Successfully fetched all Delivery Challan numbers 
2025-11-21 11:07:11 AM [info]: Fetched undefined products successfully 
2025-11-21 11:07:14 AM [info]: Received GET request on /socket.io/?EIO=4&transport=websocket [IP: 182.156.141.17]
2025-11-21 11:07:15 AM [info]: Received GET request on /products/f46f9547-2937-40a5-9436-72a834fa1032 [IP: 182.156.141.17]
2025-11-21 11:07:15 AM [info]: Fetching product with ID 
2025-11-21 11:07:15 AM [info]: Product with ID fetched successfully 
2025-11-21 11:07:17 AM [info]: Received GET request on /socket.io/?EIO=4&transport=websocket [IP: 182.156.141.17]
2025-11-21 11:07:22 AM [info]: Received GET request on /socket.io/?EIO=4&transport=websocket [IP: 182.156.141.17]
2025-11-21 11:07:27 AM [info]: Received GET request on /socket.io/?EIO=4&transport=websocket [IP: 182.156.141.17]
2025-11-21 11:07:32 AM [info]: Received GET request on /socket.io/?EIO=4&transport=websocket [IP: 182.156.141.17]
2025-11-21 11:09:28 AM [info]: Received GET request on /employee/all/partial [IP: 182.156.141.17]
2025-11-21 11:09:28 AM [info]: Received GET request on /products/?page=1&limit=10 [IP: 182.156.141.17]
2025-11-21 11:09:28 AM [info]: Fetching all products 
2025-11-21 11:09:28 AM [info]: Employee Getting successfully 
2025-11-21 11:09:28 AM [info]: Fetched undefined products successfully 
2025-11-21 11:09:28 AM [info]: Received GET request on /products/f46f9547-2937-40a5-9436-72a834fa1032 [IP: 182.156.141.17]
2025-11-21 11:09:28 AM [info]: Received GET request on /deliveryChallan/challanNos/getAllChallanNo [IP: 182.156.141.17]
2025-11-21 11:09:28 AM [info]: Fetching product with ID 
2025-11-21 11:09:28 AM [info]: Fetching all Delivery Challan numbers 
2025-11-21 11:09:28 AM [info]: Product with ID fetched successfully 
2025-11-21 11:09:28 AM [info]: Successfully fetched all Delivery Challan numbers 
2025-11-21 11:09:32 AM [info]: Received GET request on /socket.io/?EIO=4&transport=websocket [IP: 182.156.141.17]
2025-11-21 11:09:32 AM [info]: Received GET request on /deliveryChallan/challanNos/getAllChallanNo [IP: 182.156.141.17]
2025-11-21 11:09:32 AM [info]: Received GET request on /employee/all/partial [IP: 182.156.141.17]
2025-11-21 11:09:32 AM [info]: Received GET request on /products/?page=1&limit=10 [IP: 182.156.141.17]
2025-11-21 11:09:32 AM [info]: Fetching all Delivery Challan numbers 
2025-11-21 11:09:32 AM [info]: Successfully fetched all Delivery Challan numbers 
2025-11-21 11:09:32 AM [info]: Fetching all products 
2025-11-21 11:09:32 AM [info]: Employee Getting successfully 
2025-11-21 11:09:32 AM [info]: Fetched undefined products successfully 
2025-11-21 11:09:34 AM [info]: Received GET request on /socket.io/?EIO=4&transport=websocket [IP: 182.156.141.17]
2025-11-21 11:09:36 AM [info]: Received GET request on /socket.io/?EIO=4&transport=websocket [IP: 182.156.141.17]
2025-11-21 11:09:41 AM [info]: Received GET request on /socket.io/?EIO=4&transport=websocket [IP: 182.156.141.17]
2025-11-21 11:09:46 AM [info]: Received GET request on /socket.io/?EIO=4&transport=websocket [IP: 182.156.141.17]
2025-11-21 11:09:52 AM [info]: Received GET request on /socket.io/?EIO=4&transport=websocket [IP: 182.156.141.17]
2025-11-21 11:11:13 AM [info]: Received GET request on /products/f46f9547-2937-40a5-9436-72a834fa1032 [IP: 182.156.141.17]
2025-11-21 11:11:13 AM [info]: Fetching product with ID 
2025-11-21 11:11:13 AM [info]: Product with ID fetched successfully 
2025-11-21 11:14:51 AM [info]: Received GET request on /products/?page=1&limit=10 [IP: 182.156.141.17]
2025-11-21 11:14:51 AM [info]: Received GET request on /employee/all/partial [IP: 182.156.141.17]
2025-11-21 11:14:51 AM [info]: Received GET request on /deliveryChallan/challanNos/getAllChallanNo [IP: 182.156.141.17]
2025-11-21 11:14:51 AM [info]: Received GET request on /socket.io/?EIO=4&transport=websocket [IP: 182.156.141.17]
2025-11-21 11:14:51 AM [info]: Fetching all products 
2025-11-21 11:14:51 AM [info]: Fetching all Delivery Challan numbers 
2025-11-21 11:14:51 AM [info]: Successfully fetched all Delivery Challan numbers 
2025-11-21 11:14:51 AM [info]: Employee Getting successfully 
2025-11-21 11:14:51 AM [info]: Fetched undefined products successfully 
2025-11-21 11:14:53 AM [info]: Received GET request on /socket.io/?EIO=4&transport=websocket [IP: 182.156.141.17]
2025-11-21 11:14:55 AM [info]: Received GET request on /socket.io/?EIO=4&transport=websocket [IP: 182.156.141.17]
2025-11-21 11:14:57 AM [info]: Received GET request on /socket.io/?EIO=4&transport=websocket [IP: 182.156.141.17]
2025-11-21 11:15:03 AM [info]: Received GET request on /socket.io/?EIO=4&transport=websocket [IP: 182.156.141.17]
2025-11-21 11:15:08 AM [info]: Received GET request on /socket.io/?EIO=4&transport=websocket [IP: 182.156.141.17]
2025-11-21 11:18:53 AM [info]: Received GET request on /farmers/filterFarmer/all?page=1&limit=10 [IP: 182.156.141.17]
2025-11-21 11:18:53 AM [info]: Received GET request on /rfpa/?page=1&limit=10 [IP: 182.156.141.17]
2025-11-21 11:18:53 AM [info]: Received GET request on /uoms/getAll/partialdata [IP: 182.156.141.17]
2025-11-21 11:18:53 AM [info]: Received GET request on /location-branches/filterData/filter/all [IP: 182.156.141.17]
2025-11-21 11:18:53 AM [info]: Received GET request on /company/partial/details [IP: 182.156.141.17]
2025-11-21 11:18:53 AM [info]: Received GET request on /products/partial/data?page=1&limit=10 [IP: 182.156.141.17]
2025-11-21 11:18:53 AM [info]: Received GET request on /products/partial/data [IP: 182.156.141.17]
2025-11-21 11:18:53 AM [info]: Received GET request on /vendors/filterVendor/all?page=1&limit=10 [IP: 182.156.141.17]
2025-11-21 11:18:53 AM [info]: Received request to fetch all branches 
2025-11-21 11:18:53 AM [info]: Fetching all farmers 
2025-11-21 11:18:53 AM [info]: Fetching all products 
2025-11-21 11:18:53 AM [info]: Fetching all products 
2025-11-21 11:18:53 AM [info]: Fetched all branches successfully 
2025-11-21 11:18:53 AM [info]: Fetched undefined products successfully 
2025-11-21 11:18:53 AM [info]: Farmers retrieved successfully 
2025-11-21 11:18:53 AM [info]: Fetched undefined products successfully 
2025-11-21 11:18:53 AM [info]: Total RFPAS fetched: 8 
2025-11-21 11:19:16 AM [info]: Received GET request on /farmers/filterFarmer/all?page=2&limit=10 [IP: 182.156.141.17]
2025-11-21 11:19:16 AM [info]: Fetching all farmers 
2025-11-21 11:19:16 AM [info]: Farmers retrieved successfully 
2025-11-21 11:19:23 AM [info]: Received GET request on /farmers/filterFarmer/all?page=1&limit=10 [IP: 182.156.141.17]
2025-11-21 11:19:23 AM [info]: Fetching all farmers 
2025-11-21 11:19:23 AM [info]: Farmers retrieved successfully 
2025-11-21 11:19:25 AM [info]: Received GET request on /farmers/filterFarmer/all?page=2&limit=10 [IP: 182.156.141.17]
2025-11-21 11:19:25 AM [info]: Fetching all farmers 
2025-11-21 11:19:25 AM [info]: Farmers retrieved successfully 
2025-11-21 11:19:27 AM [info]: Received GET request on /farmers/filterFarmer/all?page=1&limit=10 [IP: 182.156.141.17]
2025-11-21 11:19:27 AM [info]: Fetching all farmers 
2025-11-21 11:19:27 AM [info]: Farmers retrieved successfully 
2025-11-21 11:19:31 AM [info]: Received GET request on /farmers/filterFarmer/all?page=2&limit=10 [IP: 182.156.141.17]
2025-11-21 11:19:31 AM [info]: Fetching all farmers 
2025-11-21 11:19:31 AM [info]: Farmers retrieved successfully 
2025-11-21 11:19:37 AM [info]: Received GET request on /farmers/filterFarmer/all?page=1&limit=10 [IP: 182.156.141.17]
2025-11-21 11:19:37 AM [info]: Fetching all farmers 
2025-11-21 11:19:37 AM [info]: Farmers retrieved successfully 
2025-11-21 11:19:40 AM [info]: Received GET request on /farmers/filterFarmer/all?page=2&limit=10 [IP: 182.156.141.17]
2025-11-21 11:19:40 AM [info]: Fetching all farmers 
2025-11-21 11:19:40 AM [info]: Farmers retrieved successfully 
2025-11-21 11:19:45 AM [info]: Received GET request on /farmers/filterFarmer/all?page=1&limit=10 [IP: 182.156.141.17]
2025-11-21 11:19:45 AM [info]: Fetching all farmers 
2025-11-21 11:19:45 AM [info]: Farmers retrieved successfully 
2025-11-21 11:19:57 AM [info]: Received GET request on /employee/all/partial [IP: 182.156.141.17]
2025-11-21 11:19:57 AM [info]: Received GET request on /socket.io/?EIO=4&transport=websocket [IP: 182.156.141.17]
2025-11-21 11:19:57 AM [info]: Received GET request on /company/partial/details [IP: 182.156.141.17]
2025-11-21 11:19:57 AM [info]: Received GET request on /userreport/user-counts [IP: 182.156.141.17]
2025-11-21 11:19:57 AM [info]: Received GET request on /farmers/filterFarmer/all?page=1&limit=6 [IP: 182.156.141.17]
2025-11-21 11:19:57 AM [info]: Received GET request on /customers/names/all [IP: 182.156.141.17]
2025-11-21 11:19:57 AM [info]: Received GET request on /admin/dashboard/active-users [IP: 182.156.141.17]
2025-11-21 11:19:57 AM [info]: Received GET request on /userreport/total-sale [IP: 182.156.141.17]
2025-11-21 11:19:57 AM [info]: Received GET request on /products/partial/data?page=1&limit=6 [IP: 182.156.141.17]
2025-11-21 11:19:57 AM [info]: Received GET request on /userreport/total-purchase [IP: 182.156.141.17]
2025-11-21 11:19:57 AM [info]: Fetching all farmers 
2025-11-21 11:19:57 AM [info]: Fetching all customers 
2025-11-21 11:19:57 AM [info]: Received GET request on /location-branches/filterData/filter/all [IP: 182.156.141.17]
2025-11-21 11:19:57 AM [info]: Fetching all products 
2025-11-21 11:19:57 AM [info]: Employee Getting successfully 
2025-11-21 11:19:57 AM [info]: Farmers retrieved successfully 
2025-11-21 11:19:57 AM [info]: Received request to fetch all branches 
2025-11-21 11:19:57 AM [info]: Fetched undefined products successfully 
2025-11-21 11:19:57 AM [info]: Received GET request on /vendors/filterVendor/all?page=1&limit=6 [IP: 182.156.141.17]
2025-11-21 11:19:57 AM [info]: Fetched all branches successfully 
2025-11-21 11:19:57 AM [info]: Customers retrieved successfully 
2025-11-21 11:19:58 AM [info]: Received GET request on /socket.io/?EIO=4&transport=websocket [IP: 182.156.141.17]
2025-11-21 11:20:01 AM [info]: Received GET request on /socket.io/?EIO=4&transport=websocket [IP: 182.156.141.17]
2025-11-21 11:20:06 AM [info]: Received GET request on /socket.io/?EIO=4&transport=websocket [IP: 182.156.141.17]
2025-11-21 11:20:12 AM [info]: Received GET request on /socket.io/?EIO=4&transport=websocket [IP: 182.156.141.17]
2025-11-21 11:20:14 AM [info]: Received GET request on /farmers/?page=1&limit=10 [IP: 182.156.141.17]
2025-11-21 11:20:14 AM [info]: Fetching all farmers 
2025-11-21 11:20:17 AM [info]: Farmers retrieved successfully 
2025-11-21 11:20:17 AM [info]: Received GET request on /socket.io/?EIO=4&transport=websocket [IP: 182.156.141.17]
2025-11-21 11:20:41 AM [info]: Received GET request on /farmers/filterFarmer/all?page=2&limit=10 [IP: 182.156.141.17]
2025-11-21 11:20:41 AM [info]: Fetching all farmers 
2025-11-21 11:20:41 AM [info]: Farmers retrieved successfully 
2025-11-21 11:21:02 AM [info]: Received GET request on /farmers/?page=2&limit=10 [IP: 182.156.141.17]
2025-11-21 11:21:02 AM [info]: Fetching all farmers 
2025-11-21 11:21:02 AM [info]: Farmers retrieved successfully 
2025-11-21 11:21:14 AM [info]: Received GET request on /products/partial/data [IP: 182.156.141.17]
2025-11-21 11:21:14 AM [info]: Fetching all products 
2025-11-21 11:21:14 AM [info]: Fetched undefined products successfully 
2025-11-21 11:21:14 AM [info]: Received GET request on /farmers/update/0bf32b1a-2901-44d4-b10b-bb1fa35cfe69 [IP: 182.156.141.17]
2025-11-21 11:21:14 AM [info]: Fetching farmer details by ID 
2025-11-21 11:21:14 AM [error]: Error occurred while fetching farmer details 
2025-11-21 11:21:16 AM [error]: Unhandled Error: Cannot read properties of null (reading 'id') 
2025-11-21 11:21:17 AM [info]: Received GET request on /farmers/update/0bf32b1a-2901-44d4-b10b-bb1fa35cfe69 [IP: 182.156.141.17]
2025-11-21 11:21:17 AM [info]: Fetching farmer details by ID 
2025-11-21 11:21:17 AM [error]: Error occurred while fetching farmer details 
2025-11-21 11:21:17 AM [error]: Unhandled Error: Cannot read properties of null (reading 'id') 
2025-11-21 11:21:26 AM [info]: Received GET request on /farmers/?page=1&limit=10 [IP: 182.156.141.17]
2025-11-21 11:21:26 AM [info]: Fetching all farmers 
2025-11-21 11:21:26 AM [info]: Farmers retrieved successfully 
2025-11-21 11:21:29 AM [info]: Received GET request on /farmers/?page=2&limit=10 [IP: 182.156.141.17]
2025-11-21 11:21:29 AM [info]: Fetching all farmers 
2025-11-21 11:21:29 AM [info]: Farmers retrieved successfully 
2025-11-21 11:21:35 AM [info]: Received GET request on /products/partial/data [IP: 182.156.141.17]
2025-11-21 11:21:35 AM [info]: Fetching all products 
2025-11-21 11:21:35 AM [info]: Fetched undefined products successfully 
2025-11-21 11:21:35 AM [info]: Received GET request on /farmers/update/0bf32b1a-2901-44d4-b10b-bb1fa35cfe69 [IP: 182.156.141.17]
2025-11-21 11:21:35 AM [info]: Fetching farmer details by ID 
2025-11-21 11:21:35 AM [error]: Error occurred while fetching farmer details 
2025-11-21 11:21:36 AM [error]: Unhandled Error: Cannot read properties of null (reading 'id') 
2025-11-21 11:21:37 AM [info]: Received GET request on /farmers/update/0bf32b1a-2901-44d4-b10b-bb1fa35cfe69 [IP: 182.156.141.17]
2025-11-21 11:21:37 AM [info]: Fetching farmer details by ID 
2025-11-21 11:21:37 AM [error]: Error occurred while fetching farmer details 
2025-11-21 11:21:37 AM [error]: Unhandled Error: Cannot read properties of null (reading 'id') 
2025-11-21 11:21:49 AM [info]: Received GET request on /socket.io/?EIO=4&transport=websocket [IP: 182.156.141.17]
2025-11-21 11:21:49 AM [info]: Received GET request on /farmers/update/0bf32b1a-2901-44d4-b10b-bb1fa35cfe69 [IP: 182.156.141.17]
2025-11-21 11:21:49 AM [info]: Fetching farmer details by ID 
2025-11-21 11:21:49 AM [error]: Error occurred while fetching farmer details 
2025-11-21 11:21:49 AM [error]: Unhandled Error: Cannot read properties of null (reading 'id') 
2025-11-21 11:21:49 AM [info]: Received GET request on /products/partial/data [IP: 182.156.141.17]
2025-11-21 11:21:49 AM [info]: Fetching all products 
2025-11-21 11:21:49 AM [info]: Fetched undefined products successfully 
2025-11-21 11:21:51 AM [info]: Received GET request on /socket.io/?EIO=4&transport=websocket [IP: 182.156.141.17]
2025-11-21 11:21:51 AM [info]: Received GET request on /farmers/update/0bf32b1a-2901-44d4-b10b-bb1fa35cfe69 [IP: 182.156.141.17]
2025-11-21 11:21:51 AM [info]: Fetching farmer details by ID 
2025-11-21 11:21:51 AM [error]: Error occurred while fetching farmer details 
2025-11-21 11:21:51 AM [error]: Unhandled Error: Cannot read properties of null (reading 'id') 
2025-11-21 11:21:53 AM [info]: Received GET request on /socket.io/?EIO=4&transport=websocket [IP: 182.156.141.17]
2025-11-21 11:21:59 AM [info]: Received GET request on /socket.io/?EIO=4&transport=websocket [IP: 182.156.141.17]
2025-11-21 11:22:04 AM [info]: Received GET request on /socket.io/?EIO=4&transport=websocket [IP: 182.156.141.17]
2025-11-21 11:22:09 AM [info]: Received GET request on /socket.io/?EIO=4&transport=websocket [IP: 182.156.141.17]
2025-11-21 11:23:34 AM [info]: Received GET request on /farmers/?page=1&limit=10 [IP: 182.156.141.17]
2025-11-21 11:23:34 AM [info]: Fetching all farmers 
2025-11-21 11:23:34 AM [info]: Farmers retrieved successfully 
2025-11-21 11:24:18 AM [info]: Received GET request on /products/partial/data [IP: 182.156.141.17]
2025-11-21 11:24:18 AM [info]: Received GET request on /farmers/update/416500a5-d0b6-4931-9225-6faf679d3251 [IP: 182.156.141.17]
2025-11-21 11:24:18 AM [info]: Fetching all products 
2025-11-21 11:24:18 AM [info]: Fetching farmer details by ID 
2025-11-21 11:24:18 AM [info]: Fetched undefined products successfully 
2025-11-21 11:24:18 AM [error]: Error occurred while fetching farmer details 
2025-11-21 11:24:18 AM [error]: Unhandled Error: Cannot read properties of null (reading 'id') 
2025-11-21 11:24:19 AM [info]: Received GET request on /farmers/update/416500a5-d0b6-4931-9225-6faf679d3251 [IP: 182.156.141.17]
2025-11-21 11:24:19 AM [info]: Fetching farmer details by ID 
2025-11-21 11:24:19 AM [error]: Error occurred while fetching farmer details 
2025-11-21 11:24:19 AM [error]: Unhandled Error: Cannot read properties of null (reading 'id') 
2025-11-21 11:24:44 AM [info]: Received GET request on /farmers/?page=1&limit=10 [IP: 182.156.141.17]
2025-11-21 11:24:44 AM [info]: Fetching all farmers 
2025-11-21 11:24:44 AM [info]: Farmers retrieved successfully 
2025-11-21 11:25:17 AM [info]: Received GET request on /vendors/?page=1&limit=10 [IP: 182.156.141.17]
2025-11-21 11:25:21 AM [info]: Received GET request on /vendors/update/42118f5c-ae81-428e-99a8-76b0192abce1 [IP: 182.156.141.17]
2025-11-21 11:25:21 AM [info]: Received GET request on /products/partial/data [IP: 182.156.141.17]
2025-11-21 11:25:21 AM [info]: Fetching all products 
2025-11-21 11:25:21 AM [info]: Fetched undefined products successfully 
2025-11-21 11:25:21 AM [info]: Received GET request on /packingMaterial/all/partial [IP: 182.156.141.17]
2025-11-21 11:25:21 AM [info]: Received GET request on /vendor-categories/ [IP: 182.156.141.17]
2025-11-21 11:25:21 AM [info]: Received GET request on /vendor-subcategories/getSubcategories?search=c2cee103-8b45-4811-aedd-0b72b16cf1ab [IP: 182.156.141.17]
2025-11-21 11:25:28 AM [info]: Received GET request on /vendors/?page=1&limit=10 [IP: 182.156.141.17]
2025-11-21 11:25:56 AM [info]: Received GET request on /farmers/?page=1&limit=10 [IP: 182.156.141.17]
2025-11-21 11:25:56 AM [info]: Fetching all farmers 
2025-11-21 11:25:56 AM [info]: Farmers retrieved successfully 
2025-11-21 11:26:00 AM [info]: Received GET request on /farmers/view/a7306666-9100-445f-b86a-c9f2d8f8d4d6 [IP: 182.156.141.17]
2025-11-21 11:26:00 AM [info]: Fetching farmer details by ID 
2025-11-21 11:26:00 AM [error]: Error occurred while fetching farmer details 
2025-11-21 11:26:00 AM [error]: Unhandled Error: Cannot read properties of null (reading 'name') 
2025-11-21 11:26:01 AM [info]: Received GET request on /farmers/view/a7306666-9100-445f-b86a-c9f2d8f8d4d6 [IP: 182.156.141.17]
2025-11-21 11:26:01 AM [info]: Fetching farmer details by ID 
2025-11-21 11:26:01 AM [error]: Error occurred while fetching farmer details 
2025-11-21 11:26:01 AM [error]: Unhandled Error: Cannot read properties of null (reading 'name') 
2025-11-21 11:26:04 AM [info]: Received GET request on /farmers/?page=1&limit=10 [IP: 182.156.141.17]
2025-11-21 11:26:04 AM [info]: Fetching all farmers 
2025-11-21 11:26:04 AM [info]: Farmers retrieved successfully 
2025-11-21 11:26:36 AM [info]: Received GET request on /farmers/?search=rohit%20ka&page=1&limit=10 [IP: 182.156.141.17]
2025-11-21 11:26:36 AM [info]: Fetching all farmers 
2025-11-21 11:26:38 AM [info]: Farmers retrieved successfully 
2025-11-21 11:26:42 AM [info]: Received GET request on /farmers/?page=1&limit=10 [IP: 182.156.141.17]
2025-11-21 11:26:42 AM [info]: Fetching all farmers 
2025-11-21 11:26:44 AM [info]: Farmers retrieved successfully 
2025-11-21 11:27:00 AM [info]: Received GET request on /farmers/?search=rohit&page=1&limit=10 [IP: 182.156.141.17]
2025-11-21 11:27:00 AM [info]: Fetching all farmers 
2025-11-21 11:27:00 AM [info]: Farmers retrieved successfully 
2025-11-21 11:27:11 AM [info]: Received GET request on /farmers/?search=rohit%20kas&page=1&limit=10 [IP: 182.156.141.17]
2025-11-21 11:27:11 AM [info]: Fetching all farmers 
2025-11-21 11:27:12 AM [info]: Farmers retrieved successfully 
2025-11-21 11:27:15 AM [info]: Received GET request on /farmers/?page=1&limit=10 [IP: 182.156.141.17]
2025-11-21 11:27:15 AM [info]: Fetching all farmers 
2025-11-21 11:27:15 AM [info]: Farmers retrieved successfully 
2025-11-21 11:29:01 AM [info]: Database connected successfully 
2025-11-21 11:29:01 AM [info]: 🚀 Server started on port 8003 
2025-11-21 11:29:01 AM [info]: 📡 SSE endpoint: http://localhost:8003/sse/notifications 
2025-11-21 11:29:01 AM [info]: 🧪 SSE test: http://localhost:8003/sse/test 
2025-11-21 11:29:30 AM [info]: Received POST request on /auth/login [IP: ::1]
2025-11-21 11:29:30 AM [info]: Login request received 
2025-11-21 11:29:33 AM [info]: Active session stored 
2025-11-21 11:29:33 AM [info]: System log saved 
2025-11-21 11:29:33 AM [info]: User logged in successfully 
2025-11-21 11:31:38 AM [info]: Received GET request on /farmers/update/ab3408e6-7534-4ad5-a1c3-0141f935cd41 [IP: ::1]
2025-11-21 11:31:38 AM [info]: Fetching farmer details by ID 
2025-11-21 11:31:38 AM [info]: Farmer details retrieved successfully 
2025-11-21 11:32:34 AM [info]: Received GET request on /farmers/view/a7306666-9100-445f-b86a-c9f2d8f8d4d6 [IP: ::1]
2025-11-21 11:32:34 AM [info]: Fetching farmer details by ID 
2025-11-21 11:32:34 AM [error]: Error occurred while fetching farmer details 
2025-11-21 11:32:34 AM [error]: Unhandled Error: Cannot read properties of null (reading 'name') 
2025-11-21 11:33:45 AM [info]: Database connected successfully 
2025-11-21 11:33:45 AM [info]: 🚀 Server started on port 8003 
2025-11-21 11:33:45 AM [info]: 📡 SSE endpoint: http://localhost:8003/sse/notifications 
2025-11-21 11:33:45 AM [info]: 🧪 SSE test: http://localhost:8003/sse/test 
2025-11-21 11:34:17 AM [info]: Database connected successfully 
2025-11-21 11:34:17 AM [info]: 🚀 Server started on port 8003 
2025-11-21 11:34:17 AM [info]: 📡 SSE endpoint: http://localhost:8003/sse/notifications 
2025-11-21 11:34:17 AM [info]: 🧪 SSE test: http://localhost:8003/sse/test 
2025-11-21 11:35:10 AM [info]: Database connected successfully 
2025-11-21 11:35:10 AM [info]: 🚀 Server started on port 8003 
2025-11-21 11:35:10 AM [info]: 📡 SSE endpoint: http://localhost:8003/sse/notifications 
2025-11-21 11:35:10 AM [info]: 🧪 SSE test: http://localhost:8003/sse/test 
2025-11-21 11:35:16 AM [info]: Received GET request on /products/partial/data?page=2&limit=10 [IP: 182.156.141.17]
2025-11-21 11:35:17 AM [info]: Fetching all products 
2025-11-21 11:35:17 AM [info]: Fetched undefined products successfully 
2025-11-21 11:35:21 AM [info]: Received GET request on /farmers/view/a7306666-9100-445f-b86a-c9f2d8f8d4d6 [IP: ::1]
2025-11-21 11:35:21 AM [info]: Fetching farmer details by ID 
2025-11-21 11:35:21 AM [error]: Error occurred while fetching farmer details 
2025-11-21 11:35:21 AM [error]: Unhandled Error: Cannot read properties of null (reading 'name') 
2025-11-21 11:35:23 AM [info]: Received GET request on /farmers/view/a7306666-9100-445f-b86a-c9f2d8f8d4d6 [IP: ::1]
2025-11-21 11:35:23 AM [info]: Fetching farmer details by ID 
2025-11-21 11:35:23 AM [error]: Error occurred while fetching farmer details 
2025-11-21 11:35:23 AM [error]: Unhandled Error: Cannot read properties of null (reading 'name') 
2025-11-21 11:35:29 AM [info]: Received GET request on /aqr/?page=1&limit=10 [IP: 182.156.141.17]
2025-11-21 11:35:29 AM [info]: Fetching all AQR... 
2025-11-21 11:35:31 AM [info]: Received GET request on /employee/all/partial [IP: 182.156.141.17]
2025-11-21 11:35:31 AM [info]: Employee Getting successfully 
2025-11-21 11:35:31 AM [info]: Received GET request on /products/?page=1&limit=10 [IP: 182.156.141.17]
2025-11-21 11:35:31 AM [info]: Fetching all products 
2025-11-21 11:35:31 AM [info]: Fetched undefined products successfully 
2025-11-21 11:35:31 AM [info]: Received GET request on /deliveryChallan/challanNos/getAllChallanNo [IP: 182.156.141.17]
2025-11-21 11:35:31 AM [info]: Fetching all Delivery Challan numbers 
2025-11-21 11:35:31 AM [info]: Successfully fetched all Delivery Challan numbers 
2025-11-21 11:35:34 AM [info]: Received GET request on /products/?page=2&limit=10 [IP: 182.156.141.17]
2025-11-21 11:35:34 AM [info]: Fetching all products 
2025-11-21 11:35:34 AM [info]: Fetched undefined products successfully 
2025-11-21 11:36:30 AM [info]: Database connected successfully 
2025-11-21 11:36:30 AM [info]: 🚀 Server started on port 8003 
2025-11-21 11:36:30 AM [info]: 📡 SSE endpoint: http://localhost:8003/sse/notifications 
2025-11-21 11:36:30 AM [info]: 🧪 SSE test: http://localhost:8003/sse/test 
2025-11-21 11:36:57 AM [info]: Database connected successfully 
2025-11-21 11:36:57 AM [info]: 🚀 Server started on port 8003 
2025-11-21 11:36:57 AM [info]: 📡 SSE endpoint: http://localhost:8003/sse/notifications 
2025-11-21 11:36:57 AM [info]: 🧪 SSE test: http://localhost:8003/sse/test 
2025-11-21 11:37:00 AM [info]: Received GET request on /farmers/view/a7306666-9100-445f-b86a-c9f2d8f8d4d6 [IP: ::1]
2025-11-21 11:37:00 AM [info]: Fetching farmer details by ID 
2025-11-21 11:37:00 AM [info]: Farmer details retrieved successfully 
2025-11-21 11:37:49 AM [info]: Received GET request on /farmers/update/1465ec32-4558-4bb4-a162-cb767e55aef3 [IP: 182.156.141.17]
2025-11-21 11:37:49 AM [info]: Received GET request on /products/partial/data [IP: 182.156.141.17]
2025-11-21 11:37:49 AM [info]: Fetching all products 
2025-11-21 11:37:49 AM [info]: Fetching farmer details by ID 
2025-11-21 11:37:49 AM [info]: Fetched undefined products successfully 
2025-11-21 11:37:49 AM [error]: Error occurred while fetching farmer details 
2025-11-21 11:37:49 AM [error]: Unhandled Error: Cannot read properties of null (reading 'id') 
2025-11-21 11:37:50 AM [info]: Received GET request on /farmers/update/1465ec32-4558-4bb4-a162-cb767e55aef3 [IP: 182.156.141.17]
2025-11-21 11:37:50 AM [info]: Fetching farmer details by ID 
2025-11-21 11:37:50 AM [error]: Error occurred while fetching farmer details 
2025-11-21 11:37:50 AM [error]: Unhandled Error: Cannot read properties of null (reading 'id') 
2025-11-21 11:37:55 AM [info]: Received GET request on /farmers/?page=1&limit=10 [IP: 182.156.141.17]
2025-11-21 11:37:55 AM [info]: Fetching all farmers 
2025-11-21 11:37:55 AM [info]: Farmers retrieved successfully 
2025-11-21 11:38:06 AM [info]: Received GET request on /socket.io/?EIO=4&transport=websocket [IP: 182.156.141.17]
2025-11-21 11:38:06 AM [info]: Received GET request on /farmers/?page=1&limit=10 [IP: 182.156.141.17]
2025-11-21 11:38:06 AM [info]: Fetching all farmers 
2025-11-21 11:38:06 AM [info]: Farmers retrieved successfully 
2025-11-21 11:38:07 AM [info]: Received GET request on /socket.io/?EIO=4&transport=websocket [IP: 182.156.141.17]
2025-11-21 11:38:09 AM [info]: Received GET request on /socket.io/?EIO=4&transport=websocket [IP: 182.156.141.17]
2025-11-21 11:38:12 AM [info]: Received GET request on /farmers/update/1465ec32-4558-4bb4-a162-cb767e55aef3 [IP: 182.156.141.17]
2025-11-21 11:38:12 AM [info]: Received GET request on /products/partial/data [IP: 182.156.141.17]
2025-11-21 11:38:12 AM [info]: Fetching farmer details by ID 
2025-11-21 11:38:13 AM [info]: Fetching all products 
2025-11-21 11:38:13 AM [error]: Error occurred while fetching farmer details 
2025-11-21 11:38:13 AM [error]: Unhandled Error: Cannot read properties of null (reading 'id') 
2025-11-21 11:38:13 AM [info]: Fetched undefined products successfully 
2025-11-21 11:38:14 AM [info]: Received GET request on /farmers/update/1465ec32-4558-4bb4-a162-cb767e55aef3 [IP: 182.156.141.17]
2025-11-21 11:38:14 AM [info]: Fetching farmer details by ID 
2025-11-21 11:38:14 AM [error]: Error occurred while fetching farmer details 
2025-11-21 11:38:14 AM [error]: Unhandled Error: Cannot read properties of null (reading 'id') 
2025-11-21 11:38:14 AM [info]: Received GET request on /socket.io/?EIO=4&transport=websocket [IP: 182.156.141.17]
2025-11-21 11:38:19 AM [info]: Received GET request on /socket.io/?EIO=4&transport=websocket [IP: 182.156.141.17]
2025-11-21 11:38:24 AM [info]: Received GET request on /socket.io/?EIO=4&transport=websocket [IP: 182.156.141.17]
2025-11-21 11:38:36 AM [info]: Received GET request on /farmers/?page=1&limit=10 [IP: 182.156.141.17]
2025-11-21 11:38:36 AM [info]: Fetching all farmers 
2025-11-21 11:38:36 AM [info]: Farmers retrieved successfully 
2025-11-21 11:38:38 AM [info]: Received GET request on /farmers/view/1465ec32-4558-4bb4-a162-cb767e55aef3 [IP: 182.156.141.17]
2025-11-21 11:38:39 AM [info]: Fetching farmer details by ID 
2025-11-21 11:38:39 AM [info]: Farmer details retrieved successfully 
2025-11-21 11:38:45 AM [info]: Received GET request on /farmers/?page=1&limit=10 [IP: 182.156.141.17]
2025-11-21 11:38:45 AM [info]: Fetching all farmers 
2025-11-21 11:38:45 AM [info]: Farmers retrieved successfully 
2025-11-21 11:39:53 AM [info]: Database connected successfully 
2025-11-21 11:39:53 AM [info]: 🚀 Server started on port 8003 
2025-11-21 11:39:53 AM [info]: 📡 SSE endpoint: http://localhost:8003/sse/notifications 
2025-11-21 11:39:53 AM [info]: 🧪 SSE test: http://localhost:8003/sse/test 
2025-11-21 11:39:55 AM [info]: Received GET request on /farmers/update/a7306666-9100-445f-b86a-c9f2d8f8d4d6 [IP: ::1]
2025-11-21 11:39:56 AM [info]: Fetching farmer details by ID 
2025-11-21 11:39:56 AM [info]: Farmer details retrieved successfully 
2025-11-21 11:40:10 AM [info]: Received GET request on /farmers/update/1465ec32-4558-4bb4-a162-cb767e55aef3 [IP: 182.156.141.17]
2025-11-21 11:40:10 AM [info]: Received GET request on /products/partial/data [IP: 182.156.141.17]
2025-11-21 11:40:10 AM [info]: Fetching farmer details by ID 
2025-11-21 11:40:10 AM [info]: Fetching all products 
2025-11-21 11:40:10 AM [info]: Farmer details retrieved successfully 
2025-11-21 11:40:10 AM [info]: Fetched undefined products successfully 
2025-11-21 11:41:25 AM [info]: Received GET request on /socket.io/?EIO=4&transport=websocket [IP: 182.156.141.17]
2025-11-21 11:41:25 AM [info]: Received GET request on /products/partial/data [IP: 182.156.141.17]
2025-11-21 11:41:25 AM [info]: Received GET request on /farmers/update/1465ec32-4558-4bb4-a162-cb767e55aef3 [IP: 182.156.141.17]
2025-11-21 11:41:25 AM [info]: Fetching all products 
2025-11-21 11:41:26 AM [info]: Fetching farmer details by ID 
2025-11-21 11:41:26 AM [info]: Fetched undefined products successfully 
2025-11-21 11:41:26 AM [info]: Farmer details retrieved successfully 
2025-11-21 11:41:27 AM [info]: Received GET request on /socket.io/?EIO=4&transport=websocket [IP: 182.156.141.17]
2025-11-21 11:41:30 AM [info]: Received GET request on /socket.io/?EIO=4&transport=websocket [IP: 182.156.141.17]
2025-11-21 11:41:34 AM [info]: Received GET request on /socket.io/?EIO=4&transport=websocket [IP: 182.156.141.17]
2025-11-21 11:41:39 AM [info]: Received GET request on /socket.io/?EIO=4&transport=websocket [IP: 182.156.141.17]
2025-11-21 11:41:45 AM [info]: Received GET request on /socket.io/?EIO=4&transport=websocket [IP: 182.156.141.17]
2025-11-21 11:43:47 AM [info]: Received PUT request on /farmers/1465ec32-4558-4bb4-a162-cb767e55aef3 [IP: 182.156.141.17]
2025-11-21 11:43:47 AM [error]: AppError: Only JPG, JPEG, PNG images, and PDFs are allowed! 
2025-11-21 11:45:17 AM [info]: Received GET request on /socket.io/?EIO=4&transport=websocket [IP: 182.156.141.17]
2025-11-21 11:45:17 AM [info]: Received GET request on /farmers/update/1465ec32-4558-4bb4-a162-cb767e55aef3 [IP: 182.156.141.17]
2025-11-21 11:45:17 AM [info]: Fetching farmer details by ID 
2025-11-21 11:45:17 AM [info]: Farmer details retrieved successfully 
2025-11-21 11:45:17 AM [info]: Received GET request on /products/partial/data [IP: 182.156.141.17]
2025-11-21 11:45:17 AM [info]: Fetching all products 
2025-11-21 11:45:17 AM [info]: Fetched undefined products successfully 
2025-11-21 11:45:18 AM [info]: Received GET request on /socket.io/?EIO=4&transport=websocket [IP: 182.156.141.17]
2025-11-21 11:45:20 AM [info]: Received GET request on /socket.io/?EIO=4&transport=websocket [IP: 182.156.141.17]
2025-11-21 11:45:25 AM [info]: Received GET request on /socket.io/?EIO=4&transport=websocket [IP: 182.156.141.17]
2025-11-21 11:45:30 AM [info]: Received GET request on /socket.io/?EIO=4&transport=websocket [IP: 182.156.141.17]
2025-11-21 11:45:36 AM [info]: Received GET request on /socket.io/?EIO=4&transport=websocket [IP: 182.156.141.17]
2025-11-21 11:46:36 AM [info]: Received PUT request on /farmers/1465ec32-4558-4bb4-a162-cb767e55aef3 [IP: 182.156.141.17]
2025-11-21 11:46:36 AM [error]: AppError: Only JPG, JPEG, PNG images, and PDFs are allowed! 
2025-11-21 11:50:11 AM [info]: Database connected successfully 
2025-11-21 11:50:11 AM [info]: 🚀 Server started on port 8003 
2025-11-21 11:50:11 AM [info]: 📡 SSE endpoint: http://localhost:8003/sse/notifications 
2025-11-21 11:50:11 AM [info]: 🧪 SSE test: http://localhost:8003/sse/test 
2025-11-21 11:50:38 AM [info]: Database connected successfully 
2025-11-21 11:50:38 AM [info]: 🚀 Server started on port 8003 
2025-11-21 11:50:38 AM [info]: 📡 SSE endpoint: http://localhost:8003/sse/notifications 
2025-11-21 11:50:38 AM [info]: 🧪 SSE test: http://localhost:8003/sse/test 
2025-11-21 11:50:59 AM [info]: Database connected successfully 
2025-11-21 11:50:59 AM [info]: 🚀 Server started on port 8003 
2025-11-21 11:50:59 AM [info]: 📡 SSE endpoint: http://localhost:8003/sse/notifications 
2025-11-21 11:50:59 AM [info]: 🧪 SSE test: http://localhost:8003/sse/test 
2025-11-21 11:51:26 AM [info]: Received PUT request on /farmers/1465ec32-4558-4bb4-a162-cb767e55aef3 [IP: 182.156.141.17]
2025-11-21 11:51:27 AM [error]: Unhandled Error: The AWS Access Key Id you provided does not exist in our records. 
2025-11-21 11:54:57 AM [info]: Database connected successfully 
2025-11-21 11:54:57 AM [info]: 🚀 Server started on port 8003 
2025-11-21 11:54:57 AM [info]: 📡 SSE endpoint: http://localhost:8003/sse/notifications 
2025-11-21 11:54:57 AM [info]: 🧪 SSE test: http://localhost:8003/sse/test 
2025-11-21 11:55:34 AM [info]: Database connected successfully 
2025-11-21 11:55:35 AM [info]: 🚀 Server started on port 8003 
2025-11-21 11:55:35 AM [info]: 📡 SSE endpoint: http://localhost:8003/sse/notifications 
2025-11-21 11:55:35 AM [info]: 🧪 SSE test: http://localhost:8003/sse/test 
2025-11-21 11:56:11 AM [info]: Received POST request on /auth/login [IP: ::1]
2025-11-21 11:56:11 AM [info]: Login request received 
2025-11-21 11:56:12 AM [info]: System log saved 
2025-11-21 11:56:12 AM [info]: User logged in successfully 
2025-11-21 11:57:22 AM [info]: Database connected successfully 
2025-11-21 11:57:22 AM [info]: 🚀 Server started on port 8003 
2025-11-21 11:57:22 AM [info]: 📡 SSE endpoint: http://localhost:8003/sse/notifications 
2025-11-21 11:57:22 AM [info]: 🧪 SSE test: http://localhost:8003/sse/test 
2025-11-21 11:57:44 AM [info]: Database connected successfully 
2025-11-21 11:57:45 AM [info]: 🚀 Server started on port 8003 
2025-11-21 11:57:45 AM [info]: 📡 SSE endpoint: http://localhost:8003/sse/notifications 
2025-11-21 11:57:45 AM [info]: 🧪 SSE test: http://localhost:8003/sse/test 
2025-11-21 12:02:27 PM [info]: Received GET request on /inventoryStock/endoftheday/eod-report?startDate=2025-11-18&endDate=2025-11-18 [IP: ::1]
2025-11-21 12:02:30 PM [info]: Fetching End of Day Report... 
2025-11-21 12:02:30 PM [error]: Error fetching End of Day Report: Relation with property path stockTransferDeliveryChallan in entity was not found. 
2025-11-21 12:02:30 PM [error]: Unhandled Error: Relation with property path stockTransferDeliveryChallan in entity was not found. 
2025-11-21 12:04:09 PM [info]: Database connected successfully 
2025-11-21 12:04:09 PM [info]: 🚀 Server started on port 8003 
2025-11-21 12:04:09 PM [info]: 📡 SSE endpoint: http://localhost:8003/sse/notifications 
2025-11-21 12:04:09 PM [info]: 🧪 SSE test: http://localhost:8003/sse/test 
2025-11-21 12:04:51 PM [info]: Received GET request on /socket.io/?EIO=4&transport=websocket [IP: 182.156.141.17]
2025-11-21 12:04:51 PM [info]: Received GET request on /deliveryChallan/challanNos/getAllChallanNo [IP: 182.156.141.17]
2025-11-21 12:04:52 PM [info]: Fetching all Delivery Challan numbers 
2025-11-21 12:04:52 PM [info]: Successfully fetched all Delivery Challan numbers 
2025-11-21 12:04:52 PM [info]: Received GET request on /employee/all/partial [IP: 182.156.141.17]
2025-11-21 12:04:52 PM [info]: Received GET request on /products/?page=1&limit=10 [IP: 182.156.141.17]
2025-11-21 12:04:52 PM [info]: Fetching all products 
2025-11-21 12:04:53 PM [info]: Received GET request on /socket.io/?EIO=4&transport=websocket [IP: 182.156.141.17]
2025-11-21 12:04:54 PM [info]: Employee Getting successfully 
2025-11-21 12:04:54 PM [info]: Fetched undefined products successfully 
2025-11-21 12:04:55 PM [info]: Received GET request on /socket.io/?EIO=4&transport=websocket [IP: 182.156.141.17]
2025-11-21 12:04:58 PM [info]: Received GET request on /products/?page=2&limit=10 [IP: 182.156.141.17]
2025-11-21 12:04:58 PM [info]: Fetching all products 
2025-11-21 12:04:58 PM [info]: Fetched undefined products successfully 
2025-11-21 12:04:58 PM [info]: Received GET request on /products/?page=1&limit=10 [IP: 182.156.141.17]
2025-11-21 12:04:58 PM [info]: Fetching all products 
2025-11-21 12:04:58 PM [info]: Fetched undefined products successfully 
2025-11-21 12:05:00 PM [info]: Received GET request on /socket.io/?EIO=4&transport=websocket [IP: 182.156.141.17]
2025-11-21 12:05:01 PM [info]: Received GET request on /products/?page=2&limit=10 [IP: 182.156.141.17]
2025-11-21 12:05:01 PM [info]: Received GET request on /products/?page=1&limit=10 [IP: 182.156.141.17]
2025-11-21 12:05:01 PM [info]: Fetching all products 
2025-11-21 12:05:01 PM [info]: Fetching all products 
2025-11-21 12:05:01 PM [info]: Fetched undefined products successfully 
2025-11-21 12:05:01 PM [info]: Fetched undefined products successfully 
2025-11-21 12:05:03 PM [info]: Received GET request on /products/?page=2&limit=10 [IP: 182.156.141.17]
2025-11-21 12:05:03 PM [info]: Received GET request on /products/?page=1&limit=10 [IP: 182.156.141.17]
2025-11-21 12:05:03 PM [info]: Fetching all products 
2025-11-21 12:05:03 PM [info]: Fetching all products 
2025-11-21 12:05:03 PM [info]: Fetched undefined products successfully 
2025-11-21 12:05:03 PM [info]: Fetched undefined products successfully 
2025-11-21 12:05:05 PM [info]: Received GET request on /socket.io/?EIO=4&transport=websocket [IP: 182.156.141.17]
2025-11-21 12:05:08 PM [info]: Received GET request on /products/?page=1&limit=10 [IP: 182.156.141.17]
2025-11-21 12:05:08 PM [info]: Fetching all products 
2025-11-21 12:05:08 PM [info]: Received GET request on /products/?page=2&limit=10 [IP: 182.156.141.17]
2025-11-21 12:05:08 PM [info]: Fetched undefined products successfully 
2025-11-21 12:05:09 PM [info]: Fetching all products 
2025-11-21 12:05:09 PM [info]: Fetched undefined products successfully 
2025-11-21 12:05:11 PM [info]: Received GET request on /socket.io/?EIO=4&transport=websocket [IP: 182.156.141.17]
2025-11-21 12:05:11 PM [info]: Received GET request on /products/?page=2&limit=10 [IP: 182.156.141.17]
2025-11-21 12:05:11 PM [info]: Received GET request on /products/?page=1&limit=10 [IP: 182.156.141.17]
2025-11-21 12:05:11 PM [info]: Fetching all products 
2025-11-21 12:05:11 PM [info]: Fetching all products 
2025-11-21 12:05:11 PM [info]: Fetched undefined products successfully 
2025-11-21 12:05:11 PM [info]: Fetched undefined products successfully 
2025-11-21 12:05:13 PM [info]: Received GET request on /products/?page=1&limit=10 [IP: 182.156.141.17]
2025-11-21 12:05:13 PM [info]: Received GET request on /products/?page=2&limit=10 [IP: 182.156.141.17]
2025-11-21 12:05:13 PM [info]: Fetching all products 
2025-11-21 12:05:13 PM [info]: Fetching all products 
2025-11-21 12:05:13 PM [info]: Fetched undefined products successfully 
2025-11-21 12:05:13 PM [info]: Fetched undefined products successfully 
2025-11-21 12:05:13 PM [info]: Received GET request on /products/?page=2&limit=10 [IP: 182.156.141.17]
2025-11-21 12:05:13 PM [info]: Received GET request on /products/?page=1&limit=10 [IP: 182.156.141.17]
2025-11-21 12:05:13 PM [info]: Fetching all products 
2025-11-21 12:05:13 PM [info]: Fetching all products 
2025-11-21 12:05:14 PM [info]: Fetched undefined products successfully 
2025-11-21 12:05:14 PM [info]: Fetched undefined products successfully 
2025-11-21 12:05:14 PM [info]: Received GET request on /products/?page=1&limit=10 [IP: 182.156.141.17]
2025-11-21 12:05:14 PM [info]: Received GET request on /products/?page=2&limit=10 [IP: 182.156.141.17]
2025-11-21 12:05:14 PM [info]: Fetching all products 
2025-11-21 12:05:14 PM [info]: Fetching all products 
2025-11-21 12:05:14 PM [info]: Fetched undefined products successfully 
2025-11-21 12:05:14 PM [info]: Fetched undefined products successfully 
2025-11-21 12:05:15 PM [info]: Received GET request on /products/?page=2&limit=10 [IP: 182.156.141.17]
2025-11-21 12:05:15 PM [info]: Received GET request on /products/?page=1&limit=10 [IP: 182.156.141.17]
2025-11-21 12:05:15 PM [info]: Fetching all products 
2025-11-21 12:05:15 PM [info]: Fetching all products 
2025-11-21 12:05:15 PM [info]: Fetched undefined products successfully 
2025-11-21 12:05:15 PM [info]: Fetched undefined products successfully 
2025-11-21 12:05:15 PM [info]: Received GET request on /products/?page=1&limit=10 [IP: 182.156.141.17]
2025-11-21 12:05:15 PM [info]: Received GET request on /products/?page=2&limit=10 [IP: 182.156.141.17]
2025-11-21 12:05:15 PM [info]: Fetching all products 
2025-11-21 12:05:15 PM [info]: Fetching all products 
2025-11-21 12:05:15 PM [info]: Fetched undefined products successfully 
2025-11-21 12:05:15 PM [info]: Fetched undefined products successfully 
2025-11-21 12:05:16 PM [info]: Received GET request on /products/?page=2&limit=10 [IP: 182.156.141.17]
2025-11-21 12:05:16 PM [info]: Received GET request on /products/?page=1&limit=10 [IP: 182.156.141.17]
2025-11-21 12:05:16 PM [info]: Fetching all products 
2025-11-21 12:05:16 PM [info]: Fetching all products 
2025-11-21 12:05:16 PM [info]: Fetched undefined products successfully 
2025-11-21 12:05:16 PM [info]: Fetched undefined products successfully 
2025-11-21 12:05:16 PM [info]: Received GET request on /products/?page=1&limit=10 [IP: 182.156.141.17]
2025-11-21 12:05:16 PM [info]: Received GET request on /products/?page=2&limit=10 [IP: 182.156.141.17]
2025-11-21 12:05:16 PM [info]: Fetching all products 
2025-11-21 12:05:16 PM [info]: Fetching all products 
2025-11-21 12:05:16 PM [info]: Fetched undefined products successfully 
2025-11-21 12:05:16 PM [info]: Fetched undefined products successfully 
2025-11-21 12:05:17 PM [info]: Received GET request on /products/?page=1&limit=10 [IP: 182.156.141.17]
2025-11-21 12:05:17 PM [info]: Received GET request on /products/?page=2&limit=10 [IP: 182.156.141.17]
2025-11-21 12:05:17 PM [info]: Fetching all products 
2025-11-21 12:05:17 PM [info]: Fetching all products 
2025-11-21 12:05:17 PM [info]: Fetched undefined products successfully 
2025-11-21 12:05:17 PM [info]: Fetched undefined products successfully 
2025-11-21 12:05:17 PM [info]: Received GET request on /products/?page=2&limit=10 [IP: 182.156.141.17]
2025-11-21 12:05:17 PM [info]: Received GET request on /products/?page=1&limit=10 [IP: 182.156.141.17]
2025-11-21 12:05:17 PM [info]: Fetching all products 
2025-11-21 12:05:17 PM [info]: Fetching all products 
2025-11-21 12:05:17 PM [info]: Fetched undefined products successfully 
2025-11-21 12:05:17 PM [info]: Fetched undefined products successfully 
2025-11-21 12:05:17 PM [info]: Received GET request on /products/?page=1&limit=10 [IP: 182.156.141.17]
2025-11-21 12:05:17 PM [info]: Received GET request on /products/?page=2&limit=10 [IP: 182.156.141.17]
2025-11-21 12:05:17 PM [info]: Fetching all products 
2025-11-21 12:05:18 PM [info]: Fetching all products 
2025-11-21 12:05:18 PM [info]: Fetched undefined products successfully 
2025-11-21 12:05:18 PM [info]: Fetched undefined products successfully 
2025-11-21 12:05:18 PM [info]: Received GET request on /products/?page=2&limit=10 [IP: 182.156.141.17]
2025-11-21 12:05:18 PM [info]: Received GET request on /products/?page=1&limit=10 [IP: 182.156.141.17]
2025-11-21 12:05:18 PM [info]: Fetching all products 
2025-11-21 12:05:18 PM [info]: Fetching all products 
2025-11-21 12:05:18 PM [info]: Fetched undefined products successfully 
2025-11-21 12:05:18 PM [info]: Fetched undefined products successfully 
2025-11-21 12:05:20 PM [info]: Received GET request on /products/?page=2&limit=10 [IP: 182.156.141.17]
2025-11-21 12:05:20 PM [info]: Received GET request on /products/?page=1&limit=10 [IP: 182.156.141.17]
2025-11-21 12:05:20 PM [info]: Fetching all products 
2025-11-21 12:05:20 PM [info]: Fetching all products 
2025-11-21 12:05:20 PM [info]: Fetched undefined products successfully 
2025-11-21 12:05:20 PM [info]: Fetched undefined products successfully 
2025-11-21 12:05:23 PM [info]: Received GET request on /products/?page=2&limit=10 [IP: 182.156.141.17]
2025-11-21 12:05:23 PM [info]: Received GET request on /products/?page=1&limit=10 [IP: 182.156.141.17]
2025-11-21 12:05:23 PM [info]: Fetching all products 
2025-11-21 12:05:23 PM [info]: Fetching all products 
2025-11-21 12:05:23 PM [info]: Fetched undefined products successfully 
2025-11-21 12:05:23 PM [info]: Fetched undefined products successfully 
2025-11-21 12:05:25 PM [info]: Received GET request on /products/?page=2&limit=10 [IP: 182.156.141.17]
2025-11-21 12:05:25 PM [info]: Received GET request on /products/?page=1&limit=10 [IP: 182.156.141.17]
2025-11-21 12:05:25 PM [info]: Fetching all products 
2025-11-21 12:05:25 PM [info]: Fetching all products 
2025-11-21 12:05:25 PM [info]: Fetched undefined products successfully 
2025-11-21 12:05:25 PM [info]: Fetched undefined products successfully 
2025-11-21 12:05:25 PM [info]: Received GET request on /products/?page=1&limit=10 [IP: 182.156.141.17]
2025-11-21 12:05:25 PM [info]: Received GET request on /products/?page=2&limit=10 [IP: 182.156.141.17]
2025-11-21 12:05:25 PM [info]: Fetching all products 
2025-11-21 12:05:25 PM [info]: Fetching all products 
2025-11-21 12:05:25 PM [info]: Fetched undefined products successfully 
2025-11-21 12:05:25 PM [info]: Fetched undefined products successfully 
2025-11-21 12:05:26 PM [info]: Received GET request on /products/?page=1&limit=10 [IP: 182.156.141.17]
2025-11-21 12:05:26 PM [info]: Received GET request on /products/?page=2&limit=10 [IP: 182.156.141.17]
2025-11-21 12:05:26 PM [info]: Fetching all products 
2025-11-21 12:05:26 PM [info]: Fetching all products 
2025-11-21 12:05:26 PM [info]: Fetched undefined products successfully 
2025-11-21 12:05:26 PM [info]: Fetched undefined products successfully 
2025-11-21 12:05:27 PM [info]: Received GET request on /products/?page=1&limit=10 [IP: 182.156.141.17]
2025-11-21 12:05:27 PM [info]: Received GET request on /products/?page=2&limit=10 [IP: 182.156.141.17]
2025-11-21 12:05:27 PM [info]: Fetching all products 
2025-11-21 12:05:27 PM [info]: Fetching all products 
2025-11-21 12:05:27 PM [info]: Fetched undefined products successfully 
2025-11-21 12:05:27 PM [info]: Fetched undefined products successfully 
2025-11-21 12:05:27 PM [info]: Received GET request on /products/?page=1&limit=10 [IP: 182.156.141.17]
2025-11-21 12:05:27 PM [info]: Received GET request on /products/?page=2&limit=10 [IP: 182.156.141.17]
2025-11-21 12:05:27 PM [info]: Fetching all products 
2025-11-21 12:05:27 PM [info]: Fetching all products 
2025-11-21 12:05:27 PM [info]: Fetched undefined products successfully 
2025-11-21 12:05:27 PM [info]: Fetched undefined products successfully 
2025-11-21 12:05:28 PM [info]: Received GET request on /products/?page=2&limit=10 [IP: 182.156.141.17]
2025-11-21 12:05:28 PM [info]: Received GET request on /products/?page=1&limit=10 [IP: 182.156.141.17]
2025-11-21 12:05:28 PM [info]: Fetching all products 
2025-11-21 12:05:28 PM [info]: Fetching all products 
2025-11-21 12:05:28 PM [info]: Fetched undefined products successfully 
2025-11-21 12:05:28 PM [info]: Fetched undefined products successfully 
2025-11-21 12:05:28 PM [info]: Received GET request on /products/?page=2&limit=10 [IP: 182.156.141.17]
2025-11-21 12:05:28 PM [info]: Received GET request on /products/?page=1&limit=10 [IP: 182.156.141.17]
2025-11-21 12:05:28 PM [info]: Fetching all products 
2025-11-21 12:05:28 PM [info]: Fetching all products 
2025-11-21 12:05:29 PM [info]: Fetched undefined products successfully 
2025-11-21 12:05:29 PM [info]: Fetched undefined products successfully 
2025-11-21 12:05:29 PM [info]: Received GET request on /products/?page=1&limit=10 [IP: 182.156.141.17]
2025-11-21 12:05:29 PM [info]: Received GET request on /products/?page=2&limit=10 [IP: 182.156.141.17]
2025-11-21 12:05:29 PM [info]: Fetching all products 
2025-11-21 12:05:29 PM [info]: Fetching all products 
2025-11-21 12:05:29 PM [info]: Fetched undefined products successfully 
2025-11-21 12:05:29 PM [info]: Fetched undefined products successfully 
2025-11-21 12:05:57 PM [info]: Received GET request on /products/?page=2&limit=10 [IP: 182.156.141.17]
2025-11-21 12:05:57 PM [info]: Fetching all products 
2025-11-21 12:05:57 PM [info]: Received GET request on /products/?page=1&limit=10 [IP: 182.156.141.17]
2025-11-21 12:05:57 PM [info]: Fetching all products 
2025-11-21 12:05:57 PM [info]: Fetched undefined products successfully 
2025-11-21 12:05:57 PM [info]: Fetched undefined products successfully 
2025-11-21 12:05:59 PM [info]: Received GET request on /products/?page=1&limit=10 [IP: 182.156.141.17]
2025-11-21 12:05:59 PM [info]: Received GET request on /products/?page=2&limit=10 [IP: 182.156.141.17]
2025-11-21 12:05:59 PM [info]: Fetching all products 
2025-11-21 12:05:59 PM [info]: Fetching all products 
2025-11-21 12:05:59 PM [info]: Fetched undefined products successfully 
2025-11-21 12:05:59 PM [info]: Fetched undefined products successfully 
2025-11-21 12:10:13 PM [info]: Database connected successfully 
2025-11-21 12:10:13 PM [info]: 🚀 Server started on port 8003 
2025-11-21 12:10:13 PM [info]: 📡 SSE endpoint: http://localhost:8003/sse/notifications 
2025-11-21 12:10:13 PM [info]: 🧪 SSE test: http://localhost:8003/sse/test 
2025-11-21 12:13:05 PM [info]: Received GET request on /inventoryStock/endoftheday/eod-report?startDate=2025-11-18&endDate=2025-11-18 [IP: ::1]
2025-11-21 12:13:05 PM [info]: Fetching End of Day Report... 
2025-11-21 12:13:05 PM [info]: End of Day Report fetched successfully 
2025-11-21 12:14:57 PM [info]: Database connected successfully 
2025-11-21 12:14:57 PM [info]: 🚀 Server started on port 8003 
2025-11-21 12:14:57 PM [info]: 📡 SSE endpoint: http://localhost:8003/sse/notifications 
2025-11-21 12:14:57 PM [info]: 🧪 SSE test: http://localhost:8003/sse/test 
2025-11-21 12:24:25 PM [info]: Database connected successfully 
2025-11-21 12:24:25 PM [info]: 🚀 Server started on port 8003 
2025-11-21 12:24:25 PM [info]: 📡 SSE endpoint: http://localhost:8003/sse/notifications 
2025-11-21 12:24:25 PM [info]: 🧪 SSE test: http://localhost:8003/sse/test 
2025-11-21 12:24:57 PM [info]: Received GET request on /inventoryStock/endoftheday/eod-report?startDate=2025-11-18&endDate=2025-11-18 [IP: ::1]
2025-11-21 12:24:57 PM [info]: Fetching End of Day Report... 
2025-11-21 12:24:57 PM [info]: End of Day Report fetched successfully 
2025-11-21 12:25:36 PM [info]: Received GET request on /inventoryStock/endoftheday/eod-report?startDate=2025-11-18&endDate=2025-11-18 [IP: ::1]
2025-11-21 12:25:36 PM [info]: Fetching End of Day Report... 
2025-11-21 12:25:36 PM [info]: End of Day Report fetched successfully 
2025-11-21 12:25:47 PM [info]: Received GET request on /socket.io/?EIO=4&transport=websocket [IP: 182.156.141.17]
2025-11-21 12:25:47 PM [info]: Received GET request on /deliveryChallan/challanNos/getAllChallanNo [IP: 182.156.141.17]
2025-11-21 12:25:47 PM [info]: Fetching all Delivery Challan numbers 
2025-11-21 12:25:47 PM [info]: Successfully fetched all Delivery Challan numbers 
2025-11-21 12:25:48 PM [info]: Received GET request on /employee/all/partial [IP: 182.156.141.17]
2025-11-21 12:25:48 PM [info]: Received GET request on /products/?page=1&limit=10 [IP: 182.156.141.17]
2025-11-21 12:25:48 PM [info]: Fetching all products 
2025-11-21 12:25:48 PM [info]: Employee Getting successfully 
2025-11-21 12:25:48 PM [info]: Fetched undefined products successfully 
2025-11-21 12:25:49 PM [info]: Received GET request on /socket.io/?EIO=4&transport=websocket [IP: 182.156.141.17]
2025-11-21 12:25:53 PM [info]: Received GET request on /socket.io/?EIO=4&transport=websocket [IP: 182.156.141.17]
2025-11-21 12:25:53 PM [info]: Received GET request on /products/?page=2&limit=10 [IP: 182.156.141.17]
2025-11-21 12:25:53 PM [info]: Fetching all products 
2025-11-21 12:25:53 PM [info]: Fetched undefined products successfully 
2025-11-21 12:25:53 PM [info]: Received GET request on /products/?page=2&limit=10 [IP: 182.156.141.17]
2025-11-21 12:25:53 PM [info]: Fetching all products 
2025-11-21 12:25:53 PM [info]: Fetched undefined products successfully 
2025-11-21 12:25:53 PM [info]: Received GET request on /products/?page=2&limit=10 [IP: 182.156.141.17]
2025-11-21 12:25:53 PM [info]: Fetching all products 
2025-11-21 12:25:53 PM [info]: Fetched undefined products successfully 
2025-11-21 12:25:56 PM [info]: Received GET request on /products/?page=2&limit=10 [IP: 182.156.141.17]
2025-11-21 12:25:56 PM [info]: Fetching all products 
2025-11-21 12:25:56 PM [info]: Fetched undefined products successfully 
2025-11-21 12:25:56 PM [info]: Received GET request on /socket.io/?EIO=4&transport=websocket [IP: 182.156.141.17]
2025-11-21 12:25:56 PM [info]: Received GET request on /products/?page=1&limit=10 [IP: 182.156.141.17]
2025-11-21 12:25:56 PM [info]: Fetching all products 
2025-11-21 12:25:56 PM [info]: Fetched undefined products successfully 
2025-11-21 12:25:56 PM [info]: Received GET request on /products/?page=2&limit=10 [IP: 182.156.141.17]
2025-11-21 12:25:56 PM [info]: Fetching all products 
2025-11-21 12:25:56 PM [info]: Fetched undefined products successfully 
2025-11-21 12:25:56 PM [info]: Received GET request on /products/?page=1&limit=10 [IP: 182.156.141.17]
2025-11-21 12:25:56 PM [info]: Fetching all products 
2025-11-21 12:25:57 PM [info]: Fetched undefined products successfully 
2025-11-21 12:25:57 PM [info]: Received GET request on /products/?page=1&limit=10 [IP: 182.156.141.17]
2025-11-21 12:25:57 PM [info]: Fetching all products 
2025-11-21 12:25:57 PM [info]: Fetched undefined products successfully 
2025-11-21 12:25:57 PM [info]: Received GET request on /products/?page=1&limit=10 [IP: 182.156.141.17]
2025-11-21 12:25:57 PM [info]: Fetching all products 
2025-11-21 12:25:57 PM [info]: Fetched undefined products successfully 
2025-11-21 12:25:59 PM [info]: Received GET request on /products/?page=2&limit=10 [IP: 182.156.141.17]
2025-11-21 12:25:59 PM [info]: Received GET request on /products/?page=1&limit=10 [IP: 182.156.141.17]
2025-11-21 12:25:59 PM [info]: Fetching all products 
2025-11-21 12:25:59 PM [info]: Fetching all products 
2025-11-21 12:25:59 PM [info]: Fetched undefined products successfully 
2025-11-21 12:25:59 PM [info]: Fetched undefined products successfully 
2025-11-21 12:25:59 PM [info]: Received GET request on /products/?page=2&limit=10 [IP: 182.156.141.17]
2025-11-21 12:25:59 PM [info]: Fetching all products 
2025-11-21 12:25:59 PM [info]: Fetched undefined products successfully 
2025-11-21 12:25:59 PM [info]: Received GET request on /products/?page=2&limit=10 [IP: 182.156.141.17]
2025-11-21 12:25:59 PM [info]: Fetching all products 
2025-11-21 12:25:59 PM [info]: Fetched undefined products successfully 
2025-11-21 12:25:59 PM [info]: Received GET request on /products/?page=2&limit=10 [IP: 182.156.141.17]
2025-11-21 12:25:59 PM [info]: Fetching all products 
2025-11-21 12:25:59 PM [info]: Fetched undefined products successfully 
2025-11-21 12:26:00 PM [info]: Received GET request on /products/?page=2&limit=10 [IP: 182.156.141.17]
2025-11-21 12:26:00 PM [info]: Fetching all products 
2025-11-21 12:26:00 PM [info]: Fetched undefined products successfully 
2025-11-21 12:26:00 PM [info]: Received GET request on /products/?page=2&limit=10 [IP: 182.156.141.17]
2025-11-21 12:26:00 PM [info]: Fetching all products 
2025-11-21 12:26:00 PM [info]: Fetched undefined products successfully 
2025-11-21 12:26:00 PM [info]: Received GET request on /products/?page=2&limit=10 [IP: 182.156.141.17]
2025-11-21 12:26:00 PM [info]: Fetching all products 
2025-11-21 12:26:00 PM [info]: Fetched undefined products successfully 
2025-11-21 12:26:02 PM [info]: Received GET request on /products/?page=1&limit=10 [IP: 182.156.141.17]
2025-11-21 12:26:02 PM [info]: Fetching all products 
2025-11-21 12:26:02 PM [info]: Received GET request on /products/?page=2&limit=10 [IP: 182.156.141.17]
2025-11-21 12:26:02 PM [info]: Received GET request on /socket.io/?EIO=4&transport=websocket [IP: 182.156.141.17]
2025-11-21 12:26:02 PM [info]: Fetched undefined products successfully 
2025-11-21 12:26:02 PM [info]: Fetching all products 
2025-11-21 12:26:02 PM [info]: Fetched undefined products successfully 
2025-11-21 12:26:07 PM [info]: Received GET request on /products/?page=2&limit=10 [IP: 182.156.141.17]
2025-11-21 12:26:07 PM [info]: Received GET request on /products/?page=1&limit=10 [IP: 182.156.141.17]
2025-11-21 12:26:07 PM [info]: Fetching all products 
2025-11-21 12:26:07 PM [info]: Fetching all products 
2025-11-21 12:26:07 PM [info]: Fetched undefined products successfully 
2025-11-21 12:26:07 PM [info]: Fetched undefined products successfully 
2025-11-21 12:26:07 PM [info]: Received GET request on /products/?page=1&limit=10 [IP: 182.156.141.17]
2025-11-21 12:26:07 PM [info]: Received GET request on /products/?page=2&limit=10 [IP: 182.156.141.17]
2025-11-21 12:26:07 PM [info]: Fetching all products 
2025-11-21 12:26:07 PM [info]: Fetching all products 
2025-11-21 12:26:07 PM [info]: Fetched undefined products successfully 
2025-11-21 12:26:07 PM [info]: Fetched undefined products successfully 
2025-11-21 12:26:07 PM [info]: Received GET request on /products/?page=2&limit=10 [IP: 182.156.141.17]
2025-11-21 12:26:07 PM [info]: Received GET request on /products/?page=1&limit=10 [IP: 182.156.141.17]
2025-11-21 12:26:07 PM [info]: Fetching all products 
2025-11-21 12:26:07 PM [info]: Fetching all products 
2025-11-21 12:26:07 PM [info]: Fetched undefined products successfully 
2025-11-21 12:26:07 PM [info]: Fetched undefined products successfully 
2025-11-21 12:26:07 PM [info]: Received GET request on /products/?page=2&limit=10 [IP: 182.156.141.17]
2025-11-21 12:26:07 PM [info]: Received GET request on /products/?page=1&limit=10 [IP: 182.156.141.17]
2025-11-21 12:26:07 PM [info]: Fetching all products 
2025-11-21 12:26:07 PM [info]: Fetching all products 
2025-11-21 12:26:07 PM [info]: Fetched undefined products successfully 
2025-11-21 12:26:07 PM [info]: Fetched undefined products successfully 
2025-11-21 12:26:07 PM [info]: Received GET request on /products/?page=2&limit=10 [IP: 182.156.141.17]
2025-11-21 12:26:07 PM [info]: Received GET request on /products/?page=1&limit=10 [IP: 182.156.141.17]
2025-11-21 12:26:07 PM [info]: Fetching all products 
2025-11-21 12:26:07 PM [info]: Fetching all products 
2025-11-21 12:26:07 PM [info]: Fetched undefined products successfully 
2025-11-21 12:26:07 PM [info]: Fetched undefined products successfully 
2025-11-21 12:26:07 PM [info]: Received GET request on /products/?page=1&limit=10 [IP: 182.156.141.17]
2025-11-21 12:26:07 PM [info]: Received GET request on /products/?page=2&limit=10 [IP: 182.156.141.17]
2025-11-21 12:26:07 PM [info]: Received GET request on /socket.io/?EIO=4&transport=websocket [IP: 182.156.141.17]
2025-11-21 12:26:07 PM [info]: Fetching all products 
2025-11-21 12:26:07 PM [info]: Fetching all products 
2025-11-21 12:26:07 PM [info]: Fetched undefined products successfully 
2025-11-21 12:26:07 PM [info]: Fetched undefined products successfully 
2025-11-21 12:26:07 PM [info]: Received GET request on /products/?page=1&limit=10 [IP: 182.156.141.17]
2025-11-21 12:26:07 PM [info]: Received GET request on /products/?page=2&limit=10 [IP: 182.156.141.17]
2025-11-21 12:26:07 PM [info]: Fetching all products 
2025-11-21 12:26:07 PM [info]: Fetching all products 
2025-11-21 12:26:07 PM [info]: Fetched undefined products successfully 
2025-11-21 12:26:07 PM [info]: Fetched undefined products successfully 
2025-11-21 12:26:08 PM [info]: Received GET request on /products/?page=2&limit=10 [IP: 182.156.141.17]
2025-11-21 12:26:08 PM [info]: Fetching all products 
2025-11-21 12:26:08 PM [info]: Fetched undefined products successfully 
2025-11-21 12:26:08 PM [info]: Received GET request on /products/?page=1&limit=10 [IP: 182.156.141.17]
2025-11-21 12:26:08 PM [info]: Received GET request on /products/?page=2&limit=10 [IP: 182.156.141.17]
2025-11-21 12:26:08 PM [info]: Fetching all products 
2025-11-21 12:26:08 PM [info]: Fetching all products 
2025-11-21 12:26:08 PM [info]: Fetched undefined products successfully 
2025-11-21 12:26:08 PM [info]: Fetched undefined products successfully 
2025-11-21 12:26:08 PM [info]: Received GET request on /products/?page=1&limit=10 [IP: 182.156.141.17]
2025-11-21 12:26:08 PM [info]: Received GET request on /products/?page=2&limit=10 [IP: 182.156.141.17]
2025-11-21 12:26:08 PM [info]: Fetching all products 
2025-11-21 12:26:08 PM [info]: Fetching all products 
2025-11-21 12:26:08 PM [info]: Fetched undefined products successfully 
2025-11-21 12:26:08 PM [info]: Fetched undefined products successfully 
2025-11-21 12:26:11 PM [info]: Received GET request on /products/?page=1&limit=10 [IP: 182.156.141.17]
2025-11-21 12:26:11 PM [info]: Received GET request on /products/?page=2&limit=10 [IP: 182.156.141.17]
2025-11-21 12:26:11 PM [info]: Fetching all products 
2025-11-21 12:26:11 PM [info]: Fetching all products 
2025-11-21 12:26:11 PM [info]: Fetched undefined products successfully 
2025-11-21 12:26:12 PM [info]: Fetched undefined products successfully 
2025-11-21 12:26:12 PM [info]: Received GET request on /products/?page=1&limit=10 [IP: 182.156.141.17]
2025-11-21 12:26:12 PM [info]: Received GET request on /products/?page=2&limit=10 [IP: 182.156.141.17]
2025-11-21 12:26:12 PM [info]: Fetching all products 
2025-11-21 12:26:12 PM [info]: Fetching all products 
2025-11-21 12:26:12 PM [info]: Fetched undefined products successfully 
2025-11-21 12:26:12 PM [info]: Fetched undefined products successfully 
2025-11-21 12:26:12 PM [info]: Received GET request on /products/?page=2&limit=10 [IP: 182.156.141.17]
2025-11-21 12:26:12 PM [info]: Received GET request on /products/?page=1&limit=10 [IP: 182.156.141.17]
2025-11-21 12:26:12 PM [info]: Fetching all products 
2025-11-21 12:26:12 PM [info]: Fetching all products 
2025-11-21 12:26:12 PM [info]: Fetched undefined products successfully 
2025-11-21 12:26:12 PM [info]: Fetched undefined products successfully 
2025-11-21 12:26:12 PM [info]: Received GET request on /products/?page=2&limit=10 [IP: 182.156.141.17]
2025-11-21 12:26:12 PM [info]: Received GET request on /products/?page=1&limit=10 [IP: 182.156.141.17]
2025-11-21 12:26:12 PM [info]: Fetching all products 
2025-11-21 12:26:12 PM [info]: Fetching all products 
2025-11-21 12:26:12 PM [info]: Fetched undefined products successfully 
2025-11-21 12:26:12 PM [info]: Fetched undefined products successfully 
2025-11-21 12:26:12 PM [info]: Received GET request on /products/?page=1&limit=10 [IP: 182.156.141.17]
2025-11-21 12:26:12 PM [info]: Received GET request on /products/?page=2&limit=10 [IP: 182.156.141.17]
2025-11-21 12:26:12 PM [info]: Fetching all products 
2025-11-21 12:26:12 PM [info]: Fetching all products 
2025-11-21 12:26:12 PM [info]: Fetched undefined products successfully 
2025-11-21 12:26:12 PM [info]: Fetched undefined products successfully 
2025-11-21 12:26:12 PM [info]: Received GET request on /products/?page=1&limit=10 [IP: 182.156.141.17]
2025-11-21 12:26:12 PM [info]: Received GET request on /products/?page=2&limit=10 [IP: 182.156.141.17]
2025-11-21 12:26:12 PM [info]: Fetching all products 
2025-11-21 12:26:12 PM [info]: Fetching all products 
2025-11-21 12:26:12 PM [info]: Fetched undefined products successfully 
2025-11-21 12:26:12 PM [info]: Fetched undefined products successfully 
2025-11-21 12:26:13 PM [info]: Received GET request on /products/?page=2&limit=10 [IP: 182.156.141.17]
2025-11-21 12:26:13 PM [info]: Received GET request on /products/?page=1&limit=10 [IP: 182.156.141.17]
2025-11-21 12:26:13 PM [info]: Fetching all products 
2025-11-21 12:26:13 PM [info]: Fetching all products 
2025-11-21 12:26:13 PM [info]: Fetched undefined products successfully 
2025-11-21 12:26:13 PM [info]: Fetched undefined products successfully 
2025-11-21 12:26:13 PM [info]: Received GET request on /products/?page=2&limit=10 [IP: 182.156.141.17]
2025-11-21 12:26:13 PM [info]: Received GET request on /products/?page=1&limit=10 [IP: 182.156.141.17]
2025-11-21 12:26:13 PM [info]: Fetching all products 
2025-11-21 12:26:13 PM [info]: Fetching all products 
2025-11-21 12:26:13 PM [info]: Fetched undefined products successfully 
2025-11-21 12:26:13 PM [info]: Fetched undefined products successfully 
2025-11-21 12:26:13 PM [info]: Received GET request on /products/?page=1&limit=10 [IP: 182.156.141.17]
2025-11-21 12:26:13 PM [info]: Received GET request on /products/?page=2&limit=10 [IP: 182.156.141.17]
2025-11-21 12:26:13 PM [info]: Fetching all products 
2025-11-21 12:26:13 PM [info]: Fetching all products 
2025-11-21 12:26:13 PM [info]: Fetched undefined products successfully 
2025-11-21 12:26:13 PM [info]: Fetched undefined products successfully 
2025-11-21 12:26:13 PM [info]: Received GET request on /products/?page=1&limit=10 [IP: 182.156.141.17]
2025-11-21 12:26:13 PM [info]: Received GET request on /products/?page=2&limit=10 [IP: 182.156.141.17]
2025-11-21 12:26:13 PM [info]: Fetching all products 
2025-11-21 12:26:13 PM [info]: Fetching all products 
2025-11-21 12:26:13 PM [info]: Fetched undefined products successfully 
2025-11-21 12:26:13 PM [info]: Fetched undefined products successfully 
2025-11-21 12:26:13 PM [info]: Received GET request on /products/?page=2&limit=10 [IP: 182.156.141.17]
2025-11-21 12:26:13 PM [info]: Received GET request on /products/?page=1&limit=10 [IP: 182.156.141.17]
2025-11-21 12:26:14 PM [info]: Fetching all products 
2025-11-21 12:26:14 PM [info]: Fetching all products 
2025-11-21 12:26:14 PM [info]: Fetched undefined products successfully 
2025-11-21 12:26:14 PM [info]: Fetched undefined products successfully 
2025-11-21 12:26:14 PM [info]: Received GET request on /products/?page=1&limit=10 [IP: 182.156.141.17]
2025-11-21 12:26:14 PM [info]: Received GET request on /products/?page=2&limit=10 [IP: 182.156.141.17]
2025-11-21 12:26:14 PM [info]: Fetching all products 
2025-11-21 12:26:14 PM [info]: Fetching all products 
2025-11-21 12:26:14 PM [info]: Fetched undefined products successfully 
2025-11-21 12:26:14 PM [info]: Fetched undefined products successfully 
2025-11-21 12:26:14 PM [info]: Received GET request on /products/?page=2&limit=10 [IP: 182.156.141.17]
2025-11-21 12:26:14 PM [info]: Received GET request on /products/?page=1&limit=10 [IP: 182.156.141.17]
2025-11-21 12:26:14 PM [info]: Fetching all products 
2025-11-21 12:26:14 PM [info]: Fetching all products 
2025-11-21 12:26:14 PM [info]: Fetched undefined products successfully 
2025-11-21 12:26:14 PM [info]: Fetched undefined products successfully 
2025-11-21 12:26:14 PM [info]: Received GET request on /products/?page=1&limit=10 [IP: 182.156.141.17]
2025-11-21 12:26:14 PM [info]: Received GET request on /products/?page=2&limit=10 [IP: 182.156.141.17]
2025-11-21 12:26:14 PM [info]: Fetching all products 
2025-11-21 12:26:14 PM [info]: Fetching all products 
2025-11-21 12:26:14 PM [info]: Fetched undefined products successfully 
2025-11-21 12:26:14 PM [info]: Fetched undefined products successfully 
2025-11-21 12:26:14 PM [info]: Received GET request on /products/?page=1&limit=10 [IP: 182.156.141.17]
2025-11-21 12:26:14 PM [info]: Received GET request on /products/?page=2&limit=10 [IP: 182.156.141.17]
2025-11-21 12:26:14 PM [info]: Fetching all products 
2025-11-21 12:26:14 PM [info]: Fetching all products 
2025-11-21 12:26:16 PM [info]: Fetched undefined products successfully 
2025-11-21 12:26:16 PM [info]: Fetched undefined products successfully 
2025-11-21 12:26:16 PM [info]: Received GET request on /products/?page=1&limit=10 [IP: 182.156.141.17]
2025-11-21 12:26:16 PM [info]: Fetching all products 
2025-11-21 12:26:16 PM [info]: Fetched undefined products successfully 
2025-11-21 12:26:16 PM [info]: Received GET request on /products/?page=2&limit=10 [IP: 182.156.141.17]
2025-11-21 12:26:16 PM [info]: Fetching all products 
2025-11-21 12:26:16 PM [info]: Fetched undefined products successfully 
2025-11-21 12:26:16 PM [info]: Received GET request on /products/?page=1&limit=10 [IP: 182.156.141.17]
2025-11-21 12:26:16 PM [info]: Fetching all products 
2025-11-21 12:26:16 PM [info]: Fetched undefined products successfully 
2025-11-21 12:26:16 PM [info]: Received GET request on /products/?page=2&limit=10 [IP: 182.156.141.17]
2025-11-21 12:26:16 PM [info]: Fetching all products 
2025-11-21 12:26:16 PM [info]: Fetched undefined products successfully 
2025-11-21 12:26:16 PM [info]: Received GET request on /products/?page=1&limit=10 [IP: 182.156.141.17]
2025-11-21 12:26:16 PM [info]: Fetching all products 
2025-11-21 12:26:16 PM [info]: Fetched undefined products successfully 
2025-11-21 12:26:16 PM [info]: Received GET request on /products/?page=2&limit=10 [IP: 182.156.141.17]
2025-11-21 12:26:16 PM [info]: Fetching all products 
2025-11-21 12:26:16 PM [info]: Fetched undefined products successfully 
2025-11-21 12:26:16 PM [info]: Received GET request on /products/?page=2&limit=10 [IP: 182.156.141.17]
2025-11-21 12:26:16 PM [info]: Fetching all products 
2025-11-21 12:26:16 PM [info]: Fetched undefined products successfully 
2025-11-21 12:26:16 PM [info]: Received GET request on /products/?page=2&limit=10 [IP: 182.156.141.17]
2025-11-21 12:26:16 PM [info]: Fetching all products 
2025-11-21 12:26:16 PM [info]: Fetched undefined products successfully 
2025-11-21 12:26:19 PM [info]: Received GET request on /products/?page=1&limit=10 [IP: 182.156.141.17]
2025-11-21 12:26:19 PM [info]: Received GET request on /products/?page=2&limit=10 [IP: 182.156.141.17]
2025-11-21 12:26:19 PM [info]: Fetching all products 
2025-11-21 12:26:19 PM [info]: Fetching all products 
2025-11-21 12:26:19 PM [info]: Fetched undefined products successfully 
2025-11-21 12:26:19 PM [info]: Fetched undefined products successfully 
2025-11-21 12:26:19 PM [info]: Received GET request on /products/?page=2&limit=10 [IP: 182.156.141.17]
2025-11-21 12:26:19 PM [info]: Received GET request on /products/?page=1&limit=10 [IP: 182.156.141.17]
2025-11-21 12:26:19 PM [info]: Fetching all products 
2025-11-21 12:26:19 PM [info]: Fetching all products 
2025-11-21 12:26:19 PM [info]: Fetched undefined products successfully 
2025-11-21 12:26:19 PM [info]: Fetched undefined products successfully 
2025-11-21 12:26:19 PM [info]: Received GET request on /products/?page=2&limit=10 [IP: 182.156.141.17]
2025-11-21 12:26:19 PM [info]: Received GET request on /products/?page=1&limit=10 [IP: 182.156.141.17]
2025-11-21 12:26:19 PM [info]: Fetching all products 
2025-11-21 12:26:19 PM [info]: Fetching all products 
2025-11-21 12:26:19 PM [info]: Fetched undefined products successfully 
2025-11-21 12:26:19 PM [info]: Fetched undefined products successfully 
2025-11-21 12:26:19 PM [info]: Received GET request on /products/?page=1&limit=10 [IP: 182.156.141.17]
2025-11-21 12:26:19 PM [info]: Received GET request on /products/?page=2&limit=10 [IP: 182.156.141.17]
2025-11-21 12:26:19 PM [info]: Fetching all products 
2025-11-21 12:26:19 PM [info]: Fetching all products 
2025-11-21 12:26:19 PM [info]: Fetched undefined products successfully 
2025-11-21 12:26:19 PM [info]: Fetched undefined products successfully 
2025-11-21 12:26:19 PM [info]: Received GET request on /products/?page=1&limit=10 [IP: 182.156.141.17]
2025-11-21 12:26:19 PM [info]: Received GET request on /products/?page=2&limit=10 [IP: 182.156.141.17]
2025-11-21 12:26:19 PM [info]: Fetching all products 
2025-11-21 12:26:19 PM [info]: Fetching all products 
2025-11-21 12:26:20 PM [info]: Fetched undefined products successfully 
2025-11-21 12:26:20 PM [info]: Fetched undefined products successfully 
2025-11-21 12:26:20 PM [info]: Received GET request on /products/?page=1&limit=10 [IP: 182.156.141.17]
2025-11-21 12:26:20 PM [info]: Received GET request on /products/?page=2&limit=10 [IP: 182.156.141.17]
2025-11-21 12:26:20 PM [info]: Fetching all products 
2025-11-21 12:26:20 PM [info]: Fetching all products 
2025-11-21 12:26:20 PM [info]: Fetched undefined products successfully 
2025-11-21 12:26:20 PM [info]: Fetched undefined products successfully 
2025-11-21 12:26:20 PM [info]: Received GET request on /products/?page=2&limit=10 [IP: 182.156.141.17]
2025-11-21 12:26:20 PM [info]: Received GET request on /products/?page=1&limit=10 [IP: 182.156.141.17]
2025-11-21 12:26:20 PM [info]: Fetching all products 
2025-11-21 12:26:20 PM [info]: Fetching all products 
2025-11-21 12:26:20 PM [info]: Fetched undefined products successfully 
2025-11-21 12:26:20 PM [info]: Fetched undefined products successfully 
2025-11-21 12:26:20 PM [info]: Received GET request on /products/?page=1&limit=10 [IP: 182.156.141.17]
2025-11-21 12:26:20 PM [info]: Received GET request on /products/?page=2&limit=10 [IP: 182.156.141.17]
2025-11-21 12:26:20 PM [info]: Fetching all products 
2025-11-21 12:26:20 PM [info]: Fetching all products 
2025-11-21 12:26:20 PM [info]: Fetched undefined products successfully 
2025-11-21 12:26:20 PM [info]: Fetched undefined products successfully 
2025-11-21 12:26:20 PM [info]: Received GET request on /products/?page=1&limit=10 [IP: 182.156.141.17]
2025-11-21 12:26:20 PM [info]: Received GET request on /products/?page=2&limit=10 [IP: 182.156.141.17]
2025-11-21 12:26:20 PM [info]: Fetching all products 
2025-11-21 12:26:20 PM [info]: Fetching all products 
2025-11-21 12:26:20 PM [info]: Fetched undefined products successfully 
2025-11-21 12:26:20 PM [info]: Fetched undefined products successfully 
2025-11-21 12:26:20 PM [info]: Received GET request on /products/?page=1&limit=10 [IP: 182.156.141.17]
2025-11-21 12:26:20 PM [info]: Received GET request on /products/?page=2&limit=10 [IP: 182.156.141.17]
2025-11-21 12:26:20 PM [info]: Fetching all products 
2025-11-21 12:26:20 PM [info]: Fetching all products 
2025-11-21 12:26:20 PM [info]: Fetched undefined products successfully 
2025-11-21 12:26:20 PM [info]: Fetched undefined products successfully 
2025-11-21 12:26:20 PM [info]: Received GET request on /products/?page=1&limit=10 [IP: 182.156.141.17]
2025-11-21 12:26:20 PM [info]: Received GET request on /products/?page=2&limit=10 [IP: 182.156.141.17]
2025-11-21 12:26:20 PM [info]: Fetching all products 
2025-11-21 12:26:20 PM [info]: Fetching all products 
2025-11-21 12:26:22 PM [info]: Fetched undefined products successfully 
2025-11-21 12:26:22 PM [info]: Fetched undefined products successfully 
2025-11-21 12:26:22 PM [info]: Received GET request on /products/?page=1&limit=10 [IP: 182.156.141.17]
2025-11-21 12:26:22 PM [info]: Received GET request on /products/?page=2&limit=10 [IP: 182.156.141.17]
2025-11-21 12:26:22 PM [info]: Fetching all products 
2025-11-21 12:26:22 PM [info]: Fetching all products 
2025-11-21 12:26:22 PM [info]: Fetched undefined products successfully 
2025-11-21 12:26:22 PM [info]: Fetched undefined products successfully 
2025-11-21 12:26:22 PM [info]: Received GET request on /products/?page=2&limit=10 [IP: 182.156.141.17]
2025-11-21 12:26:22 PM [info]: Received GET request on /products/?page=1&limit=10 [IP: 182.156.141.17]
2025-11-21 12:26:22 PM [info]: Fetching all products 
2025-11-21 12:26:22 PM [info]: Fetching all products 
2025-11-21 12:26:22 PM [info]: Fetched undefined products successfully 
2025-11-21 12:26:22 PM [info]: Fetched undefined products successfully 
2025-11-21 12:26:22 PM [info]: Received GET request on /products/?page=1&limit=10 [IP: 182.156.141.17]
2025-11-21 12:26:22 PM [info]: Received GET request on /products/?page=2&limit=10 [IP: 182.156.141.17]
2025-11-21 12:26:22 PM [info]: Fetching all products 
2025-11-21 12:26:22 PM [info]: Fetching all products 
2025-11-21 12:26:22 PM [info]: Fetched undefined products successfully 
2025-11-21 12:26:22 PM [info]: Fetched undefined products successfully 
2025-11-21 12:26:22 PM [info]: Received GET request on /products/?page=2&limit=10 [IP: 182.156.141.17]
2025-11-21 12:26:22 PM [info]: Received GET request on /products/?page=1&limit=10 [IP: 182.156.141.17]
2025-11-21 12:26:22 PM [info]: Fetching all products 
2025-11-21 12:26:22 PM [info]: Fetching all products 
2025-11-21 12:26:23 PM [info]: Fetched undefined products successfully 
2025-11-21 12:26:23 PM [info]: Fetched undefined products successfully 
2025-11-21 12:26:23 PM [info]: Received GET request on /products/?page=2&limit=10 [IP: 182.156.141.17]
2025-11-21 12:26:23 PM [info]: Received GET request on /products/?page=1&limit=10 [IP: 182.156.141.17]
2025-11-21 12:26:23 PM [info]: Fetching all products 
2025-11-21 12:26:23 PM [info]: Fetching all products 
2025-11-21 12:26:23 PM [info]: Fetched undefined products successfully 
2025-11-21 12:26:23 PM [info]: Fetched undefined products successfully 
2025-11-21 12:26:23 PM [info]: Received GET request on /products/?page=2&limit=10 [IP: 182.156.141.17]
2025-11-21 12:26:23 PM [info]: Received GET request on /products/?page=1&limit=10 [IP: 182.156.141.17]
2025-11-21 12:26:23 PM [info]: Fetching all products 
2025-11-21 12:26:23 PM [info]: Fetching all products 
2025-11-21 12:26:23 PM [info]: Fetched undefined products successfully 
2025-11-21 12:26:23 PM [info]: Fetched undefined products successfully 
2025-11-21 12:26:23 PM [info]: Received GET request on /products/?page=1&limit=10 [IP: 182.156.141.17]
2025-11-21 12:26:23 PM [info]: Received GET request on /products/?page=2&limit=10 [IP: 182.156.141.17]
2025-11-21 12:26:23 PM [info]: Fetching all products 
2025-11-21 12:26:23 PM [info]: Fetching all products 
2025-11-21 12:26:23 PM [info]: Fetched undefined products successfully 
2025-11-21 12:26:23 PM [info]: Fetched undefined products successfully 
2025-11-21 12:26:23 PM [info]: Received GET request on /products/?page=1&limit=10 [IP: 182.156.141.17]
2025-11-21 12:26:23 PM [info]: Received GET request on /products/?page=2&limit=10 [IP: 182.156.141.17]
2025-11-21 12:26:23 PM [info]: Fetching all products 
2025-11-21 12:26:23 PM [info]: Fetching all products 
2025-11-21 12:26:23 PM [info]: Fetched undefined products successfully 
2025-11-21 12:26:23 PM [info]: Fetched undefined products successfully 
2025-11-21 12:26:23 PM [info]: Received GET request on /products/?page=1&limit=10 [IP: 182.156.141.17]
2025-11-21 12:26:23 PM [info]: Received GET request on /products/?page=2&limit=10 [IP: 182.156.141.17]
2025-11-21 12:26:23 PM [info]: Fetching all products 
2025-11-21 12:26:23 PM [info]: Fetching all products 
2025-11-21 12:26:23 PM [info]: Fetched undefined products successfully 
2025-11-21 12:26:23 PM [info]: Fetched undefined products successfully 
2025-11-21 12:26:23 PM [info]: Received GET request on /products/?page=2&limit=10 [IP: 182.156.141.17]
2025-11-21 12:26:23 PM [info]: Received GET request on /products/?page=1&limit=10 [IP: 182.156.141.17]
2025-11-21 12:26:23 PM [info]: Fetching all products 
2025-11-21 12:26:23 PM [info]: Fetching all products 
2025-11-21 12:26:25 PM [info]: Fetched undefined products successfully 
2025-11-21 12:26:25 PM [info]: Fetched undefined products successfully 
2025-11-21 12:26:25 PM [info]: Received GET request on /products/?page=2&limit=10 [IP: 182.156.141.17]
2025-11-21 12:26:25 PM [info]: Received GET request on /products/?page=1&limit=10 [IP: 182.156.141.17]
2025-11-21 12:26:25 PM [info]: Fetching all products 
2025-11-21 12:26:25 PM [info]: Fetching all products 
2025-11-21 12:26:37 PM [info]: Database connected successfully 
2025-11-21 12:26:38 PM [info]: 🚀 Server started on port 8003 
2025-11-21 12:26:38 PM [info]: 📡 SSE endpoint: http://localhost:8003/sse/notifications 
2025-11-21 12:26:38 PM [info]: 🧪 SSE test: http://localhost:8003/sse/test 
2025-11-21 12:26:38 PM [info]: Received GET request on /products/?page=2&limit=10 [IP: 182.156.141.17]
2025-11-21 12:26:38 PM [info]: Fetching all products 
2025-11-21 12:26:38 PM [info]: Fetched undefined products successfully 
2025-11-21 12:26:38 PM [info]: Received GET request on /products/?page=2&limit=10 [IP: 182.156.141.17]
2025-11-21 12:26:38 PM [info]: Fetching all products 
2025-11-21 12:26:38 PM [info]: Fetched undefined products successfully 
2025-11-21 12:26:38 PM [info]: Received GET request on /products/?page=2&limit=10 [IP: 182.156.141.17]
2025-11-21 12:26:38 PM [info]: Fetching all products 
2025-11-21 12:26:38 PM [info]: Fetched undefined products successfully 
2025-11-21 12:26:38 PM [info]: Received GET request on /products/?page=1&limit=10 [IP: 182.156.141.17]
2025-11-21 12:26:38 PM [info]: Fetching all products 
2025-11-21 12:26:38 PM [info]: Fetched undefined products successfully 
2025-11-21 12:26:39 PM [info]: Received GET request on /products/?page=2&limit=10 [IP: 182.156.141.17]
2025-11-21 12:26:39 PM [info]: Fetching all products 
2025-11-21 12:26:39 PM [info]: Fetched undefined products successfully 
2025-11-21 12:26:39 PM [info]: Received GET request on /products/?page=1&limit=10 [IP: 182.156.141.17]
2025-11-21 12:26:39 PM [info]: Fetching all products 
2025-11-21 12:26:39 PM [info]: Fetched undefined products successfully 
2025-11-21 12:26:39 PM [info]: Received GET request on /products/?page=2&limit=10 [IP: 182.156.141.17]
2025-11-21 12:26:39 PM [info]: Fetching all products 
2025-11-21 12:26:39 PM [info]: Fetched undefined products successfully 
2025-11-21 12:26:39 PM [info]: Received GET request on /products/?page=1&limit=10 [IP: 182.156.141.17]
2025-11-21 12:26:39 PM [info]: Fetching all products 
2025-11-21 12:26:39 PM [info]: Fetched undefined products successfully 
2025-11-21 12:26:39 PM [info]: Received GET request on /products/?page=2&limit=10 [IP: 182.156.141.17]
2025-11-21 12:26:39 PM [info]: Fetching all products 
2025-11-21 12:26:39 PM [info]: Fetched undefined products successfully 
2025-11-21 12:26:39 PM [info]: Received GET request on /products/?page=1&limit=10 [IP: 182.156.141.17]
2025-11-21 12:26:39 PM [info]: Fetching all products 
2025-11-21 12:26:39 PM [info]: Fetched undefined products successfully 
2025-11-21 12:26:39 PM [info]: Received GET request on /products/?page=2&limit=10 [IP: 182.156.141.17]
2025-11-21 12:26:39 PM [info]: Fetching all products 
2025-11-21 12:26:39 PM [info]: Fetched undefined products successfully 
2025-11-21 12:26:39 PM [info]: Received GET request on /products/?page=1&limit=10 [IP: 182.156.141.17]
2025-11-21 12:26:39 PM [info]: Fetching all products 
2025-11-21 12:26:39 PM [info]: Fetched undefined products successfully 
2025-11-21 12:26:39 PM [info]: Received GET request on /products/?page=2&limit=10 [IP: 182.156.141.17]
2025-11-21 12:26:39 PM [info]: Fetching all products 
2025-11-21 12:26:39 PM [info]: Fetched undefined products successfully 
2025-11-21 12:26:39 PM [info]: Received GET request on /products/?page=1&limit=10 [IP: 182.156.141.17]
2025-11-21 12:26:39 PM [info]: Fetching all products 
2025-11-21 12:26:39 PM [info]: Fetched undefined products successfully 
2025-11-21 12:26:39 PM [info]: Received GET request on /products/?page=2&limit=10 [IP: 182.156.141.17]
2025-11-21 12:26:39 PM [info]: Fetching all products 
2025-11-21 12:26:39 PM [info]: Fetched undefined products successfully 
2025-11-21 12:26:39 PM [info]: Received GET request on /products/?page=1&limit=10 [IP: 182.156.141.17]
2025-11-21 12:26:39 PM [info]: Received GET request on /products/?page=2&limit=10 [IP: 182.156.141.17]
2025-11-21 12:26:39 PM [info]: Fetching all products 
2025-11-21 12:26:39 PM [info]: Fetching all products 
2025-11-21 12:26:39 PM [info]: Fetched undefined products successfully 
2025-11-21 12:26:39 PM [info]: Fetched undefined products successfully 
2025-11-21 12:26:40 PM [info]: Received GET request on /products/?page=2&limit=10 [IP: 182.156.141.17]
2025-11-21 12:26:40 PM [info]: Received GET request on /products/?page=1&limit=10 [IP: 182.156.141.17]
2025-11-21 12:26:40 PM [info]: Fetching all products 
2025-11-21 12:26:40 PM [info]: Fetching all products 
2025-11-21 12:26:40 PM [info]: Fetched undefined products successfully 
2025-11-21 12:26:40 PM [info]: Fetched undefined products successfully 
2025-11-21 12:26:40 PM [info]: Received GET request on /products/?page=1&limit=10 [IP: 182.156.141.17]
2025-11-21 12:26:40 PM [info]: Received GET request on /products/?page=2&limit=10 [IP: 182.156.141.17]
2025-11-21 12:26:40 PM [info]: Fetching all products 
2025-11-21 12:26:40 PM [info]: Fetching all products 
2025-11-21 12:26:40 PM [info]: Fetched undefined products successfully 
2025-11-21 12:26:40 PM [info]: Fetched undefined products successfully 
2025-11-21 12:26:40 PM [info]: Received GET request on /products/?page=2&limit=10 [IP: 182.156.141.17]
2025-11-21 12:26:40 PM [info]: Received GET request on /products/?page=1&limit=10 [IP: 182.156.141.17]
2025-11-21 12:26:40 PM [info]: Fetching all products 
2025-11-21 12:26:40 PM [info]: Fetching all products 
2025-11-21 12:26:40 PM [info]: Fetched undefined products successfully 
2025-11-21 12:26:40 PM [info]: Fetched undefined products successfully 
2025-11-21 12:26:40 PM [info]: Received GET request on /products/?page=1&limit=10 [IP: 182.156.141.17]
2025-11-21 12:26:40 PM [info]: Received GET request on /products/?page=2&limit=10 [IP: 182.156.141.17]
2025-11-21 12:26:40 PM [info]: Fetching all products 
2025-11-21 12:26:40 PM [info]: Fetching all products 
2025-11-21 12:26:40 PM [info]: Fetched undefined products successfully 
2025-11-21 12:26:40 PM [info]: Fetched undefined products successfully 
2025-11-21 12:26:40 PM [info]: Received GET request on /products/?page=1&limit=10 [IP: 182.156.141.17]
2025-11-21 12:26:40 PM [info]: Received GET request on /products/?page=2&limit=10 [IP: 182.156.141.17]
2025-11-21 12:26:40 PM [info]: Fetching all products 
2025-11-21 12:26:40 PM [info]: Fetching all products 
2025-11-21 12:26:40 PM [info]: Fetched undefined products successfully 
2025-11-21 12:26:40 PM [info]: Fetched undefined products successfully 
2025-11-21 12:26:40 PM [info]: Received GET request on /products/?page=1&limit=10 [IP: 182.156.141.17]
2025-11-21 12:26:40 PM [info]: Received GET request on /products/?page=2&limit=10 [IP: 182.156.141.17]
2025-11-21 12:26:40 PM [info]: Fetching all products 
2025-11-21 12:26:40 PM [info]: Fetching all products 
2025-11-21 12:26:40 PM [info]: Fetched undefined products successfully 
2025-11-21 12:26:40 PM [info]: Fetched undefined products successfully 
2025-11-21 12:26:40 PM [info]: Received GET request on /products/?page=2&limit=10 [IP: 182.156.141.17]
2025-11-21 12:26:40 PM [info]: Received GET request on /products/?page=1&limit=10 [IP: 182.156.141.17]
2025-11-21 12:26:40 PM [info]: Fetching all products 
2025-11-21 12:26:40 PM [info]: Fetching all products 
2025-11-21 12:26:40 PM [info]: Fetched undefined products successfully 
2025-11-21 12:26:40 PM [info]: Fetched undefined products successfully 
2025-11-21 12:26:41 PM [info]: Received GET request on /products/?page=1&limit=10 [IP: 182.156.141.17]
2025-11-21 12:26:41 PM [info]: Received GET request on /products/?page=2&limit=10 [IP: 182.156.141.17]
2025-11-21 12:26:41 PM [info]: Fetching all products 
2025-11-21 12:26:41 PM [info]: Fetching all products 
2025-11-21 12:26:41 PM [info]: Fetched undefined products successfully 
2025-11-21 12:26:41 PM [info]: Fetched undefined products successfully 
2025-11-21 12:26:41 PM [info]: Received GET request on /products/?page=1&limit=10 [IP: 182.156.141.17]
2025-11-21 12:26:41 PM [info]: Received GET request on /products/?page=2&limit=10 [IP: 182.156.141.17]
2025-11-21 12:26:41 PM [info]: Fetching all products 
2025-11-21 12:26:41 PM [info]: Fetching all products 
2025-11-21 12:26:41 PM [info]: Fetched undefined products successfully 
2025-11-21 12:26:41 PM [info]: Fetched undefined products successfully 
2025-11-21 12:26:41 PM [info]: Received GET request on /products/?page=2&limit=10 [IP: 182.156.141.17]
2025-11-21 12:26:41 PM [info]: Received GET request on /products/?page=1&limit=10 [IP: 182.156.141.17]
2025-11-21 12:26:41 PM [info]: Fetching all products 
2025-11-21 12:26:41 PM [info]: Fetching all products 
2025-11-21 12:26:41 PM [info]: Fetched undefined products successfully 
2025-11-21 12:26:41 PM [info]: Fetched undefined products successfully 
2025-11-21 12:26:41 PM [info]: Received GET request on /products/?page=1&limit=10 [IP: 182.156.141.17]
2025-11-21 12:26:41 PM [info]: Received GET request on /products/?page=2&limit=10 [IP: 182.156.141.17]
2025-11-21 12:26:41 PM [info]: Fetching all products 
2025-11-21 12:26:41 PM [info]: Fetching all products 
2025-11-21 12:26:41 PM [info]: Fetched undefined products successfully 
2025-11-21 12:26:41 PM [info]: Fetched undefined products successfully 
2025-11-21 12:26:41 PM [info]: Received GET request on /products/?page=1&limit=10 [IP: 182.156.141.17]
2025-11-21 12:26:41 PM [info]: Received GET request on /products/?page=2&limit=10 [IP: 182.156.141.17]
2025-11-21 12:26:41 PM [info]: Fetching all products 
2025-11-21 12:26:41 PM [info]: Fetching all products 
2025-11-21 12:26:41 PM [info]: Fetched undefined products successfully 
2025-11-21 12:26:41 PM [info]: Fetched undefined products successfully 
2025-11-21 12:26:41 PM [info]: Received GET request on /products/?page=2&limit=10 [IP: 182.156.141.17]
2025-11-21 12:26:41 PM [info]: Received GET request on /products/?page=1&limit=10 [IP: 182.156.141.17]
2025-11-21 12:26:41 PM [info]: Fetching all products 
2025-11-21 12:26:41 PM [info]: Fetching all products 
2025-11-21 12:26:41 PM [info]: Fetched undefined products successfully 
2025-11-21 12:26:41 PM [info]: Fetched undefined products successfully 
2025-11-21 12:26:41 PM [info]: Received GET request on /products/?page=1&limit=10 [IP: 182.156.141.17]
2025-11-21 12:26:41 PM [info]: Received GET request on /products/?page=2&limit=10 [IP: 182.156.141.17]
2025-11-21 12:26:41 PM [info]: Fetching all products 
2025-11-21 12:26:41 PM [info]: Fetching all products 
2025-11-21 12:26:41 PM [info]: Fetched undefined products successfully 
2025-11-21 12:26:41 PM [info]: Fetched undefined products successfully 
2025-11-21 12:26:41 PM [info]: Received GET request on /products/?page=1&limit=10 [IP: 182.156.141.17]
2025-11-21 12:26:41 PM [info]: Received GET request on /products/?page=2&limit=10 [IP: 182.156.141.17]
2025-11-21 12:26:41 PM [info]: Fetching all products 
2025-11-21 12:26:41 PM [info]: Fetching all products 
2025-11-21 12:26:41 PM [info]: Fetched undefined products successfully 
2025-11-21 12:26:41 PM [info]: Fetched undefined products successfully 
2025-11-21 12:26:42 PM [info]: Received GET request on /products/?page=1&limit=10 [IP: 182.156.141.17]
2025-11-21 12:26:42 PM [info]: Received GET request on /products/?page=2&limit=10 [IP: 182.156.141.17]
2025-11-21 12:26:42 PM [info]: Fetching all products 
2025-11-21 12:26:42 PM [info]: Fetching all products 
2025-11-21 12:26:42 PM [info]: Fetched undefined products successfully 
2025-11-21 12:26:42 PM [info]: Fetched undefined products successfully 
2025-11-21 12:26:42 PM [info]: Received GET request on /products/?page=2&limit=10 [IP: 182.156.141.17]
2025-11-21 12:26:42 PM [info]: Received GET request on /products/?page=1&limit=10 [IP: 182.156.141.17]
2025-11-21 12:26:42 PM [info]: Fetching all products 
2025-11-21 12:26:42 PM [info]: Fetching all products 
2025-11-21 12:26:42 PM [info]: Fetched undefined products successfully 
2025-11-21 12:26:42 PM [info]: Fetched undefined products successfully 
2025-11-21 12:26:42 PM [info]: Received GET request on /products/?page=2&limit=10 [IP: 182.156.141.17]
2025-11-21 12:26:42 PM [info]: Received GET request on /products/?page=1&limit=10 [IP: 182.156.141.17]
2025-11-21 12:26:42 PM [info]: Fetching all products 
2025-11-21 12:26:42 PM [info]: Fetching all products 
2025-11-21 12:26:42 PM [info]: Fetched undefined products successfully 
2025-11-21 12:26:42 PM [info]: Fetched undefined products successfully 
2025-11-21 12:26:42 PM [info]: Received GET request on /products/?page=2&limit=10 [IP: 182.156.141.17]
2025-11-21 12:26:42 PM [info]: Received GET request on /products/?page=1&limit=10 [IP: 182.156.141.17]
2025-11-21 12:26:42 PM [info]: Fetching all products 
2025-11-21 12:26:42 PM [info]: Fetching all products 
2025-11-21 12:26:42 PM [info]: Fetched undefined products successfully 
2025-11-21 12:26:42 PM [info]: Fetched undefined products successfully 
2025-11-21 12:26:42 PM [info]: Received GET request on /products/?page=2&limit=10 [IP: 182.156.141.17]
2025-11-21 12:26:42 PM [info]: Received GET request on /products/?page=1&limit=10 [IP: 182.156.141.17]
2025-11-21 12:26:42 PM [info]: Fetching all products 
2025-11-21 12:26:42 PM [info]: Fetching all products 
2025-11-21 12:26:42 PM [info]: Fetched undefined products successfully 
2025-11-21 12:26:42 PM [info]: Fetched undefined products successfully 
2025-11-21 12:26:42 PM [info]: Received GET request on /products/?page=2&limit=10 [IP: 182.156.141.17]
2025-11-21 12:26:42 PM [info]: Received GET request on /products/?page=1&limit=10 [IP: 182.156.141.17]
2025-11-21 12:26:42 PM [info]: Fetching all products 
2025-11-21 12:26:42 PM [info]: Fetching all products 
2025-11-21 12:26:44 PM [info]: Fetched undefined products successfully 
2025-11-21 12:26:44 PM [info]: Fetched undefined products successfully 
2025-11-21 12:28:16 PM [info]: Database connected successfully 
2025-11-21 12:28:16 PM [info]: 🚀 Server started on port 8003 
2025-11-21 12:28:16 PM [info]: 📡 SSE endpoint: http://localhost:8003/sse/notifications 
2025-11-21 12:28:16 PM [info]: 🧪 SSE test: http://localhost:8003/sse/test 
2025-11-21 12:29:31 PM [info]: Received GET request on /products/?page=1&limit=10 [IP: 182.156.141.17]
2025-11-21 12:29:31 PM [info]: Received GET request on /products/?page=2&limit=10 [IP: 182.156.141.17]
2025-11-21 12:29:31 PM [info]: Fetching all products 
2025-11-21 12:29:31 PM [info]: Fetching all products 
2025-11-21 12:29:31 PM [info]: Fetched undefined products successfully 
2025-11-21 12:29:31 PM [info]: Fetched undefined products successfully 
2025-11-21 12:29:32 PM [info]: Received GET request on /products/?page=2&limit=10 [IP: 182.156.141.17]
2025-11-21 12:29:32 PM [info]: Received GET request on /products/?page=1&limit=10 [IP: 182.156.141.17]
2025-11-21 12:29:32 PM [info]: Fetching all products 
2025-11-21 12:29:32 PM [info]: Fetching all products 
2025-11-21 12:29:32 PM [info]: Fetched undefined products successfully 
2025-11-21 12:29:32 PM [info]: Fetched undefined products successfully 
2025-11-21 12:29:32 PM [info]: Received GET request on /products/?page=2&limit=10 [IP: 182.156.141.17]
2025-11-21 12:29:32 PM [info]: Received GET request on /products/?page=1&limit=10 [IP: 182.156.141.17]
2025-11-21 12:29:32 PM [info]: Fetching all products 
2025-11-21 12:29:32 PM [info]: Fetching all products 
2025-11-21 12:29:32 PM [info]: Fetched undefined products successfully 
2025-11-21 12:29:32 PM [info]: Fetched undefined products successfully 
2025-11-21 12:29:32 PM [info]: Received GET request on /products/?page=1&limit=10 [IP: 182.156.141.17]
2025-11-21 12:29:32 PM [info]: Received GET request on /products/?page=2&limit=10 [IP: 182.156.141.17]
2025-11-21 12:29:32 PM [info]: Fetching all products 
2025-11-21 12:29:32 PM [info]: Fetching all products 
2025-11-21 12:29:32 PM [info]: Fetched undefined products successfully 
2025-11-21 12:29:32 PM [info]: Fetched undefined products successfully 
2025-11-21 12:29:32 PM [info]: Received GET request on /products/?page=1&limit=10 [IP: 182.156.141.17]
2025-11-21 12:29:32 PM [info]: Received GET request on /products/?page=2&limit=10 [IP: 182.156.141.17]
2025-11-21 12:29:32 PM [info]: Fetching all products 
2025-11-21 12:29:32 PM [info]: Fetching all products 
2025-11-21 12:29:32 PM [info]: Fetched undefined products successfully 
2025-11-21 12:29:32 PM [info]: Fetched undefined products successfully 
2025-11-21 12:29:32 PM [info]: Received GET request on /products/?page=1&limit=10 [IP: 182.156.141.17]
2025-11-21 12:29:32 PM [info]: Received GET request on /products/?page=2&limit=10 [IP: 182.156.141.17]
2025-11-21 12:29:32 PM [info]: Fetching all products 
2025-11-21 12:29:32 PM [info]: Fetching all products 
2025-11-21 12:29:32 PM [info]: Fetched undefined products successfully 
2025-11-21 12:29:32 PM [info]: Fetched undefined products successfully 
2025-11-21 12:29:32 PM [info]: Received GET request on /products/?page=1&limit=10 [IP: 182.156.141.17]
2025-11-21 12:29:32 PM [info]: Received GET request on /products/?page=2&limit=10 [IP: 182.156.141.17]
2025-11-21 12:29:32 PM [info]: Fetching all products 
2025-11-21 12:29:32 PM [info]: Fetching all products 
2025-11-21 12:29:32 PM [info]: Fetched undefined products successfully 
2025-11-21 12:29:32 PM [info]: Fetched undefined products successfully 
2025-11-21 12:29:32 PM [info]: Received GET request on /products/?page=1&limit=10 [IP: 182.156.141.17]
2025-11-21 12:29:32 PM [info]: Fetching all products 
2025-11-21 12:29:32 PM [info]: Fetched undefined products successfully 
2025-11-21 12:29:33 PM [info]: Received GET request on /products/?page=2&limit=10 [IP: 182.156.141.17]
2025-11-21 12:29:33 PM [info]: Fetching all products 
2025-11-21 12:29:33 PM [info]: Fetched undefined products successfully 
2025-11-21 12:29:33 PM [info]: Received GET request on /products/?page=1&limit=10 [IP: 182.156.141.17]
2025-11-21 12:29:33 PM [info]: Fetching all products 
2025-11-21 12:29:33 PM [info]: Fetched undefined products successfully 
2025-11-21 12:29:33 PM [info]: Received GET request on /products/?page=2&limit=10 [IP: 182.156.141.17]
2025-11-21 12:29:33 PM [info]: Fetching all products 
2025-11-21 12:29:33 PM [info]: Fetched undefined products successfully 
2025-11-21 12:29:33 PM [info]: Received GET request on /products/?page=1&limit=10 [IP: 182.156.141.17]
2025-11-21 12:29:33 PM [info]: Fetching all products 
2025-11-21 12:29:33 PM [info]: Received GET request on /products/?page=2&limit=10 [IP: 182.156.141.17]
2025-11-21 12:29:33 PM [info]: Fetched undefined products successfully 
2025-11-21 12:29:33 PM [info]: Fetching all products 
2025-11-21 12:29:33 PM [info]: Fetched undefined products successfully 
2025-11-21 12:29:33 PM [info]: Received GET request on /products/?page=2&limit=10 [IP: 182.156.141.17]
2025-11-21 12:29:33 PM [info]: Received GET request on /products/?page=1&limit=10 [IP: 182.156.141.17]
2025-11-21 12:29:34 PM [info]: Fetching all products 
2025-11-21 12:29:34 PM [info]: Fetching all products 
2025-11-21 12:29:34 PM [info]: Fetched undefined products successfully 
2025-11-21 12:29:34 PM [info]: Fetched undefined products successfully 
2025-11-21 12:30:46 PM [info]: Database connected successfully 
2025-11-21 12:30:46 PM [info]: 🚀 Server started on port 8003 
2025-11-21 12:30:46 PM [info]: 📡 SSE endpoint: http://localhost:8003/sse/notifications 
2025-11-21 12:30:46 PM [info]: 🧪 SSE test: http://localhost:8003/sse/test 
2025-11-21 12:30:58 PM [info]: Database connected successfully 
2025-11-21 12:30:58 PM [info]: 🚀 Server started on port 8003 
2025-11-21 12:30:58 PM [info]: 📡 SSE endpoint: http://localhost:8003/sse/notifications 
2025-11-21 12:30:58 PM [info]: 🧪 SSE test: http://localhost:8003/sse/test 
2025-11-21 12:31:21 PM [info]: Database connected successfully 
2025-11-21 12:31:22 PM [info]: 🚀 Server started on port 8003 
2025-11-21 12:31:22 PM [info]: 📡 SSE endpoint: http://localhost:8003/sse/notifications 
2025-11-21 12:31:22 PM [info]: 🧪 SSE test: http://localhost:8003/sse/test 
2025-11-21 12:33:25 PM [info]: Database connected successfully 
2025-11-21 12:33:25 PM [info]: 🚀 Server started on port 8003 
2025-11-21 12:33:25 PM [info]: 📡 SSE endpoint: http://localhost:8003/sse/notifications 
2025-11-21 12:33:25 PM [info]: 🧪 SSE test: http://localhost:8003/sse/test 
2025-11-21 12:34:11 PM [info]: Database connected successfully 
2025-11-21 12:34:11 PM [info]: 🚀 Server started on port 8003 
2025-11-21 12:34:11 PM [info]: 📡 SSE endpoint: http://localhost:8003/sse/notifications 
2025-11-21 12:34:11 PM [info]: 🧪 SSE test: http://localhost:8003/sse/test 
2025-11-21 12:38:31 PM [info]: Database connected successfully 
2025-11-21 12:38:31 PM [info]: 🚀 Server started on port 8003 
2025-11-21 12:38:31 PM [info]: 📡 SSE endpoint: http://localhost:8003/sse/notifications 
2025-11-21 12:38:31 PM [info]: 🧪 SSE test: http://localhost:8003/sse/test 
2025-11-21 12:40:29 PM [info]: Received GET request on /socket.io/?EIO=4&transport=websocket [IP: 182.156.141.17]
2025-11-21 12:40:29 PM [info]: Received GET request on /employee/all/partial [IP: 182.156.141.17]
2025-11-21 12:40:29 PM [info]: Employee Getting successfully 
2025-11-21 12:40:29 PM [info]: Received GET request on /deliveryChallan/challanNos/getAllChallanNo [IP: 182.156.141.17]
2025-11-21 12:40:29 PM [info]: Received GET request on /products/?page=1&limit=10 [IP: 182.156.141.17]
2025-11-21 12:40:29 PM [info]: Fetching all Delivery Challan numbers 
2025-11-21 12:40:29 PM [info]: Fetching all products 
2025-11-21 12:40:29 PM [info]: Successfully fetched all Delivery Challan numbers 
2025-11-21 12:40:29 PM [info]: Fetched undefined products successfully 
2025-11-21 12:40:30 PM [info]: Received GET request on /socket.io/?EIO=4&transport=websocket [IP: 182.156.141.17]
2025-11-21 12:40:33 PM [info]: Received GET request on /socket.io/?EIO=4&transport=websocket [IP: 182.156.141.17]
2025-11-21 12:40:37 PM [info]: Received GET request on /socket.io/?EIO=4&transport=websocket [IP: 182.156.141.17]
2025-11-21 12:40:37 PM [info]: Received GET request on /employee/all/partial [IP: 182.156.141.17]
2025-11-21 12:40:37 PM [info]: Received GET request on /products/?page=1&limit=10 [IP: 182.156.141.17]
2025-11-21 12:40:38 PM [info]: Received GET request on /deliveryChallan/challanNos/getAllChallanNo [IP: 182.156.141.17]
2025-11-21 12:40:38 PM [info]: Fetching all products 
2025-11-21 12:40:38 PM [info]: Fetching all Delivery Challan numbers 
2025-11-21 12:40:38 PM [info]: Employee Getting successfully 
2025-11-21 12:40:38 PM [info]: Successfully fetched all Delivery Challan numbers 
2025-11-21 12:40:38 PM [info]: Fetched undefined products successfully 
2025-11-21 12:40:41 PM [info]: Received GET request on /socket.io/?EIO=4&transport=websocket [IP: 182.156.141.17]
2025-11-21 12:40:44 PM [info]: Received GET request on /socket.io/?EIO=4&transport=websocket [IP: 182.156.141.17]
2025-11-21 12:40:47 PM [info]: Received GET request on /socket.io/?EIO=4&transport=websocket [IP: 182.156.141.17]
2025-11-21 12:40:52 PM [info]: Received GET request on /socket.io/?EIO=4&transport=websocket [IP: 182.156.141.17]
2025-11-21 12:40:53 PM [info]: Received GET request on /products/?page=2&limit=10 [IP: 182.156.141.17]
2025-11-21 12:40:53 PM [info]: Fetching all products 
2025-11-21 12:40:53 PM [info]: Fetched undefined products successfully 
2025-11-21 12:40:58 PM [info]: Received GET request on /socket.io/?EIO=4&transport=websocket [IP: 182.156.141.17]
2025-11-21 12:41:23 PM [info]: Database connected successfully 
2025-11-21 12:41:23 PM [info]: 🚀 Server started on port 8003 
2025-11-21 12:41:23 PM [info]: 📡 SSE endpoint: http://localhost:8003/sse/notifications 
2025-11-21 12:41:23 PM [info]: 🧪 SSE test: http://localhost:8003/sse/test 
2025-11-21 12:43:51 PM [info]: Database connected successfully 
2025-11-21 12:43:52 PM [info]: 🚀 Server started on port 8003 
2025-11-21 12:43:52 PM [info]: 📡 SSE endpoint: http://localhost:8003/sse/notifications 
2025-11-21 12:43:52 PM [info]: 🧪 SSE test: http://localhost:8003/sse/test 
2025-11-21 12:44:08 PM [info]: Database connected successfully 
2025-11-21 12:44:08 PM [info]: 🚀 Server started on port 8003 
2025-11-21 12:44:08 PM [info]: 📡 SSE endpoint: http://localhost:8003/sse/notifications 
2025-11-21 12:44:08 PM [info]: 🧪 SSE test: http://localhost:8003/sse/test 
2025-11-21 12:47:00 PM [info]: Received GET request on /socket.io/?EIO=4&transport=websocket [IP: 182.156.141.17]
2025-11-21 12:47:00 PM [info]: Received GET request on /deliveryChallan/challanNos/getAllChallanNo [IP: 182.156.141.17]
2025-11-21 12:47:00 PM [info]: Fetching all Delivery Challan numbers 
2025-11-21 12:47:00 PM [info]: Successfully fetched all Delivery Challan numbers 
2025-11-21 12:47:01 PM [info]: Received GET request on /socket.io/?EIO=4&transport=websocket [IP: 182.156.141.17]
2025-11-21 12:47:02 PM [info]: Received GET request on /products/?page=1&limit=10 [IP: 182.156.141.17]
2025-11-21 12:47:02 PM [info]: Received GET request on /employee/all/partial [IP: 182.156.141.17]
2025-11-21 12:47:02 PM [info]: Fetching all products 
2025-11-21 12:47:02 PM [info]: Employee Getting successfully 
2025-11-21 12:47:02 PM [info]: Fetched undefined products successfully 
2025-11-21 12:47:03 PM [info]: Received GET request on /socket.io/?EIO=4&transport=websocket [IP: 182.156.141.17]
2025-11-21 12:47:05 PM [info]: Received GET request on /socket.io/?EIO=4&transport=websocket [IP: 182.156.141.17]
2025-11-21 12:47:06 PM [info]: Received GET request on /products/?page=2&limit=10 [IP: 182.156.141.17]
2025-11-21 12:47:06 PM [info]: Fetching all products 
2025-11-21 12:47:06 PM [info]: Fetched undefined products successfully 
2025-11-21 12:47:06 PM [info]: Received GET request on /products/?page=1&limit=10 [IP: 182.156.141.17]
2025-11-21 12:47:06 PM [info]: Fetching all products 
2025-11-21 12:47:06 PM [info]: Fetched undefined products successfully 
2025-11-21 12:47:06 PM [info]: Received GET request on /products/?page=2&limit=10 [IP: 182.156.141.17]
2025-11-21 12:47:06 PM [info]: Fetching all products 
2025-11-21 12:47:07 PM [info]: Fetched undefined products successfully 
2025-11-21 12:47:07 PM [info]: Received GET request on /products/?page=1&limit=10 [IP: 182.156.141.17]
2025-11-21 12:47:07 PM [info]: Fetching all products 
2025-11-21 12:47:07 PM [info]: Fetched undefined products successfully 
2025-11-21 12:47:07 PM [info]: Received GET request on /products/?page=2&limit=10 [IP: 182.156.141.17]
2025-11-21 12:47:07 PM [info]: Fetching all products 
2025-11-21 12:47:07 PM [info]: Fetched undefined products successfully 
2025-11-21 12:47:07 PM [info]: Received GET request on /products/?page=1&limit=10 [IP: 182.156.141.17]
2025-11-21 12:47:07 PM [info]: Received GET request on /products/?page=2&limit=10 [IP: 182.156.141.17]
2025-11-21 12:47:09 PM [info]: Fetching all products 
2025-11-21 12:47:09 PM [info]: Fetching all products 
2025-11-21 12:47:09 PM [info]: Fetched undefined products successfully 
2025-11-21 12:47:09 PM [info]: Fetched undefined products successfully 
2025-11-21 12:47:09 PM [info]: Received GET request on /products/?page=2&limit=10 [IP: 182.156.141.17]
2025-11-21 12:47:09 PM [info]: Received GET request on /products/?page=1&limit=10 [IP: 182.156.141.17]
2025-11-21 12:47:10 PM [info]: Fetching all products 
2025-11-21 12:47:10 PM [info]: Fetching all products 
2025-11-21 12:47:10 PM [info]: Fetched undefined products successfully 
2025-11-21 12:47:10 PM [info]: Fetched undefined products successfully 
2025-11-21 12:47:10 PM [info]: Received GET request on /products/?page=2&limit=10 [IP: 182.156.141.17]
2025-11-21 12:47:10 PM [info]: Received GET request on /products/?page=1&limit=10 [IP: 182.156.141.17]
2025-11-21 12:47:10 PM [info]: Fetching all products 
2025-11-21 12:47:10 PM [info]: Fetching all products 
2025-11-21 12:47:10 PM [info]: Fetched undefined products successfully 
2025-11-21 12:47:10 PM [info]: Fetched undefined products successfully 
2025-11-21 12:47:10 PM [info]: Received GET request on /products/?page=2&limit=10 [IP: 182.156.141.17]
2025-11-21 12:47:10 PM [info]: Fetching all products 
2025-11-21 12:47:10 PM [info]: Fetched undefined products successfully 
2025-11-21 12:47:10 PM [info]: Received GET request on /products/?page=1&limit=10 [IP: 182.156.141.17]
2025-11-21 12:47:10 PM [info]: Fetching all products 
2025-11-21 12:47:10 PM [info]: Fetched undefined products successfully 
2025-11-21 12:47:10 PM [info]: Received GET request on /products/?page=2&limit=10 [IP: 182.156.141.17]
2025-11-21 12:47:10 PM [info]: Fetching all products 
2025-11-21 12:47:10 PM [info]: Fetched undefined products successfully 
2025-11-21 12:47:10 PM [info]: Received GET request on /socket.io/?EIO=4&transport=websocket [IP: 182.156.141.17]
2025-11-21 12:47:16 PM [info]: Received GET request on /socket.io/?EIO=4&transport=websocket [IP: 182.156.141.17]
2025-11-21 12:47:39 PM [info]: Database connected successfully 
2025-11-21 12:47:40 PM [info]: 🚀 Server started on port 8003 
2025-11-21 12:47:40 PM [info]: 📡 SSE endpoint: http://localhost:8003/sse/notifications 
2025-11-21 12:47:40 PM [info]: 🧪 SSE test: http://localhost:8003/sse/test 
2025-11-21 12:47:44 PM [info]: Received GET request on /socket.io/?EIO=4&transport=websocket [IP: 182.156.141.17]
2025-11-21 12:47:49 PM [info]: Received GET request on /socket.io/?EIO=4&transport=websocket [IP: 182.156.141.17]
2025-11-21 12:48:01 PM [info]: Received GET request on /socket.io/?EIO=4&transport=websocket [IP: 182.156.141.17]
2025-11-21 12:48:01 PM [info]: Received GET request on /employee/all/partial [IP: 182.156.141.17]
2025-11-21 12:48:01 PM [info]: Received GET request on /products/?page=1&limit=10 [IP: 182.156.141.17]
2025-11-21 12:48:01 PM [info]: Received GET request on /deliveryChallan/challanNos/getAllChallanNo [IP: 182.156.141.17]
2025-11-21 12:48:01 PM [info]: Fetching all products 
2025-11-21 12:48:01 PM [info]: Fetching all Delivery Challan numbers 
2025-11-21 12:48:01 PM [info]: Successfully fetched all Delivery Challan numbers 
2025-11-21 12:48:01 PM [info]: Employee Getting successfully 
2025-11-21 12:48:01 PM [info]: Fetched undefined products successfully 
2025-11-21 12:48:03 PM [info]: Received GET request on /socket.io/?EIO=4&transport=websocket [IP: 182.156.141.17]
2025-11-21 12:48:04 PM [info]: Received GET request on /socket.io/?EIO=4&transport=websocket [IP: 182.156.141.17]
2025-11-21 12:48:09 PM [info]: Received GET request on /socket.io/?EIO=4&transport=websocket [IP: 182.156.141.17]
2025-11-21 12:48:14 PM [info]: Received GET request on /socket.io/?EIO=4&transport=websocket [IP: 182.156.141.17]
2025-11-21 12:48:17 PM [info]: Received GET request on /products/?page=2&limit=10 [IP: 182.156.141.17]
2025-11-21 12:48:17 PM [info]: Fetching all products 
2025-11-21 12:48:17 PM [info]: Fetched undefined products successfully 
2025-11-21 12:48:17 PM [info]: Received GET request on /products/?page=1&limit=10 [IP: 182.156.141.17]
2025-11-21 12:48:17 PM [info]: Fetching all products 
2025-11-21 12:48:17 PM [info]: Fetched undefined products successfully 
2025-11-21 12:48:17 PM [info]: Received GET request on /products/?page=2&limit=10 [IP: 182.156.141.17]
2025-11-21 12:48:17 PM [info]: Fetching all products 
2025-11-21 12:48:17 PM [info]: Fetched undefined products successfully 
2025-11-21 12:48:17 PM [info]: Received GET request on /products/?page=1&limit=10 [IP: 182.156.141.17]
2025-11-21 12:48:17 PM [info]: Fetching all products 
2025-11-21 12:48:17 PM [info]: Fetched undefined products successfully 
2025-11-21 12:48:17 PM [info]: Received GET request on /products/?page=2&limit=10 [IP: 182.156.141.17]
2025-11-21 12:48:17 PM [info]: Fetching all products 
2025-11-21 12:48:17 PM [info]: Fetched undefined products successfully 
2025-11-21 12:48:18 PM [info]: Received GET request on /products/?page=1&limit=10 [IP: 182.156.141.17]
2025-11-21 12:48:18 PM [info]: Fetching all products 
2025-11-21 12:48:18 PM [info]: Fetched undefined products successfully 
2025-11-21 12:48:18 PM [info]: Received GET request on /products/?page=2&limit=10 [IP: 182.156.141.17]
2025-11-21 12:48:18 PM [info]: Fetching all products 
2025-11-21 12:48:18 PM [info]: Fetched undefined products successfully 
2025-11-21 12:48:18 PM [info]: Received GET request on /products/?page=1&limit=10 [IP: 182.156.141.17]
2025-11-21 12:48:18 PM [info]: Fetching all products 
2025-11-21 12:48:18 PM [info]: Fetched undefined products successfully 
2025-11-21 12:48:18 PM [info]: Received GET request on /products/?page=2&limit=10 [IP: 182.156.141.17]
2025-11-21 12:48:18 PM [info]: Fetching all products 
2025-11-21 12:48:18 PM [info]: Fetched undefined products successfully 
2025-11-21 12:48:18 PM [info]: Received GET request on /products/?page=2&limit=10 [IP: 182.156.141.17]
2025-11-21 12:48:18 PM [info]: Received GET request on /products/?page=1&limit=10 [IP: 182.156.141.17]
2025-11-21 12:48:18 PM [info]: Fetching all products 
2025-11-21 12:48:18 PM [info]: Fetching all products 
2025-11-21 12:48:18 PM [info]: Fetched undefined products successfully 
2025-11-21 12:48:18 PM [info]: Fetched undefined products successfully 
2025-11-21 12:48:18 PM [info]: Received GET request on /products/?page=1&limit=10 [IP: 182.156.141.17]
2025-11-21 12:48:18 PM [info]: Received GET request on /products/?page=2&limit=10 [IP: 182.156.141.17]
2025-11-21 12:48:18 PM [info]: Fetching all products 
2025-11-21 12:48:18 PM [info]: Fetching all products 
2025-11-21 12:48:18 PM [info]: Fetched undefined products successfully 
2025-11-21 12:48:18 PM [info]: Fetched undefined products successfully 
2025-11-21 12:48:18 PM [info]: Received GET request on /products/?page=2&limit=10 [IP: 182.156.141.17]
2025-11-21 12:48:18 PM [info]: Received GET request on /products/?page=1&limit=10 [IP: 182.156.141.17]
2025-11-21 12:48:18 PM [info]: Fetching all products 
2025-11-21 12:48:18 PM [info]: Fetching all products 
2025-11-21 12:48:19 PM [info]: Fetched undefined products successfully 
2025-11-21 12:48:19 PM [info]: Fetched undefined products successfully 
2025-11-21 12:48:19 PM [info]: Received GET request on /products/?page=1&limit=10 [IP: 182.156.141.17]
2025-11-21 12:48:19 PM [info]: Received GET request on /products/?page=2&limit=10 [IP: 182.156.141.17]
2025-11-21 12:48:19 PM [info]: Fetching all products 
2025-11-21 12:48:19 PM [info]: Fetching all products 
2025-11-21 12:48:19 PM [info]: Fetched undefined products successfully 
2025-11-21 12:48:19 PM [info]: Fetched undefined products successfully 
2025-11-21 12:48:19 PM [info]: Received GET request on /socket.io/?EIO=4&transport=websocket [IP: 182.156.141.17]
2025-11-21 12:48:57 PM [info]: Database connected successfully 
2025-11-21 12:48:58 PM [info]: 🚀 Server started on port 8003 
2025-11-21 12:48:58 PM [info]: 📡 SSE endpoint: http://localhost:8003/sse/notifications 
2025-11-21 12:48:58 PM [info]: 🧪 SSE test: http://localhost:8003/sse/test 
2025-11-21 12:49:03 PM [info]: Received GET request on /inventoryStock/endoftheday/eod-report?startDate=2025-11-18&endDate=2025-11-18 [IP: ::1]
2025-11-21 12:49:04 PM [info]: Fetching End of Day Report... 
2025-11-21 12:49:04 PM [error]: Error fetching End of Day Report: Relation with property path partyName in entity was not found. 
2025-11-21 12:49:04 PM [error]: Unhandled Error: Relation with property path partyName in entity was not found. 
2025-11-21 12:50:14 PM [info]: Database connected successfully 
2025-11-21 12:50:14 PM [info]: 🚀 Server started on port 8003 
2025-11-21 12:50:14 PM [info]: 📡 SSE endpoint: http://localhost:8003/sse/notifications 
2025-11-21 12:50:14 PM [info]: 🧪 SSE test: http://localhost:8003/sse/test 
2025-11-21 12:50:59 PM [info]: Database connected successfully 
2025-11-21 12:50:59 PM [info]: 🚀 Server started on port 8003 
2025-11-21 12:50:59 PM [info]: 📡 SSE endpoint: http://localhost:8003/sse/notifications 
2025-11-21 12:50:59 PM [info]: 🧪 SSE test: http://localhost:8003/sse/test 
2025-11-21 12:51:20 PM [info]: Database connected successfully 
2025-11-21 12:51:20 PM [info]: 🚀 Server started on port 8003 
2025-11-21 12:51:20 PM [info]: 📡 SSE endpoint: http://localhost:8003/sse/notifications 
2025-11-21 12:51:20 PM [info]: 🧪 SSE test: http://localhost:8003/sse/test 
2025-11-21 12:51:24 PM [info]: Received GET request on /employee/all/partial [IP: 182.156.141.17]
2025-11-21 12:51:24 PM [info]: Employee Getting successfully 
2025-11-21 12:51:26 PM [info]: Received GET request on /socket.io/?EIO=4&transport=websocket [IP: 182.156.141.17]
2025-11-21 12:51:26 PM [info]: Received GET request on /products/?page=1&limit=10 [IP: 182.156.141.17]
2025-11-21 12:51:26 PM [info]: Received GET request on /deliveryChallan/challanNos/getAllChallanNo [IP: 182.156.141.17]
2025-11-21 12:51:26 PM [info]: Fetching all products 
2025-11-21 12:51:26 PM [info]: Fetching all Delivery Challan numbers 
2025-11-21 12:51:26 PM [info]: Successfully fetched all Delivery Challan numbers 
2025-11-21 12:51:26 PM [info]: Fetched undefined products successfully 
2025-11-21 12:51:27 PM [info]: Received GET request on /socket.io/?EIO=4&transport=websocket [IP: 182.156.141.17]
2025-11-21 12:51:30 PM [info]: Received GET request on /socket.io/?EIO=4&transport=websocket [IP: 182.156.141.17]
2025-11-21 12:51:34 PM [info]: Received GET request on /socket.io/?EIO=4&transport=websocket [IP: 182.156.141.17]
2025-11-21 12:51:36 PM [info]: Received GET request on /products/?page=2&limit=10 [IP: 182.156.141.17]
2025-11-21 12:51:36 PM [info]: Fetching all products 
2025-11-21 12:51:36 PM [info]: Fetched undefined products successfully 
2025-11-21 12:51:36 PM [info]: Received GET request on /products/?page=1&limit=10 [IP: 182.156.141.17]
2025-11-21 12:51:36 PM [info]: Fetching all products 
2025-11-21 12:51:36 PM [info]: Fetched undefined products successfully 
2025-11-21 12:51:36 PM [info]: Received GET request on /products/?page=2&limit=10 [IP: 182.156.141.17]
2025-11-21 12:51:36 PM [info]: Fetching all products 
2025-11-21 12:51:36 PM [info]: Fetched undefined products successfully 
2025-11-21 12:51:36 PM [info]: Received GET request on /products/?page=1&limit=10 [IP: 182.156.141.17]
2025-11-21 12:51:36 PM [info]: Fetching all products 
2025-11-21 12:51:36 PM [info]: Fetched undefined products successfully 
2025-11-21 12:51:37 PM [info]: Received GET request on /products/?page=2&limit=10 [IP: 182.156.141.17]
2025-11-21 12:51:37 PM [info]: Fetching all products 
2025-11-21 12:51:37 PM [info]: Fetched undefined products successfully 
2025-11-21 12:51:37 PM [info]: Received GET request on /products/?page=1&limit=10 [IP: 182.156.141.17]
2025-11-21 12:51:37 PM [info]: Fetching all products 
2025-11-21 12:51:37 PM [info]: Fetched undefined products successfully 
2025-11-21 12:51:37 PM [info]: Received GET request on /products/?page=2&limit=10 [IP: 182.156.141.17]
2025-11-21 12:51:37 PM [info]: Fetching all products 
2025-11-21 12:51:37 PM [info]: Fetched undefined products successfully 
2025-11-21 12:51:37 PM [info]: Received GET request on /products/?page=1&limit=10 [IP: 182.156.141.17]
2025-11-21 12:51:37 PM [info]: Received GET request on /products/?page=2&limit=10 [IP: 182.156.141.17]
2025-11-21 12:51:37 PM [info]: Fetching all products 
2025-11-21 12:51:37 PM [info]: Fetching all products 
2025-11-21 12:51:37 PM [info]: Fetched undefined products successfully 
2025-11-21 12:51:37 PM [info]: Fetched undefined products successfully 
2025-11-21 12:51:37 PM [info]: Received GET request on /products/?page=2&limit=10 [IP: 182.156.141.17]
2025-11-21 12:51:37 PM [info]: Received GET request on /products/?page=1&limit=10 [IP: 182.156.141.17]
2025-11-21 12:51:37 PM [info]: Fetching all products 
2025-11-21 12:51:37 PM [info]: Fetching all products 
2025-11-21 12:51:37 PM [info]: Fetched undefined products successfully 
2025-11-21 12:51:37 PM [info]: Fetched undefined products successfully 
2025-11-21 12:51:37 PM [info]: Received GET request on /products/?page=2&limit=10 [IP: 182.156.141.17]
2025-11-21 12:51:37 PM [info]: Received GET request on /products/?page=1&limit=10 [IP: 182.156.141.17]
2025-11-21 12:51:37 PM [info]: Fetching all products 
2025-11-21 12:51:39 PM [info]: Fetching all products 
2025-11-21 12:51:39 PM [info]: Fetched undefined products successfully 
2025-11-21 12:51:39 PM [info]: Fetched undefined products successfully 
2025-11-21 12:51:39 PM [info]: Received GET request on /socket.io/?EIO=4&transport=websocket [IP: 182.156.141.17]
2025-11-21 12:51:40 PM [info]: Received GET request on /products/?page=1&limit=10 [IP: 182.156.141.17]
2025-11-21 12:51:40 PM [info]: Received GET request on /products/?page=2&limit=10 [IP: 182.156.141.17]
2025-11-21 12:51:40 PM [info]: Fetching all products 
2025-11-21 12:51:40 PM [info]: Fetching all products 
2025-11-21 12:51:40 PM [info]: Fetched undefined products successfully 
2025-11-21 12:51:40 PM [info]: Fetched undefined products successfully 
2025-11-21 12:51:40 PM [info]: Received GET request on /products/?page=1&limit=10 [IP: 182.156.141.17]
2025-11-21 12:51:40 PM [info]: Received GET request on /products/?page=2&limit=10 [IP: 182.156.141.17]
2025-11-21 12:51:40 PM [info]: Fetching all products 
2025-11-21 12:51:40 PM [info]: Fetching all products 
2025-11-21 12:51:40 PM [info]: Fetched undefined products successfully 
2025-11-21 12:51:40 PM [info]: Fetched undefined products successfully 
2025-11-21 12:51:40 PM [info]: Received GET request on /products/?page=1&limit=10 [IP: 182.156.141.17]
2025-11-21 12:51:40 PM [info]: Received GET request on /products/?page=2&limit=10 [IP: 182.156.141.17]
2025-11-21 12:51:40 PM [info]: Fetching all products 
2025-11-21 12:51:40 PM [info]: Fetching all products 
2025-11-21 12:51:40 PM [info]: Fetched undefined products successfully 
2025-11-21 12:51:40 PM [info]: Fetched undefined products successfully 
2025-11-21 12:51:40 PM [info]: Received GET request on /products/?page=2&limit=10 [IP: 182.156.141.17]
2025-11-21 12:51:40 PM [info]: Received GET request on /products/?page=1&limit=10 [IP: 182.156.141.17]
2025-11-21 12:51:40 PM [info]: Fetching all products 
2025-11-21 12:51:40 PM [info]: Fetching all products 
2025-11-21 12:51:40 PM [info]: Fetched undefined products successfully 
2025-11-21 12:51:40 PM [info]: Fetched undefined products successfully 
2025-11-21 12:51:42 PM [info]: Received GET request on /products/?page=1&limit=10 [IP: 182.156.141.17]
2025-11-21 12:51:42 PM [info]: Received GET request on /products/?page=2&limit=10 [IP: 182.156.141.17]
2025-11-21 12:51:42 PM [info]: Fetching all products 
2025-11-21 12:51:42 PM [info]: Fetching all products 
2025-11-21 12:51:42 PM [info]: Fetched undefined products successfully 
2025-11-21 12:51:42 PM [info]: Fetched undefined products successfully 
2025-11-21 12:51:45 PM [info]: Received GET request on /socket.io/?EIO=4&transport=websocket [IP: 182.156.141.17]
2025-11-21 12:52:49 PM [info]: Database connected successfully 
2025-11-21 12:52:49 PM [info]: 🚀 Server started on port 8003 
2025-11-21 12:52:49 PM [info]: 📡 SSE endpoint: http://localhost:8003/sse/notifications 
2025-11-21 12:52:49 PM [info]: 🧪 SSE test: http://localhost:8003/sse/test 
2025-11-21 12:53:29 PM [info]: Received GET request on /inventoryStock/endoftheday/eod-report?startDate=2025-11-18&endDate=2025-11-18 [IP: ::1]
2025-11-21 12:53:29 PM [info]: Fetching End of Day Report... 
2025-11-21 12:53:30 PM [error]: Error fetching End of Day Report: column invoice.taxamount does not exist 
2025-11-21 12:53:30 PM [error]: Unhandled Error: column invoice.taxamount does not exist 
2025-11-21 12:54:45 PM [info]: Database connected successfully 
2025-11-21 12:54:45 PM [info]: 🚀 Server started on port 8003 
2025-11-21 12:54:45 PM [info]: 📡 SSE endpoint: http://localhost:8003/sse/notifications 
2025-11-21 12:54:45 PM [info]: 🧪 SSE test: http://localhost:8003/sse/test 
2025-11-21 12:55:06 PM [info]: Database connected successfully 
2025-11-21 12:55:06 PM [info]: 🚀 Server started on port 8003 
2025-11-21 12:55:06 PM [info]: 📡 SSE endpoint: http://localhost:8003/sse/notifications 
2025-11-21 12:55:06 PM [info]: 🧪 SSE test: http://localhost:8003/sse/test 
2025-11-21 12:55:21 PM [info]: Received GET request on /inventoryStock/endoftheday/eod-report?startDate=2025-11-18&endDate=2025-11-18 [IP: ::1]
2025-11-21 12:55:21 PM [info]: Fetching End of Day Report... 
2025-11-21 12:55:22 PM [info]: End of Day Report fetched successfully 
2025-11-21 12:59:02 PM [info]: Database connected successfully 
2025-11-21 12:59:02 PM [info]: 🚀 Server started on port 8003 
2025-11-21 12:59:02 PM [info]: 📡 SSE endpoint: http://localhost:8003/sse/notifications 
2025-11-21 12:59:02 PM [info]: 🧪 SSE test: http://localhost:8003/sse/test 
2025-11-21 12:59:34 PM [info]: Received GET request on /products/?page=1&limit=10 [IP: 182.156.141.17]
2025-11-21 12:59:34 PM [info]: Received GET request on /employee/all/partial [IP: 182.156.141.17]
2025-11-21 12:59:34 PM [info]: Received GET request on /deliveryChallan/challanNos/getAllChallanNo [IP: 182.156.141.17]
2025-11-21 12:59:34 PM [info]: Fetching all products 
2025-11-21 12:59:34 PM [info]: Fetching all Delivery Challan numbers 
2025-11-21 12:59:34 PM [info]: Successfully fetched all Delivery Challan numbers 
2025-11-21 12:59:34 PM [info]: Employee Getting successfully 
2025-11-21 12:59:34 PM [info]: Fetched undefined products successfully 
2025-11-21 12:59:35 PM [info]: Received GET request on /socket.io/?EIO=4&transport=websocket [IP: 182.156.141.17]
2025-11-21 12:59:36 PM [info]: Received GET request on /socket.io/?EIO=4&transport=websocket [IP: 182.156.141.17]
2025-11-21 12:59:38 PM [info]: Received GET request on /socket.io/?EIO=4&transport=websocket [IP: 182.156.141.17]
2025-11-21 12:59:43 PM [info]: Received GET request on /socket.io/?EIO=4&transport=websocket [IP: 182.156.141.17]
2025-11-21 12:59:44 PM [info]: Received GET request on /deliveryChallan/challanNos/getAllChallanNo [IP: 182.156.141.17]
2025-11-21 12:59:44 PM [info]: Received GET request on /employee/all/partial [IP: 182.156.141.17]
2025-11-21 12:59:44 PM [info]: Fetching all Delivery Challan numbers 
2025-11-21 12:59:44 PM [info]: Received GET request on /products/?page=1&limit=10 [IP: 182.156.141.17]
2025-11-21 12:59:44 PM [info]: Successfully fetched all Delivery Challan numbers 
2025-11-21 12:59:44 PM [info]: Fetching all products 
2025-11-21 12:59:44 PM [info]: Employee Getting successfully 
2025-11-21 12:59:44 PM [info]: Fetched undefined products successfully 
2025-11-21 12:59:45 PM [info]: Received GET request on /socket.io/?EIO=4&transport=websocket [IP: 182.156.141.17]
2025-11-21 12:59:47 PM [info]: Received GET request on /socket.io/?EIO=4&transport=websocket [IP: 182.156.141.17]
2025-11-21 12:59:51 PM [info]: Received GET request on /socket.io/?EIO=4&transport=websocket [IP: 182.156.141.17]
2025-11-21 12:59:53 PM [info]: Received GET request on /products/?page=2&limit=10 [IP: 182.156.141.17]
2025-11-21 12:59:53 PM [info]: Fetching all products 
2025-11-21 12:59:53 PM [info]: Fetched undefined products successfully 
2025-11-21 12:59:53 PM [info]: Received GET request on /products/?page=1&limit=10 [IP: 182.156.141.17]
2025-11-21 12:59:53 PM [info]: Received GET request on /products/?page=2&limit=10 [IP: 182.156.141.17]
2025-11-21 12:59:53 PM [info]: Fetching all products 
2025-11-21 12:59:53 PM [info]: Fetching all products 
2025-11-21 12:59:53 PM [info]: Fetched undefined products successfully 
2025-11-21 12:59:53 PM [info]: Fetched undefined products successfully 
2025-11-21 12:59:54 PM [info]: Received GET request on /products/?page=2&limit=10 [IP: 182.156.141.17]
2025-11-21 12:59:54 PM [info]: Received GET request on /products/?page=1&limit=10 [IP: 182.156.141.17]
2025-11-21 12:59:54 PM [info]: Fetching all products 
2025-11-21 12:59:54 PM [info]: Fetching all products 
2025-11-21 12:59:54 PM [info]: Fetched undefined products successfully 
2025-11-21 12:59:54 PM [info]: Fetched undefined products successfully 
2025-11-21 12:59:54 PM [info]: Received GET request on /products/?page=2&limit=10 [IP: 182.156.141.17]
2025-11-21 12:59:54 PM [info]: Received GET request on /products/?page=1&limit=10 [IP: 182.156.141.17]
2025-11-21 12:59:54 PM [info]: Fetching all products 
2025-11-21 12:59:54 PM [info]: Fetching all products 
2025-11-21 12:59:54 PM [info]: Fetched undefined products successfully 
2025-11-21 12:59:54 PM [info]: Fetched undefined products successfully 
2025-11-21 12:59:54 PM [info]: Received GET request on /products/?page=1&limit=10 [IP: 182.156.141.17]
2025-11-21 12:59:54 PM [info]: Received GET request on /products/?page=2&limit=10 [IP: 182.156.141.17]
2025-11-21 12:59:54 PM [info]: Fetching all products 
2025-11-21 12:59:54 PM [info]: Fetching all products 
2025-11-21 12:59:54 PM [info]: Fetched undefined products successfully 
2025-11-21 12:59:54 PM [info]: Fetched undefined products successfully 
2025-11-21 12:59:54 PM [info]: Received GET request on /products/?page=1&limit=10 [IP: 182.156.141.17]
2025-11-21 12:59:54 PM [info]: Received GET request on /products/?page=2&limit=10 [IP: 182.156.141.17]
2025-11-21 12:59:54 PM [info]: Fetching all products 
2025-11-21 12:59:54 PM [info]: Fetching all products 
2025-11-21 12:59:54 PM [info]: Fetched undefined products successfully 
2025-11-21 12:59:54 PM [info]: Fetched undefined products successfully 
2025-11-21 12:59:55 PM [info]: Received GET request on /products/?page=2&limit=10 [IP: 182.156.141.17]
2025-11-21 12:59:55 PM [info]: Received GET request on /products/?page=1&limit=10 [IP: 182.156.141.17]
2025-11-21 12:59:55 PM [info]: Fetching all products 
2025-11-21 12:59:55 PM [info]: Fetching all products 
2025-11-21 12:59:55 PM [info]: Fetched undefined products successfully 
2025-11-21 12:59:55 PM [info]: Fetched undefined products successfully 
2025-11-21 12:59:55 PM [info]: Received GET request on /products/?page=1&limit=10 [IP: 182.156.141.17]
2025-11-21 12:59:55 PM [info]: Received GET request on /products/?page=2&limit=10 [IP: 182.156.141.17]
2025-11-21 12:59:55 PM [info]: Fetching all products 
2025-11-21 12:59:55 PM [info]: Fetching all products 
2025-11-21 12:59:55 PM [info]: Fetched undefined products successfully 
2025-11-21 12:59:55 PM [info]: Fetched undefined products successfully 
2025-11-21 12:59:55 PM [info]: Received GET request on /products/?page=1&limit=10 [IP: 182.156.141.17]
2025-11-21 12:59:55 PM [info]: Received GET request on /products/?page=2&limit=10 [IP: 182.156.141.17]
2025-11-21 12:59:55 PM [info]: Fetching all products 
2025-11-21 12:59:55 PM [info]: Fetching all products 
2025-11-21 12:59:55 PM [info]: Fetched undefined products successfully 
2025-11-21 12:59:55 PM [info]: Fetched undefined products successfully 
2025-11-21 12:59:55 PM [info]: Received GET request on /products/?page=2&limit=10 [IP: 182.156.141.17]
2025-11-21 12:59:55 PM [info]: Received GET request on /products/?page=1&limit=10 [IP: 182.156.141.17]
2025-11-21 12:59:55 PM [info]: Fetching all products 
2025-11-21 12:59:55 PM [info]: Fetching all products 
2025-11-21 12:59:55 PM [info]: Fetched undefined products successfully 
2025-11-21 12:59:55 PM [info]: Fetched undefined products successfully 
2025-11-21 12:59:55 PM [info]: Received GET request on /products/?page=2&limit=10 [IP: 182.156.141.17]
2025-11-21 12:59:55 PM [info]: Received GET request on /products/?page=1&limit=10 [IP: 182.156.141.17]
2025-11-21 12:59:55 PM [info]: Fetching all products 
2025-11-21 12:59:55 PM [info]: Fetching all products 
2025-11-21 12:59:55 PM [info]: Fetched undefined products successfully 
2025-11-21 12:59:55 PM [info]: Fetched undefined products successfully 
2025-11-21 12:59:55 PM [info]: Received GET request on /products/?page=1&limit=10 [IP: 182.156.141.17]
2025-11-21 12:59:55 PM [info]: Received GET request on /products/?page=2&limit=10 [IP: 182.156.141.17]
2025-11-21 12:59:55 PM [info]: Fetching all products 
2025-11-21 12:59:55 PM [info]: Fetching all products 
2025-11-21 12:59:55 PM [info]: Fetched undefined products successfully 
2025-11-21 12:59:55 PM [info]: Fetched undefined products successfully 
2025-11-21 12:59:56 PM [info]: Received GET request on /socket.io/?EIO=4&transport=websocket [IP: 182.156.141.17]
2025-11-21 01:00:02 PM [info]: Received GET request on /socket.io/?EIO=4&transport=websocket [IP: 182.156.141.17]
2025-11-21 01:00:03 PM [info]: Received GET request on /inventoryStock/endoftheday/eod-report?startDate=2025-11-18&endDate=2025-11-18 [IP: ::1]
2025-11-21 01:00:03 PM [info]: Fetching End of Day Report... 
2025-11-21 01:00:03 PM [info]: End of Day Report fetched successfully 
2025-11-21 01:00:27 PM [info]: Received GET request on /socket.io/?EIO=4&transport=websocket [IP: 182.156.141.17]
2025-11-21 01:00:27 PM [info]: Received GET request on /deliveryChallan/challanNos/getAllChallanNo [IP: 182.156.141.17]
2025-11-21 01:00:27 PM [info]: Fetching all Delivery Challan numbers 
2025-11-21 01:00:27 PM [info]: Successfully fetched all Delivery Challan numbers 
2025-11-21 01:00:27 PM [info]: Received GET request on /employee/all/partial [IP: 182.156.141.17]
2025-11-21 01:00:27 PM [info]: Employee Getting successfully 
2025-11-21 01:00:27 PM [info]: Received GET request on /products/?page=1&limit=10 [IP: 182.156.141.17]
2025-11-21 01:00:27 PM [info]: Fetching all products 
2025-11-21 01:00:28 PM [info]: Received GET request on /socket.io/?EIO=4&transport=websocket [IP: 182.156.141.17]
2025-11-21 01:00:29 PM [info]: Fetched undefined products successfully 
2025-11-21 01:00:30 PM [info]: Received GET request on /socket.io/?EIO=4&transport=websocket [IP: 182.156.141.17]
2025-11-21 01:00:32 PM [info]: Received GET request on /socket.io/?EIO=4&transport=websocket [IP: 182.156.141.17]
2025-11-21 01:00:37 PM [info]: Received GET request on /socket.io/?EIO=4&transport=websocket [IP: 182.156.141.17]
2025-11-21 01:00:40 PM [info]: Received GET request on /products/?page=2&limit=10 [IP: 182.156.141.17]
2025-11-21 01:00:41 PM [info]: Fetching all products 
2025-11-21 01:00:41 PM [info]: Fetched undefined products successfully 
2025-11-21 01:00:42 PM [info]: Received GET request on /socket.io/?EIO=4&transport=websocket [IP: 182.156.141.17]
2025-11-21 01:01:57 PM [info]: Database connected successfully 
2025-11-21 01:01:57 PM [info]: 🚀 Server started on port 8003 
2025-11-21 01:01:57 PM [info]: 📡 SSE endpoint: http://localhost:8003/sse/notifications 
2025-11-21 01:01:57 PM [info]: 🧪 SSE test: http://localhost:8003/sse/test 
2025-11-21 01:02:51 PM [info]: Database connected successfully 
2025-11-21 01:02:51 PM [info]: 🚀 Server started on port 8003 
2025-11-21 01:02:51 PM [info]: 📡 SSE endpoint: http://localhost:8003/sse/notifications 
2025-11-21 01:02:51 PM [info]: 🧪 SSE test: http://localhost:8003/sse/test 
2025-11-21 01:16:31 PM [info]: Received GET request on /socket.io/?EIO=4&transport=websocket [IP: 182.156.141.17]
2025-11-21 01:16:32 PM [info]: Received GET request on /employee/all/partial [IP: 182.156.141.17]
2025-11-21 01:16:32 PM [info]: Received GET request on /deliveryChallan/challanNos/getAllChallanNo [IP: 182.156.141.17]
2025-11-21 01:16:32 PM [info]: Received GET request on /products/?page=1&limit=10 [IP: 182.156.141.17]
2025-11-21 01:16:32 PM [info]: Employee Getting successfully 
2025-11-21 01:16:32 PM [info]: Fetching all Delivery Challan numbers 
2025-11-21 01:16:32 PM [info]: Fetching all products 
2025-11-21 01:16:32 PM [info]: Successfully fetched all Delivery Challan numbers 
2025-11-21 01:16:32 PM [info]: Fetched undefined products successfully 
2025-11-21 01:16:33 PM [info]: Received GET request on /socket.io/?EIO=4&transport=websocket [IP: 182.156.141.17]
2025-11-21 01:16:34 PM [info]: Received GET request on /socket.io/?EIO=4&transport=websocket [IP: 182.156.141.17]
2025-11-21 01:16:37 PM [info]: Received GET request on /products/?page=2&limit=10 [IP: 182.156.141.17]
2025-11-21 01:16:37 PM [info]: Fetching all products 
2025-11-21 01:16:37 PM [info]: Fetched undefined products successfully 
2025-11-21 01:16:39 PM [info]: Received GET request on /socket.io/?EIO=4&transport=websocket [IP: 182.156.141.17]
2025-11-21 01:16:46 PM [info]: Received GET request on /socket.io/?EIO=4&transport=websocket [IP: 182.156.141.17]
2025-11-21 01:16:54 PM [info]: Received GET request on /socket.io/?EIO=4&transport=websocket [IP: 182.156.141.17]
2025-11-21 02:08:41 PM [info]: Received GET request on /inventoryStock/endoftheday/eod-report?startDate=2025-11-18&endDate=2025-11-18 [IP: ::1]
2025-11-21 02:08:41 PM [info]: Fetching End of Day Report... 
2025-11-21 02:08:42 PM [info]: End of Day Report fetched successfully 
2025-11-21 02:44:02 PM [info]: Received GET request on /socket.io/?EIO=4&transport=websocket [IP: 182.156.141.17]
2025-11-21 02:44:02 PM [info]: Received GET request on /farmers/update/1465ec32-4558-4bb4-a162-cb767e55aef3 [IP: 182.156.141.17]
2025-11-21 02:44:02 PM [info]: Received GET request on /products/partial/data [IP: 182.156.141.17]
2025-11-21 02:44:02 PM [info]: Fetching all products 
2025-11-21 02:44:02 PM [info]: Fetching farmer details by ID 
2025-11-21 02:44:02 PM [info]: Fetched undefined products successfully 
2025-11-21 02:44:02 PM [info]: Farmer details retrieved successfully 
2025-11-21 02:44:03 PM [info]: Received GET request on /socket.io/?EIO=4&transport=websocket [IP: 182.156.141.17]
2025-11-21 02:44:06 PM [info]: Received GET request on /socket.io/?EIO=4&transport=websocket [IP: 182.156.141.17]
2025-11-21 02:44:12 PM [info]: Received GET request on /socket.io/?EIO=4&transport=websocket [IP: 182.156.141.17]
2025-11-21 02:44:20 PM [info]: Received GET request on /socket.io/?EIO=4&transport=websocket [IP: 182.156.141.17]
2025-11-21 02:44:25 PM [info]: Received GET request on /socket.io/?EIO=4&transport=websocket [IP: 182.156.141.17]
2025-11-21 02:46:24 PM [info]: Received POST request on /auth/login [IP: 182.156.141.17]
2025-11-21 02:46:24 PM [info]: Login request received 
2025-11-21 02:46:25 PM [info]: Active session stored 
2025-11-21 02:46:25 PM [info]: System log saved 
2025-11-21 02:46:25 PM [info]: User logged in successfully 
2025-11-21 02:46:27 PM [info]: Received GET request on /socket.io/?EIO=4&transport=websocket [IP: 182.156.141.17]
2025-11-21 02:46:28 PM [info]: Received GET request on /products/partial/data?page=1&limit=6 [IP: 182.156.141.17]
2025-11-21 02:46:28 PM [info]: Fetching all products 
2025-11-21 02:46:28 PM [info]: Fetched undefined products successfully 
2025-11-21 02:46:28 PM [info]: Received GET request on /location-branches/filterData/filter/all [IP: 182.156.141.17]
2025-11-21 02:46:28 PM [info]: Received request to fetch all branches 
2025-11-21 02:46:28 PM [info]: Received GET request on /api/management/getGrns/management?filterType=tillDate [IP: 182.156.141.17]
2025-11-21 02:46:28 PM [info]: Received GET request on /company/partial/details [IP: 182.156.141.17]
2025-11-21 02:46:28 PM [info]: Fetched all branches successfully 
2025-11-21 02:46:28 PM [info]: Received GET request on /socket.io/?EIO=4&transport=websocket [IP: 182.156.141.17]
2025-11-21 02:46:31 PM [info]: Received GET request on /socket.io/?EIO=4&transport=websocket [IP: 182.156.141.17]
2025-11-21 02:46:34 PM [info]: Received GET request on /socket.io/?EIO=4&transport=websocket [IP: 182.156.141.17]
2025-11-21 02:46:42 PM [info]: Received GET request on /socket.io/?EIO=4&transport=websocket [IP: 182.156.141.17]
2025-11-21 02:46:47 PM [info]: Received GET request on /socket.io/?EIO=4&transport=websocket [IP: 182.156.141.17]
2025-11-21 02:49:28 PM [info]: Received GET request on /customer-delivery-challan/?page=1&limit=10 [IP: 182.156.141.17]
2025-11-21 02:49:28 PM [info]: Fetching all customer delivery challans 
2025-11-21 02:49:47 PM [info]: Received GET request on /inwardRegister/?page=1&limit=10 [IP: 182.156.141.17]
2025-11-21 02:49:47 PM [info]: Fetching all InwardRegister... 
2025-11-21 02:49:55 PM [info]: Received GET request on /vendors/filterVendor/all?page=1&limit=10 [IP: 182.156.141.17]
2025-11-21 02:49:55 PM [info]: Received GET request on /grns/grnnumbers/getAllgrnNo [IP: 182.156.141.17]
2025-11-21 02:49:55 PM [info]: Received GET request on /employee/all/partial [IP: 182.156.141.17]
2025-11-21 02:49:55 PM [info]: Received GET request on /company/partial/details [IP: 182.156.141.17]
2025-11-21 02:49:55 PM [info]: Received GET request on /uoms/getAll/partialdata [IP: 182.156.141.17]
2025-11-21 02:49:55 PM [info]: Received GET request on /location-branches/filterData/filter/all [IP: 182.156.141.17]
2025-11-21 02:49:55 PM [info]: Received GET request on /farmers/filterFarmer/all?page=1&limit=10 [IP: 182.156.141.17]
2025-11-21 02:49:55 PM [info]: Received request to fetch all branches 
2025-11-21 02:49:55 PM [info]: Total GRNs fetched: 9 
2025-11-21 02:49:55 PM [info]: Fetching all farmers 
2025-11-21 02:49:55 PM [info]: Fetched all branches successfully 
2025-11-21 02:49:55 PM [info]: Employee Getting successfully 
2025-11-21 02:49:55 PM [info]: Farmers retrieved successfully 
2025-11-21 02:49:55 PM [info]: Received GET request on /deliveryChallan/challanNos/getAllChallanNo [IP: 182.156.141.17]
2025-11-21 02:49:55 PM [info]: Received GET request on /products/partial/data?page=1&limit=10 [IP: 182.156.141.17]
2025-11-21 02:49:55 PM [info]: Received GET request on /products/partial/data [IP: 182.156.141.17]
2025-11-21 02:49:55 PM [info]: Fetching all Delivery Challan numbers 
2025-11-21 02:49:55 PM [info]: Fetching all products 
2025-11-21 02:49:55 PM [info]: Fetching all products 
2025-11-21 02:49:55 PM [info]: Successfully fetched all Delivery Challan numbers 
2025-11-21 02:49:55 PM [info]: Fetched undefined products successfully 
2025-11-21 02:49:55 PM [info]: Fetched undefined products successfully 
2025-11-21 02:50:05 PM [info]: Received GET request on /grns/?page=1&limit=10 [IP: 182.156.141.17]
2025-11-21 02:50:05 PM [info]: Fetching all GRNs... 
2025-11-21 02:50:08 PM [info]: Total GRNs fetched: 7 
2025-11-21 02:50:11 PM [info]: Activity logged: VIEW - GRN by user c3a14fe3-0f7d-4324-a9f0-5b2de53cbbe0 
2025-11-21 02:50:15 PM [info]: Received GET request on /vendors/filterVendor/all?page=1&limit=10 [IP: 182.156.141.17]
2025-11-21 02:50:16 PM [info]: Received GET request on /farmers/filterFarmer/all?page=1&limit=10 [IP: 182.156.141.17]
2025-11-21 02:50:16 PM [info]: Fetching all farmers 
2025-11-21 02:50:16 PM [info]: Farmers retrieved successfully 
2025-11-21 02:50:16 PM [info]: Received GET request on /dealSlip/dealslipno/getAlldealslipNo [IP: 182.156.141.17]
2025-11-21 02:50:16 PM [info]: Received GET request on /products/partial/data?page=1&limit=10 [IP: 182.156.141.17]
2025-11-21 02:50:16 PM [info]: Received GET request on /location-branches/filterData/filter/all [IP: 182.156.141.17]
2025-11-21 02:50:16 PM [info]: Received GET request on /uoms/getAll/partialdata [IP: 182.156.141.17]
2025-11-21 02:50:16 PM [info]: Received GET request on /employee/all/partial [IP: 182.156.141.17]
2025-11-21 02:50:16 PM [info]: Fetching all DealSlip numbers 
2025-11-21 02:50:16 PM [info]: Fetching all products 
2025-11-21 02:50:16 PM [info]: Received GET request on /products/partial/data [IP: 182.156.141.17]
2025-11-21 02:50:16 PM [info]: Received request to fetch all branches 
2025-11-21 02:50:16 PM [info]: Found 5 DealSlip numbers 
2025-11-21 02:50:16 PM [info]: Received GET request on /company/partial/details [IP: 182.156.141.17]
2025-11-21 02:50:16 PM [info]: Fetched all branches successfully 
2025-11-21 02:50:16 PM [info]: Fetched undefined products successfully 
2025-11-21 02:50:16 PM [info]: Fetching all products 
2025-11-21 02:50:16 PM [info]: Employee Getting successfully 
2025-11-21 02:50:16 PM [info]: Fetched undefined products successfully 
2025-11-21 02:53:50 PM [info]: Received GET request on /socket.io/?EIO=4&transport=websocket [IP: 182.156.141.17]
2025-11-21 02:53:50 PM [info]: Received GET request on /products/?page=1&limit=10 [IP: 182.156.141.17]
2025-11-21 02:53:50 PM [info]: Fetching all products 
2025-11-21 02:53:50 PM [info]: Fetched undefined products successfully 
2025-11-21 02:53:50 PM [info]: Received GET request on /deliveryChallan/challanNos/getAllChallanNo [IP: 182.156.141.17]
2025-11-21 02:53:50 PM [info]: Fetching all Delivery Challan numbers 
2025-11-21 02:53:50 PM [info]: Successfully fetched all Delivery Challan numbers 
2025-11-21 02:53:50 PM [info]: Received GET request on /employee/all/partial [IP: 182.156.141.17]
2025-11-21 02:53:50 PM [info]: Employee Getting successfully 
2025-11-21 02:53:51 PM [info]: Received GET request on /socket.io/?EIO=4&transport=websocket [IP: 182.156.141.17]
2025-11-21 02:53:54 PM [info]: Received GET request on /socket.io/?EIO=4&transport=websocket [IP: 182.156.141.17]
2025-11-21 02:53:55 PM [info]: Received GET request on /products/?page=2&limit=10 [IP: 182.156.141.17]
2025-11-21 02:53:55 PM [info]: Fetching all products 
2025-11-21 02:53:55 PM [info]: Fetched undefined products successfully 
2025-11-21 02:53:57 PM [info]: Received GET request on /socket.io/?EIO=4&transport=websocket [IP: 182.156.141.17]
2025-11-21 02:54:02 PM [info]: Received GET request on /socket.io/?EIO=4&transport=websocket [IP: 182.156.141.17]
2025-11-21 02:54:08 PM [info]: Received GET request on /socket.io/?EIO=4&transport=websocket [IP: 182.156.141.17]
2025-11-21 02:55:21 PM [info]: Received GET request on /vendors/filterData/afbc0d3d-99a8-45b8-9b58-051164a2cd54 [IP: 182.156.141.17]
2025-11-21 02:55:23 PM [info]: Received GET request on /vendors/filterVendor/all?search=freshify%20pvt%20ltd&page=1&limit=10 [IP: 182.156.141.17]
2025-11-21 02:55:40 PM [info]: Received GET request on /products/partial/data?page=2&limit=10 [IP: 182.156.141.17]
2025-11-21 02:55:40 PM [info]: Fetching all products 
2025-11-21 02:55:40 PM [info]: Fetched undefined products successfully 
2025-11-21 02:55:42 PM [info]: Received GET request on /products/partial/data?page=1&limit=10 [IP: 182.156.141.17]
2025-11-21 02:55:42 PM [info]: Fetching all products 
2025-11-21 02:55:43 PM [info]: Fetched undefined products successfully 
2025-11-21 02:55:46 PM [info]: Received GET request on /products/partial/data?page=2&limit=10 [IP: 182.156.141.17]
2025-11-21 02:55:46 PM [info]: Fetching all products 
2025-11-21 02:55:46 PM [info]: Fetched undefined products successfully 
2025-11-21 02:55:49 PM [info]: Received GET request on /products/partial/f06000b1-a7cd-49d6-b89e-2c2ec5c527b5 [IP: 182.156.141.17]
2025-11-21 02:55:49 PM [info]: Fetching all products 
2025-11-21 02:55:49 PM [info]: Fetched undefined products successfully 
2025-11-21 02:55:49 PM [info]: Received GET request on /products/getall/getvarient/f06000b1-a7cd-49d6-b89e-2c2ec5c527b5 [IP: 182.156.141.17]
2025-11-21 02:55:49 PM [info]: Fetching product with ID 
2025-11-21 02:55:49 PM [info]: Product with ID fetched successfully 
2025-11-21 02:55:57 PM [info]: Received GET request on /products/partial/data?page=1&limit=10 [IP: 182.156.141.17]
2025-11-21 02:55:57 PM [info]: Fetching all products 
2025-11-21 02:55:57 PM [info]: Fetched undefined products successfully 
2025-11-21 02:55:57 PM [info]: Received GET request on /products/partial/data?page=2&limit=10 [IP: 182.156.141.17]
2025-11-21 02:55:57 PM [info]: Fetching all products 
2025-11-21 02:55:57 PM [info]: Fetched undefined products successfully 
2025-11-21 02:55:58 PM [info]: Received GET request on /products/partial/data?page=1&limit=10 [IP: 182.156.141.17]
2025-11-21 02:55:58 PM [info]: Fetching all products 
2025-11-21 02:56:00 PM [info]: Fetched undefined products successfully 
2025-11-21 02:56:03 PM [info]: Received GET request on /products/partial/f6cd3fa6-5ce3-4bee-a3e0-a0e4e706c65f [IP: 182.156.141.17]
2025-11-21 02:56:03 PM [info]: Fetching all products 
2025-11-21 02:56:03 PM [info]: Fetched undefined products successfully 
2025-11-21 02:56:03 PM [info]: Received GET request on /products/getall/getvarient/f6cd3fa6-5ce3-4bee-a3e0-a0e4e706c65f [IP: 182.156.141.17]
2025-11-21 02:56:03 PM [info]: Fetching product with ID 
2025-11-21 02:56:03 PM [info]: Product with ID fetched successfully 
2025-11-21 03:03:30 PM [info]: Received POST request on /grns/ [IP: 182.156.141.17]
2025-11-21 03:03:33 PM [info]: Starting GRN creation... 
2025-11-21 03:03:34 PM [info]: GRN created successfully with ID: d9e53d21-7deb-4aec-8d9c-f36e5951df46 
2025-11-21 03:03:34 PM [info]: Notification sent to user c3a14fe3-0f7d-4324-a9f0-5b2de53cbbe0 for GRN MAN-00001 
2025-11-21 03:03:34 PM [info]: Approval notification sent to ab287c3d-4c7b-47bb-b189-ff5fd92d5367 for GRN MAN-00001 
2025-11-21 03:03:35 PM [info]: Approval notification sent to c4e181f5-d728-49b2-af54-192f518eb855 for GRN MAN-00001 
2025-11-21 03:03:35 PM [info]: Approval notification sent to c2174de1-5df3-4089-93d9-6de1a4a92cc4 for GRN MAN-00001 
2025-11-21 03:03:36 PM [info]: Approval notification sent to 44dc1216-c310-4b47-a797-663cf9d838b9 for GRN MAN-00001 
2025-11-21 03:03:36 PM [info]: Activity logged: CREATE - GRN by user c3a14fe3-0f7d-4324-a9f0-5b2de53cbbe0 
2025-11-21 03:03:36 PM [info]: Activity logged: CREATE GRN MAN-00001 by user c3a14fe3-0f7d-4324-a9f0-5b2de53cbbe0 
2025-11-21 03:03:38 PM [info]: Received GET request on /grns/?page=1&limit=10 [IP: 182.156.141.17]
2025-11-21 03:03:38 PM [info]: Fetching all GRNs... 
2025-11-21 03:03:39 PM [info]: Total GRNs fetched: 8 
2025-11-21 03:03:39 PM [info]: Activity logged: VIEW - GRN by user c3a14fe3-0f7d-4324-a9f0-5b2de53cbbe0 
2025-11-21 03:04:02 PM [info]: Received GET request on /socket.io/?EIO=4&transport=websocket [IP: 182.156.141.17]
2025-11-21 03:04:02 PM [info]: Received GET request on /products/?page=1&limit=10 [IP: 182.156.141.17]
2025-11-21 03:04:02 PM [info]: Fetching all products 
2025-11-21 03:04:02 PM [info]: Fetched undefined products successfully 
2025-11-21 03:04:02 PM [info]: Received GET request on /deliveryChallan/challanNos/getAllChallanNo [IP: 182.156.141.17]
2025-11-21 03:04:02 PM [info]: Fetching all Delivery Challan numbers 
2025-11-21 03:04:02 PM [info]: Successfully fetched all Delivery Challan numbers 
2025-11-21 03:04:02 PM [info]: Received GET request on /employee/all/partial [IP: 182.156.141.17]
2025-11-21 03:04:02 PM [info]: Employee Getting successfully 
2025-11-21 03:04:04 PM [info]: Received GET request on /socket.io/?EIO=4&transport=websocket [IP: 182.156.141.17]
2025-11-21 03:04:06 PM [info]: Received GET request on /socket.io/?EIO=4&transport=websocket [IP: 182.156.141.17]
2025-11-21 03:04:09 PM [info]: Received GET request on /socket.io/?EIO=4&transport=websocket [IP: 182.156.141.17]
2025-11-21 03:04:09 PM [info]: Received GET request on /products/?page=2&limit=10 [IP: 182.156.141.17]
2025-11-21 03:04:09 PM [info]: Fetching all products 
2025-11-21 03:04:09 PM [info]: Fetched undefined products successfully 
2025-11-21 03:04:10 PM [info]: Received GET request on /inventoryStock/endoftheday/eod-report?startDate=2025-11-21&endDate=2025-11-21 [IP: ::1]
2025-11-21 03:04:10 PM [info]: Fetching End of Day Report... 
2025-11-21 03:04:11 PM [info]: End of Day Report fetched successfully 
2025-11-21 03:04:15 PM [info]: Received GET request on /socket.io/?EIO=4&transport=websocket [IP: 182.156.141.17]
2025-11-21 03:04:20 PM [info]: Received GET request on /socket.io/?EIO=4&transport=websocket [IP: 182.156.141.17]
2025-11-21 03:05:23 PM [info]: Received GET request on /vendors/filterVendor/all [IP: 182.156.141.17]
2025-11-21 03:05:23 PM [info]: Received GET request on /grns/view/776361fb-45bc-4f48-8505-a9a7739202cc [IP: 182.156.141.17]
2025-11-21 03:05:23 PM [info]: Fetching GRN with Document ID 
2025-11-21 03:05:23 PM [info]: Received GET request on /farmers/filterFarmer/all [IP: 182.156.141.17]
2025-11-21 03:05:23 PM [info]: Fetching all farmers 
2025-11-21 03:05:23 PM [info]: Farmers retrieved successfully 
2025-11-21 03:05:23 PM [info]: GRN with ID fetched successfully. 
2025-11-21 03:06:01 PM [info]: Received GET request on /products/?page=1&limit=10 [IP: 182.156.141.17]
2025-11-21 03:06:01 PM [info]: Received GET request on /employee/all/partial [IP: 182.156.141.17]
2025-11-21 03:06:01 PM [info]: Received GET request on /socket.io/?EIO=4&transport=websocket [IP: 182.156.141.17]
2025-11-21 03:06:01 PM [info]: Received GET request on /deliveryChallan/challanNos/getAllChallanNo [IP: 182.156.141.17]
2025-11-21 03:06:01 PM [info]: Fetching all products 
2025-11-21 03:06:01 PM [info]: Fetching all Delivery Challan numbers 
2025-11-21 03:06:01 PM [info]: Successfully fetched all Delivery Challan numbers 
2025-11-21 03:06:01 PM [info]: Employee Getting successfully 
2025-11-21 03:06:01 PM [info]: Fetched undefined products successfully 
2025-11-21 03:06:02 PM [info]: Received GET request on /socket.io/?EIO=4&transport=websocket [IP: 182.156.141.17]
2025-11-21 03:06:04 PM [info]: Received GET request on /products/?page=2&limit=10 [IP: 182.156.141.17]
2025-11-21 03:06:04 PM [info]: Fetching all products 
2025-11-21 03:06:04 PM [info]: Fetched undefined products successfully 
2025-11-21 03:06:05 PM [info]: Received GET request on /socket.io/?EIO=4&transport=websocket [IP: 182.156.141.17]
2025-11-21 03:06:09 PM [info]: Received GET request on /socket.io/?EIO=4&transport=websocket [IP: 182.156.141.17]
2025-11-21 03:06:12 PM [info]: Received GET request on /products/partial/data?page=1&limit=6 [IP: 182.156.141.17]
2025-11-21 03:06:12 PM [info]: Fetching all products 
2025-11-21 03:06:12 PM [info]: Fetched undefined products successfully 
2025-11-21 03:06:12 PM [info]: Received GET request on /employee/?page=1&limit=6 [IP: 182.156.141.17]
2025-11-21 03:06:15 PM [info]: Getting All Employee 
2025-11-21 03:06:15 PM [info]: Received GET request on /vendors/filterVendor/all?page=1&limit=6 [IP: 182.156.141.17]
2025-11-21 03:06:15 PM [info]: Employee Getting successfully 
2025-11-21 03:06:15 PM [info]: Received GET request on /userreport/getCountsbystatus [IP: 182.156.141.17]
2025-11-21 03:06:15 PM [info]: Received GET request on /location-branches/filterData/filter/all [IP: 182.156.141.17]
2025-11-21 03:06:15 PM [info]: Received GET request on /userreport/total-purchase [IP: 182.156.141.17]
2025-11-21 03:06:15 PM [info]: Received GET request on /customers/names/all [IP: 182.156.141.17]
2025-11-21 03:06:15 PM [info]: Received request to fetch all branches 
2025-11-21 03:06:15 PM [info]: Fetched all branches successfully 
2025-11-21 03:06:15 PM [info]: Received GET request on /company/partial/details [IP: 182.156.141.17]
2025-11-21 03:06:15 PM [info]: Fetching all customers 
2025-11-21 03:06:15 PM [info]: Received GET request on /userreport/total-sale [IP: 182.156.141.17]
2025-11-21 03:06:15 PM [info]: Received GET request on /farmers/filterFarmer/all?page=1&limit=6 [IP: 182.156.141.17]
2025-11-21 03:06:15 PM [info]: Customers retrieved successfully 
2025-11-21 03:06:15 PM [info]: Fetching all farmers 
2025-11-21 03:06:15 PM [info]: Received GET request on /userreport/user-counts [IP: 182.156.141.17]
2025-11-21 03:06:15 PM [info]: Received GET request on /socket.io/?EIO=4&transport=websocket [IP: 182.156.141.17]
2025-11-21 03:06:15 PM [info]: Farmers retrieved successfully 
2025-11-21 03:06:18 PM [info]: Received GET request on /farmers/filterFarmer/all?page=2&limit=6 [IP: 182.156.141.17]
2025-11-21 03:06:18 PM [info]: Fetching all farmers 
2025-11-21 03:06:19 PM [info]: Farmers retrieved successfully 
2025-11-21 03:06:20 PM [info]: Received GET request on /socket.io/?EIO=4&transport=websocket [IP: 182.156.141.17]
2025-11-21 03:06:20 PM [info]: Received GET request on /farmers/filterFarmer/all?page=3&limit=6 [IP: 182.156.141.17]
2025-11-21 03:06:20 PM [info]: Fetching all farmers 
2025-11-21 03:06:20 PM [info]: Farmers retrieved successfully 
2025-11-21 03:06:26 PM [info]: Received GET request on /products/partial/data?page=2&limit=6 [IP: 182.156.141.17]
2025-11-21 03:06:26 PM [info]: Fetching all products 
2025-11-21 03:06:26 PM [info]: Fetched undefined products successfully 
2025-11-21 03:06:27 PM [info]: Received GET request on /products/partial/data?page=3&limit=6 [IP: 182.156.141.17]
2025-11-21 03:06:27 PM [info]: Fetching all products 
2025-11-21 03:06:27 PM [info]: Fetched undefined products successfully 
2025-11-21 03:06:40 PM [info]: Received GET request on /products/?page=1&limit=10 [IP: 182.156.141.17]
2025-11-21 03:06:40 PM [info]: Received GET request on /employee/all/partial [IP: 182.156.141.17]
2025-11-21 03:06:40 PM [info]: Received GET request on /deliveryChallan/challanNos/getAllChallanNo [IP: 182.156.141.17]
2025-11-21 03:06:43 PM [info]: Fetching all products 
2025-11-21 03:06:43 PM [info]: Employee Getting successfully 
2025-11-21 03:06:43 PM [info]: Fetching all Delivery Challan numbers 
2025-11-21 03:06:43 PM [info]: Successfully fetched all Delivery Challan numbers 
2025-11-21 03:06:43 PM [info]: Fetched undefined products successfully 
2025-11-21 03:12:29 PM [info]: Received GET request on /grns/?page=1&limit=10 [IP: 182.156.141.17]
2025-11-21 03:12:29 PM [info]: Fetching all GRNs... 
2025-11-21 03:12:31 PM [info]: Total GRNs fetched: 8 
2025-11-21 03:12:31 PM [info]: Activity logged: VIEW - GRN by user c3a14fe3-0f7d-4324-a9f0-5b2de53cbbe0 
2025-11-21 03:32:03 PM [info]: Received GET request on /products/?page=2&limit=10 [IP: 182.156.141.17]
2025-11-21 03:32:03 PM [info]: Fetching all products 
2025-11-21 03:32:03 PM [info]: Fetched undefined products successfully 
2025-11-21 03:33:02 PM [info]: Received GET request on /inventoryStock/endoftheday/eod-report?startDate=2025-11-21&endDate=2025-11-21 [IP: ::1]
2025-11-21 03:33:02 PM [info]: Fetching End of Day Report... 
2025-11-21 03:33:04 PM [info]: End of Day Report fetched successfully 
2025-11-21 03:57:36 PM [info]: Received GET request on /socket.io/?EIO=4&transport=websocket [IP: 182.156.141.17]
2025-11-21 03:57:36 PM [info]: Received GET request on /socket.io/?EIO=4&transport=websocket [IP: 182.156.141.17]
2025-11-21 03:57:36 PM [info]: Received GET request on /products/?page=2&limit=10 [IP: 182.156.141.17]
2025-11-21 03:57:36 PM [info]: Received GET request on /deliveryChallan/challanNos/getAllChallanNo [IP: 182.156.141.17]
2025-11-21 03:57:36 PM [info]: Fetching all products 
2025-11-21 03:57:36 PM [info]: Fetching all Delivery Challan numbers 
2025-11-21 03:57:36 PM [info]: Successfully fetched all Delivery Challan numbers 
2025-11-21 03:57:36 PM [info]: Fetched undefined products successfully 
2025-11-21 03:57:36 PM [info]: Received GET request on /employee/all/partial [IP: 182.156.141.17]
2025-11-21 03:57:36 PM [info]: Received GET request on /products/partial/data [IP: 182.156.141.17]
2025-11-21 03:57:36 PM [info]: Fetching all products 
2025-11-21 03:57:36 PM [info]: Employee Getting successfully 
2025-11-21 03:57:36 PM [info]: Fetched undefined products successfully 
2025-11-21 03:57:37 PM [info]: Received GET request on /socket.io/?EIO=4&transport=websocket [IP: 182.156.141.17]
2025-11-21 03:57:38 PM [info]: Received GET request on /farmers/update/1465ec32-4558-4bb4-a162-cb767e55aef3 [IP: 182.156.141.17]
2025-11-21 03:57:38 PM [info]: Fetching farmer details by ID 
2025-11-21 03:57:38 PM [info]: Farmer details retrieved successfully 
2025-11-21 03:57:38 PM [info]: Received GET request on /socket.io/?EIO=4&transport=websocket [IP: 182.156.141.17]
2025-11-21 03:57:41 PM [info]: Received GET request on /socket.io/?EIO=4&transport=websocket [IP: 182.156.141.17]
2025-11-21 03:57:41 PM [info]: Received GET request on /socket.io/?EIO=4&transport=websocket [IP: 182.156.141.17]
2025-11-21 03:57:45 PM [info]: Received GET request on /socket.io/?EIO=4&transport=websocket [IP: 182.156.141.17]
2025-11-21 03:57:45 PM [info]: Received GET request on /socket.io/?EIO=4&transport=websocket [IP: 182.156.141.17]
2025-11-21 03:57:46 PM [info]: Received GET request on /grns/?page=1&limit=10 [IP: 182.156.141.17]
2025-11-21 03:57:46 PM [info]: Fetching all GRNs... 
2025-11-21 03:57:46 PM [info]: Total GRNs fetched: 8 
2025-11-21 03:57:47 PM [info]: Activity logged: VIEW - GRN by user c3a14fe3-0f7d-4324-a9f0-5b2de53cbbe0 
2025-11-21 03:57:48 PM [info]: Received GET request on /socket.io/?EIO=4&transport=websocket [IP: 182.156.141.17]
2025-11-21 03:57:50 PM [info]: Received GET request on /socket.io/?EIO=4&transport=websocket [IP: 182.156.141.17]
2025-11-21 03:57:51 PM [info]: Received GET request on /socket.io/?EIO=4&transport=websocket [IP: 182.156.141.17]
2025-11-21 03:57:51 PM [info]: Received GET request on /socket.io/?EIO=4&transport=websocket [IP: 182.156.141.17]
2025-11-21 03:57:52 PM [info]: Received GET request on /socket.io/?EIO=4&transport=websocket [IP: 182.156.141.17]
2025-11-21 03:57:57 PM [info]: Received GET request on /socket.io/?EIO=4&transport=websocket [IP: 182.156.141.17]
2025-11-21 03:57:57 PM [info]: Received GET request on /socket.io/?EIO=4&transport=websocket [IP: 182.156.141.17]
2025-11-21 03:57:57 PM [info]: Received GET request on /socket.io/?EIO=4&transport=websocket [IP: 182.156.141.17]
2025-11-21 03:58:03 PM [info]: Received GET request on /socket.io/?EIO=4&transport=websocket [IP: 182.156.141.17]
2025-11-21 03:58:09 PM [info]: Received GET request on /socket.io/?EIO=4&transport=websocket [IP: 182.156.141.17]
2025-11-21 04:02:06 PM [info]: Received GET request on /employee/all/partial [IP: 182.156.141.17]
2025-11-21 04:02:06 PM [info]: Received GET request on /products/?page=2&limit=10 [IP: 182.156.141.17]
2025-11-21 04:02:06 PM [info]: Received GET request on /deliveryChallan/challanNos/getAllChallanNo [IP: 182.156.141.17]
2025-11-21 04:02:06 PM [info]: Employee Getting successfully 
2025-11-21 04:02:06 PM [info]: Fetching all products 
2025-11-21 04:02:06 PM [info]: Fetching all Delivery Challan numbers 
2025-11-21 04:02:06 PM [info]: Successfully fetched all Delivery Challan numbers 
2025-11-21 04:02:06 PM [info]: Fetched undefined products successfully 
2025-11-21 04:02:20 PM [info]: Received GET request on /employee/all/partial [IP: 182.156.141.17]
2025-11-21 04:02:20 PM [info]: Employee Getting successfully 
2025-11-21 04:02:21 PM [info]: Received GET request on /socket.io/?EIO=4&transport=websocket [IP: 182.156.141.17]
2025-11-21 04:02:21 PM [info]: Received GET request on /deliveryChallan/challanNos/getAllChallanNo [IP: 182.156.141.17]
2025-11-21 04:02:21 PM [info]: Fetching all Delivery Challan numbers 
2025-11-21 04:02:21 PM [info]: Successfully fetched all Delivery Challan numbers 
2025-11-21 04:02:21 PM [info]: Received GET request on /products/?page=1&limit=10 [IP: 182.156.141.17]
2025-11-21 04:02:21 PM [info]: Fetching all products 
2025-11-21 04:02:21 PM [info]: Fetched undefined products successfully 
2025-11-21 04:02:22 PM [info]: Received GET request on /socket.io/?EIO=4&transport=websocket [IP: 182.156.141.17]
2025-11-21 04:02:23 PM [info]: Received GET request on /socket.io/?EIO=4&transport=websocket [IP: 182.156.141.17]
2025-11-21 04:02:24 PM [info]: Received GET request on /products/?page=2&limit=10 [IP: 182.156.141.17]
2025-11-21 04:02:24 PM [info]: Fetching all products 
2025-11-21 04:02:24 PM [info]: Fetched undefined products successfully 
2025-11-21 04:02:28 PM [info]: Received GET request on /socket.io/?EIO=4&transport=websocket [IP: 182.156.141.17]
2025-11-21 04:02:33 PM [info]: Received GET request on /socket.io/?EIO=4&transport=websocket [IP: 182.156.141.17]
2025-11-21 04:02:38 PM [info]: Received GET request on /socket.io/?EIO=4&transport=websocket [IP: 182.156.141.17]
2025-11-21 04:02:42 PM [info]: Received GET request on /deliveryChallan/challanNos/getAllChallanNo [IP: 182.156.141.17]
2025-11-21 04:02:42 PM [info]: Fetching all Delivery Challan numbers 
2025-11-21 04:02:42 PM [info]: Successfully fetched all Delivery Challan numbers 
2025-11-21 04:02:42 PM [info]: Received GET request on /employee/all/partial [IP: 182.156.141.17]
2025-11-21 04:02:42 PM [info]: Employee Getting successfully 
2025-11-21 04:02:44 PM [info]: Received GET request on /products/?page=1&limit=10 [IP: 182.156.141.17]
2025-11-21 04:02:44 PM [info]: Received GET request on /socket.io/?EIO=4&transport=websocket [IP: 182.156.141.17]
2025-11-21 04:02:44 PM [info]: Fetching all products 
2025-11-21 04:02:44 PM [info]: Fetched undefined products successfully 
2025-11-21 04:02:46 PM [info]: Received GET request on /socket.io/?EIO=4&transport=websocket [IP: 182.156.141.17]
2025-11-21 04:02:49 PM [info]: Received GET request on /socket.io/?EIO=4&transport=websocket [IP: 182.156.141.17]
2025-11-21 04:02:49 PM [info]: Received GET request on /products/?page=2&limit=10 [IP: 182.156.141.17]
2025-11-21 04:02:49 PM [info]: Fetching all products 
2025-11-21 04:02:49 PM [info]: Fetched undefined products successfully 
2025-11-21 04:02:54 PM [info]: Received GET request on /socket.io/?EIO=4&transport=websocket [IP: 182.156.141.17]
2025-11-21 04:03:00 PM [info]: Received GET request on /socket.io/?EIO=4&transport=websocket [IP: 182.156.141.17]
2025-11-21 04:03:00 PM [info]: Received GET request on /employee/all/partial [IP: 182.156.141.17]
2025-11-21 04:03:00 PM [info]: Employee Getting successfully 
2025-11-21 04:03:00 PM [info]: Received GET request on /products/?page=1&limit=10 [IP: 182.156.141.17]
2025-11-21 04:03:00 PM [info]: Received GET request on /deliveryChallan/challanNos/getAllChallanNo [IP: 182.156.141.17]
2025-11-21 04:03:00 PM [info]: Fetching all products 
2025-11-21 04:03:00 PM [info]: Fetching all Delivery Challan numbers 
2025-11-21 04:03:00 PM [info]: Successfully fetched all Delivery Challan numbers 
2025-11-21 04:03:00 PM [info]: Fetched undefined products successfully 
2025-11-21 04:03:01 PM [info]: Received GET request on /socket.io/?EIO=4&transport=websocket [IP: 182.156.141.17]
2025-11-21 04:03:02 PM [info]: Received GET request on /products/?page=2&limit=10 [IP: 182.156.141.17]
2025-11-21 04:03:02 PM [info]: Fetching all products 
2025-11-21 04:03:03 PM [info]: Fetched undefined products successfully 
2025-11-21 04:03:04 PM [info]: Received GET request on /socket.io/?EIO=4&transport=websocket [IP: 182.156.141.17]
2025-11-21 04:03:09 PM [info]: Received GET request on /socket.io/?EIO=4&transport=websocket [IP: 182.156.141.17]
2025-11-21 04:03:09 PM [info]: Received GET request on /deliveryChallan/challanNos/getAllChallanNo [IP: 182.156.141.17]
2025-11-21 04:03:09 PM [info]: Received GET request on /products/?page=1&limit=10 [IP: 182.156.141.17]
2025-11-21 04:03:09 PM [info]: Fetching all Delivery Challan numbers 
2025-11-21 04:03:09 PM [info]: Fetching all products 
2025-11-21 04:03:09 PM [info]: Successfully fetched all Delivery Challan numbers 
2025-11-21 04:03:09 PM [info]: Fetched undefined products successfully 
2025-11-21 04:03:09 PM [info]: Received GET request on /employee/all/partial [IP: 182.156.141.17]
2025-11-21 04:03:09 PM [info]: Employee Getting successfully 
2025-11-21 04:03:10 PM [info]: Received GET request on /socket.io/?EIO=4&transport=websocket [IP: 182.156.141.17]
2025-11-21 04:03:13 PM [info]: Received GET request on /products/?page=2&limit=10 [IP: 182.156.141.17]
2025-11-21 04:03:13 PM [info]: Fetching all products 
2025-11-21 04:03:13 PM [info]: Received GET request on /socket.io/?EIO=4&transport=websocket [IP: 182.156.141.17]
2025-11-21 04:03:16 PM [info]: Fetched undefined products successfully 
2025-11-21 04:03:16 PM [info]: Received GET request on /socket.io/?EIO=4&transport=websocket [IP: 182.156.141.17]
2025-11-21 04:03:21 PM [info]: Received GET request on /socket.io/?EIO=4&transport=websocket [IP: 182.156.141.17]
2025-11-21 04:03:27 PM [info]: Received GET request on /socket.io/?EIO=4&transport=websocket [IP: 182.156.141.17]
2025-11-21 04:03:47 PM [info]: Received GET request on /socket.io/?EIO=4&transport=websocket [IP: 182.156.141.17]
2025-11-21 04:03:47 PM [info]: Received GET request on /products/?page=1&limit=10 [IP: 182.156.141.17]
2025-11-21 04:03:47 PM [info]: Fetching all products 
2025-11-21 04:03:47 PM [info]: Fetched undefined products successfully 
2025-11-21 04:03:47 PM [info]: Received GET request on /employee/all/partial [IP: 182.156.141.17]
2025-11-21 04:03:47 PM [info]: Received GET request on /deliveryChallan/challanNos/getAllChallanNo [IP: 182.156.141.17]
2025-11-21 04:03:47 PM [info]: Fetching all Delivery Challan numbers 
2025-11-21 04:03:47 PM [info]: Employee Getting successfully 
2025-11-21 04:03:47 PM [info]: Successfully fetched all Delivery Challan numbers 
2025-11-21 04:03:48 PM [info]: Received GET request on /socket.io/?EIO=4&transport=websocket [IP: 182.156.141.17]
2025-11-21 04:03:50 PM [info]: Received GET request on /socket.io/?EIO=4&transport=websocket [IP: 182.156.141.17]
2025-11-21 04:03:53 PM [info]: Received GET request on /socket.io/?EIO=4&transport=websocket [IP: 182.156.141.17]
2025-11-21 04:03:53 PM [info]: Received GET request on /products/?page=2&limit=10 [IP: 182.156.141.17]
2025-11-21 04:03:53 PM [info]: Fetching all products 
2025-11-21 04:03:53 PM [info]: Fetched undefined products successfully 
2025-11-21 04:03:58 PM [info]: Received GET request on /socket.io/?EIO=4&transport=websocket [IP: 182.156.141.17]
2025-11-21 04:04:03 PM [info]: Received GET request on /socket.io/?EIO=4&transport=websocket [IP: 182.156.141.17]
2025-11-21 04:08:42 PM [info]: Received GET request on /employee/all/partial [IP: 182.156.141.17]
2025-11-21 04:08:42 PM [info]: Received GET request on /products/?page=1&limit=10 [IP: 182.156.141.17]
2025-11-21 04:08:42 PM [info]: Fetching all products 
2025-11-21 04:08:42 PM [info]: Employee Getting successfully 
2025-11-21 04:08:42 PM [info]: Fetched undefined products successfully 
2025-11-21 04:08:43 PM [info]: Received GET request on /deliveryChallan/challanNos/getAllChallanNo [IP: 182.156.141.17]
2025-11-21 04:08:43 PM [info]: Fetching all Delivery Challan numbers 
2025-11-21 04:08:43 PM [info]: Successfully fetched all Delivery Challan numbers 
2025-11-21 04:12:06 PM [info]: Received GET request on /deliveryChallan/challanNos/getAllChallanNo [IP: 182.156.141.17]
2025-11-21 04:12:06 PM [info]: Received GET request on /products/?page=1&limit=10 [IP: 182.156.141.17]
2025-11-21 04:12:06 PM [info]: Received GET request on /employee/all/partial [IP: 182.156.141.17]
2025-11-21 04:12:06 PM [info]: Fetching all Delivery Challan numbers 
2025-11-21 04:12:06 PM [info]: Fetching all products 
2025-11-21 04:12:06 PM [info]: Successfully fetched all Delivery Challan numbers 
2025-11-21 04:12:06 PM [info]: Employee Getting successfully 
2025-11-21 04:12:06 PM [info]: Fetched undefined products successfully 
2025-11-21 04:17:31 PM [info]: Received GET request on /deliveryChallan/challanNos/getAllChallanNo [IP: 182.156.141.17]
2025-11-21 04:17:31 PM [info]: Received GET request on /products/?page=1&limit=10 [IP: 182.156.141.17]
2025-11-21 04:17:31 PM [info]: Fetching all Delivery Challan numbers 
2025-11-21 04:17:31 PM [info]: Successfully fetched all Delivery Challan numbers 
2025-11-21 04:17:31 PM [info]: Fetching all products 
2025-11-21 04:17:31 PM [info]: Fetched undefined products successfully 
2025-11-21 04:17:31 PM [info]: Received GET request on /employee/all/partial [IP: 182.156.141.17]
2025-11-21 04:17:31 PM [info]: Employee Getting successfully 
2025-11-21 04:17:48 PM [info]: Received GET request on /deliveryChallan/challanNos/getAllChallanNo [IP: 182.156.141.17]
2025-11-21 04:17:48 PM [info]: Received GET request on /socket.io/?EIO=4&transport=websocket [IP: 182.156.141.17]
2025-11-21 04:17:48 PM [info]: Received GET request on /employee/all/partial [IP: 182.156.141.17]
2025-11-21 04:17:48 PM [info]: Received GET request on /products/?page=1&limit=10 [IP: 182.156.141.17]
2025-11-21 04:17:48 PM [info]: Fetching all Delivery Challan numbers 
2025-11-21 04:17:48 PM [info]: Successfully fetched all Delivery Challan numbers 
2025-11-21 04:17:48 PM [info]: Fetching all products 
2025-11-21 04:17:48 PM [info]: Employee Getting successfully 
2025-11-21 04:17:48 PM [info]: Fetched undefined products successfully 
2025-11-21 04:17:48 PM [info]: Received GET request on /socket.io/?EIO=4&transport=websocket [IP: 182.156.141.17]
2025-11-21 04:17:50 PM [info]: Received GET request on /socket.io/?EIO=4&transport=websocket [IP: 182.156.141.17]
2025-11-21 04:17:51 PM [info]: Received GET request on /products/?page=2&limit=10 [IP: 182.156.141.17]
2025-11-21 04:17:51 PM [info]: Fetching all products 
2025-11-21 04:17:51 PM [info]: Fetched undefined products successfully 
2025-11-21 04:17:55 PM [info]: Received GET request on /socket.io/?EIO=4&transport=websocket [IP: 182.156.141.17]
2025-11-21 04:17:58 PM [info]: Received GET request on /socket.io/?EIO=4&transport=websocket [IP: 182.156.141.17]
2025-11-21 04:17:58 PM [info]: Received GET request on /deliveryChallan/challanNos/getAllChallanNo [IP: 182.156.141.17]
2025-11-21 04:17:58 PM [info]: Fetching all Delivery Challan numbers 
2025-11-21 04:17:58 PM [info]: Successfully fetched all Delivery Challan numbers 
2025-11-21 04:17:58 PM [info]: Received GET request on /products/?page=1&limit=10 [IP: 182.156.141.17]
2025-11-21 04:17:58 PM [info]: Fetching all products 
2025-11-21 04:17:58 PM [info]: Fetched undefined products successfully 
2025-11-21 04:17:58 PM [info]: Received GET request on /employee/all/partial [IP: 182.156.141.17]
2025-11-21 04:17:58 PM [info]: Employee Getting successfully 
2025-11-21 04:17:59 PM [info]: Received GET request on /socket.io/?EIO=4&transport=websocket [IP: 182.156.141.17]
2025-11-21 04:18:02 PM [info]: Received GET request on /socket.io/?EIO=4&transport=websocket [IP: 182.156.141.17]
2025-11-21 04:18:02 PM [info]: Received GET request on /products/?page=2&limit=10 [IP: 182.156.141.17]
2025-11-21 04:18:02 PM [info]: Fetching all products 
2025-11-21 04:18:02 PM [info]: Fetched undefined products successfully 
2025-11-21 04:18:05 PM [info]: Received GET request on /socket.io/?EIO=4&transport=websocket [IP: 182.156.141.17]
2025-11-21 04:18:11 PM [info]: Received GET request on /socket.io/?EIO=4&transport=websocket [IP: 182.156.141.17]
2025-11-21 04:18:17 PM [info]: Received GET request on /socket.io/?EIO=4&transport=websocket [IP: 182.156.141.17]
2025-11-21 04:34:22 PM [info]: Received GET request on /products/?page=2&limit=10 [IP: 182.156.141.17]
2025-11-21 04:34:22 PM [info]: Received GET request on /employee/all/partial [IP: 182.156.141.17]
2025-11-21 04:34:22 PM [info]: Received GET request on /deliveryChallan/challanNos/getAllChallanNo [IP: 182.156.141.17]
2025-11-21 04:34:22 PM [info]: Fetching all products 
2025-11-21 04:34:22 PM [info]: Fetching all Delivery Challan numbers 
2025-11-21 04:34:22 PM [info]: Successfully fetched all Delivery Challan numbers 
2025-11-21 04:34:22 PM [info]: Employee Getting successfully 
2025-11-21 04:34:22 PM [info]: Fetched undefined products successfully 
2025-11-21 04:34:24 PM [info]: Received GET request on /deliveryChallan/challanNos/getAllChallanNo [IP: 182.156.141.17]
2025-11-21 04:34:24 PM [info]: Received GET request on /employee/all/partial [IP: 182.156.141.17]
2025-11-21 04:34:24 PM [info]: Fetching all Delivery Challan numbers 
2025-11-21 04:34:24 PM [info]: Successfully fetched all Delivery Challan numbers 
2025-11-21 04:34:24 PM [info]: Received GET request on /socket.io/?EIO=4&transport=websocket [IP: 182.156.141.17]
2025-11-21 04:34:24 PM [info]: Employee Getting successfully 
2025-11-21 04:34:24 PM [info]: Received GET request on /products/?page=1&limit=10 [IP: 182.156.141.17]
2025-11-21 04:34:24 PM [info]: Fetching all products 
2025-11-21 04:34:24 PM [info]: Fetched undefined products successfully 
2025-11-21 04:34:26 PM [info]: Received GET request on /socket.io/?EIO=4&transport=websocket [IP: 182.156.141.17]
2025-11-21 04:34:30 PM [info]: Received GET request on /products/?page=2&limit=10 [IP: 182.156.141.17]
2025-11-21 04:34:30 PM [info]: Fetching all products 
2025-11-21 04:34:30 PM [info]: Fetched undefined products successfully 
2025-11-21 04:34:33 PM [info]: Received GET request on /socket.io/?EIO=4&transport=websocket [IP: 182.156.141.17]
2025-11-21 04:34:38 PM [info]: Received GET request on /socket.io/?EIO=4&transport=websocket [IP: 182.156.141.17]
2025-11-21 04:34:43 PM [info]: Received GET request on /socket.io/?EIO=4&transport=websocket [IP: 182.156.141.17]
2025-11-21 04:34:48 PM [info]: Received GET request on /socket.io/?EIO=4&transport=websocket [IP: 182.156.141.17]
2025-11-21 04:36:49 PM [info]: Received GET request on /deliveryChallan/challanNos/getAllChallanNo [IP: 182.156.141.17]
2025-11-21 04:36:49 PM [info]: Received GET request on /socket.io/?EIO=4&transport=websocket [IP: 182.156.141.17]
2025-11-21 04:36:49 PM [info]: Received GET request on /products/?page=1&limit=10 [IP: 182.156.141.17]
2025-11-21 04:36:49 PM [info]: Received GET request on /employee/all/partial [IP: 182.156.141.17]
2025-11-21 04:36:49 PM [info]: Fetching all Delivery Challan numbers 
2025-11-21 04:36:49 PM [info]: Fetching all products 
2025-11-21 04:36:49 PM [info]: Successfully fetched all Delivery Challan numbers 
2025-11-21 04:36:49 PM [info]: Employee Getting successfully 
2025-11-21 04:36:49 PM [info]: Fetched undefined products successfully 
2025-11-21 04:36:50 PM [info]: Received GET request on /socket.io/?EIO=4&transport=websocket [IP: 182.156.141.17]
2025-11-21 04:36:52 PM [info]: Received GET request on /socket.io/?EIO=4&transport=websocket [IP: 182.156.141.17]
2025-11-21 04:36:52 PM [info]: Received GET request on /products/?page=2&limit=10 [IP: 182.156.141.17]
2025-11-21 04:36:52 PM [info]: Fetching all products 
2025-11-21 04:36:52 PM [info]: Fetched undefined products successfully 
2025-11-21 04:36:56 PM [info]: Received GET request on /socket.io/?EIO=4&transport=websocket [IP: 182.156.141.17]
2025-11-21 04:36:58 PM [info]: Received GET request on /socket.io/?EIO=4&transport=websocket [IP: 182.156.141.17]
2025-11-21 04:36:58 PM [info]: Received GET request on /deliveryChallan/challanNos/getAllChallanNo [IP: 182.156.141.17]
2025-11-21 04:36:58 PM [info]: Received GET request on /employee/all/partial [IP: 182.156.141.17]
2025-11-21 04:36:58 PM [info]: Fetching all Delivery Challan numbers 
2025-11-21 04:36:58 PM [info]: Successfully fetched all Delivery Challan numbers 
2025-11-21 04:36:58 PM [info]: Received GET request on /products/?page=1&limit=10 [IP: 182.156.141.17]
2025-11-21 04:36:58 PM [info]: Fetching all products 
2025-11-21 04:36:58 PM [info]: Employee Getting successfully 
2025-11-21 04:36:58 PM [info]: Fetched undefined products successfully 
2025-11-21 04:36:59 PM [info]: Received GET request on /socket.io/?EIO=4&transport=websocket [IP: 182.156.141.17]
2025-11-21 04:37:02 PM [info]: Received GET request on /socket.io/?EIO=4&transport=websocket [IP: 182.156.141.17]
2025-11-21 04:37:07 PM [info]: Received GET request on /socket.io/?EIO=4&transport=websocket [IP: 182.156.141.17]
2025-11-21 04:37:11 PM [info]: Received GET request on /products/?page=2&limit=10 [IP: 182.156.141.17]
2025-11-21 04:37:11 PM [info]: Fetching all products 
2025-11-21 04:37:11 PM [info]: Fetched undefined products successfully 
2025-11-21 04:37:12 PM [info]: Received GET request on /socket.io/?EIO=4&transport=websocket [IP: 182.156.141.17]
2025-11-21 04:37:17 PM [info]: Received GET request on /socket.io/?EIO=4&transport=websocket [IP: 182.156.141.17]
2025-11-21 04:37:29 PM [info]: Received GET request on /employee/all/partial [IP: 182.156.141.17]
2025-11-21 04:37:29 PM [info]: Received GET request on /deliveryChallan/challanNos/getAllChallanNo [IP: 182.156.141.17]
2025-11-21 04:37:29 PM [info]: Received GET request on /socket.io/?EIO=4&transport=websocket [IP: 182.156.141.17]
2025-11-21 04:37:29 PM [info]: Received GET request on /products/?page=1&limit=10 [IP: 182.156.141.17]
2025-11-21 04:37:29 PM [info]: Fetching all Delivery Challan numbers 
2025-11-21 04:37:29 PM [info]: Fetching all products 
2025-11-21 04:37:29 PM [info]: Successfully fetched all Delivery Challan numbers 
2025-11-21 04:37:29 PM [info]: Employee Getting successfully 
2025-11-21 04:37:29 PM [info]: Fetched undefined products successfully 
2025-11-21 04:37:30 PM [info]: Received GET request on /socket.io/?EIO=4&transport=websocket [IP: 182.156.141.17]
2025-11-21 04:37:33 PM [info]: Received GET request on /socket.io/?EIO=4&transport=websocket [IP: 182.156.141.17]
2025-11-21 04:37:38 PM [info]: Received GET request on /products/?page=2&limit=10 [IP: 182.156.141.17]
2025-11-21 04:37:38 PM [info]: Fetching all products 
2025-11-21 04:37:38 PM [info]: Fetched undefined products successfully 
2025-11-21 04:37:38 PM [info]: Received GET request on /socket.io/?EIO=4&transport=websocket [IP: 182.156.141.17]
2025-11-21 04:37:43 PM [info]: Received GET request on /socket.io/?EIO=4&transport=websocket [IP: 182.156.141.17]
2025-11-21 04:37:49 PM [info]: Received GET request on /socket.io/?EIO=4&transport=websocket [IP: 182.156.141.17]
2025-11-21 04:49:10 PM [info]: Received GET request on /inventoryStock/endoftheday/eod-report?startDate=2025-11-21&endDate=2025-11-21 [IP: ::1]
2025-11-21 04:49:10 PM [info]: Fetching End of Day Report... 
2025-11-21 04:49:11 PM [info]: End of Day Report fetched successfully 
2025-11-21 04:49:40 PM [info]: Received GET request on /employee/all/partial [IP: 182.156.141.17]
2025-11-21 04:49:40 PM [info]: Received GET request on /deliveryChallan/challanNos/getAllChallanNo [IP: 182.156.141.17]
2025-11-21 04:49:40 PM [info]: Employee Getting successfully 
2025-11-21 04:49:40 PM [info]: Fetching all Delivery Challan numbers 
2025-11-21 04:49:40 PM [info]: Successfully fetched all Delivery Challan numbers 
2025-11-21 04:49:40 PM [info]: Received GET request on /products/?page=2&limit=10 [IP: 182.156.141.17]
2025-11-21 04:49:40 PM [info]: Fetching all products 
2025-11-21 04:49:41 PM [info]: Fetched undefined products successfully 
2025-11-21 04:50:31 PM [info]: Received GET request on /products/2bf29417-d592-4642-a775-d3014aecc7ac [IP: 182.156.141.17]
2025-11-21 04:50:31 PM [info]: Fetching product with ID 
2025-11-21 04:50:32 PM [info]: Product with ID fetched successfully 
2025-11-21 04:50:44 PM [info]: Received GET request on /products/f06000b1-a7cd-49d6-b89e-2c2ec5c527b5 [IP: 182.156.141.17]
2025-11-21 04:50:44 PM [info]: Fetching product with ID 
2025-11-21 04:50:44 PM [info]: Product with ID fetched successfully 
2025-11-21 05:01:54 PM [info]: Received GET request on /products/partial/data [IP: 182.156.141.17]
2025-11-21 05:01:54 PM [info]: Received GET request on /farmers/update/1465ec32-4558-4bb4-a162-cb767e55aef3 [IP: 182.156.141.17]
2025-11-21 05:01:54 PM [info]: Fetching all products 
2025-11-21 05:01:54 PM [info]: Fetching farmer details by ID 
2025-11-21 05:01:54 PM [info]: Fetched undefined products successfully 
2025-11-21 05:01:54 PM [info]: Farmer details retrieved successfully 
2025-11-21 05:01:54 PM [info]: Received GET request on /products/f06000b1-a7cd-49d6-b89e-2c2ec5c527b5 [IP: 182.156.141.17]
2025-11-21 05:01:54 PM [info]: Received GET request on /deliveryChallan/challanNos/getAllChallanNo [IP: 182.156.141.17]
2025-11-21 05:01:54 PM [info]: Fetching product with ID 
2025-11-21 05:01:54 PM [info]: Fetching all Delivery Challan numbers 
2025-11-21 05:01:54 PM [info]: Product with ID fetched successfully 
2025-11-21 05:01:54 PM [info]: Successfully fetched all Delivery Challan numbers 
2025-11-21 05:01:54 PM [info]: Received GET request on /products/?page=2&limit=10 [IP: 182.156.141.17]
2025-11-21 05:01:54 PM [info]: Fetching all products 
2025-11-21 05:01:54 PM [info]: Received GET request on /employee/all/partial [IP: 182.156.141.17]
2025-11-21 05:01:54 PM [info]: Fetched undefined products successfully 
2025-11-21 05:01:54 PM [info]: Employee Getting successfully 
2025-11-21 05:02:01 PM [info]: Received GET request on /socket.io/?EIO=4&transport=websocket [IP: 182.156.141.17]
2025-11-21 05:02:01 PM [info]: Received GET request on /employee/all/partial [IP: 182.156.141.17]
2025-11-21 05:02:01 PM [info]: Received GET request on /deliveryChallan/challanNos/getAllChallanNo [IP: 182.156.141.17]
2025-11-21 05:02:01 PM [info]: Fetching all Delivery Challan numbers 
2025-11-21 05:02:01 PM [info]: Successfully fetched all Delivery Challan numbers 
2025-11-21 05:02:01 PM [info]: Employee Getting successfully 
2025-11-21 05:02:03 PM [info]: Received GET request on /products/?page=1&limit=10 [IP: 182.156.141.17]
2025-11-21 05:02:03 PM [info]: Fetching all products 
2025-11-21 05:02:03 PM [info]: Fetched undefined products successfully 
2025-11-21 05:02:03 PM [info]: Received GET request on /socket.io/?EIO=4&transport=websocket [IP: 182.156.141.17]
2025-11-21 05:02:05 PM [info]: Received GET request on /socket.io/?EIO=4&transport=websocket [IP: 182.156.141.17]
2025-11-21 05:02:07 PM [info]: Received GET request on /products/62800e23-8ffd-46a5-84d2-edff0e5a7a78 [IP: 182.156.141.17]
2025-11-21 05:02:07 PM [info]: Fetching product with ID 
2025-11-21 05:02:07 PM [info]: Product with ID fetched successfully 
2025-11-21 05:02:10 PM [info]: Received GET request on /socket.io/?EIO=4&transport=websocket [IP: 182.156.141.17]
2025-11-21 05:02:15 PM [info]: Received GET request on /socket.io/?EIO=4&transport=websocket [IP: 182.156.141.17]
2025-11-21 05:02:20 PM [info]: Received GET request on /socket.io/?EIO=4&transport=websocket [IP: 182.156.141.17]
2025-11-21 05:07:48 PM [info]: Received GET request on /socket.io/?EIO=4&transport=websocket [IP: 182.156.141.17]
2025-11-21 05:07:48 PM [info]: Received GET request on /deliveryChallan/challanNos/getAllChallanNo [IP: 182.156.141.17]
2025-11-21 05:07:48 PM [info]: Fetching all Delivery Challan numbers 
2025-11-21 05:07:48 PM [info]: Successfully fetched all Delivery Challan numbers 
2025-11-21 05:07:48 PM [info]: Received GET request on /products/?page=1&limit=10 [IP: 182.156.141.17]
2025-11-21 05:07:48 PM [info]: Received GET request on /employee/all/partial [IP: 182.156.141.17]
2025-11-21 05:07:48 PM [info]: Fetching all products 
2025-11-21 05:07:48 PM [info]: Employee Getting successfully 
2025-11-21 05:07:48 PM [info]: Fetched undefined products successfully 
2025-11-21 05:07:49 PM [info]: Received GET request on /socket.io/?EIO=4&transport=websocket [IP: 182.156.141.17]
2025-11-21 05:07:51 PM [info]: Received GET request on /socket.io/?EIO=4&transport=websocket [IP: 182.156.141.17]
2025-11-21 05:07:53 PM [info]: Received GET request on /socket.io/?EIO=4&transport=websocket [IP: 182.156.141.17]
2025-11-21 05:07:59 PM [info]: Received GET request on /socket.io/?EIO=4&transport=websocket [IP: 182.156.141.17]
2025-11-21 05:08:05 PM [info]: Received GET request on /socket.io/?EIO=4&transport=websocket [IP: 182.156.141.17]
2025-11-21 05:12:48 PM [info]: Received GET request on /products/?page=2&limit=10 [IP: 182.156.141.17]
2025-11-21 05:12:48 PM [info]: Fetching all products 
2025-11-21 05:12:48 PM [info]: Fetched undefined products successfully 
2025-11-21 05:24:50 PM [info]: Received GET request on /products/?page=2&limit=10 [IP: 182.156.141.17]
2025-11-21 05:24:50 PM [info]: Fetching all products 
2025-11-21 05:24:50 PM [info]: Fetched undefined products successfully 
2025-11-21 05:24:50 PM [info]: Received GET request on /deliveryChallan/challanNos/getAllChallanNo [IP: 182.156.141.17]
2025-11-21 05:24:50 PM [info]: Received GET request on /employee/all/partial [IP: 182.156.141.17]
2025-11-21 05:24:50 PM [info]: Received GET request on /farmers/update/1465ec32-4558-4bb4-a162-cb767e55aef3 [IP: 182.156.141.17]
2025-11-21 05:24:50 PM [info]: Fetching all Delivery Challan numbers 
2025-11-21 05:24:50 PM [info]: Fetching farmer details by ID 
2025-11-21 05:24:50 PM [info]: Successfully fetched all Delivery Challan numbers 
2025-11-21 05:24:50 PM [info]: Farmer details retrieved successfully 
2025-11-21 05:24:50 PM [info]: Employee Getting successfully 
2025-11-21 05:24:50 PM [info]: Received GET request on /products/partial/data [IP: 182.156.141.17]
2025-11-21 05:24:50 PM [info]: Fetching all products 
2025-11-21 05:24:50 PM [info]: Fetched undefined products successfully 
2025-11-21 05:25:07 PM [info]: Received GET request on /products/?page=1&limit=10 [IP: 182.156.141.17]
2025-11-21 05:25:07 PM [info]: Fetching all products 
2025-11-21 05:25:07 PM [info]: Fetched undefined products successfully 
2025-11-21 05:25:08 PM [info]: Received GET request on /products/?search=mango&page=1&limit=10 [IP: 182.156.141.17]
2025-11-21 05:25:08 PM [info]: Fetching all products 
2025-11-21 05:25:08 PM [info]: Fetched undefined products successfully 
2025-11-21 05:31:52 PM [info]: Received GET request on /products/?search=mango&page=1&limit=10 [IP: 182.156.141.17]
2025-11-21 05:31:52 PM [info]: Received GET request on /employee/all/partial [IP: 182.156.141.17]
2025-11-21 05:31:52 PM [info]: Received GET request on /deliveryChallan/challanNos/getAllChallanNo [IP: 182.156.141.17]
2025-11-21 05:31:52 PM [info]: Fetching all products 
2025-11-21 05:31:52 PM [info]: Fetching all Delivery Challan numbers 
2025-11-21 05:31:52 PM [info]: Successfully fetched all Delivery Challan numbers 
2025-11-21 05:31:52 PM [info]: Employee Getting successfully 
2025-11-21 05:31:52 PM [info]: Fetched undefined products successfully 
2025-11-21 05:31:55 PM [info]: Received GET request on /employee/all/partial [IP: 182.156.141.17]
2025-11-21 05:31:55 PM [info]: Employee Getting successfully 
2025-11-21 05:31:55 PM [info]: Received GET request on /deliveryChallan/challanNos/getAllChallanNo [IP: 182.156.141.17]
2025-11-21 05:31:55 PM [info]: Fetching all Delivery Challan numbers 
2025-11-21 05:31:55 PM [info]: Successfully fetched all Delivery Challan numbers 
2025-11-21 05:31:55 PM [info]: Received GET request on /products/?page=1&limit=10 [IP: 182.156.141.17]
2025-11-21 05:31:55 PM [info]: Received GET request on /socket.io/?EIO=4&transport=websocket [IP: 182.156.141.17]
2025-11-21 05:31:55 PM [info]: Fetching all products 
2025-11-21 05:31:55 PM [info]: Fetched undefined products successfully 
2025-11-21 05:31:59 PM [info]: Received GET request on /socket.io/?EIO=4&transport=websocket [IP: 182.156.141.17]
2025-11-21 05:32:02 PM [info]: Received GET request on /socket.io/?EIO=4&transport=websocket [IP: 182.156.141.17]
2025-11-21 05:32:07 PM [info]: Received GET request on /socket.io/?EIO=4&transport=websocket [IP: 182.156.141.17]
2025-11-21 05:32:13 PM [info]: Received GET request on /socket.io/?EIO=4&transport=websocket [IP: 182.156.141.17]
2025-11-21 05:32:19 PM [info]: Received GET request on /socket.io/?EIO=4&transport=websocket [IP: 182.156.141.17]
2025-11-21 05:32:36 PM [info]: Received GET request on /products/?search=mango&page=1&limit=10 [IP: 182.156.141.17]
2025-11-21 05:32:36 PM [info]: Fetching all products 
2025-11-21 05:32:36 PM [info]: Fetched undefined products successfully 
2025-11-21 05:34:21 PM [info]: Received GET request on /inventoryStock/endoftheday/eod-report?startDate=2025-11-21&endDate=2025-11-21 [IP: ::1]
2025-11-21 05:34:21 PM [info]: Fetching End of Day Report... 
2025-11-21 05:34:21 PM [info]: End of Day Report fetched successfully 
2025-11-21 05:38:12 PM [info]: Received GET request on /socket.io/?EIO=4&transport=websocket [IP: 182.156.141.17]
2025-11-21 05:38:12 PM [info]: Received GET request on /deliveryChallan/challanNos/getAllChallanNo [IP: 182.156.141.17]
2025-11-21 05:38:12 PM [info]: Fetching all Delivery Challan numbers 
2025-11-21 05:38:12 PM [info]: Successfully fetched all Delivery Challan numbers 
2025-11-21 05:38:12 PM [info]: Received GET request on /products/?page=1&limit=10 [IP: 182.156.141.17]
2025-11-21 05:38:12 PM [info]: Fetching all products 
2025-11-21 05:38:12 PM [info]: Received GET request on /employee/all/partial [IP: 182.156.141.17]
2025-11-21 05:38:12 PM [info]: Fetched undefined products successfully 
2025-11-21 05:38:12 PM [info]: Employee Getting successfully 
2025-11-21 05:38:14 PM [info]: Received GET request on /socket.io/?EIO=4&transport=websocket [IP: 182.156.141.17]
2025-11-21 05:38:15 PM [info]: Received GET request on /socket.io/?EIO=4&transport=websocket [IP: 182.156.141.17]
2025-11-21 05:38:18 PM [info]: Received GET request on /socket.io/?EIO=4&transport=websocket [IP: 182.156.141.17]
2025-11-21 05:38:20 PM [info]: Received GET request on /products/?page=2&limit=10 [IP: 182.156.141.17]
2025-11-21 05:38:20 PM [info]: Fetching all products 
2025-11-21 05:38:20 PM [info]: Fetched undefined products successfully 
2025-11-21 05:38:23 PM [info]: Received GET request on /socket.io/?EIO=4&transport=websocket [IP: 182.156.141.17]
2025-11-21 05:38:29 PM [info]: Received GET request on /socket.io/?EIO=4&transport=websocket [IP: 182.156.141.17]
2025-11-21 05:38:29 PM [info]: Received GET request on /deliveryChallan/challanNos/getAllChallanNo [IP: 182.156.141.17]
2025-11-21 05:38:29 PM [info]: Fetching all Delivery Challan numbers 
2025-11-21 05:38:29 PM [info]: Successfully fetched all Delivery Challan numbers 
2025-11-21 05:38:29 PM [info]: Received GET request on /products/?page=1&limit=10 [IP: 182.156.141.17]
2025-11-21 05:38:29 PM [info]: Received GET request on /employee/all/partial [IP: 182.156.141.17]
2025-11-21 05:38:29 PM [info]: Fetching all products 
2025-11-21 05:38:29 PM [info]: Employee Getting successfully 
2025-11-21 05:38:29 PM [info]: Fetched undefined products successfully 
2025-11-21 05:38:30 PM [info]: Received GET request on /socket.io/?EIO=4&transport=websocket [IP: 182.156.141.17]
2025-11-21 05:38:32 PM [info]: Received GET request on /socket.io/?EIO=4&transport=websocket [IP: 182.156.141.17]
2025-11-21 05:38:32 PM [info]: Received GET request on /products/?page=2&limit=10 [IP: 182.156.141.17]
2025-11-21 05:38:32 PM [info]: Fetching all products 
2025-11-21 05:38:32 PM [info]: Fetched undefined products successfully 
2025-11-21 05:38:35 PM [info]: Received GET request on /socket.io/?EIO=4&transport=websocket [IP: 182.156.141.17]
2025-11-21 05:38:41 PM [info]: Received GET request on /socket.io/?EIO=4&transport=websocket [IP: 182.156.141.17]
2025-11-21 05:38:47 PM [info]: Received GET request on /socket.io/?EIO=4&transport=websocket [IP: 182.156.141.17]
2025-11-21 05:38:58 PM [info]: Received GET request on /deliveryChallan/challanNos/getAllChallanNo [IP: 182.156.141.17]
2025-11-21 05:38:58 PM [info]: Received GET request on /products/?page=2&limit=10 [IP: 182.156.141.17]
2025-11-21 05:38:58 PM [info]: Fetching all Delivery Challan numbers 
2025-11-21 05:38:58 PM [info]: Received GET request on /employee/all/partial [IP: 182.156.141.17]
2025-11-21 05:38:58 PM [info]: Fetching all products 
2025-11-21 05:38:58 PM [info]: Successfully fetched all Delivery Challan numbers 
2025-11-21 05:38:58 PM [info]: Fetched undefined products successfully 
2025-11-21 05:38:58 PM [info]: Employee Getting successfully 
2025-11-21 05:39:02 PM [info]: Received GET request on /deliveryChallan/challanNos/getAllChallanNo [IP: 182.156.141.17]
2025-11-21 05:39:02 PM [info]: Received GET request on /employee/all/partial [IP: 182.156.141.17]
2025-11-21 05:39:02 PM [info]: Received GET request on /socket.io/?EIO=4&transport=websocket [IP: 182.156.141.17]
2025-11-21 05:39:02 PM [info]: Fetching all Delivery Challan numbers 
2025-11-21 05:39:02 PM [info]: Successfully fetched all Delivery Challan numbers 
2025-11-21 05:39:02 PM [info]: Employee Getting successfully 
2025-11-21 05:39:02 PM [info]: Received GET request on /products/?page=1&limit=10 [IP: 182.156.141.17]
2025-11-21 05:39:02 PM [info]: Fetching all products 
2025-11-21 05:39:02 PM [info]: Fetched undefined products successfully 
2025-11-21 05:39:04 PM [info]: Received GET request on /socket.io/?EIO=4&transport=websocket [IP: 182.156.141.17]
2025-11-21 05:39:05 PM [info]: Received GET request on /socket.io/?EIO=4&transport=websocket [IP: 182.156.141.17]
2025-11-21 05:39:07 PM [info]: Received GET request on /products/?page=2&limit=10 [IP: 182.156.141.17]
2025-11-21 05:39:07 PM [info]: Fetching all products 
2025-11-21 05:39:07 PM [info]: Fetched undefined products successfully 
2025-11-21 05:39:10 PM [info]: Received GET request on /socket.io/?EIO=4&transport=websocket [IP: 182.156.141.17]
2025-11-21 05:39:14 PM [info]: Received GET request on /socket.io/?EIO=4&transport=websocket [IP: 182.156.141.17]
2025-11-21 05:39:14 PM [info]: Received GET request on /employee/all/partial [IP: 182.156.141.17]
2025-11-21 05:39:14 PM [info]: Employee Getting successfully 
2025-11-21 05:39:14 PM [info]: Received GET request on /products/?page=1&limit=10 [IP: 182.156.141.17]
2025-11-21 05:39:14 PM [info]: Received GET request on /deliveryChallan/challanNos/getAllChallanNo [IP: 182.156.141.17]
2025-11-21 05:39:14 PM [info]: Fetching all products 
2025-11-21 05:39:14 PM [info]: Fetching all Delivery Challan numbers 
2025-11-21 05:39:14 PM [info]: Successfully fetched all Delivery Challan numbers 
2025-11-21 05:39:14 PM [info]: Fetched undefined products successfully 
2025-11-21 05:39:15 PM [info]: Received GET request on /socket.io/?EIO=4&transport=websocket [IP: 182.156.141.17]
2025-11-21 05:39:17 PM [info]: Received GET request on /socket.io/?EIO=4&transport=websocket [IP: 182.156.141.17]
2025-11-21 05:39:20 PM [info]: Received GET request on /products/?page=2&limit=10 [IP: 182.156.141.17]
2025-11-21 05:39:20 PM [info]: Fetching all products 
2025-11-21 05:39:20 PM [info]: Fetched undefined products successfully 
2025-11-21 05:39:22 PM [info]: Received GET request on /socket.io/?EIO=4&transport=websocket [IP: 182.156.141.17]
2025-11-21 05:39:27 PM [info]: Received GET request on /socket.io/?EIO=4&transport=websocket [IP: 182.156.141.17]
2025-11-21 05:39:32 PM [info]: Received GET request on /socket.io/?EIO=4&transport=websocket [IP: 182.156.141.17]
2025-11-21 05:44:07 PM [info]: Received GET request on /products/?page=2&limit=10 [IP: 182.156.141.17]
2025-11-21 05:44:07 PM [info]: Received GET request on /employee/all/partial [IP: 182.156.141.17]
2025-11-21 05:44:07 PM [info]: Received GET request on /deliveryChallan/challanNos/getAllChallanNo [IP: 182.156.141.17]
2025-11-21 05:44:07 PM [info]: Fetching all products 
2025-11-21 05:44:07 PM [info]: Fetching all Delivery Challan numbers 
2025-11-21 05:44:07 PM [info]: Successfully fetched all Delivery Challan numbers 
2025-11-21 05:44:07 PM [info]: Employee Getting successfully 
2025-11-21 05:44:07 PM [info]: Fetched undefined products successfully 
2025-11-21 05:44:13 PM [info]: Received GET request on /socket.io/?EIO=4&transport=websocket [IP: 182.156.141.17]
2025-11-21 05:44:13 PM [info]: Received GET request on /products/?page=1&limit=10 [IP: 182.156.141.17]
2025-11-21 05:44:13 PM [info]: Received GET request on /deliveryChallan/challanNos/getAllChallanNo [IP: 182.156.141.17]
2025-11-21 05:44:13 PM [info]: Received GET request on /employee/all/partial [IP: 182.156.141.17]
2025-11-21 05:44:13 PM [info]: Fetching all products 
2025-11-21 05:44:13 PM [info]: Fetching all Delivery Challan numbers 
2025-11-21 05:44:13 PM [info]: Successfully fetched all Delivery Challan numbers 
2025-11-21 05:44:13 PM [info]: Fetched undefined products successfully 
2025-11-21 05:44:13 PM [info]: Employee Getting successfully 
2025-11-21 05:44:15 PM [info]: Received GET request on /socket.io/?EIO=4&transport=websocket [IP: 182.156.141.17]
2025-11-21 05:44:16 PM [info]: Received GET request on /socket.io/?EIO=4&transport=websocket [IP: 182.156.141.17]
2025-11-21 05:44:21 PM [info]: Received GET request on /socket.io/?EIO=4&transport=websocket [IP: 182.156.141.17]
2025-11-21 05:44:21 PM [info]: Received GET request on /products/?page=2&limit=10 [IP: 182.156.141.17]
2025-11-21 05:44:21 PM [info]: Fetching all products 
2025-11-21 05:44:21 PM [info]: Fetched undefined products successfully 
2025-11-21 05:44:26 PM [info]: Received GET request on /socket.io/?EIO=4&transport=websocket [IP: 182.156.141.17]
2025-11-21 05:44:31 PM [info]: Received GET request on /socket.io/?EIO=4&transport=websocket [IP: 182.156.141.17]
2025-11-21 05:44:54 PM [info]: Received GET request on /products/?page=2&limit=10 [IP: 182.156.141.17]
2025-11-21 05:44:54 PM [info]: Received GET request on /employee/all/partial [IP: 182.156.141.17]
2025-11-21 05:44:54 PM [info]: Received GET request on /deliveryChallan/challanNos/getAllChallanNo [IP: 182.156.141.17]
2025-11-21 05:44:54 PM [info]: Fetching all products 
2025-11-21 05:44:54 PM [info]: Fetching all Delivery Challan numbers 
2025-11-21 05:44:54 PM [info]: Successfully fetched all Delivery Challan numbers 
2025-11-21 05:44:54 PM [info]: Employee Getting successfully 
2025-11-21 05:44:54 PM [info]: Fetched undefined products successfully 
2025-11-21 05:45:01 PM [info]: Received GET request on /socket.io/?EIO=4&transport=websocket [IP: 182.156.141.17]
2025-11-21 05:45:01 PM [info]: Received GET request on /employee/all/partial [IP: 182.156.141.17]
2025-11-21 05:45:01 PM [info]: Received GET request on /products/?page=1&limit=10 [IP: 182.156.141.17]
2025-11-21 05:45:01 PM [info]: Received GET request on /deliveryChallan/challanNos/getAllChallanNo [IP: 182.156.141.17]
2025-11-21 05:45:01 PM [info]: Fetching all products 
2025-11-21 05:45:01 PM [info]: Fetching all Delivery Challan numbers 
2025-11-21 05:45:01 PM [info]: Successfully fetched all Delivery Challan numbers 
2025-11-21 05:45:01 PM [info]: Employee Getting successfully 
2025-11-21 05:45:01 PM [info]: Fetched undefined products successfully 
2025-11-21 05:45:03 PM [info]: Received GET request on /socket.io/?EIO=4&transport=websocket [IP: 182.156.141.17]
2025-11-21 05:45:04 PM [info]: Received GET request on /products/?page=2&limit=10 [IP: 182.156.141.17]
2025-11-21 05:45:04 PM [info]: Fetching all products 
2025-11-21 05:45:04 PM [info]: Fetched undefined products successfully 
2025-11-21 05:45:05 PM [info]: Received GET request on /socket.io/?EIO=4&transport=websocket [IP: 182.156.141.17]
2025-11-21 05:45:10 PM [info]: Received GET request on /socket.io/?EIO=4&transport=websocket [IP: 182.156.141.17]
2025-11-21 05:45:14 PM [info]: Received GET request on /products/?page=1&limit=10 [IP: 182.156.141.17]
2025-11-21 05:45:14 PM [info]: Fetching all products 
2025-11-21 05:45:14 PM [info]: Fetched undefined products successfully 
2025-11-21 05:45:15 PM [info]: Received GET request on /products/?search=Mango&page=1&limit=10 [IP: 182.156.141.17]
2025-11-21 05:45:15 PM [info]: Fetching all products 
2025-11-21 05:45:15 PM [info]: Fetched undefined products successfully 
2025-11-21 05:45:16 PM [info]: Received GET request on /socket.io/?EIO=4&transport=websocket [IP: 182.156.141.17]
2025-11-21 05:45:21 PM [info]: Received GET request on /socket.io/?EIO=4&transport=websocket [IP: 182.156.141.17]
2025-11-21 05:49:24 PM [info]: Received GET request on /products/?page=1&limit=10 [IP: 182.156.141.17]
2025-11-21 05:49:24 PM [info]: Fetching all products 
2025-11-21 05:49:25 PM [info]: Fetched undefined products successfully 
2025-11-21 05:49:30 PM [info]: Received GET request on /products/?search=apple&page=1&limit=10 [IP: 182.156.141.17]
2025-11-21 05:49:30 PM [info]: Fetching all products 
2025-11-21 05:49:31 PM [info]: Fetched undefined products successfully 
2025-11-21 05:52:08 PM [info]: Received GET request on /employee/all/partial [IP: 182.156.141.17]
2025-11-21 05:52:08 PM [info]: Received GET request on /deliveryChallan/challanNos/getAllChallanNo [IP: 182.156.141.17]
2025-11-21 05:52:08 PM [info]: Received GET request on /products/?search=apple&page=1&limit=10 [IP: 182.156.141.17]
2025-11-21 05:52:08 PM [info]: Fetching all Delivery Challan numbers 
2025-11-21 05:52:08 PM [info]: Fetching all products 
2025-11-21 05:52:08 PM [info]: Successfully fetched all Delivery Challan numbers 
2025-11-21 05:52:08 PM [info]: Employee Getting successfully 
2025-11-21 05:52:08 PM [info]: Fetched undefined products successfully 
2025-11-21 05:52:10 PM [info]: Received GET request on /employee/all/partial [IP: 182.156.141.17]
2025-11-21 05:52:10 PM [info]: Received GET request on /socket.io/?EIO=4&transport=websocket [IP: 182.156.141.17]
2025-11-21 05:52:10 PM [info]: Employee Getting successfully 
2025-11-21 05:52:10 PM [info]: Received GET request on /deliveryChallan/challanNos/getAllChallanNo [IP: 182.156.141.17]
2025-11-21 05:52:10 PM [info]: Received GET request on /products/?page=1&limit=10 [IP: 182.156.141.17]
2025-11-21 05:52:10 PM [info]: Fetching all Delivery Challan numbers 
2025-11-21 05:52:10 PM [info]: Fetching all products 
2025-11-21 05:52:10 PM [info]: Successfully fetched all Delivery Challan numbers 
2025-11-21 05:52:10 PM [info]: Fetched undefined products successfully 
2025-11-21 05:52:12 PM [info]: Received GET request on /socket.io/?EIO=4&transport=websocket [IP: 182.156.141.17]
2025-11-21 05:52:15 PM [info]: Received GET request on /socket.io/?EIO=4&transport=websocket [IP: 182.156.141.17]
2025-11-21 05:52:21 PM [info]: Received GET request on /socket.io/?EIO=4&transport=websocket [IP: 182.156.141.17]
2025-11-21 05:52:27 PM [info]: Received GET request on /socket.io/?EIO=4&transport=websocket [IP: 182.156.141.17]
2025-11-21 05:52:32 PM [info]: Received GET request on /socket.io/?EIO=4&transport=websocket [IP: 182.156.141.17]
2025-11-21 05:52:37 PM [info]: Received GET request on /products/?search=apple&page=1&limit=10 [IP: 182.156.141.17]
2025-11-21 05:52:37 PM [info]: Fetching all products 
2025-11-21 05:52:37 PM [info]: Fetched undefined products successfully 
2025-11-21 05:52:50 PM [info]: Received GET request on /products/?page=1&limit=10 [IP: 182.156.141.17]
2025-11-21 05:52:50 PM [info]: Fetching all products 
2025-11-21 05:52:50 PM [info]: Fetched undefined products successfully 
2025-11-21 05:52:56 PM [info]: Received GET request on /products/?search=apple&page=1&limit=10 [IP: 182.156.141.17]
2025-11-21 05:52:56 PM [info]: Fetching all products 
2025-11-21 05:52:56 PM [info]: Fetched undefined products successfully 
2025-11-21 05:53:02 PM [info]: Received GET request on /products/?page=1&limit=10 [IP: 182.156.141.17]
2025-11-21 05:53:02 PM [info]: Fetching all products 
2025-11-21 05:53:02 PM [info]: Fetched undefined products successfully 
2025-11-21 05:53:20 PM [info]: Received GET request on /products/?page=1&limit=10 [IP: 182.156.141.17]
2025-11-21 05:53:20 PM [info]: Received GET request on /employee/all/partial [IP: 182.156.141.17]
2025-11-21 05:53:20 PM [info]: Received GET request on /deliveryChallan/challanNos/getAllChallanNo [IP: 182.156.141.17]
2025-11-21 05:53:20 PM [info]: Fetching all products 
2025-11-21 05:53:20 PM [info]: Fetching all Delivery Challan numbers 
2025-11-21 05:53:20 PM [info]: Successfully fetched all Delivery Challan numbers 
2025-11-21 05:53:20 PM [info]: Employee Getting successfully 
2025-11-21 05:53:20 PM [info]: Fetched undefined products successfully 
2025-11-21 05:53:59 PM [info]: Received GET request on /socket.io/?EIO=4&transport=websocket [IP: 182.156.141.17]
2025-11-21 05:53:59 PM [info]: Received GET request on /products/?page=1&limit=10 [IP: 182.156.141.17]
2025-11-21 05:53:59 PM [info]: Fetching all products 
2025-11-21 05:53:59 PM [info]: Received GET request on /deliveryChallan/challanNos/getAllChallanNo [IP: 182.156.141.17]
2025-11-21 05:53:59 PM [info]: Fetched undefined products successfully 
2025-11-21 05:53:59 PM [info]: Received GET request on /employee/all/partial [IP: 182.156.141.17]
2025-11-21 05:53:59 PM [info]: Fetching all Delivery Challan numbers 
2025-11-21 05:53:59 PM [info]: Successfully fetched all Delivery Challan numbers 
2025-11-21 05:53:59 PM [info]: Employee Getting successfully 
2025-11-21 05:54:01 PM [info]: Received GET request on /socket.io/?EIO=4&transport=websocket [IP: 182.156.141.17]
2025-11-21 05:54:04 PM [info]: Received GET request on /socket.io/?EIO=4&transport=websocket [IP: 182.156.141.17]
2025-11-21 05:54:08 PM [info]: Received GET request on /products/?search=appp&page=1&limit=10 [IP: 182.156.141.17]
2025-11-21 05:54:08 PM [info]: Fetching all products 
2025-11-21 05:54:08 PM [info]: Fetched undefined products successfully 
2025-11-21 05:54:08 PM [info]: Received GET request on /products/?search=app&page=1&limit=10 [IP: 182.156.141.17]
2025-11-21 05:54:08 PM [info]: Fetching all products 
2025-11-21 05:54:08 PM [info]: Fetched undefined products successfully 
2025-11-21 05:54:09 PM [info]: Received GET request on /socket.io/?EIO=4&transport=websocket [IP: 182.156.141.17]
2025-11-21 05:54:14 PM [info]: Received GET request on /products/?page=1&limit=10 [IP: 182.156.141.17]
2025-11-21 05:54:14 PM [info]: Fetching all products 
2025-11-21 05:54:14 PM [info]: Fetched undefined products successfully 
2025-11-21 05:54:14 PM [info]: Received GET request on /socket.io/?EIO=4&transport=websocket [IP: 182.156.141.17]
2025-11-21 05:54:19 PM [info]: Received GET request on /socket.io/?EIO=4&transport=websocket [IP: 182.156.141.17]
2025-11-21 05:54:21 PM [info]: Received GET request on /products/?page=1&limit=10 [IP: 182.156.141.17]
2025-11-21 05:54:21 PM [info]: Fetching all products 
2025-11-21 05:54:21 PM [info]: Fetched undefined products successfully 
2025-11-21 05:54:21 PM [info]: Received GET request on /deliveryChallan/challanNos/getAllChallanNo [IP: 182.156.141.17]
2025-11-21 05:54:21 PM [info]: Received GET request on /employee/all/partial [IP: 182.156.141.17]
2025-11-21 05:54:21 PM [info]: Fetching all Delivery Challan numbers 
2025-11-21 05:54:21 PM [info]: Successfully fetched all Delivery Challan numbers 
2025-11-21 05:54:21 PM [info]: Employee Getting successfully 
2025-11-21 05:54:26 PM [info]: Received GET request on /products/?page=1&limit=10 [IP: 182.156.141.17]
2025-11-21 05:54:26 PM [info]: Received GET request on /employee/all/partial [IP: 182.156.141.17]
2025-11-21 05:54:26 PM [info]: Fetching all products 
2025-11-21 05:54:26 PM [info]: Received GET request on /socket.io/?EIO=4&transport=websocket [IP: 182.156.141.17]
2025-11-21 05:54:26 PM [info]: Employee Getting successfully 
2025-11-21 05:54:26 PM [info]: Fetched undefined products successfully 
2025-11-21 05:54:26 PM [info]: Received GET request on /deliveryChallan/challanNos/getAllChallanNo [IP: 182.156.141.17]
2025-11-21 05:54:26 PM [info]: Fetching all Delivery Challan numbers 
2025-11-21 05:54:26 PM [info]: Successfully fetched all Delivery Challan numbers 
2025-11-21 05:54:28 PM [info]: Received GET request on /inventoryStock/endoftheday/eod-report?startDate=2025-11-21&endDate=2025-11-21 [IP: ::1]
2025-11-21 05:54:28 PM [info]: Received GET request on /socket.io/?EIO=4&transport=websocket [IP: 182.156.141.17]
2025-11-21 05:54:28 PM [info]: Fetching End of Day Report... 
2025-11-21 05:54:30 PM [info]: End of Day Report fetched successfully 
2025-11-21 05:54:32 PM [info]: Received GET request on /socket.io/?EIO=4&transport=websocket [IP: 182.156.141.17]
2025-11-21 05:54:37 PM [info]: Received GET request on /socket.io/?EIO=4&transport=websocket [IP: 182.156.141.17]
2025-11-21 05:54:43 PM [info]: Received GET request on /socket.io/?EIO=4&transport=websocket [IP: 182.156.141.17]
2025-11-21 05:54:49 PM [info]: Received GET request on /socket.io/?EIO=4&transport=websocket [IP: 182.156.141.17]
2025-11-21 05:55:01 PM [info]: Received GET request on /products/?search=mango&page=1&limit=10 [IP: 182.156.141.17]
2025-11-21 05:55:01 PM [info]: Fetching all products 
2025-11-21 05:55:01 PM [info]: Fetched undefined products successfully 
2025-11-21 05:55:08 PM [info]: Received GET request on /products/?page=1&limit=10 [IP: 182.156.141.17]
2025-11-21 05:55:08 PM [info]: Fetching all products 
2025-11-21 05:55:08 PM [info]: Fetched undefined products successfully 
2025-11-21 05:55:09 PM [info]: Received GET request on /products/?search=mango&page=1&limit=10 [IP: 182.156.141.17]
2025-11-21 05:55:09 PM [info]: Fetching all products 
2025-11-21 05:55:09 PM [info]: Fetched undefined products successfully 
2025-11-21 05:55:25 PM [info]: Received GET request on /products/?page=1&limit=10 [IP: 182.156.141.17]
2025-11-21 05:55:25 PM [info]: Fetching all products 
2025-11-21 05:55:25 PM [info]: Fetched undefined products successfully 
2025-11-21 05:55:28 PM [info]: Received GET request on /products/6238051b-af16-4002-bc9d-db87e3152a13 [IP: 182.156.141.17]
2025-11-21 05:55:28 PM [info]: Fetching product with ID 
2025-11-21 05:55:28 PM [info]: Product with ID fetched successfully 
2025-11-22 09:58:29 AM [info]: Received GET request on /inventoryStock/endoftheday/eod-report?startDate=2025-11-21&endDate=2025-11-21 [IP: ::1]
2025-11-22 09:58:29 AM [info]: Fetching End of Day Report... 
2025-11-22 09:58:31 AM [info]: End of Day Report fetched successfully 
2025-11-22 10:04:19 AM [info]: Received GET request on /inventoryStock/endoftheday/eod-report?startDate=2025-11-21&endDate=2025-11-21 [IP: ::1]
2025-11-22 10:04:19 AM [info]: Fetching End of Day Report... 
2025-11-22 10:04:19 AM [info]: End of Day Report fetched successfully 
2025-11-22 10:30:50 AM [info]: Shutting down gracefully... 
2025-11-22 10:31:55 AM [info]: Database connected successfully 
2025-11-22 10:31:55 AM [info]: 🚀 Server started on port 8003 
2025-11-22 10:31:55 AM [info]: 📡 SSE endpoint: http://localhost:8003/sse/notifications 
2025-11-22 10:31:55 AM [info]: 🧪 SSE test: http://localhost:8003/sse/test 
2025-11-22 11:26:41 AM [info]: Received GET request on /socket.io/?EIO=4&transport=websocket [IP: 182.156.141.17]
2025-11-22 11:26:42 AM [info]: Received GET request on /products/partial/data?page=1&limit=6 [IP: 182.156.141.17]
2025-11-22 11:26:42 AM [info]: Received GET request on /company/partial/details [IP: 182.156.141.17]
2025-11-22 11:26:42 AM [info]: Fetching all products 
2025-11-22 11:26:43 AM [info]: Received GET request on /location-branches/filterData/filter/all [IP: 182.156.141.17]
2025-11-22 11:26:43 AM [info]: Received GET request on /api/management/getGrns/management?filterType=tillDate [IP: 182.156.141.17]
2025-11-22 11:26:43 AM [info]: Received request to fetch all branches 
2025-11-22 11:26:43 AM [info]: Fetched all branches successfully 
2025-11-22 11:26:43 AM [info]: Fetched undefined products successfully 
2025-11-22 11:26:44 AM [info]: Received GET request on /socket.io/?EIO=4&transport=websocket [IP: 182.156.141.17]
2025-11-22 11:26:47 AM [info]: Received GET request on /socket.io/?EIO=4&transport=websocket [IP: 182.156.141.17]
2025-11-22 11:26:53 AM [info]: Received GET request on /socket.io/?EIO=4&transport=websocket [IP: 182.156.141.17]
2025-11-22 11:26:58 AM [info]: Received GET request on /socket.io/?EIO=4&transport=websocket [IP: 182.156.141.17]
2025-11-22 11:27:04 AM [info]: Received GET request on /socket.io/?EIO=4&transport=websocket [IP: 182.156.141.17]
2025-11-22 11:28:37 AM [info]: Received GET request on /aqr/?page=1&limit=10 [IP: 182.156.141.17]
2025-11-22 11:28:37 AM [info]: Fetching all AQR... 
2025-11-22 11:28:39 AM [info]: Received GET request on /employee/all/partial [IP: 182.156.141.17]
2025-11-22 11:28:39 AM [info]: Received GET request on /products/?page=1&limit=10 [IP: 182.156.141.17]
2025-11-22 11:28:39 AM [info]: Received GET request on /deliveryChallan/challanNos/getAllChallanNo [IP: 182.156.141.17]
2025-11-22 11:28:39 AM [info]: Fetching all products 
2025-11-22 11:28:39 AM [info]: Fetching all Delivery Challan numbers 
2025-11-22 11:28:39 AM [info]: Successfully fetched all Delivery Challan numbers 
2025-11-22 11:28:40 AM [info]: Employee Getting successfully 
2025-11-22 11:28:40 AM [info]: Fetched undefined products successfully 
2025-11-22 11:28:43 AM [info]: Received GET request on /products/?page=2&limit=10 [IP: 182.156.141.17]
2025-11-22 11:28:44 AM [info]: Fetching all products 
2025-11-22 11:28:44 AM [info]: Fetched undefined products successfully 
2025-11-22 11:28:51 AM [info]: Received GET request on /products/?page=1&limit=10 [IP: 182.156.141.17]
2025-11-22 11:28:51 AM [info]: Fetching all products 
2025-11-22 11:28:52 AM [info]: Fetched undefined products successfully 
2025-11-22 11:28:52 AM [info]: Received GET request on /products/?search=m&page=1&limit=10 [IP: 182.156.141.17]
2025-11-22 11:28:52 AM [info]: Fetching all products 
2025-11-22 11:28:52 AM [info]: Received GET request on /products/?search=mna&page=1&limit=10 [IP: 182.156.141.17]
2025-11-22 11:28:52 AM [info]: Fetched undefined products successfully 
2025-11-22 11:28:52 AM [info]: Fetching all products 
2025-11-22 11:28:52 AM [info]: Fetched undefined products successfully 
2025-11-22 11:28:54 AM [info]: Received GET request on /products/?search=mango&page=1&limit=10 [IP: 182.156.141.17]
2025-11-22 11:28:54 AM [info]: Fetching all products 
2025-11-22 11:28:54 AM [info]: Fetched undefined products successfully 
2025-11-22 11:29:03 AM [info]: Received GET request on /products/?page=1&limit=10 [IP: 182.156.141.17]
2025-11-22 11:29:03 AM [info]: Fetching all products 
2025-11-22 11:29:03 AM [info]: Fetched undefined products successfully 
2025-11-22 11:29:05 AM [info]: Received GET request on /products/?page=2&limit=10 [IP: 182.156.141.17]
2025-11-22 11:29:05 AM [info]: Fetching all products 
2025-11-22 11:29:05 AM [info]: Fetched undefined products successfully 
2025-11-22 11:30:04 AM [info]: Received GET request on /products/?page=1&limit=10 [IP: 182.156.141.17]
2025-11-22 11:30:04 AM [info]: Fetching all products 
2025-11-22 11:30:04 AM [info]: Fetched undefined products successfully 
2025-11-22 11:30:05 AM [info]: Received GET request on /products/?search=Mango&page=1&limit=10 [IP: 182.156.141.17]
2025-11-22 11:30:05 AM [info]: Fetching all products 
2025-11-22 11:30:07 AM [info]: Fetched undefined products successfully 
2025-11-22 11:30:15 AM [info]: Received GET request on /products/?page=1&limit=10 [IP: 182.156.141.17]
2025-11-22 11:30:15 AM [info]: Fetching all products 
2025-11-22 11:30:15 AM [info]: Fetched undefined products successfully 
2025-11-22 11:30:17 AM [info]: Received GET request on /products/?page=2&limit=10 [IP: 182.156.141.17]
2025-11-22 11:30:17 AM [info]: Fetching all products 
2025-11-22 11:30:17 AM [info]: Fetched undefined products successfully 
2025-11-22 11:30:57 AM [info]: Received GET request on /employee/all/partial [IP: 182.156.141.17]
2025-11-22 11:30:57 AM [info]: Received GET request on /deliveryChallan/challanNos/getAllChallanNo [IP: 182.156.141.17]
2025-11-22 11:30:57 AM [info]: Received GET request on /products/?page=2&limit=10 [IP: 182.156.141.17]
2025-11-22 11:30:57 AM [info]: Fetching all Delivery Challan numbers 
2025-11-22 11:30:57 AM [info]: Fetching all products 
2025-11-22 11:30:57 AM [info]: Successfully fetched all Delivery Challan numbers 
2025-11-22 11:30:57 AM [info]: Employee Getting successfully 
2025-11-22 11:30:57 AM [info]: Fetched undefined products successfully 
2025-11-22 11:31:01 AM [info]: Received GET request on /deliveryChallan/challanNos/getAllChallanNo [IP: 182.156.141.17]
2025-11-22 11:31:01 AM [info]: Received GET request on /employee/all/partial [IP: 182.156.141.17]
2025-11-22 11:31:01 AM [info]: Received GET request on /socket.io/?EIO=4&transport=websocket [IP: 182.156.141.17]
2025-11-22 11:31:01 AM [info]: Fetching all Delivery Challan numbers 
2025-11-22 11:31:01 AM [info]: Successfully fetched all Delivery Challan numbers 
2025-11-22 11:31:01 AM [info]: Employee Getting successfully 
2025-11-22 11:31:02 AM [info]: Received GET request on /products/?page=1&limit=10 [IP: 182.156.141.17]
2025-11-22 11:31:02 AM [info]: Fetching all products 
2025-11-22 11:31:02 AM [info]: Fetched undefined products successfully 
2025-11-22 11:31:02 AM [info]: Received GET request on /socket.io/?EIO=4&transport=websocket [IP: 182.156.141.17]
2025-11-22 11:31:04 AM [info]: Received GET request on /socket.io/?EIO=4&transport=websocket [IP: 182.156.141.17]
2025-11-22 11:31:06 AM [info]: Received GET request on /products/?page=2&limit=10 [IP: 182.156.141.17]
2025-11-22 11:31:06 AM [info]: Fetching all products 
2025-11-22 11:31:06 AM [info]: Fetched undefined products successfully 
2025-11-22 11:31:09 AM [info]: Received GET request on /socket.io/?EIO=4&transport=websocket [IP: 182.156.141.17]
2025-11-22 11:31:13 AM [info]: Received GET request on /products/?page=1&limit=10 [IP: 182.156.141.17]
2025-11-22 11:31:13 AM [info]: Fetching all products 
2025-11-22 11:31:13 AM [info]: Fetched undefined products successfully 
2025-11-22 11:31:14 AM [info]: Received GET request on /products/?search=Mango&page=1&limit=10 [IP: 182.156.141.17]
2025-11-22 11:31:14 AM [info]: Fetching all products 
2025-11-22 11:31:14 AM [info]: Fetched undefined products successfully 
2025-11-22 11:31:14 AM [info]: Received GET request on /socket.io/?EIO=4&transport=websocket [IP: 182.156.141.17]
2025-11-22 11:31:18 AM [info]: Received GET request on /products/?page=1&limit=10 [IP: 182.156.141.17]
2025-11-22 11:31:18 AM [info]: Fetching all products 
2025-11-22 11:31:18 AM [info]: Fetched undefined products successfully 
2025-11-22 11:31:19 AM [info]: Received GET request on /socket.io/?EIO=4&transport=websocket [IP: 182.156.141.17]
2025-11-22 11:31:22 AM [info]: Received GET request on /products/?page=2&limit=10 [IP: 182.156.141.17]
2025-11-22 11:31:22 AM [info]: Fetching all products 
2025-11-22 11:31:22 AM [info]: Fetched undefined products successfully 
2025-11-22 11:35:06 AM [info]: Received GET request on /employee/all/partial [IP: 182.156.141.17]
2025-11-22 11:35:06 AM [info]: Received GET request on /deliveryChallan/challanNos/getAllChallanNo [IP: 182.156.141.17]
2025-11-22 11:35:07 AM [info]: Fetching all Delivery Challan numbers 
2025-11-22 11:35:07 AM [info]: Successfully fetched all Delivery Challan numbers 
2025-11-22 11:35:07 AM [info]: Employee Getting successfully 
2025-11-22 11:35:07 AM [info]: Received GET request on /products/?page=2&limit=10 [IP: 182.156.141.17]
2025-11-22 11:35:07 AM [info]: Fetching all products 
2025-11-22 11:35:07 AM [info]: Fetched undefined products successfully 
2025-11-22 11:41:00 AM [info]: Received GET request on /employee/all/partial [IP: 182.156.141.17]
2025-11-22 11:41:02 AM [info]: Employee Getting successfully 
2025-11-22 11:41:02 AM [info]: Received GET request on /deliveryChallan/challanNos/getAllChallanNo [IP: 182.156.141.17]
2025-11-22 11:41:02 AM [info]: Received GET request on /products/?page=2&limit=10 [IP: 182.156.141.17]
2025-11-22 11:41:02 AM [info]: Fetching all Delivery Challan numbers 
2025-11-22 11:41:02 AM [info]: Fetching all products 
2025-11-22 11:41:02 AM [info]: Successfully fetched all Delivery Challan numbers 
2025-11-22 11:41:02 AM [info]: Fetched undefined products successfully 
2025-11-22 11:41:05 AM [info]: Received GET request on /socket.io/?EIO=4&transport=websocket [IP: 182.156.141.17]
2025-11-22 11:41:05 AM [info]: Received GET request on /employee/all/partial [IP: 182.156.141.17]
2025-11-22 11:41:05 AM [info]: Received GET request on /deliveryChallan/challanNos/getAllChallanNo [IP: 182.156.141.17]
2025-11-22 11:41:05 AM [info]: Fetching all Delivery Challan numbers 
2025-11-22 11:41:05 AM [info]: Successfully fetched all Delivery Challan numbers 
2025-11-22 11:41:05 AM [info]: Employee Getting successfully 
2025-11-22 11:41:05 AM [info]: Received GET request on /products/?page=1&limit=10 [IP: 182.156.141.17]
2025-11-22 11:41:05 AM [info]: Fetching all products 
2025-11-22 11:41:05 AM [info]: Fetched undefined products successfully 
2025-11-22 11:41:06 AM [info]: Received GET request on /socket.io/?EIO=4&transport=websocket [IP: 182.156.141.17]
2025-11-22 11:41:08 AM [info]: Received GET request on /socket.io/?EIO=4&transport=websocket [IP: 182.156.141.17]
2025-11-22 11:41:09 AM [info]: Received GET request on /products/?page=2&limit=10 [IP: 182.156.141.17]
2025-11-22 11:41:09 AM [info]: Fetching all products 
2025-11-22 11:41:09 AM [info]: Fetched undefined products successfully 
2025-11-22 11:41:10 AM [info]: Received GET request on /socket.io/?EIO=4&transport=websocket [IP: 182.156.141.17]
2025-11-22 11:41:15 AM [info]: Received GET request on /products/?page=1&limit=10 [IP: 182.156.141.17]
2025-11-22 11:41:15 AM [info]: Fetching all products 
2025-11-22 11:41:15 AM [info]: Fetched undefined products successfully 
2025-11-22 11:41:15 AM [info]: Received GET request on /socket.io/?EIO=4&transport=websocket [IP: 182.156.141.17]
2025-11-22 11:41:16 AM [info]: Received GET request on /products/?search=Mango&page=1&limit=10 [IP: 182.156.141.17]
2025-11-22 11:41:16 AM [info]: Fetching all products 
2025-11-22 11:41:16 AM [info]: Fetched undefined products successfully 
2025-11-22 11:41:20 AM [info]: Received GET request on /socket.io/?EIO=4&transport=websocket [IP: 182.156.141.17]
2025-11-22 11:41:25 AM [info]: Received GET request on /products/?page=1&limit=10 [IP: 182.156.141.17]
2025-11-22 11:41:25 AM [info]: Fetching all products 
2025-11-22 11:41:25 AM [info]: Fetched undefined products successfully 
2025-11-22 11:41:28 AM [info]: Received GET request on /products/?page=2&limit=10 [IP: 182.156.141.17]
2025-11-22 11:41:28 AM [info]: Fetching all products 
2025-11-22 11:41:28 AM [info]: Fetched undefined products successfully 
2025-11-22 11:46:23 AM [info]: Received GET request on /socket.io/?EIO=4&transport=websocket [IP: 182.156.141.17]
2025-11-22 11:46:23 AM [info]: Received GET request on /employee/all/partial [IP: 182.156.141.17]
2025-11-22 11:46:23 AM [info]: Received GET request on /products/?page=1&limit=10 [IP: 182.156.141.17]
2025-11-22 11:46:23 AM [info]: Received GET request on /deliveryChallan/challanNos/getAllChallanNo [IP: 182.156.141.17]
2025-11-22 11:46:23 AM [info]: Fetching all products 
2025-11-22 11:46:23 AM [info]: Fetching all Delivery Challan numbers 
2025-11-22 11:46:23 AM [info]: Successfully fetched all Delivery Challan numbers 
2025-11-22 11:46:23 AM [info]: Employee Getting successfully 
2025-11-22 11:46:23 AM [info]: Fetched undefined products successfully 
2025-11-22 11:46:25 AM [info]: Received GET request on /socket.io/?EIO=4&transport=websocket [IP: 182.156.141.17]
2025-11-22 11:46:27 AM [info]: Received GET request on /socket.io/?EIO=4&transport=websocket [IP: 182.156.141.17]
2025-11-22 11:46:30 AM [info]: Received GET request on /socket.io/?EIO=4&transport=websocket [IP: 182.156.141.17]
2025-11-22 11:46:35 AM [info]: Received GET request on /socket.io/?EIO=4&transport=websocket [IP: 182.156.141.17]
2025-11-22 11:46:40 AM [info]: Received GET request on /socket.io/?EIO=4&transport=websocket [IP: 182.156.141.17]
2025-11-22 11:51:28 AM [info]: Received GET request on /products/?page=2&limit=10 [IP: 182.156.141.17]
2025-11-22 11:51:28 AM [info]: Fetching all products 
2025-11-22 11:51:28 AM [info]: Fetched undefined products successfully 
2025-11-22 11:52:02 AM [info]: Received GET request on /products/?page=1&limit=10 [IP: 182.156.141.17]
2025-11-22 11:52:02 AM [info]: Fetching all products 
2025-11-22 11:52:02 AM [info]: Fetched undefined products successfully 
2025-11-22 11:52:03 AM [info]: Received GET request on /products/?search=apple&page=1&limit=10 [IP: 182.156.141.17]
2025-11-22 11:52:03 AM [info]: Fetching all products 
2025-11-22 11:52:03 AM [info]: Fetched undefined products successfully 
2025-11-22 11:52:18 AM [info]: Received GET request on /products/?page=1&limit=10 [IP: 182.156.141.17]
2025-11-22 11:52:18 AM [info]: Fetching all products 
2025-11-22 11:52:18 AM [info]: Fetched undefined products successfully 
2025-11-22 11:52:21 AM [info]: Received GET request on /products/?page=2&limit=10 [IP: 182.156.141.17]
2025-11-22 11:52:21 AM [info]: Fetching all products 
2025-11-22 11:52:21 AM [info]: Fetched undefined products successfully 
2025-11-22 11:57:21 AM [info]: Received GET request on /socket.io/?EIO=4&transport=websocket [IP: 182.156.141.17]
2025-11-22 11:57:22 AM [info]: Received GET request on /products/partial/data?page=1&limit=6 [IP: 182.156.141.17]
2025-11-22 11:57:22 AM [info]: Fetching all products 
2025-11-22 11:57:22 AM [info]: Fetched undefined products successfully 
2025-11-22 11:57:22 AM [info]: Received GET request on /location-branches/filterData/filter/all [IP: 182.156.141.17]
2025-11-22 11:57:22 AM [info]: Received request to fetch all branches 
2025-11-22 11:57:22 AM [info]: Received GET request on /api/management/getGrns/management?filterType=tillDate [IP: 182.156.141.17]
2025-11-22 11:57:22 AM [info]: Fetched all branches successfully 
2025-11-22 11:57:22 AM [info]: Received GET request on /company/partial/details [IP: 182.156.141.17]
2025-11-22 11:57:23 AM [info]: Received GET request on /socket.io/?EIO=4&transport=websocket [IP: 182.156.141.17]
2025-11-22 11:57:26 AM [info]: Received GET request on /socket.io/?EIO=4&transport=websocket [IP: 182.156.141.17]
2025-11-22 11:57:32 AM [info]: Received GET request on /socket.io/?EIO=4&transport=websocket [IP: 182.156.141.17]
2025-11-22 11:57:41 AM [info]: Received GET request on /socket.io/?EIO=4&transport=websocket [IP: 182.156.141.17]
2025-11-22 11:57:46 AM [info]: Received GET request on /socket.io/?EIO=4&transport=websocket [IP: 182.156.141.17]
2025-11-22 12:00:14 PM [info]: Received GET request on /socket.io/?EIO=4&transport=websocket [IP: 182.156.141.17]
2025-11-22 12:00:15 PM [info]: Received GET request on /grns/?page=1&limit=10 [IP: 182.156.141.17]
2025-11-22 12:00:15 PM [info]: Fetching all GRNs... 
2025-11-22 12:00:16 PM [info]: Total GRNs fetched: 8 
2025-11-22 12:00:17 PM [info]: Received GET request on /socket.io/?EIO=4&transport=websocket [IP: 182.156.141.17]
2025-11-22 12:00:18 PM [info]: Activity logged: VIEW - GRN by user c3a14fe3-0f7d-4324-a9f0-5b2de53cbbe0 
2025-11-22 12:00:18 PM [info]: Received GET request on /socket.io/?EIO=4&transport=websocket [IP: 182.156.141.17]
2025-11-22 12:00:23 PM [info]: Received GET request on /socket.io/?EIO=4&transport=websocket [IP: 182.156.141.17]
2025-11-22 12:00:27 PM [info]: Received GET request on /socket.io/?EIO=4&transport=websocket [IP: 182.156.141.17]
2025-11-22 12:00:27 PM [info]: Received GET request on /deliveryChallan/challanNos/getAllChallanNo [IP: 182.156.141.17]
2025-11-22 12:00:27 PM [info]: Fetching all Delivery Challan numbers 
2025-11-22 12:00:27 PM [info]: Successfully fetched all Delivery Challan numbers 
2025-11-22 12:00:27 PM [info]: Received GET request on /employee/all/partial [IP: 182.156.141.17]
2025-11-22 12:00:27 PM [info]: Received GET request on /products/?page=1&limit=10 [IP: 182.156.141.17]
2025-11-22 12:00:27 PM [info]: Fetching all products 
2025-11-22 12:00:27 PM [info]: Employee Getting successfully 
2025-11-22 12:00:27 PM [info]: Fetched undefined products successfully 
2025-11-22 12:00:29 PM [info]: Received GET request on /socket.io/?EIO=4&transport=websocket [IP: 182.156.141.17]
2025-11-22 12:00:29 PM [info]: Received GET request on /socket.io/?EIO=4&transport=websocket [IP: 182.156.141.17]
2025-11-22 12:00:32 PM [info]: Received GET request on /socket.io/?EIO=4&transport=websocket [IP: 182.156.141.17]
2025-11-22 12:00:35 PM [info]: Received GET request on /socket.io/?EIO=4&transport=websocket [IP: 182.156.141.17]
2025-11-22 12:00:37 PM [info]: Received GET request on /socket.io/?EIO=4&transport=websocket [IP: 182.156.141.17]
2025-11-22 12:00:42 PM [info]: Received GET request on /socket.io/?EIO=4&transport=websocket [IP: 182.156.141.17]
2025-11-22 12:00:47 PM [info]: Received GET request on /socket.io/?EIO=4&transport=websocket [IP: 182.156.141.17]
2025-11-22 12:00:53 PM [info]: Received GET request on /products/?page=2&limit=10 [IP: 182.156.141.17]
2025-11-22 12:00:53 PM [info]: Fetching all products 
2025-11-22 12:00:53 PM [info]: Fetched undefined products successfully 
2025-11-22 12:01:22 PM [info]: Received GET request on /products/?page=1&limit=10 [IP: 182.156.141.17]
2025-11-22 12:01:22 PM [info]: Fetching all products 
2025-11-22 12:01:22 PM [info]: Fetched undefined products successfully 
2025-11-22 12:01:23 PM [info]: Received GET request on /products/?search=apl&page=1&limit=10 [IP: 182.156.141.17]
2025-11-22 12:01:23 PM [info]: Fetching all products 
2025-11-22 12:01:23 PM [info]: Fetched undefined products successfully 
2025-11-22 12:01:27 PM [info]: Received GET request on /products/?search=ap&page=1&limit=10 [IP: 182.156.141.17]
2025-11-22 12:01:27 PM [info]: Fetching all products 
2025-11-22 12:01:28 PM [info]: Fetched undefined products successfully 
2025-11-22 12:01:28 PM [info]: Received GET request on /products/?search=appl&page=1&limit=10 [IP: 182.156.141.17]
2025-11-22 12:01:28 PM [info]: Fetching all products 
2025-11-22 12:01:28 PM [info]: Fetched undefined products successfully 
2025-11-22 12:01:29 PM [info]: Received GET request on /products/?search=apple&page=1&limit=10 [IP: 182.156.141.17]
2025-11-22 12:01:29 PM [info]: Fetching all products 
2025-11-22 12:01:29 PM [info]: Fetched undefined products successfully 
2025-11-22 12:01:40 PM [info]: Received GET request on /products/?page=1&limit=10 [IP: 182.156.141.17]
2025-11-22 12:01:40 PM [info]: Fetching all products 
2025-11-22 12:01:40 PM [info]: Fetched undefined products successfully 
2025-11-22 12:01:42 PM [info]: Received GET request on /products/?page=2&limit=10 [IP: 182.156.141.17]
2025-11-22 12:01:42 PM [info]: Fetching all products 
2025-11-22 12:01:42 PM [info]: Fetched undefined products successfully 
2025-11-22 12:02:29 PM [info]: Received GET request on /products/e61be0b4-71ba-483c-86c2-5f96038ef7c3 [IP: 182.156.141.17]
2025-11-22 12:02:29 PM [info]: Fetching product with ID 
2025-11-22 12:02:29 PM [info]: Product with ID fetched successfully 
2025-11-22 12:02:33 PM [info]: Received GET request on /products/?page=1&limit=10 [IP: 182.156.141.17]
2025-11-22 12:02:33 PM [info]: Fetching all products 
2025-11-22 12:02:33 PM [info]: Fetched undefined products successfully 
2025-11-22 12:02:36 PM [info]: Received GET request on /products/?search=apple&page=1&limit=10 [IP: 182.156.141.17]
2025-11-22 12:02:36 PM [info]: Fetching all products 
2025-11-22 12:02:36 PM [info]: Fetched undefined products successfully 
2025-11-22 12:03:47 PM [info]: Received GET request on /grns/?page=1&limit=10 [IP: 182.156.141.17]
2025-11-22 12:03:47 PM [info]: Fetching all GRNs... 
2025-11-22 12:03:47 PM [info]: Total GRNs fetched: 8 
2025-11-22 12:03:47 PM [info]: Activity logged: VIEW - GRN by user c3a14fe3-0f7d-4324-a9f0-5b2de53cbbe0 
2025-11-22 12:03:56 PM [info]: Received GET request on /farmers/filterFarmer/all?page=1&limit=10 [IP: 182.156.141.17]
2025-11-22 12:03:56 PM [info]: Fetching all farmers 
2025-11-22 12:03:57 PM [info]: Received GET request on /employee/all/partial [IP: 182.156.141.17]
2025-11-22 12:03:57 PM [info]: Employee Getting successfully 
2025-11-22 12:03:57 PM [info]: Received GET request on /products/partial/data?page=1&limit=10 [IP: 182.156.141.17]
2025-11-22 12:03:57 PM [info]: Received GET request on /vendors/filterVendor/all?page=1&limit=10 [IP: 182.156.141.17]
2025-11-22 12:03:57 PM [info]: Received GET request on /location-branches/filterData/filter/all [IP: 182.156.141.17]
2025-11-22 12:03:57 PM [info]: Fetching all products 
2025-11-22 12:03:57 PM [info]: Received request to fetch all branches 
2025-11-22 12:03:57 PM [info]: Farmers retrieved successfully 
2025-11-22 12:03:57 PM [info]: Fetched all branches successfully 
2025-11-22 12:03:57 PM [info]: Fetched undefined products successfully 
2025-11-22 12:03:57 PM [info]: Received GET request on /uoms/getAll/partialdata [IP: 182.156.141.17]
2025-11-22 12:03:57 PM [info]: Received GET request on /products/partial/data [IP: 182.156.141.17]
2025-11-22 12:03:57 PM [info]: Received GET request on /dealSlip/dealslipno/getAlldealslipNo [IP: 182.156.141.17]
2025-11-22 12:03:57 PM [info]: Received GET request on /company/partial/details [IP: 182.156.141.17]
2025-11-22 12:03:57 PM [info]: Fetching all products 
2025-11-22 12:03:57 PM [info]: Fetching all DealSlip numbers 
2025-11-22 12:03:57 PM [info]: Found 5 DealSlip numbers 
2025-11-22 12:03:57 PM [info]: Fetched undefined products successfully 
2025-11-22 12:14:12 PM [info]: Database connected successfully 
2025-11-22 12:14:12 PM [info]: 🚀 Server started on port 8003 
2025-11-22 12:14:12 PM [info]: 📡 SSE endpoint: http://localhost:8003/sse/notifications 
2025-11-22 12:14:12 PM [info]: 🧪 SSE test: http://localhost:8003/sse/test 
2025-11-22 12:28:54 PM [info]: Database connected successfully 
2025-11-22 12:28:54 PM [info]: 🚀 Server started on port 8003 
2025-11-22 12:28:54 PM [info]: 📡 SSE endpoint: http://localhost:8003/sse/notifications 
2025-11-22 12:28:54 PM [info]: 🧪 SSE test: http://localhost:8003/sse/test 
2025-11-22 12:29:03 PM [info]: Database connected successfully 
2025-11-22 12:29:03 PM [info]: 🚀 Server started on port 8003 
2025-11-22 12:29:03 PM [info]: 📡 SSE endpoint: http://localhost:8003/sse/notifications 
2025-11-22 12:29:03 PM [info]: 🧪 SSE test: http://localhost:8003/sse/test 
2025-11-22 12:39:19 PM [info]: Received GET request on /products/partial/data?page=1&limit=6 [IP: 182.156.141.17]
2025-11-22 12:39:19 PM [info]: Received GET request on /location-branches/filterData/filter/all [IP: 182.156.141.17]
2025-11-22 12:39:19 PM [info]: Received GET request on /api/management/getGrns/management?filterType=tillDate [IP: 182.156.141.17]
2025-11-22 12:39:19 PM [info]: Received GET request on /socket.io/?EIO=4&transport=websocket [IP: 182.156.141.17]
2025-11-22 12:39:19 PM [info]: Received GET request on /company/partial/details [IP: 182.156.141.17]
2025-11-22 12:39:19 PM [info]: Fetching all products 
2025-11-22 12:39:19 PM [info]: Received request to fetch all branches 
2025-11-22 12:39:19 PM [info]: Fetched all branches successfully 
2025-11-22 12:39:19 PM [info]: Fetched undefined products successfully 
2025-11-22 12:39:21 PM [info]: Received GET request on /socket.io/?EIO=4&transport=websocket [IP: 182.156.141.17]
2025-11-22 12:39:23 PM [info]: Received GET request on /socket.io/?EIO=4&transport=websocket [IP: 182.156.141.17]
2025-11-22 12:39:27 PM [info]: Received GET request on /socket.io/?EIO=4&transport=websocket [IP: 182.156.141.17]
2025-11-22 12:39:36 PM [info]: Received GET request on /socket.io/?EIO=4&transport=websocket [IP: 182.156.141.17]
2025-11-22 12:39:42 PM [info]: Received GET request on /socket.io/?EIO=4&transport=websocket [IP: 182.156.141.17]
2025-11-22 12:45:33 PM [info]: Received GET request on /socket.io/?EIO=4&transport=websocket [IP: 182.156.141.17]
2025-11-22 12:45:35 PM [info]: Received GET request on /socket.io/?EIO=4&transport=websocket [IP: 182.156.141.17]
2025-11-22 12:45:35 PM [info]: Received GET request on /products/partial/data?page=1&limit=10 [IP: 182.156.141.17]
2025-11-22 12:45:35 PM [info]: Received GET request on /vendors/filterVendor/all?page=1&limit=10 [IP: 182.156.141.17]
2025-11-22 12:45:35 PM [info]: Received GET request on /products/partial/data [IP: 182.156.141.17]
2025-11-22 12:45:35 PM [info]: Received GET request on /company/partial/details [IP: 182.156.141.17]
2025-11-22 12:45:36 PM [info]: Fetching all products 
2025-11-22 12:45:36 PM [info]: Fetching all products 
2025-11-22 12:45:36 PM [info]: Fetched undefined products successfully 
2025-11-22 12:45:36 PM [info]: Fetched undefined products successfully 
2025-11-22 12:45:36 PM [info]: Received GET request on /farmers/filterFarmer/all?page=1&limit=10 [IP: 182.156.141.17]
2025-11-22 12:45:36 PM [info]: Received GET request on /uoms/getAll/partialdata [IP: 182.156.141.17]
2025-11-22 12:45:36 PM [info]: Received GET request on /employee/all/partial [IP: 182.156.141.17]
2025-11-22 12:45:36 PM [info]: Received GET request on /dealSlip/dealslipno/getAlldealslipNo [IP: 182.156.141.17]
2025-11-22 12:45:36 PM [info]: Received GET request on /location-branches/filterData/filter/all [IP: 182.156.141.17]
2025-11-22 12:45:36 PM [info]: Fetching all farmers 
2025-11-22 12:45:36 PM [info]: Fetching all DealSlip numbers 
2025-11-22 12:45:36 PM [info]: Received request to fetch all branches 
2025-11-22 12:45:36 PM [info]: Found 5 DealSlip numbers 
2025-11-22 12:45:36 PM [info]: Fetched all branches successfully 
2025-11-22 12:45:36 PM [info]: Employee Getting successfully 
2025-11-22 12:45:36 PM [info]: Farmers retrieved successfully 
2025-11-22 12:45:37 PM [info]: Received GET request on /socket.io/?EIO=4&transport=websocket [IP: 182.156.141.17]
2025-11-22 12:45:38 PM [info]: Received GET request on /socket.io/?EIO=4&transport=websocket [IP: 182.156.141.17]
2025-11-22 12:45:42 PM [info]: Received GET request on /socket.io/?EIO=4&transport=websocket [IP: 182.156.141.17]
2025-11-22 12:45:44 PM [info]: Received GET request on /aqr/?page=1&limit=10 [IP: 182.156.141.17]
2025-11-22 12:45:44 PM [info]: Fetching all AQR... 
2025-11-22 12:45:47 PM [info]: Received GET request on /socket.io/?EIO=4&transport=websocket [IP: 182.156.141.17]
2025-11-22 12:45:48 PM [info]: Received GET request on /products/?page=1&limit=10 [IP: 182.156.141.17]
2025-11-22 12:45:48 PM [info]: Fetching all products 
2025-11-22 12:45:48 PM [info]: Fetched undefined products successfully 
2025-11-22 12:45:48 PM [info]: Received GET request on /deliveryChallan/challanNos/getAllChallanNo [IP: 182.156.141.17]
2025-11-22 12:45:48 PM [info]: Received GET request on /employee/all/partial [IP: 182.156.141.17]
2025-11-22 12:45:48 PM [info]: Fetching all Delivery Challan numbers 
2025-11-22 12:45:48 PM [info]: Successfully fetched all Delivery Challan numbers 
2025-11-22 12:45:48 PM [info]: Employee Getting successfully 
2025-11-22 12:45:52 PM [info]: Received GET request on /socket.io/?EIO=4&transport=websocket [IP: 182.156.141.17]
2025-11-22 12:46:08 PM [info]: Received GET request on /products/?page=2&limit=10 [IP: 182.156.141.17]
2025-11-22 12:46:08 PM [info]: Fetching all products 
2025-11-22 12:46:08 PM [info]: Fetched undefined products successfully 
2025-11-22 12:46:18 PM [info]: Received GET request on /products/?page=1&limit=10 [IP: 182.156.141.17]
2025-11-22 12:46:18 PM [info]: Fetching all products 
2025-11-22 12:46:18 PM [info]: Fetched undefined products successfully 
2025-11-22 12:46:20 PM [info]: Received GET request on /products/?search=apple&page=1&limit=10 [IP: 182.156.141.17]
2025-11-22 12:46:20 PM [info]: Fetching all products 
2025-11-22 12:46:21 PM [info]: Fetched undefined products successfully 
2025-11-22 12:46:36 PM [info]: Received GET request on /products/?page=1&limit=10 [IP: 182.156.141.17]
2025-11-22 12:46:36 PM [info]: Fetching all products 
2025-11-22 12:46:36 PM [info]: Fetched undefined products successfully 
2025-11-22 12:46:37 PM [info]: Received GET request on /products/?page=2&limit=10 [IP: 182.156.141.17]
2025-11-22 12:46:37 PM [info]: Fetching all products 
2025-11-22 12:46:37 PM [info]: Fetched undefined products successfully 
2025-11-22 12:49:16 PM [info]: Received GET request on /socket.io/?EIO=4&transport=websocket [IP: 182.156.141.17]
2025-11-22 12:49:16 PM [info]: Received GET request on /products/?page=2&limit=10 [IP: 182.156.141.17]
2025-11-22 12:49:16 PM [info]: Fetching all products 
2025-11-22 12:49:16 PM [info]: Fetched undefined products successfully 
2025-11-22 12:49:17 PM [info]: Received GET request on /employee/all/partial [IP: 182.156.141.17]
2025-11-22 12:49:17 PM [info]: Employee Getting successfully 
2025-11-22 12:49:17 PM [info]: Received GET request on /deliveryChallan/challanNos/getAllChallanNo [IP: 182.156.141.17]
2025-11-22 12:49:17 PM [info]: Fetching all Delivery Challan numbers 
2025-11-22 12:49:17 PM [info]: Successfully fetched all Delivery Challan numbers 
2025-11-22 12:49:18 PM [info]: Received GET request on /socket.io/?EIO=4&transport=websocket [IP: 182.156.141.17]
2025-11-22 12:49:21 PM [info]: Received GET request on /socket.io/?EIO=4&transport=websocket [IP: 182.156.141.17]
2025-11-22 12:49:24 PM [info]: Received GET request on /products/partial/data?page=1&limit=6 [IP: 182.156.141.17]
2025-11-22 12:49:24 PM [info]: Received GET request on /api/management/getGrns/management?filterType=tillDate [IP: 182.156.141.17]
2025-11-22 12:49:24 PM [info]: Fetching all products 
2025-11-22 12:49:24 PM [info]: Fetched undefined products successfully 
2025-11-22 12:49:24 PM [info]: Received GET request on /location-branches/filterData/filter/all [IP: 182.156.141.17]
2025-11-22 12:49:24 PM [info]: Received GET request on /company/partial/details [IP: 182.156.141.17]
2025-11-22 12:49:24 PM [info]: Received request to fetch all branches 
2025-11-22 12:49:24 PM [info]: Fetched all branches successfully 
2025-11-22 12:49:24 PM [info]: Received GET request on /socket.io/?EIO=4&transport=websocket [IP: 182.156.141.17]
2025-11-22 12:49:25 PM [info]: Received GET request on /socket.io/?EIO=4&transport=websocket [IP: 182.156.141.17]
2025-11-22 12:49:26 PM [info]: Received GET request on /socket.io/?EIO=4&transport=websocket [IP: 182.156.141.17]
2025-11-22 12:49:28 PM [info]: Received GET request on /socket.io/?EIO=4&transport=websocket [IP: 182.156.141.17]
2025-11-22 12:49:30 PM [info]: Received GET request on /socket.io/?EIO=4&transport=websocket [IP: 182.156.141.17]
2025-11-22 12:49:32 PM [info]: Received GET request on /socket.io/?EIO=4&transport=websocket [IP: 182.156.141.17]
2025-11-22 12:49:36 PM [info]: Received GET request on /socket.io/?EIO=4&transport=websocket [IP: 182.156.141.17]
2025-11-22 12:49:38 PM [info]: Received GET request on /socket.io/?EIO=4&transport=websocket [IP: 182.156.141.17]
2025-11-22 12:49:44 PM [info]: Received GET request on /socket.io/?EIO=4&transport=websocket [IP: 182.156.141.17]
2025-11-22 12:50:38 PM [info]: Received GET request on /employee/all/partial [IP: 182.156.141.17]
2025-11-22 12:50:38 PM [info]: Received GET request on /products/?page=2&limit=10 [IP: 182.156.141.17]
2025-11-22 12:50:38 PM [info]: Received GET request on /deliveryChallan/challanNos/getAllChallanNo [IP: 182.156.141.17]
2025-11-22 12:50:38 PM [info]: Fetching all products 
2025-11-22 12:50:38 PM [info]: Employee Getting successfully 
2025-11-22 12:50:38 PM [info]: Fetching all Delivery Challan numbers 
2025-11-22 12:50:38 PM [info]: Successfully fetched all Delivery Challan numbers 
2025-11-22 12:50:38 PM [info]: Fetched undefined products successfully 
2025-11-22 12:50:39 PM [info]: Received GET request on /employee/all/partial [IP: 182.156.141.17]
2025-11-22 12:50:39 PM [info]: Received GET request on /products/?page=2&limit=10 [IP: 182.156.141.17]
2025-11-22 12:50:39 PM [info]: Received GET request on /deliveryChallan/challanNos/getAllChallanNo [IP: 182.156.141.17]
2025-11-22 12:50:39 PM [info]: Fetching all products 
2025-11-22 12:50:39 PM [info]: Fetching all Delivery Challan numbers 
2025-11-22 12:50:39 PM [info]: Employee Getting successfully 
2025-11-22 12:50:39 PM [info]: Successfully fetched all Delivery Challan numbers 
2025-11-22 12:50:39 PM [info]: Fetched undefined products successfully 
2025-11-22 12:50:48 PM [info]: Received GET request on /socket.io/?EIO=4&transport=websocket [IP: 182.156.141.17]
2025-11-22 12:50:48 PM [info]: Received GET request on /employee/all/partial [IP: 182.156.141.17]
2025-11-22 12:50:48 PM [info]: Employee Getting successfully 
2025-11-22 12:50:48 PM [info]: Received GET request on /deliveryChallan/challanNos/getAllChallanNo [IP: 182.156.141.17]
2025-11-22 12:50:48 PM [info]: Received GET request on /products/?page=1&limit=10 [IP: 182.156.141.17]
2025-11-22 12:50:48 PM [info]: Fetching all Delivery Challan numbers 
2025-11-22 12:50:48 PM [info]: Fetching all products 
2025-11-22 12:50:48 PM [info]: Successfully fetched all Delivery Challan numbers 
2025-11-22 12:50:48 PM [info]: Fetched undefined products successfully 
2025-11-22 12:50:50 PM [info]: Received GET request on /socket.io/?EIO=4&transport=websocket [IP: 182.156.141.17]
2025-11-22 12:50:52 PM [info]: Received GET request on /socket.io/?EIO=4&transport=websocket [IP: 182.156.141.17]
2025-11-22 12:50:54 PM [info]: Received GET request on /socket.io/?EIO=4&transport=websocket [IP: 182.156.141.17]
2025-11-22 12:50:59 PM [info]: Received GET request on /socket.io/?EIO=4&transport=websocket [IP: 182.156.141.17]
2025-11-22 12:51:05 PM [info]: Received GET request on /socket.io/?EIO=4&transport=websocket [IP: 182.156.141.17]
2025-11-22 12:53:52 PM [info]: Received GET request on /products/?page=1&limit=10 [IP: 182.156.141.17]
2025-11-22 12:53:52 PM [info]: Received GET request on /employee/all/partial [IP: 182.156.141.17]
2025-11-22 12:53:52 PM [info]: Received GET request on /deliveryChallan/challanNos/getAllChallanNo [IP: 182.156.141.17]
2025-11-22 12:53:52 PM [info]: Fetching all products 
2025-11-22 12:53:52 PM [info]: Fetching all Delivery Challan numbers 
2025-11-22 12:53:52 PM [info]: Successfully fetched all Delivery Challan numbers 
2025-11-22 12:53:52 PM [info]: Fetched undefined products successfully 
2025-11-22 12:53:52 PM [info]: Employee Getting successfully 
2025-11-22 01:08:05 PM [info]: Received GET request on /employee/all/partial [IP: 182.156.141.17]
2025-11-22 01:08:05 PM [info]: Received GET request on /products/?page=1&limit=10 [IP: 182.156.141.17]
2025-11-22 01:08:05 PM [info]: Received GET request on /deliveryChallan/challanNos/getAllChallanNo [IP: 182.156.141.17]
2025-11-22 01:08:05 PM [info]: Fetching all products 
2025-11-22 01:08:05 PM [info]: Fetching all Delivery Challan numbers 
2025-11-22 01:08:05 PM [info]: Successfully fetched all Delivery Challan numbers 
2025-11-22 01:08:05 PM [info]: Employee Getting successfully 
2025-11-22 01:08:05 PM [info]: Fetched undefined products successfully 
2025-11-22 01:08:10 PM [info]: Received GET request on /products/partial/data?page=1&limit=6 [IP: 182.156.141.17]
2025-11-22 01:08:10 PM [info]: Fetching all products 
2025-11-22 01:08:10 PM [info]: Fetched undefined products successfully 
2025-11-22 01:08:10 PM [info]: Received GET request on /api/management/getGrns/management?filterType=tillDate [IP: 182.156.141.17]
2025-11-22 01:08:10 PM [info]: Received GET request on /company/partial/details [IP: 182.156.141.17]
2025-11-22 01:08:10 PM [info]: Received GET request on /location-branches/filterData/filter/all [IP: 182.156.141.17]
2025-11-22 01:08:10 PM [info]: Received request to fetch all branches 
2025-11-22 01:08:10 PM [info]: Fetched all branches successfully 
2025-11-22 01:08:17 PM [info]: Received GET request on /socket.io/?EIO=4&transport=websocket [IP: 182.156.141.17]
2025-11-22 01:08:17 PM [info]: Received GET request on /employee/all/partial [IP: 182.156.141.17]
2025-11-22 01:08:17 PM [info]: Received GET request on /products/?page=1&limit=10 [IP: 182.156.141.17]
2025-11-22 01:08:17 PM [info]: Employee Getting successfully 
2025-11-22 01:08:17 PM [info]: Fetching all products 
2025-11-22 01:08:17 PM [info]: Fetched undefined products successfully 
2025-11-22 01:08:18 PM [info]: Received GET request on /deliveryChallan/challanNos/getAllChallanNo [IP: 182.156.141.17]
2025-11-22 01:08:18 PM [info]: Fetching all Delivery Challan numbers 
2025-11-22 01:08:18 PM [info]: Successfully fetched all Delivery Challan numbers 
2025-11-22 01:08:19 PM [info]: Received GET request on /socket.io/?EIO=4&transport=websocket [IP: 182.156.141.17]
2025-11-22 01:08:21 PM [info]: Received GET request on /socket.io/?EIO=4&transport=websocket [IP: 182.156.141.17]
2025-11-22 01:08:25 PM [info]: Received GET request on /socket.io/?EIO=4&transport=websocket [IP: 182.156.141.17]
2025-11-22 01:08:30 PM [info]: Received GET request on /socket.io/?EIO=4&transport=websocket [IP: 182.156.141.17]
2025-11-22 01:08:35 PM [info]: Received GET request on /socket.io/?EIO=4&transport=websocket [IP: 182.156.141.17]
2025-11-22 01:08:58 PM [info]: Received GET request on /products/?page=2&limit=10 [IP: 182.156.141.17]
2025-11-22 01:08:58 PM [info]: Fetching all products 
2025-11-22 01:08:58 PM [info]: Fetched undefined products successfully 
2025-11-22 02:16:07 PM [info]: Received GET request on /socket.io/?EIO=4&transport=websocket [IP: 182.156.141.17]
2025-11-22 02:16:07 PM [info]: Received GET request on /products/?page=1&limit=10 [IP: 182.156.141.17]
2025-11-22 02:16:07 PM [info]: Received GET request on /employee/all/partial [IP: 182.156.141.17]
2025-11-22 02:16:07 PM [info]: Received GET request on /deliveryChallan/challanNos/getAllChallanNo [IP: 182.156.141.17]
2025-11-22 02:16:08 PM [info]: Fetching all products 
2025-11-22 02:16:08 PM [info]: Fetching all Delivery Challan numbers 
2025-11-22 02:16:08 PM [info]: Successfully fetched all Delivery Challan numbers 
2025-11-22 02:16:08 PM [info]: Fetched undefined products successfully 
2025-11-22 02:16:08 PM [info]: Employee Getting successfully 
2025-11-22 02:16:09 PM [info]: Received GET request on /socket.io/?EIO=4&transport=websocket [IP: 182.156.141.17]
2025-11-22 02:16:10 PM [info]: Received GET request on /socket.io/?EIO=4&transport=websocket [IP: 182.156.141.17]
2025-11-22 02:16:14 PM [info]: Received GET request on /socket.io/?EIO=4&transport=websocket [IP: 182.156.141.17]
2025-11-22 02:16:19 PM [info]: Received GET request on /socket.io/?EIO=4&transport=websocket [IP: 182.156.141.17]
2025-11-22 02:16:24 PM [info]: Received GET request on /socket.io/?EIO=4&transport=websocket [IP: 182.156.141.17]
2025-11-22 02:17:14 PM [info]: Received GET request on /products/?page=2&limit=10 [IP: 182.156.141.17]
2025-11-22 02:17:14 PM [info]: Fetching all products 
2025-11-22 02:17:14 PM [info]: Fetched undefined products successfully 
2025-11-22 02:18:16 PM [info]: Received GET request on /employee/all/partial [IP: 182.156.141.17]
2025-11-22 02:18:16 PM [info]: Received GET request on /products/?page=1&limit=10 [IP: 182.156.141.17]
2025-11-22 02:18:16 PM [info]: Fetching all products 
2025-11-22 02:18:16 PM [info]: Employee Getting successfully 
2025-11-22 02:18:16 PM [info]: Fetched undefined products successfully 
2025-11-22 02:18:16 PM [info]: Received GET request on /deliveryChallan/challanNos/getAllChallanNo [IP: 182.156.141.17]
2025-11-22 02:18:16 PM [info]: Fetching all Delivery Challan numbers 
2025-11-22 02:18:16 PM [info]: Successfully fetched all Delivery Challan numbers 
2025-11-22 02:32:01 PM [info]: Received GET request on /socket.io/?EIO=4&transport=websocket [IP: 182.156.141.17]
2025-11-22 02:32:01 PM [info]: Received GET request on /products/partial/data?page=1&limit=6 [IP: 182.156.141.17]
2025-11-22 02:32:01 PM [info]: Fetching all products 
2025-11-22 02:32:01 PM [info]: Fetched undefined products successfully 
2025-11-22 02:32:01 PM [info]: Received GET request on /location-branches/filterData/filter/all [IP: 182.156.141.17]
2025-11-22 02:32:01 PM [info]: Received request to fetch all branches 
2025-11-22 02:32:01 PM [info]: Received GET request on /company/partial/details [IP: 182.156.141.17]
2025-11-22 02:32:01 PM [info]: Received GET request on /api/management/getGrns/management?filterType=tillDate [IP: 182.156.141.17]
2025-11-22 02:32:01 PM [info]: Fetched all branches successfully 
2025-11-22 02:32:02 PM [info]: Received GET request on /socket.io/?EIO=4&transport=websocket [IP: 182.156.141.17]
2025-11-22 02:32:04 PM [info]: Received GET request on /socket.io/?EIO=4&transport=websocket [IP: 182.156.141.17]
2025-11-22 02:32:09 PM [info]: Received GET request on /socket.io/?EIO=4&transport=websocket [IP: 182.156.141.17]
2025-11-22 02:32:15 PM [info]: Received GET request on /socket.io/?EIO=4&transport=websocket [IP: 182.156.141.17]
2025-11-22 02:32:21 PM [info]: Received GET request on /socket.io/?EIO=4&transport=websocket [IP: 182.156.141.17]
2025-11-22 02:41:44 PM [info]: Received GET request on /deliveryChallan/challanNos/getAllChallanNo [IP: 182.156.141.17]
2025-11-22 02:41:44 PM [info]: Received GET request on /products/?page=1&limit=10 [IP: 182.156.141.17]
2025-11-22 02:41:44 PM [info]: Received GET request on /employee/all/partial [IP: 182.156.141.17]
2025-11-22 02:41:44 PM [info]: Fetching all products 
2025-11-22 02:41:44 PM [info]: Fetching all Delivery Challan numbers 
2025-11-22 02:41:44 PM [info]: Successfully fetched all Delivery Challan numbers 
2025-11-22 02:41:44 PM [info]: Employee Getting successfully 
2025-11-22 02:41:44 PM [info]: Fetched undefined products successfully 
2025-11-22 02:41:45 PM [info]: Received GET request on /api/management/getGrns/management?filterType=tillDate [IP: 182.156.141.17]
2025-11-22 02:41:45 PM [info]: Received GET request on /location-branches/filterData/filter/all [IP: 182.156.141.17]
2025-11-22 02:41:45 PM [info]: Received GET request on /products/partial/data?page=1&limit=6 [IP: 182.156.141.17]
2025-11-22 02:41:45 PM [info]: Received request to fetch all branches 
2025-11-22 02:41:45 PM [info]: Fetching all products 
2025-11-22 02:41:45 PM [info]: Received GET request on /company/partial/details [IP: 182.156.141.17]
2025-11-22 02:41:45 PM [info]: Fetched all branches successfully 
2025-11-22 02:41:45 PM [info]: Fetched undefined products successfully 
2025-11-22 02:43:32 PM [info]: Received GET request on /socket.io/?EIO=4&transport=websocket [IP: 182.156.141.17]
2025-11-22 02:43:32 PM [info]: Received GET request on /products/?page=1&limit=10 [IP: 182.156.141.17]
2025-11-22 02:43:32 PM [error]: AppError: You need to re-authenticate. Please log in. 
2025-11-22 02:43:32 PM [info]: Received GET request on /employee/all/partial [IP: 182.156.141.17]
2025-11-22 02:43:32 PM [error]: AppError: You need to re-authenticate. Please log in. 
2025-11-22 02:43:32 PM [info]: Received GET request on /deliveryChallan/challanNos/getAllChallanNo [IP: 182.156.141.17]
2025-11-22 02:43:32 PM [error]: AppError: You need to re-authenticate. Please log in. 
2025-11-22 02:43:33 PM [info]: Received POST request on /auth/refresh-token [IP: 182.156.141.17]
2025-11-22 02:43:33 PM [info]: Received request to refresh access token 
2025-11-22 02:43:33 PM [info]: Received POST request on /auth/refresh-token [IP: 182.156.141.17]
2025-11-22 02:43:33 PM [info]: Received request to refresh access token 
2025-11-22 02:43:33 PM [info]: Received POST request on /auth/refresh-token [IP: 182.156.141.17]
2025-11-22 02:43:33 PM [info]: Received request to refresh access token 
2025-11-22 02:43:33 PM [info]: Access token refreshed successfully 
2025-11-22 02:43:33 PM [info]: Access token refreshed successfully 
2025-11-22 02:43:33 PM [info]: Access token refreshed successfully 
2025-11-22 02:43:33 PM [info]: Received GET request on /deliveryChallan/challanNos/getAllChallanNo [IP: 182.156.141.17]
2025-11-22 02:43:33 PM [info]: Fetching all Delivery Challan numbers 
2025-11-22 02:43:33 PM [info]: Successfully fetched all Delivery Challan numbers 
2025-11-22 02:43:33 PM [info]: Received GET request on /products/?page=1&limit=10 [IP: 182.156.141.17]
2025-11-22 02:43:33 PM [info]: Fetching all products 
2025-11-22 02:43:33 PM [info]: Received GET request on /employee/all/partial [IP: 182.156.141.17]
2025-11-22 02:43:33 PM [info]: Fetched undefined products successfully 
2025-11-22 02:43:33 PM [info]: Employee Getting successfully 
2025-11-22 02:43:34 PM [info]: Received GET request on /socket.io/?EIO=4&transport=websocket [IP: 182.156.141.17]
2025-11-22 02:43:36 PM [info]: Received GET request on /socket.io/?EIO=4&transport=websocket [IP: 182.156.141.17]
2025-11-22 02:43:41 PM [info]: Received GET request on /socket.io/?EIO=4&transport=websocket [IP: 182.156.141.17]
2025-11-22 02:43:46 PM [info]: Received GET request on /socket.io/?EIO=4&transport=websocket [IP: 182.156.141.17]
2025-11-22 02:43:51 PM [info]: Received GET request on /socket.io/?EIO=4&transport=websocket [IP: 182.156.141.17]
2025-11-22 02:43:51 PM [info]: Received POST request on /auth/logout [IP: 182.156.141.17]
2025-11-22 02:43:52 PM [info]: User logged out successfully 
2025-11-22 02:44:00 PM [info]: Received POST request on /auth/login [IP: 182.156.141.17]
2025-11-22 02:44:00 PM [info]: Login request received 
2025-11-22 02:44:01 PM [info]: Active session stored 
2025-11-22 02:44:01 PM [info]: System log saved 
2025-11-22 02:44:01 PM [info]: User logged in successfully 
2025-11-22 02:44:04 PM [info]: Received GET request on /socket.io/?EIO=4&transport=websocket [IP: 182.156.141.17]
2025-11-22 02:44:05 PM [info]: Received GET request on /products/partial/data?page=1&limit=6 [IP: 182.156.141.17]
2025-11-22 02:44:05 PM [info]: Fetching all products 
2025-11-22 02:44:05 PM [info]: Fetched undefined products successfully 
2025-11-22 02:44:05 PM [info]: Received GET request on /location-branches/filterData/filter/all [IP: 182.156.141.17]
2025-11-22 02:44:05 PM [info]: Received GET request on /company/partial/details [IP: 182.156.141.17]
2025-11-22 02:44:05 PM [info]: Received GET request on /api/management/getGrns/management?filterType=tillDate [IP: 182.156.141.17]
2025-11-22 02:44:05 PM [info]: Received GET request on /socket.io/?EIO=4&transport=websocket [IP: 182.156.141.17]
2025-11-22 02:44:05 PM [info]: Received request to fetch all branches 
2025-11-22 02:44:05 PM [info]: Fetched all branches successfully 
2025-11-22 02:44:07 PM [info]: Received GET request on /socket.io/?EIO=4&transport=websocket [IP: 182.156.141.17]
2025-11-22 02:44:12 PM [info]: Received GET request on /socket.io/?EIO=4&transport=websocket [IP: 182.156.141.17]
2025-11-22 02:44:16 PM [info]: Received GET request on /aqr/?page=1&limit=10 [IP: 182.156.141.17]
2025-11-22 02:44:16 PM [info]: Fetching all AQR... 
2025-11-22 02:44:17 PM [info]: Received GET request on /socket.io/?EIO=4&transport=websocket [IP: 182.156.141.17]
2025-11-22 02:44:22 PM [info]: Received GET request on /employee/all/partial [IP: 182.156.141.17]
2025-11-22 02:44:22 PM [info]: Employee Getting successfully 
2025-11-22 02:44:24 PM [info]: Received GET request on /products/?page=1&limit=10 [IP: 182.156.141.17]
2025-11-22 02:44:24 PM [info]: Fetching all products 
2025-11-22 02:44:24 PM [info]: Fetched undefined products successfully 
2025-11-22 02:44:24 PM [info]: Received GET request on /deliveryChallan/challanNos/getAllChallanNo [IP: 182.156.141.17]
2025-11-22 02:44:24 PM [info]: Fetching all Delivery Challan numbers 
2025-11-22 02:44:24 PM [info]: Received GET request on /socket.io/?EIO=4&transport=websocket [IP: 182.156.141.17]
2025-11-22 02:44:24 PM [info]: Successfully fetched all Delivery Challan numbers 
2025-11-22 02:44:39 PM [info]: Received GET request on /products/?page=2&limit=10 [IP: 182.156.141.17]
2025-11-22 02:44:39 PM [info]: Fetching all products 
2025-11-22 02:44:39 PM [info]: Fetched undefined products successfully 
2025-11-22 02:44:47 PM [info]: Received GET request on /products/?page=1&limit=10 [IP: 182.156.141.17]
2025-11-22 02:44:47 PM [info]: Fetching all products 
2025-11-22 02:44:47 PM [info]: Fetched undefined products successfully 
2025-11-22 02:44:48 PM [info]: Received GET request on /products/?search=apple&page=1&limit=10 [IP: 182.156.141.17]
2025-11-22 02:44:50 PM [info]: Fetching all products 
2025-11-22 02:44:50 PM [info]: Fetched undefined products successfully 
2025-11-22 02:44:58 PM [info]: Received GET request on /products/?page=1&limit=10 [IP: 182.156.141.17]
2025-11-22 02:44:58 PM [info]: Fetching all products 
2025-11-22 02:44:58 PM [info]: Fetched undefined products successfully 
2025-11-22 02:47:57 PM [info]: Received GET request on /socket.io/?EIO=4&transport=websocket [IP: 182.156.141.17]
2025-11-22 02:47:57 PM [info]: Received GET request on /deliveryChallan/challanNos/getAllChallanNo [IP: 182.156.141.17]
2025-11-22 02:47:57 PM [info]: Received GET request on /products/?page=1&limit=10 [IP: 182.156.141.17]
2025-11-22 02:47:59 PM [info]: Received GET request on /socket.io/?EIO=4&transport=websocket [IP: 182.156.141.17]
2025-11-22 02:47:59 PM [info]: Fetching all Delivery Challan numbers 
2025-11-22 02:47:59 PM [info]: Fetching all products 
2025-11-22 02:47:59 PM [info]: Successfully fetched all Delivery Challan numbers 
2025-11-22 02:47:59 PM [info]: Fetched undefined products successfully 
2025-11-22 02:47:59 PM [info]: Received GET request on /employee/all/partial [IP: 182.156.141.17]
2025-11-22 02:47:59 PM [info]: Employee Getting successfully 
2025-11-22 02:48:01 PM [info]: Received GET request on /socket.io/?EIO=4&transport=websocket [IP: 182.156.141.17]
2025-11-22 02:48:05 PM [info]: Received GET request on /socket.io/?EIO=4&transport=websocket [IP: 182.156.141.17]
2025-11-22 02:48:10 PM [info]: Received GET request on /socket.io/?EIO=4&transport=websocket [IP: 182.156.141.17]
2025-11-22 02:48:15 PM [info]: Received GET request on /socket.io/?EIO=4&transport=websocket [IP: 182.156.141.17]
2025-11-22 02:49:46 PM [info]: Received GET request on /products/?page=2&limit=10 [IP: 182.156.141.17]
2025-11-22 02:49:46 PM [info]: Fetching all products 
2025-11-22 02:49:46 PM [info]: Fetched undefined products successfully 
2025-11-22 02:49:59 PM [info]: Received GET request on /products/?page=1&limit=10 [IP: 182.156.141.17]
2025-11-22 02:49:59 PM [info]: Fetching all products 
2025-11-22 02:49:59 PM [info]: Fetched undefined products successfully 
2025-11-22 02:49:59 PM [info]: Received GET request on /products/?search=apple&page=1&limit=10 [IP: 182.156.141.17]
2025-11-22 02:49:59 PM [info]: Fetching all products 
2025-11-22 02:49:59 PM [info]: Fetched undefined products successfully 
2025-11-22 02:50:10 PM [info]: Received GET request on /products/?page=1&limit=10 [IP: 182.156.141.17]
2025-11-22 02:50:10 PM [info]: Fetching all products 
2025-11-22 02:50:10 PM [info]: Fetched undefined products successfully 
2025-11-22 02:52:03 PM [info]: Received GET request on /products/?search=apple&page=1&limit=10 [IP: 182.156.141.17]
2025-11-22 02:52:05 PM [info]: Fetching all products 
2025-11-22 02:52:06 PM [info]: Fetched undefined products successfully 
2025-11-22 03:43:20 PM [info]: Received GET request on /socket.io/?EIO=4&transport=websocket [IP: 182.156.141.17]
2025-11-22 03:43:20 PM [info]: Received GET request on /deliveryChallan/challanNos/getAllChallanNo [IP: 182.156.141.17]
2025-11-22 03:43:20 PM [info]: Fetching all Delivery Challan numbers 
2025-11-22 03:43:20 PM [info]: Successfully fetched all Delivery Challan numbers 
2025-11-22 03:43:20 PM [info]: Received GET request on /products/?page=1&limit=10 [IP: 182.156.141.17]
2025-11-22 03:43:20 PM [info]: Received GET request on /employee/all/partial [IP: 182.156.141.17]
2025-11-22 03:43:20 PM [info]: Fetching all products 
2025-11-22 03:43:20 PM [info]: Employee Getting successfully 
2025-11-22 03:43:20 PM [info]: Fetched undefined products successfully 
2025-11-22 03:43:21 PM [info]: Received GET request on /socket.io/?EIO=4&transport=websocket [IP: 182.156.141.17]
2025-11-22 03:43:24 PM [info]: Received GET request on /socket.io/?EIO=4&transport=websocket [IP: 182.156.141.17]
2025-11-22 03:43:26 PM [info]: Received GET request on /socket.io/?EIO=4&transport=websocket [IP: 182.156.141.17]
2025-11-22 03:43:32 PM [info]: Received GET request on /socket.io/?EIO=4&transport=websocket [IP: 182.156.141.17]
2025-11-22 03:43:37 PM [info]: Received GET request on /socket.io/?EIO=4&transport=websocket [IP: 182.156.141.17]
2025-11-22 03:43:40 PM [info]: Received GET request on /socket.io/?EIO=4&transport=websocket [IP: 182.156.141.17]
2025-11-22 03:43:42 PM [info]: Received GET request on /products/partial/data?page=1&limit=6 [IP: 182.156.141.17]
2025-11-22 03:43:42 PM [info]: Fetching all products 
2025-11-22 03:43:42 PM [info]: Fetched undefined products successfully 
2025-11-22 03:43:42 PM [info]: Received GET request on /api/management/getGrns/management?filterType=tillDate [IP: 182.156.141.17]
2025-11-22 03:43:42 PM [info]: Received GET request on /location-branches/filterData/filter/all [IP: 182.156.141.17]
2025-11-22 03:43:43 PM [info]: Received request to fetch all branches 
2025-11-22 03:43:43 PM [info]: Fetched all branches successfully 
2025-11-22 03:43:43 PM [info]: Received GET request on /company/partial/details [IP: 182.156.141.17]
2025-11-22 03:43:43 PM [info]: Received GET request on /socket.io/?EIO=4&transport=websocket [IP: 182.156.141.17]
2025-11-22 03:43:46 PM [info]: Received GET request on /socket.io/?EIO=4&transport=websocket [IP: 182.156.141.17]
2025-11-22 03:43:51 PM [info]: Received GET request on /socket.io/?EIO=4&transport=websocket [IP: 182.156.141.17]
2025-11-22 03:43:57 PM [info]: Received GET request on /socket.io/?EIO=4&transport=websocket [IP: 182.156.141.17]
2025-11-22 03:44:03 PM [info]: Received GET request on /socket.io/?EIO=4&transport=websocket [IP: 182.156.141.17]
2025-11-22 03:52:05 PM [info]: Received GET request on /socket.io/?EIO=4&transport=websocket [IP: 182.156.141.17]
2025-11-22 03:52:05 PM [info]: Received GET request on /products/?page=1&limit=10 [IP: 182.156.141.17]
2025-11-22 03:52:05 PM [info]: Received GET request on /employee/all/partial [IP: 182.156.141.17]
2025-11-22 03:52:05 PM [info]: Received GET request on /deliveryChallan/challanNos/getAllChallanNo [IP: 182.156.141.17]
2025-11-22 03:52:06 PM [info]: Fetching all Delivery Challan numbers 
2025-11-22 03:52:06 PM [info]: Fetching all products 
2025-11-22 03:52:06 PM [info]: Successfully fetched all Delivery Challan numbers 
2025-11-22 03:52:06 PM [info]: Employee Getting successfully 
2025-11-22 03:52:06 PM [info]: Fetched undefined products successfully 
2025-11-22 03:52:07 PM [info]: Received GET request on /socket.io/?EIO=4&transport=websocket [IP: 182.156.141.17]
2025-11-22 03:52:09 PM [info]: Received GET request on /socket.io/?EIO=4&transport=websocket [IP: 182.156.141.17]
2025-11-22 03:52:14 PM [info]: Received GET request on /socket.io/?EIO=4&transport=websocket [IP: 182.156.141.17]
2025-11-22 03:52:19 PM [info]: Received GET request on /socket.io/?EIO=4&transport=websocket [IP: 182.156.141.17]
2025-11-22 03:52:19 PM [info]: Received GET request on /products/?search=apple&page=1&limit=10 [IP: 182.156.141.17]
2025-11-22 03:52:19 PM [info]: Fetching all products 
2025-11-22 03:52:19 PM [info]: Fetched undefined products successfully 
2025-11-22 03:52:25 PM [info]: Received GET request on /socket.io/?EIO=4&transport=websocket [IP: 182.156.141.17]
2025-11-22 03:52:29 PM [info]: Received GET request on /products/?page=1&limit=10 [IP: 182.156.141.17]
2025-11-22 03:52:29 PM [info]: Fetching all products 
2025-11-22 03:52:29 PM [info]: Fetched undefined products successfully 
2025-11-22 03:52:31 PM [info]: Received GET request on /products/?page=2&limit=10 [IP: 182.156.141.17]
2025-11-22 03:52:31 PM [info]: Fetching all products 
2025-11-22 03:52:31 PM [info]: Fetched undefined products successfully 
2025-11-22 03:55:19 PM [info]: Received GET request on /products/?page=1&limit=10 [IP: 182.156.141.17]
2025-11-22 03:55:21 PM [info]: Fetching all products 
2025-11-22 03:55:21 PM [info]: Fetched undefined products successfully 
2025-11-22 03:55:21 PM [info]: Received GET request on /products/?search=mango&page=1&limit=10 [IP: 182.156.141.17]
2025-11-22 03:55:21 PM [info]: Fetching all products 
2025-11-22 03:55:21 PM [info]: Fetched undefined products successfully 
2025-11-22 03:55:27 PM [info]: Received GET request on /products/f6cd3fa6-5ce3-4bee-a3e0-a0e4e706c65f [IP: 182.156.141.17]
2025-11-22 03:55:28 PM [info]: Fetching product with ID 
2025-11-22 03:55:28 PM [info]: Product with ID fetched successfully 
2025-11-22 03:56:56 PM [info]: Received GET request on /employee/all/partial [IP: 182.156.141.17]
2025-11-22 03:56:56 PM [info]: Received GET request on /products/?page=1&limit=10 [IP: 182.156.141.17]
2025-11-22 03:56:56 PM [info]: Received GET request on /deliveryChallan/challanNos/getAllChallanNo [IP: 182.156.141.17]
2025-11-22 03:56:56 PM [info]: Received GET request on /socket.io/?EIO=4&transport=websocket [IP: 182.156.141.17]
2025-11-22 03:56:56 PM [info]: Fetching all products 
2025-11-22 03:56:56 PM [info]: Fetching all Delivery Challan numbers 
2025-11-22 03:56:56 PM [info]: Successfully fetched all Delivery Challan numbers 
2025-11-22 03:56:56 PM [info]: Employee Getting successfully 
2025-11-22 03:56:56 PM [info]: Fetched undefined products successfully 
2025-11-22 03:56:57 PM [info]: Received GET request on /socket.io/?EIO=4&transport=websocket [IP: 182.156.141.17]
2025-11-22 03:56:59 PM [info]: Received GET request on /socket.io/?EIO=4&transport=websocket [IP: 182.156.141.17]
2025-11-22 03:57:01 PM [info]: Received GET request on /socket.io/?EIO=4&transport=websocket [IP: 182.156.141.17]
2025-11-22 03:57:07 PM [info]: Received GET request on /socket.io/?EIO=4&transport=websocket [IP: 182.156.141.17]
2025-11-22 03:57:13 PM [info]: Received GET request on /socket.io/?EIO=4&transport=websocket [IP: 182.156.141.17]
2025-11-22 04:06:09 PM [info]: Received GET request on /employee/all/partial [IP: 182.156.141.17]
2025-11-22 04:06:09 PM [info]: Received GET request on /deliveryChallan/challanNos/getAllChallanNo [IP: 182.156.141.17]
2025-11-22 04:06:09 PM [info]: Fetching all Delivery Challan numbers 
2025-11-22 04:06:09 PM [info]: Successfully fetched all Delivery Challan numbers 
2025-11-22 04:06:09 PM [info]: Employee Getting successfully 
2025-11-22 04:06:09 PM [info]: Received GET request on /products/?page=1&limit=10 [IP: 182.156.141.17]
2025-11-22 04:06:09 PM [info]: Fetching all products 
2025-11-22 04:06:09 PM [info]: Fetched undefined products successfully 
2025-11-22 04:06:14 PM [info]: Received GET request on /socket.io/?EIO=4&transport=websocket [IP: 182.156.141.17]
2025-11-22 04:06:15 PM [info]: Received GET request on /employee/all/partial [IP: 182.156.141.17]
2025-11-22 04:06:15 PM [info]: Employee Getting successfully 
2025-11-22 04:06:15 PM [info]: Received GET request on /products/?page=1&limit=10 [IP: 182.156.141.17]
2025-11-22 04:06:15 PM [info]: Received GET request on /deliveryChallan/challanNos/getAllChallanNo [IP: 182.156.141.17]
2025-11-22 04:06:15 PM [info]: Fetching all products 
2025-11-22 04:06:15 PM [info]: Fetching all Delivery Challan numbers 
2025-11-22 04:06:15 PM [info]: Successfully fetched all Delivery Challan numbers 
2025-11-22 04:06:15 PM [info]: Fetched undefined products successfully 
2025-11-22 04:06:16 PM [info]: Received GET request on /products/partial/data?page=1&limit=6 [IP: 182.156.141.17]
2025-11-22 04:06:16 PM [info]: Received GET request on /api/management/getGrns/management?filterType=tillDate [IP: 182.156.141.17]
2025-11-22 04:06:16 PM [info]: Fetching all products 
2025-11-22 04:06:16 PM [info]: Fetched undefined products successfully 
2025-11-22 04:06:18 PM [info]: Received GET request on /location-branches/filterData/filter/all [IP: 182.156.141.17]
2025-11-22 04:06:18 PM [info]: Received GET request on /company/partial/details [IP: 182.156.141.17]
2025-11-22 04:06:18 PM [info]: Received request to fetch all branches 
2025-11-22 04:06:18 PM [info]: Fetched all branches successfully 
2025-11-22 04:06:18 PM [info]: Received GET request on /socket.io/?EIO=4&transport=websocket [IP: 182.156.141.17]
2025-11-22 04:06:20 PM [info]: Received GET request on /socket.io/?EIO=4&transport=websocket [IP: 182.156.141.17]
2025-11-22 04:06:21 PM [info]: Received GET request on /products/?search=mango&page=1&limit=10 [IP: 182.156.141.17]
2025-11-22 04:06:21 PM [info]: Fetching all products 
2025-11-22 04:06:21 PM [info]: Fetched undefined products successfully 
2025-11-22 04:06:24 PM [info]: Received GET request on /socket.io/?EIO=4&transport=websocket [IP: 182.156.141.17]
2025-11-22 04:06:30 PM [info]: Received GET request on /socket.io/?EIO=4&transport=websocket [IP: 182.156.141.17]
2025-11-22 04:06:36 PM [info]: Received GET request on /socket.io/?EIO=4&transport=websocket [IP: 182.156.141.17]
2025-11-22 04:11:07 PM [info]: Received GET request on /socket.io/?EIO=4&transport=websocket [IP: 182.156.141.17]
2025-11-22 04:11:07 PM [info]: Received GET request on /products/?page=1&limit=10 [IP: 182.156.141.17]
2025-11-22 04:11:07 PM [info]: Received GET request on /employee/all/partial [IP: 182.156.141.17]
2025-11-22 04:11:07 PM [info]: Received GET request on /deliveryChallan/challanNos/getAllChallanNo [IP: 182.156.141.17]
2025-11-22 04:11:10 PM [info]: Fetching all Delivery Challan numbers 
2025-11-22 04:11:10 PM [info]: Fetching all products 
2025-11-22 04:11:10 PM [info]: Successfully fetched all Delivery Challan numbers 
2025-11-22 04:11:10 PM [info]: Employee Getting successfully 
2025-11-22 04:11:10 PM [info]: Fetched undefined products successfully 
2025-11-22 04:11:10 PM [info]: Received GET request on /socket.io/?EIO=4&transport=websocket [IP: 182.156.141.17]
2025-11-22 04:11:11 PM [info]: Received GET request on /socket.io/?EIO=4&transport=websocket [IP: 182.156.141.17]
2025-11-22 04:11:13 PM [info]: Received GET request on /products/?page=2&limit=10 [IP: 182.156.141.17]
2025-11-22 04:11:13 PM [info]: Fetching all products 
2025-11-22 04:11:13 PM [info]: Fetched undefined products successfully 
2025-11-22 04:11:15 PM [info]: Received GET request on /socket.io/?EIO=4&transport=websocket [IP: 182.156.141.17]
2025-11-22 04:11:20 PM [info]: Received GET request on /socket.io/?EIO=4&transport=websocket [IP: 182.156.141.17]
2025-11-22 04:11:26 PM [info]: Received GET request on /socket.io/?EIO=4&transport=websocket [IP: 182.156.141.17]
2025-11-22 04:11:58 PM [info]: Received GET request on /deliveryChallan/challanNos/getAllChallanNo [IP: 182.156.141.17]
2025-11-22 04:11:58 PM [info]: Received GET request on /employee/all/partial [IP: 182.156.141.17]
2025-11-22 04:11:58 PM [info]: Fetching all Delivery Challan numbers 
2025-11-22 04:11:58 PM [info]: Received GET request on /products/?page=2&limit=10 [IP: 182.156.141.17]
2025-11-22 04:11:58 PM [info]: Successfully fetched all Delivery Challan numbers 
2025-11-22 04:11:58 PM [info]: Fetching all products 
2025-11-22 04:11:58 PM [info]: Employee Getting successfully 
2025-11-22 04:11:58 PM [info]: Fetched undefined products successfully 
2025-11-22 04:15:41 PM [info]: Received GET request on /employee/all/partial [IP: 182.156.141.17]
2025-11-22 04:15:41 PM [info]: Received GET request on /products/?page=1&limit=10 [IP: 182.156.141.17]
2025-11-22 04:15:41 PM [info]: Received GET request on /deliveryChallan/challanNos/getAllChallanNo [IP: 182.156.141.17]
2025-11-22 04:15:41 PM [info]: Received GET request on /socket.io/?EIO=4&transport=websocket [IP: 182.156.141.17]
2025-11-22 04:15:41 PM [info]: Fetching all products 
2025-11-22 04:15:41 PM [info]: Fetching all Delivery Challan numbers 
2025-11-22 04:15:41 PM [info]: Employee Getting successfully 
2025-11-22 04:15:41 PM [info]: Successfully fetched all Delivery Challan numbers 
2025-11-22 04:15:41 PM [info]: Fetched undefined products successfully 
2025-11-22 04:15:44 PM [info]: Received GET request on /socket.io/?EIO=4&transport=websocket [IP: 182.156.141.17]
2025-11-22 04:15:48 PM [info]: Received GET request on /socket.io/?EIO=4&transport=websocket [IP: 182.156.141.17]
2025-11-22 04:15:51 PM [info]: Received GET request on /socket.io/?EIO=4&transport=websocket [IP: 182.156.141.17]
2025-11-22 04:15:57 PM [info]: Received GET request on /socket.io/?EIO=4&transport=websocket [IP: 182.156.141.17]
2025-11-22 04:16:03 PM [info]: Received GET request on /socket.io/?EIO=4&transport=websocket [IP: 182.156.141.17]
2025-11-22 04:16:04 PM [info]: Received GET request on /products/?page=1&limit=10 [IP: 182.156.141.17]
2025-11-22 04:16:04 PM [info]: Fetching all products 
2025-11-22 04:16:05 PM [info]: Fetched undefined products successfully 
2025-11-22 04:16:05 PM [info]: Received GET request on /deliveryChallan/challanNos/getAllChallanNo [IP: 182.156.141.17]
2025-11-22 04:16:05 PM [info]: Fetching all Delivery Challan numbers 
2025-11-22 04:16:05 PM [info]: Received GET request on /employee/all/partial [IP: 182.156.141.17]
2025-11-22 04:16:05 PM [info]: Successfully fetched all Delivery Challan numbers 
2025-11-22 04:16:05 PM [info]: Employee Getting successfully 
2025-11-22 04:54:34 PM [info]: Received POST request on /auth/login [IP: ::1]
2025-11-22 04:54:34 PM [info]: Login request received 
2025-11-22 04:54:35 PM [info]: System log saved 
2025-11-22 04:54:35 PM [info]: User logged in successfully 
2025-11-24 11:04:05 AM [info]: Database connected successfully 
2025-11-24 11:04:05 AM [info]: 🚀 Server started on port 8003 
2025-11-24 11:04:05 AM [info]: 📡 SSE endpoint: http://localhost:8003/sse/notifications 
2025-11-24 11:04:05 AM [info]: 🧪 SSE test: http://localhost:8003/sse/test 
2025-11-24 11:47:17 AM [info]: Received POST request on /auth/login [IP: ::1]
2025-11-24 11:47:17 AM [info]: Login request received 
2025-11-24 11:47:18 AM [info]: System log saved 
2025-11-24 11:47:19 AM [info]: User logged in successfully 
2025-11-24 11:59:39 AM [info]: Received GET request on /socket.io/?EIO=4&transport=websocket [IP: 182.156.141.17]
2025-11-24 11:59:42 AM [info]: Received GET request on /socket.io/?EIO=4&transport=websocket [IP: 182.156.141.17]
2025-11-24 11:59:46 AM [info]: Received GET request on /rfpa/?page=1&limit=10 [IP: 182.156.141.17]
2025-11-24 11:59:48 AM [info]: Received GET request on /socket.io/?EIO=4&transport=websocket [IP: 182.156.141.17]
2025-11-24 11:59:49 AM [info]: Total RFPAS fetched: 8 
2025-11-24 11:59:51 AM [info]: Received GET request on /socket.io/?EIO=4&transport=websocket [IP: 182.156.141.17]
2025-11-24 11:59:51 AM [info]: Received GET request on /rfpa/?page=1&limit=10 [IP: 182.156.141.17]
2025-11-24 11:59:53 AM [info]: Received GET request on /socket.io/?EIO=4&transport=websocket [IP: 182.156.141.17]
2025-11-24 11:59:53 AM [info]: Total RFPAS fetched: 8 
2025-11-24 11:59:56 AM [info]: Received GET request on /products/partial/data [IP: 182.156.141.17]
2025-11-24 11:59:56 AM [info]: Received GET request on /vendors/filterVendor/all?page=1&limit=10 [IP: 182.156.141.17]
2025-11-24 11:59:56 AM [info]: Fetching all products 
2025-11-24 11:59:56 AM [info]: Received GET request on /uoms/getAll/partialdata [IP: 182.156.141.17]
2025-11-24 11:59:56 AM [info]: Fetched undefined products successfully 
2025-11-24 11:59:56 AM [info]: Received GET request on /location-branches/filterData/filter/all [IP: 182.156.141.17]
2025-11-24 11:59:56 AM [info]: Received GET request on /company/partial/details [IP: 182.156.141.17]
2025-11-24 11:59:56 AM [info]: Received GET request on /products/partial/data?page=1&limit=10 [IP: 182.156.141.17]
2025-11-24 11:59:56 AM [info]: Received request to fetch all branches 
2025-11-24 11:59:56 AM [info]: Fetched all branches successfully 
2025-11-24 11:59:56 AM [info]: Received GET request on /farmers/filterFarmer/all?page=1&limit=10 [IP: 182.156.141.17]
2025-11-24 11:59:56 AM [info]: Fetching all products 
2025-11-24 11:59:56 AM [info]: Received GET request on /socket.io/?EIO=4&transport=websocket [IP: 182.156.141.17]
2025-11-24 11:59:56 AM [info]: Fetching all farmers 
2025-11-24 11:59:56 AM [info]: Fetched undefined products successfully 
2025-11-24 11:59:56 AM [info]: Farmers retrieved successfully 
2025-11-24 11:59:59 AM [info]: Received GET request on /socket.io/?EIO=4&transport=websocket [IP: 182.156.141.17]
2025-11-24 12:00:04 PM [info]: Received GET request on /socket.io/?EIO=4&transport=websocket [IP: 182.156.141.17]
2025-11-24 12:00:09 PM [info]: Received GET request on /socket.io/?EIO=4&transport=websocket [IP: 182.156.141.17]
2025-11-24 12:00:20 PM [info]: Received GET request on /farmers/filterFarmer/all?page=2&limit=10 [IP: 182.156.141.17]
2025-11-24 12:00:20 PM [info]: Fetching all farmers 
2025-11-24 12:00:20 PM [info]: Farmers retrieved successfully 
2025-11-24 12:04:48 PM [info]: Received GET request on /farmers/filterFarmer/all?page=1&limit=10 [IP: 182.156.141.17]
2025-11-24 12:04:48 PM [info]: Fetching all farmers 
2025-11-24 12:04:48 PM [info]: Farmers retrieved successfully 
2025-11-24 12:04:49 PM [info]: Received GET request on /farmers/filterFarmer/all?search=rohit&page=1&limit=10 [IP: 182.156.141.17]
2025-11-24 12:04:49 PM [info]: Fetching all farmers 
2025-11-24 12:04:49 PM [info]: Farmers retrieved successfully 
2025-11-24 12:04:51 PM [info]: Received GET request on /farmers/filterFarmer/3c46182c-787d-4206-85f0-651ae5f617be [IP: 182.156.141.17]
2025-11-24 12:04:51 PM [info]: Fetching all farmers 
2025-11-24 12:04:52 PM [info]: Farmers retrieved successfully 
2025-11-24 12:04:54 PM [info]: Received GET request on /farmers/filterFarmer/all?search=rohitraj%20%20kasbe&page=1&limit=10 [IP: 182.156.141.17]
2025-11-24 12:04:54 PM [info]: Fetching all farmers 
2025-11-24 12:04:55 PM [info]: Farmers retrieved successfully 
2025-11-24 12:05:12 PM [info]: Received GET request on /products/getall/getvarient/f46f9547-2937-40a5-9436-72a834fa1032 [IP: 182.156.141.17]
2025-11-24 12:05:12 PM [info]: Received GET request on /products/partial/f46f9547-2937-40a5-9436-72a834fa1032 [IP: 182.156.141.17]
2025-11-24 12:05:12 PM [info]: Fetching product with ID 
2025-11-24 12:05:12 PM [info]: Fetching all products 
2025-11-24 12:05:12 PM [info]: Fetched undefined products successfully 
2025-11-24 12:05:12 PM [info]: Product with ID fetched successfully 
2025-11-24 12:06:55 PM [info]: Received POST request on /rfpa/ [IP: 182.156.141.17]
2025-11-24 12:06:55 PM [info]: Creating a new RFPA: 
2025-11-24 12:06:57 PM [info]: RFPA created successfully: %o 
2025-11-24 12:06:59 PM [info]: Received GET request on /rfpa/?page=1&limit=10 [IP: 182.156.141.17]
2025-11-24 12:07:02 PM [info]: Total RFPAS fetched: 9 
2025-11-24 12:11:35 PM [info]: Received GET request on /uoms/getAll/partialdata [IP: 182.156.141.17]
2025-11-24 12:11:35 PM [info]: Received GET request on /farmers/filterFarmer/all?page=1&limit=10 [IP: 182.156.141.17]
2025-11-24 12:11:35 PM [info]: Received GET request on /products/partial/data [IP: 182.156.141.17]
2025-11-24 12:11:35 PM [info]: Received GET request on /products/partial/data?page=1&limit=10 [IP: 182.156.141.17]
2025-11-24 12:11:35 PM [info]: Received GET request on /company/partial/details [IP: 182.156.141.17]
2025-11-24 12:11:35 PM [info]: Received GET request on /vendors/filterVendor/all?page=1&limit=10 [IP: 182.156.141.17]
2025-11-24 12:11:35 PM [info]: Received GET request on /location-branches/filterData/filter/all [IP: 182.156.141.17]
2025-11-24 12:11:35 PM [info]: Fetching all products 
2025-11-24 12:11:35 PM [info]: Fetching all products 
2025-11-24 12:11:35 PM [info]: Fetching all farmers 
2025-11-24 12:11:35 PM [info]: Received request to fetch all branches 
2025-11-24 12:11:35 PM [info]: Fetched all branches successfully 
2025-11-24 12:11:35 PM [info]: Fetched undefined products successfully 
2025-11-24 12:11:35 PM [info]: Fetched undefined products successfully 
2025-11-24 12:11:35 PM [info]: Farmers retrieved successfully 
2025-11-24 12:11:40 PM [info]: Received GET request on /products/partial/data?search=mango&page=1&limit=10 [IP: 182.156.141.17]
2025-11-24 12:11:40 PM [info]: Fetching all products 
2025-11-24 12:11:40 PM [info]: Fetched undefined products successfully 
2025-11-24 12:11:44 PM [info]: Received GET request on /products/partial/f6cd3fa6-5ce3-4bee-a3e0-a0e4e706c65f [IP: 182.156.141.17]
2025-11-24 12:11:44 PM [info]: Fetching all products 
2025-11-24 12:11:44 PM [info]: Fetched undefined products successfully 
2025-11-24 12:11:44 PM [info]: Received GET request on /products/getall/getvarient/f6cd3fa6-5ce3-4bee-a3e0-a0e4e706c65f [IP: 182.156.141.17]
2025-11-24 12:11:44 PM [info]: Fetching product with ID 
2025-11-24 12:11:44 PM [info]: Product with ID fetched successfully 
2025-11-24 12:11:56 PM [info]: Received GET request on /farmers/filterFarmer/all?search=rohit&page=1&limit=10 [IP: 182.156.141.17]
2025-11-24 12:11:56 PM [info]: Fetching all farmers 
2025-11-24 12:11:56 PM [info]: Farmers retrieved successfully 
2025-11-24 12:11:59 PM [info]: Received GET request on /farmers/filterFarmer/adfea769-2d8d-450c-87b5-ea5948d238fe [IP: 182.156.141.17]
2025-11-24 12:11:59 PM [info]: Fetching all farmers 
2025-11-24 12:11:59 PM [info]: Farmers retrieved successfully 
2025-11-24 12:12:00 PM [info]: Received GET request on /farmers/filterFarmer/all?search=rohit%20%20kasbe&page=1&limit=10 [IP: 182.156.141.17]
2025-11-24 12:12:00 PM [info]: Fetching all farmers 
2025-11-24 12:12:00 PM [info]: Farmers retrieved successfully 
2025-11-24 12:14:36 PM [info]: Received GET request on /rfpa/?page=1&limit=10 [IP: 182.156.141.17]
2025-11-24 12:14:36 PM [info]: Total RFPAS fetched: 9 
2025-11-24 12:19:07 PM [info]: Received GET request on /vendors/filterVendor/all?page=1&limit=10 [IP: 182.156.141.17]
2025-11-24 12:19:07 PM [info]: Received GET request on /uoms/getAll/partialdata [IP: 182.156.141.17]
2025-11-24 12:19:07 PM [info]: Received GET request on /products/partial/data [IP: 182.156.141.17]
2025-11-24 12:19:07 PM [info]: Received GET request on /products/partial/data?page=1&limit=10 [IP: 182.156.141.17]
2025-11-24 12:19:07 PM [info]: Received GET request on /company/partial/details [IP: 182.156.141.17]
2025-11-24 12:19:07 PM [info]: Fetching all products 
2025-11-24 12:19:07 PM [info]: Fetching all products 
2025-11-24 12:19:07 PM [info]: Fetched undefined products successfully 
2025-11-24 12:19:07 PM [info]: Fetched undefined products successfully 
2025-11-24 12:19:07 PM [info]: Received GET request on /location-branches/filterData/filter/all [IP: 182.156.141.17]
2025-11-24 12:19:07 PM [info]: Received request to fetch all branches 
2025-11-24 12:19:07 PM [info]: Fetched all branches successfully 
2025-11-24 12:19:09 PM [info]: Received GET request on /farmers/filterFarmer/all?page=1&limit=10 [IP: 182.156.141.17]
2025-11-24 12:19:09 PM [info]: Fetching all farmers 
2025-11-24 12:19:09 PM [info]: Farmers retrieved successfully 
2025-11-24 12:21:05 PM [info]: Received GET request on /products/partial/data [IP: 182.156.141.17]
2025-11-24 12:21:05 PM [info]: Fetching all products 
2025-11-24 12:21:05 PM [info]: Fetched undefined products successfully 
2025-11-24 12:25:10 PM [info]: Received GET request on /products/partial/data [IP: 182.156.141.17]
2025-11-24 12:25:10 PM [info]: Fetching all products 
2025-11-24 12:25:10 PM [info]: Fetched undefined products successfully 
2025-11-24 12:25:20 PM [info]: Received GET request on /products/partial/data [IP: 182.156.141.17]
2025-11-24 12:25:20 PM [info]: Fetching all products 
2025-11-24 12:25:20 PM [info]: Fetched undefined products successfully 
2025-11-24 12:25:41 PM [info]: Received GET request on /products/partial/data [IP: 182.156.141.17]
2025-11-24 12:25:41 PM [info]: Fetching all products 
2025-11-24 12:25:41 PM [info]: Fetched undefined products successfully 
2025-11-24 12:25:42 PM [info]: Received GET request on /products/partial/data [IP: 182.156.141.17]
2025-11-24 12:25:42 PM [info]: Fetching all products 
2025-11-24 12:25:42 PM [info]: Fetched undefined products successfully 
2025-11-24 12:26:07 PM [info]: Received GET request on /products/partial/data [IP: 182.156.141.17]
2025-11-24 12:26:07 PM [info]: Fetching all products 
2025-11-24 12:26:07 PM [info]: Fetched undefined products successfully 
2025-11-24 12:27:40 PM [info]: Received GET request on /products/partial/data [IP: 182.156.141.17]
2025-11-24 12:27:41 PM [info]: Fetching all products 
2025-11-24 12:27:41 PM [info]: Fetched undefined products successfully 
2025-11-24 12:27:52 PM [info]: Received GET request on /products/partial/data [IP: 182.156.141.17]
2025-11-24 12:27:52 PM [info]: Fetching all products 
2025-11-24 12:27:52 PM [info]: Fetched undefined products successfully 
2025-11-24 12:28:44 PM [info]: Received GET request on /products/partial/data [IP: 182.156.141.17]
2025-11-24 12:28:44 PM [info]: Fetching all products 
2025-11-24 12:28:44 PM [info]: Fetched undefined products successfully 
2025-11-24 12:31:00 PM [info]: Received GET request on /products/partial/data [IP: 182.156.141.17]
2025-11-24 12:31:00 PM [info]: Fetching all products 
2025-11-24 12:31:00 PM [info]: Fetched undefined products successfully 
2025-11-24 12:32:11 PM [info]: Received GET request on /products/partial/data [IP: 182.156.141.17]
2025-11-24 12:32:11 PM [info]: Fetching all products 
2025-11-24 12:32:11 PM [info]: Fetched undefined products successfully 
2025-11-24 12:34:06 PM [info]: Received GET request on /farmers/filterFarmer/2864d890-ec19-4230-81fd-6ec729ee2b2a [IP: 182.156.141.17]
2025-11-24 12:34:06 PM [info]: Fetching all farmers 
2025-11-24 12:34:06 PM [info]: Farmers retrieved successfully 
2025-11-24 12:34:07 PM [info]: Received GET request on /farmers/filterFarmer/all?search=ruturaj%20%20kamble&page=1&limit=10 [IP: 182.156.141.17]
2025-11-24 12:34:07 PM [info]: Fetching all farmers 
2025-11-24 12:34:08 PM [info]: Farmers retrieved successfully 
2025-11-24 12:34:16 PM [info]: Received GET request on /products/partial/f46f9547-2937-40a5-9436-72a834fa1032 [IP: 182.156.141.17]
2025-11-24 12:34:17 PM [info]: Fetching all products 
2025-11-24 12:34:17 PM [info]: Fetched undefined products successfully 
2025-11-24 12:34:17 PM [info]: Received GET request on /products/getall/getvarient/f46f9547-2937-40a5-9436-72a834fa1032 [IP: 182.156.141.17]
2025-11-24 12:34:17 PM [info]: Fetching product with ID 
2025-11-24 12:34:17 PM [info]: Product with ID fetched successfully 
2025-11-24 12:42:14 PM [info]: Received GET request on /uoms/getAll/partialdata [IP: 182.156.141.17]
2025-11-24 12:42:14 PM [info]: Received GET request on /company/partial/details [IP: 182.156.141.17]
2025-11-24 12:42:14 PM [info]: Received GET request on /location-branches/filterData/filter/all [IP: 182.156.141.17]
2025-11-24 12:42:14 PM [info]: Received request to fetch all branches 
2025-11-24 12:42:14 PM [info]: Fetched all branches successfully 
2025-11-24 12:44:04 PM [info]: Received GET request on /products/getall/getvarient/f46f9547-2937-40a5-9436-72a834fa1032 [IP: 182.156.141.17]
2025-11-24 12:44:04 PM [info]: Received GET request on /farmers/filterFarmer/all?search=ruturaj%20%20kamble&page=1&limit=10 [IP: 182.156.141.17]
2025-11-24 12:44:04 PM [info]: Received GET request on /products/partial/data [IP: 182.156.141.17]
2025-11-24 12:44:04 PM [info]: Received GET request on /products/partial/f46f9547-2937-40a5-9436-72a834fa1032 [IP: 182.156.141.17]
2025-11-24 12:44:04 PM [info]: Received GET request on /uoms/getAll/partialdata [IP: 182.156.141.17]
2025-11-24 12:44:04 PM [info]: Received GET request on /company/partial/details [IP: 182.156.141.17]
2025-11-24 12:44:04 PM [info]: Received GET request on /vendors/filterVendor/all?page=1&limit=10 [IP: 182.156.141.17]
2025-11-24 12:44:04 PM [info]: Received GET request on /farmers/filterFarmer/2864d890-ec19-4230-81fd-6ec729ee2b2a [IP: 182.156.141.17]
2025-11-24 12:44:04 PM [info]: Received GET request on /location-branches/filterData/filter/all [IP: 182.156.141.17]
2025-11-24 12:44:04 PM [info]: Received GET request on /products/partial/data?page=1&limit=10 [IP: 182.156.141.17]
2025-11-24 12:44:04 PM [info]: Received GET request on /socket.io/?EIO=4&transport=websocket [IP: 182.156.141.17]
2025-11-24 12:44:04 PM [info]: Received request to fetch all branches 
2025-11-24 12:44:04 PM [info]: Fetching all farmers 
2025-11-24 12:44:04 PM [info]: Fetching all products 
2025-11-24 12:44:04 PM [info]: Fetching product with ID 
2025-11-24 12:44:04 PM [info]: Fetching all farmers 
2025-11-24 12:44:04 PM [info]: Fetching all products 
2025-11-24 12:44:04 PM [info]: Fetching all products 
2025-11-24 12:44:04 PM [info]: Fetched all branches successfully 
2025-11-24 12:44:04 PM [info]: Product with ID fetched successfully 
2025-11-24 12:44:04 PM [info]: Farmers retrieved successfully 
2025-11-24 12:44:04 PM [info]: Fetched undefined products successfully 
2025-11-24 12:44:04 PM [info]: Farmers retrieved successfully 
2025-11-24 12:44:04 PM [info]: Fetched undefined products successfully 
2025-11-24 12:44:04 PM [info]: Fetched undefined products successfully 
2025-11-24 12:44:06 PM [info]: Received GET request on /products/partial/data [IP: 182.156.141.17]
2025-11-24 12:44:06 PM [info]: Fetching all products 
2025-11-24 12:44:06 PM [info]: Fetched undefined products successfully 
2025-11-24 12:44:07 PM [info]: Received GET request on /socket.io/?EIO=4&transport=websocket [IP: 182.156.141.17]
2025-11-24 12:44:09 PM [info]: Received GET request on /socket.io/?EIO=4&transport=websocket [IP: 182.156.141.17]
2025-11-24 12:44:14 PM [info]: Received GET request on /socket.io/?EIO=4&transport=websocket [IP: 182.156.141.17]
2025-11-24 12:44:19 PM [info]: Received GET request on /socket.io/?EIO=4&transport=websocket [IP: 182.156.141.17]
2025-11-24 12:44:25 PM [info]: Received GET request on /socket.io/?EIO=4&transport=websocket [IP: 182.156.141.17]
2025-11-24 12:49:54 PM [info]: Received GET request on /rfpa/?page=1&limit=10 [IP: 182.156.141.17]
2025-11-24 12:49:54 PM [info]: Received GET request on /vendors/filterVendor/all?page=1&limit=10 [IP: 182.156.141.17]
2025-11-24 12:49:54 PM [info]: Received GET request on /uoms/getAll/partialdata [IP: 182.156.141.17]
2025-11-24 12:49:54 PM [info]: Received GET request on /products/partial/data?page=1&limit=10 [IP: 182.156.141.17]
2025-11-24 12:49:54 PM [info]: Received GET request on /company/partial/details [IP: 182.156.141.17]
2025-11-24 12:49:54 PM [info]: Received GET request on /farmers/filterFarmer/all?page=1&limit=10 [IP: 182.156.141.17]
2025-11-24 12:49:54 PM [info]: Received GET request on /products/partial/data [IP: 182.156.141.17]
2025-11-24 12:49:54 PM [info]: Received GET request on /location-branches/filterData/filter/all [IP: 182.156.141.17]
2025-11-24 12:49:54 PM [info]: Fetching all products 
2025-11-24 12:49:54 PM [info]: Fetching all farmers 
2025-11-24 12:49:54 PM [info]: Received request to fetch all branches 
2025-11-24 12:49:54 PM [info]: Fetching all products 
2025-11-24 12:49:54 PM [info]: Fetched all branches successfully 
2025-11-24 12:49:54 PM [info]: Farmers retrieved successfully 
2025-11-24 12:49:54 PM [info]: Fetched undefined products successfully 
2025-11-24 12:49:54 PM [info]: Fetched undefined products successfully 
2025-11-24 12:49:55 PM [info]: Total RFPAS fetched: 9 
2025-11-24 12:50:15 PM [info]: Received GET request on /products/getall/getvarient/e61be0b4-71ba-483c-86c2-5f96038ef7c3 [IP: 182.156.141.17]
2025-11-24 12:50:15 PM [info]: Received GET request on /products/partial/e61be0b4-71ba-483c-86c2-5f96038ef7c3 [IP: 182.156.141.17]
2025-11-24 12:50:15 PM [info]: Fetching product with ID 
2025-11-24 12:50:15 PM [info]: Fetching all products 
2025-11-24 12:50:15 PM [info]: Product with ID fetched successfully 
2025-11-24 12:50:15 PM [info]: Fetched undefined products successfully 
2025-11-24 12:52:44 PM [info]: Received GET request on /products/partial/data [IP: 182.156.141.17]
2025-11-24 12:52:44 PM [info]: Fetching all products 
2025-11-24 12:52:44 PM [info]: Fetched undefined products successfully 
2025-11-24 12:53:37 PM [info]: Received GET request on /products/partial/data [IP: 182.156.141.17]
2025-11-24 12:53:37 PM [info]: Fetching all products 
2025-11-24 12:53:37 PM [info]: Fetched undefined products successfully 
2025-11-24 01:08:14 PM [info]: Received GET request on /products/getall/getvarient/e61be0b4-71ba-483c-86c2-5f96038ef7c3 [IP: 182.156.141.17]
2025-11-24 01:08:14 PM [info]: Received GET request on /products/partial/data?page=1&limit=10 [IP: 182.156.141.17]
2025-11-24 01:08:14 PM [info]: Received GET request on /products/partial/e61be0b4-71ba-483c-86c2-5f96038ef7c3 [IP: 182.156.141.17]
2025-11-24 01:08:14 PM [info]: Fetching product with ID 
2025-11-24 01:08:14 PM [info]: Fetching all products 
2025-11-24 01:08:14 PM [info]: Product with ID fetched successfully 
2025-11-24 01:08:14 PM [info]: Fetching all products 
2025-11-24 01:08:14 PM [info]: Fetched undefined products successfully 
2025-11-24 01:08:14 PM [info]: Fetched undefined products successfully 
2025-11-24 02:13:27 PM [info]: Received GET request on /farmers/filterFarmer/all?page=2&limit=10 [IP: 182.156.141.17]
2025-11-24 02:13:27 PM [info]: Fetching all farmers 
2025-11-24 02:13:27 PM [info]: Farmers retrieved successfully 
2025-11-24 02:13:41 PM [info]: Received GET request on /rfpa/?page=1&limit=10 [IP: 182.156.141.17]
2025-11-24 02:13:43 PM [info]: Total RFPAS fetched: 9 
2025-11-24 02:13:52 PM [info]: Received GET request on /customer-delivery-challan/?page=1&limit=10 [IP: 182.156.141.17]
2025-11-24 02:13:53 PM [info]: Fetching all customer delivery challans 
2025-11-24 02:13:59 PM [info]: Received GET request on /customer-delivery-challan/view/ebcbc1e6-e329-4b38-b619-f41adff7aab6 [IP: 182.156.141.17]
2025-11-24 02:13:59 PM [info]: Fetching customer delivery challan with ID: ebcbc1e6-e329-4b38-b619-f41adff7aab6 
2025-11-24 02:13:59 PM [info]: Received GET request on /company/ [IP: 182.156.141.17]
2025-11-24 02:14:00 PM [info]: Fetched challan with ID: ebcbc1e6-e329-4b38-b619-f41adff7aab6 successfully 
2025-11-24 02:16:44 PM [info]: Received GET request on /customer-delivery-challan/view/ebcbc1e6-e329-4b38-b619-f41adff7aab6 [IP: 182.156.141.17]
2025-11-24 02:16:44 PM [info]: Received GET request on /company/ [IP: 182.156.141.17]
2025-11-24 02:16:44 PM [info]: Fetching customer delivery challan with ID: ebcbc1e6-e329-4b38-b619-f41adff7aab6 
2025-11-24 02:16:44 PM [info]: Fetched challan with ID: ebcbc1e6-e329-4b38-b619-f41adff7aab6 successfully 
2025-11-24 02:17:59 PM [info]: Received GET request on /company/ [IP: 182.156.141.17]
2025-11-24 02:17:59 PM [info]: Received GET request on /customer-delivery-challan/view/ebcbc1e6-e329-4b38-b619-f41adff7aab6 [IP: 182.156.141.17]
2025-11-24 02:17:59 PM [info]: Fetching customer delivery challan with ID: ebcbc1e6-e329-4b38-b619-f41adff7aab6 
2025-11-24 02:17:59 PM [info]: Fetched challan with ID: ebcbc1e6-e329-4b38-b619-f41adff7aab6 successfully 
2025-11-24 02:18:00 PM [info]: Received GET request on /company/ [IP: 182.156.141.17]
2025-11-24 02:18:00 PM [info]: Received GET request on /customer-delivery-challan/view/ebcbc1e6-e329-4b38-b619-f41adff7aab6 [IP: 182.156.141.17]
2025-11-24 02:18:00 PM [info]: Fetching customer delivery challan with ID: ebcbc1e6-e329-4b38-b619-f41adff7aab6 
2025-11-24 02:18:00 PM [info]: Fetched challan with ID: ebcbc1e6-e329-4b38-b619-f41adff7aab6 successfully 
2025-11-24 02:18:22 PM [info]: Received GET request on /customer-delivery-challan/view/ebcbc1e6-e329-4b38-b619-f41adff7aab6 [IP: 182.156.141.17]
2025-11-24 02:18:22 PM [info]: Fetching customer delivery challan with ID: ebcbc1e6-e329-4b38-b619-f41adff7aab6 
2025-11-24 02:18:22 PM [info]: Received GET request on /company/ [IP: 182.156.141.17]
2025-11-24 02:18:22 PM [info]: Fetched challan with ID: ebcbc1e6-e329-4b38-b619-f41adff7aab6 successfully 
2025-11-24 02:59:21 PM [info]: Received GET request on /socket.io/?EIO=4&transport=websocket [IP: 182.156.141.17]
2025-11-24 02:59:29 PM [info]: Received GET request on /socket.io/?EIO=4&transport=websocket [IP: 182.156.141.17]
2025-11-24 02:59:31 PM [info]: Received GET request on /socket.io/?EIO=4&transport=websocket [IP: 182.156.141.17]
2025-11-24 02:59:35 PM [info]: Received GET request on /socket.io/?EIO=4&transport=websocket [IP: 182.156.141.17]
2025-11-24 02:59:41 PM [info]: Received GET request on /socket.io/?EIO=4&transport=websocket [IP: 182.156.141.17]
2025-11-24 02:59:47 PM [info]: Received GET request on /socket.io/?EIO=4&transport=websocket [IP: 182.156.141.17]
2025-11-24 03:06:59 PM [info]: Received POST request on /auth/login [IP: ::1]
2025-11-24 03:06:59 PM [info]: Login request received 
2025-11-24 03:06:59 PM [info]: System log saved 
2025-11-24 03:06:59 PM [info]: User logged in successfully 
2025-11-24 03:14:28 PM [info]: Received POST request on /auth/login [IP: ::1]
2025-11-24 03:14:28 PM [info]: Login request received 
2025-11-24 03:14:28 PM [info]: System log saved 
2025-11-24 03:14:28 PM [info]: User logged in successfully 
2025-11-24 03:14:32 PM [info]: Received POST request on /auth/login [IP: ::1]
2025-11-24 03:14:32 PM [info]: Login request received 
2025-11-24 03:14:32 PM [info]: System log saved 
2025-11-24 03:14:32 PM [info]: User logged in successfully 
2025-11-24 03:54:13 PM [info]: Received GET request on /socket.io/?EIO=4&transport=websocket [IP: 182.156.141.17]
2025-11-24 03:54:13 PM [info]: Received GET request on /customer-delivery-challan/view/ebcbc1e6-e329-4b38-b619-f41adff7aab6 [IP: 182.156.141.17]
2025-11-24 03:54:13 PM [info]: Received GET request on /company/ [IP: 182.156.141.17]
2025-11-24 03:54:13 PM [info]: Fetching customer delivery challan with ID: ebcbc1e6-e329-4b38-b619-f41adff7aab6 
2025-11-24 03:54:13 PM [info]: Fetched challan with ID: ebcbc1e6-e329-4b38-b619-f41adff7aab6 successfully 
2025-11-24 03:54:14 PM [info]: Received GET request on /socket.io/?EIO=4&transport=websocket [IP: 182.156.141.17]
2025-11-24 03:54:15 PM [info]: Received GET request on /socket.io/?EIO=4&transport=websocket [IP: 182.156.141.17]
2025-11-24 03:54:21 PM [info]: Received GET request on /socket.io/?EIO=4&transport=websocket [IP: 182.156.141.17]
2025-11-24 03:54:27 PM [info]: Received GET request on /socket.io/?EIO=4&transport=websocket [IP: 182.156.141.17]
2025-11-24 03:54:33 PM [info]: Received GET request on /socket.io/?EIO=4&transport=websocket [IP: 182.156.141.17]
2025-11-24 04:09:03 PM [info]: Received GET request on /customer-delivery-challan/view/ebcbc1e6-e329-4b38-b619-f41adff7aab6 [IP: 182.156.141.17]
2025-11-24 04:09:03 PM [info]: Received GET request on /socket.io/?EIO=4&transport=websocket [IP: 182.156.141.17]
2025-11-24 04:09:03 PM [info]: Received GET request on /company/ [IP: 182.156.141.17]
2025-11-24 04:09:03 PM [info]: Fetching customer delivery challan with ID: ebcbc1e6-e329-4b38-b619-f41adff7aab6 
2025-11-24 04:09:03 PM [info]: Fetched challan with ID: ebcbc1e6-e329-4b38-b619-f41adff7aab6 successfully 
2025-11-24 04:09:04 PM [info]: Received GET request on /socket.io/?EIO=4&transport=websocket [IP: 182.156.141.17]
2025-11-24 04:09:06 PM [info]: Received GET request on /socket.io/?EIO=4&transport=websocket [IP: 182.156.141.17]
2025-11-24 04:09:10 PM [info]: Received GET request on /socket.io/?EIO=4&transport=websocket [IP: 182.156.141.17]
2025-11-24 04:09:16 PM [info]: Received GET request on /socket.io/?EIO=4&transport=websocket [IP: 182.156.141.17]
2025-11-24 04:09:22 PM [info]: Received GET request on /socket.io/?EIO=4&transport=websocket [IP: 182.156.141.17]
2025-11-24 04:11:18 PM [info]: Received GET request on /rfpa/?page=1&limit=10 [IP: 182.156.141.17]
2025-11-24 04:11:18 PM [info]: Total RFPAS fetched: 9 
2025-11-24 04:13:27 PM [info]: Received GET request on /customer-delivery-challan/?page=1&limit=10 [IP: 182.156.141.17]
2025-11-24 04:13:27 PM [info]: Fetching all customer delivery challans 
2025-11-24 04:13:30 PM [info]: Received GET request on /customer-delivery-challan/view/ebcbc1e6-e329-4b38-b619-f41adff7aab6 [IP: 182.156.141.17]
2025-11-24 04:13:30 PM [info]: Fetching customer delivery challan with ID: ebcbc1e6-e329-4b38-b619-f41adff7aab6 
2025-11-24 04:13:30 PM [info]: Received GET request on /company/ [IP: 182.156.141.17]
2025-11-24 04:13:31 PM [info]: Fetched challan with ID: ebcbc1e6-e329-4b38-b619-f41adff7aab6 successfully 
2025-11-24 04:14:13 PM [info]: Received GET request on /customer-delivery-challan/view/ebcbc1e6-e329-4b38-b619-f41adff7aab6 [IP: 182.156.141.17]
2025-11-24 04:14:13 PM [info]: Received GET request on /company/ [IP: 182.156.141.17]
2025-11-24 04:14:13 PM [info]: Fetching customer delivery challan with ID: ebcbc1e6-e329-4b38-b619-f41adff7aab6 
2025-11-24 04:14:13 PM [info]: Fetched challan with ID: ebcbc1e6-e329-4b38-b619-f41adff7aab6 successfully 
2025-11-24 04:14:23 PM [info]: Received GET request on /customer-delivery-challan/view/ebcbc1e6-e329-4b38-b619-f41adff7aab6 [IP: 182.156.141.17]
2025-11-24 04:14:23 PM [info]: Fetching customer delivery challan with ID: ebcbc1e6-e329-4b38-b619-f41adff7aab6 
2025-11-24 04:14:23 PM [info]: Received GET request on /company/ [IP: 182.156.141.17]
2025-11-24 04:14:23 PM [info]: Fetched challan with ID: ebcbc1e6-e329-4b38-b619-f41adff7aab6 successfully 
2025-11-24 04:34:13 PM [info]: Received POST request on /auth/login [IP: ::1]
2025-11-24 04:34:13 PM [info]: Login request received 
2025-11-24 04:34:13 PM [info]: System log saved 
2025-11-24 04:34:13 PM [info]: User logged in successfully 
2025-11-24 04:43:48 PM [info]: Database connected successfully 
2025-11-24 04:43:48 PM [info]: 🚀 Server started on port 8003 
2025-11-24 04:43:48 PM [info]: 📡 SSE endpoint: http://localhost:8003/sse/notifications 
2025-11-24 04:43:48 PM [info]: 🧪 SSE test: http://localhost:8003/sse/test 
2025-11-24 04:43:59 PM [info]: Received POST request on /auth/login [IP: ::1]
2025-11-24 04:43:59 PM [info]: Login request received 
2025-11-24 04:43:59 PM [info]: System log saved 
2025-11-24 04:43:59 PM [info]: User logged in successfully 
2025-11-24 04:45:02 PM [info]: Received GET request on /inventoryStock/endoftheday/eod-report?startDate=2025-11-21&endDate=2025-11-21 [IP: ::1]
2025-11-24 04:45:02 PM [info]: Fetching End of Day Report... 
2025-11-24 04:45:03 PM [error]: Error fetching End of Day Report: column dcProduct.returnedAmount does not exist 
2025-11-24 04:45:03 PM [error]: Unhandled Error: column dcProduct.returnedAmount does not exist 
2025-11-24 04:47:12 PM [info]: Database connected successfully 
2025-11-24 04:47:13 PM [info]: 🚀 Server started on port 8003 
2025-11-24 04:47:13 PM [info]: 📡 SSE endpoint: http://localhost:8003/sse/notifications 
2025-11-24 04:47:13 PM [info]: 🧪 SSE test: http://localhost:8003/sse/test 
2025-11-24 04:51:23 PM [info]: Database connected successfully 
2025-11-24 04:51:25 PM [info]: 🚀 Server started on port 8003 
2025-11-24 04:51:25 PM [info]: 📡 SSE endpoint: http://localhost:8003/sse/notifications 
2025-11-24 04:51:25 PM [info]: 🧪 SSE test: http://localhost:8003/sse/test 
2025-11-24 04:55:38 PM [info]: Database connected successfully 
2025-11-24 04:55:38 PM [info]: 🚀 Server started on port 8003 
2025-11-24 04:55:38 PM [info]: 📡 SSE endpoint: http://localhost:8003/sse/notifications 
2025-11-24 04:55:38 PM [info]: 🧪 SSE test: http://localhost:8003/sse/test 
2025-11-24 04:55:46 PM [info]: Received GET request on /inventoryStock/endoftheday/eod-report?startDate=2025-11-21&endDate=2025-11-21 [IP: ::1]
2025-11-24 04:55:47 PM [info]: Fetching End of Day Report... 
2025-11-24 04:55:47 PM [info]: End of Day Report fetched successfully 
2025-11-24 05:10:30 PM [info]: Received GET request on /customer-delivery-challan/view/ebcbc1e6-e329-4b38-b619-f41adff7aab6 [IP: 182.156.141.17]
2025-11-24 05:10:30 PM [error]: AppError: You need to re-authenticate. Please log in. 
2025-11-24 05:10:30 PM [info]: Received GET request on /company/ [IP: 182.156.141.17]
2025-11-24 05:10:30 PM [error]: AppError: You need to re-authenticate. Please log in. 
2025-11-24 05:10:30 PM [info]: Received POST request on /auth/refresh-token [IP: 182.156.141.17]
2025-11-24 05:10:30 PM [info]: Received request to refresh access token 
2025-11-24 05:10:30 PM [info]: Received POST request on /auth/refresh-token [IP: 182.156.141.17]
2025-11-24 05:10:30 PM [info]: Received request to refresh access token 
2025-11-24 05:10:30 PM [info]: Access token refreshed successfully 
2025-11-24 05:10:30 PM [info]: Access token refreshed successfully 
2025-11-24 05:10:31 PM [info]: Received GET request on /customer-delivery-challan/view/ebcbc1e6-e329-4b38-b619-f41adff7aab6 [IP: 182.156.141.17]
2025-11-24 05:10:31 PM [info]: Fetching customer delivery challan with ID: ebcbc1e6-e329-4b38-b619-f41adff7aab6 
2025-11-24 05:10:31 PM [info]: Received GET request on /company/ [IP: 182.156.141.17]
2025-11-24 05:10:34 PM [info]: Fetched challan with ID: ebcbc1e6-e329-4b38-b619-f41adff7aab6 successfully 
2025-11-24 05:11:34 PM [info]: Received GET request on /company/ [IP: 182.156.141.17]
2025-11-24 05:11:34 PM [info]: Received GET request on /customer-delivery-challan/view/ebcbc1e6-e329-4b38-b619-f41adff7aab6 [IP: 182.156.141.17]
2025-11-24 05:11:34 PM [info]: Fetching customer delivery challan with ID: ebcbc1e6-e329-4b38-b619-f41adff7aab6 
2025-11-24 05:11:34 PM [info]: Fetched challan with ID: ebcbc1e6-e329-4b38-b619-f41adff7aab6 successfully 
2025-11-24 05:11:53 PM [info]: Received GET request on /company/ [IP: 182.156.141.17]
2025-11-24 05:11:53 PM [info]: Received GET request on /customer-delivery-challan/view/ebcbc1e6-e329-4b38-b619-f41adff7aab6 [IP: 182.156.141.17]
2025-11-24 05:11:53 PM [info]: Fetching customer delivery challan with ID: ebcbc1e6-e329-4b38-b619-f41adff7aab6 
2025-11-24 05:11:53 PM [info]: Fetched challan with ID: ebcbc1e6-e329-4b38-b619-f41adff7aab6 successfully 
2025-11-24 05:12:12 PM [info]: Received GET request on /customer-delivery-challan/view/ebcbc1e6-e329-4b38-b619-f41adff7aab6 [IP: 182.156.141.17]
2025-11-24 05:12:12 PM [info]: Fetching customer delivery challan with ID: ebcbc1e6-e329-4b38-b619-f41adff7aab6 
2025-11-24 05:12:12 PM [info]: Received GET request on /company/ [IP: 182.156.141.17]
2025-11-24 05:12:12 PM [info]: Fetched challan with ID: ebcbc1e6-e329-4b38-b619-f41adff7aab6 successfully 
2025-11-24 05:14:32 PM [info]: Received GET request on /customer-delivery-challan/?page=1&limit=10 [IP: 182.156.141.17]
2025-11-24 05:14:32 PM [info]: Fetching all customer delivery challans 
2025-11-25 11:12:56 AM [info]: Received GET request on /location-branches/filterData/filter/all [IP: 182.156.141.17]
2025-11-25 11:12:56 AM [info]: Received GET request on /socket.io/?EIO=4&transport=websocket [IP: 182.156.141.17]
2025-11-25 11:12:56 AM [info]: Received GET request on /products/partial/data?page=1&limit=6 [IP: 182.156.141.17]
2025-11-25 11:12:56 AM [info]: Received GET request on /api/management/getGrns/management?filterType=tillDate [IP: 182.156.141.17]
2025-11-25 11:12:56 AM [info]: Received GET request on /company/partial/details [IP: 182.156.141.17]
2025-11-25 11:12:56 AM [info]: Received GET request on /inventoryStock/endoftheday/eod-report [IP: 182.156.141.17]
2025-11-25 11:12:57 AM [info]: Received request to fetch all branches 
2025-11-25 11:12:57 AM [info]: Fetching End of Day Report... 
2025-11-25 11:12:57 AM [info]: Fetching all products 
2025-11-25 11:12:57 AM [info]: Fetched all branches successfully 
2025-11-25 11:12:57 AM [info]: Fetched undefined products successfully 
2025-11-25 11:12:57 AM [info]: Received GET request on /socket.io/?EIO=4&transport=websocket [IP: 182.156.141.17]
2025-11-25 11:12:57 AM [info]: End of Day Report fetched successfully 
2025-11-25 11:12:59 AM [info]: Received GET request on /socket.io/?EIO=4&transport=websocket [IP: 182.156.141.17]
2025-11-25 11:13:04 AM [info]: Received GET request on /socket.io/?EIO=4&transport=websocket [IP: 182.156.141.17]
2025-11-25 11:13:10 AM [info]: Received GET request on /socket.io/?EIO=4&transport=websocket [IP: 182.156.141.17]
2025-11-25 11:13:16 AM [info]: Received GET request on /socket.io/?EIO=4&transport=websocket [IP: 182.156.141.17]
2025-11-25 11:14:33 AM [info]: Received GET request on /inventoryStock/endoftheday/eod-report?companyName=a77e6602-04ad-4019-86e0-333482676859 [IP: 182.156.141.17]
2025-11-25 11:14:33 AM [info]: Fetching End of Day Report... 
2025-11-25 11:14:34 AM [info]: End of Day Report fetched successfully 
2025-11-25 11:17:41 AM [info]: Received GET request on /company/partial/details [IP: 182.156.141.17]
2025-11-25 11:18:36 AM [info]: Received GET request on /company/partial/details [IP: 182.156.141.17]
2025-11-25 11:32:01 AM [info]: Received GET request on /returns/?page=1&limit=10 [IP: 182.156.141.17]
2025-11-25 11:32:01 AM [info]: Received GET request on /products/partial/data?page=1&limit=10 [IP: 182.156.141.17]
2025-11-25 11:32:01 AM [info]: Fetching all products 
2025-11-25 11:32:01 AM [info]: Fetched undefined products successfully 
2025-11-25 11:32:02 AM [info]: Received GET request on /customers/names/all [IP: 182.156.141.17]
2025-11-25 11:32:02 AM [info]: Fetching all customers 
2025-11-25 11:32:02 AM [info]: Customers retrieved successfully 
2025-11-25 11:32:02 AM [info]: Received GET request on /company/partial/details [IP: 182.156.141.17]
2025-11-25 11:32:02 AM [info]: Received GET request on /customer-delivery-challan/ [IP: 182.156.141.17]
2025-11-25 11:32:02 AM [info]: Received GET request on /location-branches/filterData/filter/all [IP: 182.156.141.17]
2025-11-25 11:32:02 AM [info]: Received GET request on /uoms/getAll/partialdata [IP: 182.156.141.17]
2025-11-25 11:32:02 AM [info]: Fetching all customer delivery challans 
2025-11-25 11:32:02 AM [info]: Received request to fetch all branches 
2025-11-25 11:32:02 AM [info]: Fetched all branches successfully 
2025-11-25 11:32:25 AM [info]: Received GET request on /returns/?page=1&limit=10 [IP: 182.156.141.17]
2025-11-25 11:32:33 AM [info]: Received GET request on /inwardRegister/?page=1&limit=10 [IP: 182.156.141.17]
2025-11-25 11:32:35 AM [info]: Fetching all InwardRegister... 
2025-11-25 11:34:21 AM [info]: Received GET request on /eodStock/?page=1&limit=10 [IP: 182.156.141.17]
2025-11-25 11:34:21 AM [info]: Attempting to fetch all EOD stock reports 
2025-11-25 11:34:22 AM [info]: All EOD stock reports fetched successfully 
2025-11-25 11:35:30 AM [info]: Received GET request on /inwardRegister/?page=1&limit=10 [IP: 182.156.141.17]
2025-11-25 11:35:30 AM [info]: Fetching all InwardRegister... 
2025-11-25 11:35:30 AM [info]: Received GET request on /farmers/filterFarmer/all?page=1&limit=10 [IP: 182.156.141.17]
2025-11-25 11:35:31 AM [info]: Fetching all farmers 
2025-11-25 11:35:31 AM [info]: Received GET request on /employee/all/partial [IP: 182.156.141.17]
2025-11-25 11:35:31 AM [info]: Farmers retrieved successfully 
2025-11-25 11:35:31 AM [info]: Employee Getting successfully 
2025-11-25 11:35:31 AM [info]: Received GET request on /grns/grnnumbers/getAllgrnNo [IP: 182.156.141.17]
2025-11-25 11:35:31 AM [info]: Received GET request on /vendors/filterVendor/all?page=1&limit=10 [IP: 182.156.141.17]
2025-11-25 11:35:31 AM [info]: Received GET request on /products/partial/data [IP: 182.156.141.17]
2025-11-25 11:35:31 AM [info]: Received GET request on /products/partial/data?page=1&limit=10 [IP: 182.156.141.17]
2025-11-25 11:35:31 AM [info]: Received GET request on /uoms/getAll/partialdata [IP: 182.156.141.17]
2025-11-25 11:35:31 AM [info]: Received GET request on /deliveryChallan/challanNos/getAllChallanNo [IP: 182.156.141.17]
2025-11-25 11:35:31 AM [info]: Received GET request on /company/partial/details [IP: 182.156.141.17]
2025-11-25 11:35:31 AM [info]: Fetching all products 
2025-11-25 11:35:31 AM [info]: Received GET request on /location-branches/filterData/filter/all [IP: 182.156.141.17]
2025-11-25 11:35:31 AM [info]: Total GRNs fetched: 10 
2025-11-25 11:35:31 AM [info]: Fetching all products 
2025-11-25 11:35:31 AM [info]: Fetching all Delivery Challan numbers 
2025-11-25 11:35:31 AM [info]: Fetched undefined products successfully 
2025-11-25 11:35:31 AM [info]: Received request to fetch all branches 
2025-11-25 11:35:31 AM [info]: Successfully fetched all Delivery Challan numbers 
2025-11-25 11:35:31 AM [info]: Fetched all branches successfully 
2025-11-25 11:35:31 AM [info]: Fetched undefined products successfully 
2025-11-25 11:36:48 AM [info]: Received GET request on /company/partial/details [IP: 182.156.141.17]
2025-11-25 11:38:44 AM [info]: Received GET request on /company/partial/details [IP: 182.156.141.17]
2025-11-25 11:38:47 AM [info]: Received GET request on /socket.io/?EIO=4&transport=websocket [IP: 182.156.141.17]
2025-11-25 11:38:47 AM [info]: Received GET request on /company/partial/details [IP: 182.156.141.17]
2025-11-25 11:38:48 AM [info]: Received GET request on /socket.io/?EIO=4&transport=websocket [IP: 182.156.141.17]
2025-11-25 11:39:24 AM [info]: Received GET request on /socket.io/?EIO=4&transport=websocket [IP: 182.156.141.17]
2025-11-25 11:39:30 AM [info]: Received GET request on /socket.io/?EIO=4&transport=websocket [IP: 182.156.141.17]
2025-11-25 11:39:36 AM [info]: Received GET request on /socket.io/?EIO=4&transport=websocket [IP: 182.156.141.17]
2025-11-25 11:39:42 AM [info]: Received GET request on /socket.io/?EIO=4&transport=websocket [IP: 182.156.141.17]
2025-11-25 12:24:29 PM [info]: Received GET request on /socket.io/?EIO=4&transport=websocket [IP: 182.156.141.17]
2025-11-25 12:24:29 PM [info]: Received GET request on /company/partial/details [IP: 182.156.141.17]
2025-11-25 12:24:30 PM [info]: Received GET request on /socket.io/?EIO=4&transport=websocket [IP: 182.156.141.17]
2025-11-25 12:24:31 PM [info]: Received GET request on /socket.io/?EIO=4&transport=websocket [IP: 182.156.141.17]
2025-11-25 12:24:37 PM [info]: Received GET request on /socket.io/?EIO=4&transport=websocket [IP: 182.156.141.17]
2025-11-25 12:24:42 PM [info]: Received GET request on /socket.io/?EIO=4&transport=websocket [IP: 182.156.141.17]
2025-11-25 12:24:47 PM [info]: Received GET request on /socket.io/?EIO=4&transport=websocket [IP: 182.156.141.17]
2025-11-28 03:18:09 PM [info]: Received GET request on /customers/names/all [IP: 2401:4900:c0ae:4db7:954:1a03:8507:7998]
2025-11-28 03:18:10 PM [error]: AppError: You need to re-authenticate. Please log in. 
2025-11-28 03:18:10 PM [info]: Received GET request on /company/partial/details [IP: 2401:4900:c0ae:4db7:954:1a03:8507:7998]
2025-11-28 03:18:10 PM [error]: AppError: You need to re-authenticate. Please log in. 
2025-11-28 03:18:10 PM [info]: Received GET request on /products/partial/data?page=1&limit=6 [IP: 2401:4900:c0ae:4db7:954:1a03:8507:7998]
2025-11-28 03:18:10 PM [error]: AppError: You need to re-authenticate. Please log in. 
2025-11-28 03:18:10 PM [info]: Received GET request on /vendors/filterVendor/all?page=1&limit=6 [IP: 2401:4900:c0ae:4db7:954:1a03:8507:7998]
2025-11-28 03:18:10 PM [error]: AppError: You need to re-authenticate. Please log in. 
2025-11-28 03:18:10 PM [info]: Received GET request on /farmers/filterFarmer/all?page=1&limit=6 [IP: 2401:4900:c0ae:4db7:954:1a03:8507:7998]
2025-11-28 03:18:10 PM [error]: AppError: You need to re-authenticate. Please log in. 
2025-11-28 03:18:10 PM [info]: Received GET request on /userreport/total-purchase [IP: 2401:4900:c0ae:4db7:954:1a03:8507:7998]
2025-11-28 03:18:10 PM [error]: AppError: You need to re-authenticate. Please log in. 
2025-11-28 03:18:10 PM [info]: Received GET request on /location-branches/filterData/filter/all [IP: 2401:4900:c0ae:4db7:954:1a03:8507:7998]
2025-11-28 03:18:10 PM [error]: AppError: You need to re-authenticate. Please log in. 
2025-11-28 03:18:10 PM [info]: Received GET request on /admin/dashboard/active-users [IP: 2401:4900:c0ae:4db7:954:1a03:8507:7998]
2025-11-28 03:18:10 PM [error]: AppError: You need to re-authenticate. Please log in. 
2025-11-28 03:18:10 PM [info]: Received GET request on /userreport/total-sale [IP: 2401:4900:c0ae:4db7:954:1a03:8507:7998]
2025-11-28 03:18:10 PM [error]: AppError: You need to re-authenticate. Please log in. 
2025-11-28 03:18:10 PM [info]: Received GET request on /userreport/user-counts [IP: 2401:4900:c0ae:4db7:954:1a03:8507:7998]
2025-11-28 03:18:10 PM [error]: AppError: You need to re-authenticate. Please log in. 
2025-11-28 03:18:10 PM [info]: Received GET request on /employee/all/partial?page=1&limit=6 [IP: 2401:4900:c0ae:4db7:954:1a03:8507:7998]
2025-11-28 03:18:10 PM [error]: AppError: You need to re-authenticate. Please log in. 
2025-11-28 03:18:10 PM [info]: Received GET request on /socket.io/?EIO=4&transport=websocket [IP: 2401:4900:c0ae:4db7:954:1a03:8507:7998]
2025-11-28 03:18:13 PM [info]: Received POST request on /auth/refresh-token [IP: 2401:4900:c0ae:4db7:954:1a03:8507:7998]
2025-11-28 03:18:13 PM [info]: Received request to refresh access token 
2025-11-28 03:18:13 PM [info]: Received POST request on /auth/refresh-token [IP: 2401:4900:c0ae:4db7:954:1a03:8507:7998]
2025-11-28 03:18:13 PM [info]: Received request to refresh access token 
2025-11-28 03:18:13 PM [info]: Received GET request on /socket.io/?EIO=4&transport=websocket [IP: 2401:4900:c0ae:4db7:954:1a03:8507:7998]
2025-11-28 03:18:13 PM [info]: Received POST request on /auth/refresh-token [IP: 2401:4900:c0ae:4db7:954:1a03:8507:7998]
2025-11-28 03:18:13 PM [info]: Received request to refresh access token 
2025-11-28 03:18:13 PM [info]: Received POST request on /auth/refresh-token [IP: 2401:4900:c0ae:4db7:954:1a03:8507:7998]
2025-11-28 03:18:13 PM [info]: Received request to refresh access token 
2025-11-28 03:18:13 PM [info]: Received POST request on /auth/refresh-token [IP: 2401:4900:c0ae:4db7:954:1a03:8507:7998]
2025-11-28 03:18:13 PM [info]: Received request to refresh access token 
2025-11-28 03:18:13 PM [warn]: Invalid refresh token provided 
2025-11-28 03:18:13 PM [error]: AppError: You need to re-authenticate. Please log in. 
2025-11-28 03:18:13 PM [warn]: Invalid refresh token provided 
2025-11-28 03:18:13 PM [error]: AppError: You need to re-authenticate. Please log in. 
2025-11-28 03:18:13 PM [warn]: Invalid refresh token provided 
2025-11-28 03:18:13 PM [error]: AppError: You need to re-authenticate. Please log in. 
2025-11-28 03:18:13 PM [warn]: Invalid refresh token provided 
2025-11-28 03:18:13 PM [error]: AppError: You need to re-authenticate. Please log in. 
2025-11-28 03:18:13 PM [warn]: Invalid refresh token provided 
2025-11-28 03:18:13 PM [error]: AppError: You need to re-authenticate. Please log in. 
2025-11-28 03:18:13 PM [info]: Received POST request on /auth/refresh-token [IP: 2401:4900:c0ae:4db7:954:1a03:8507:7998]
2025-11-28 03:18:13 PM [info]: Received request to refresh access token 
2025-11-28 03:18:13 PM [info]: Received POST request on /auth/refresh-token [IP: 2401:4900:c0ae:4db7:954:1a03:8507:7998]
2025-11-28 03:18:13 PM [info]: Received request to refresh access token 
2025-11-28 03:18:13 PM [info]: Received POST request on /auth/refresh-token [IP: 2401:4900:c0ae:4db7:954:1a03:8507:7998]
2025-11-28 03:18:13 PM [info]: Received request to refresh access token 
2025-11-28 03:18:13 PM [warn]: Invalid refresh token provided 
2025-11-28 03:18:13 PM [error]: AppError: You need to re-authenticate. Please log in. 
2025-11-28 03:18:13 PM [warn]: Invalid refresh token provided 
2025-11-28 03:18:13 PM [error]: AppError: You need to re-authenticate. Please log in. 
2025-11-28 03:18:13 PM [warn]: Invalid refresh token provided 
2025-11-28 03:18:13 PM [error]: AppError: You need to re-authenticate. Please log in. 
2025-11-28 03:18:13 PM [info]: Received POST request on /auth/refresh-token [IP: 2401:4900:c0ae:4db7:954:1a03:8507:7998]
2025-11-28 03:18:13 PM [info]: Received request to refresh access token 
2025-11-28 03:18:13 PM [info]: Received POST request on /auth/refresh-token [IP: 2401:4900:c0ae:4db7:954:1a03:8507:7998]
2025-11-28 03:18:13 PM [info]: Received request to refresh access token 
2025-11-28 03:18:13 PM [warn]: Invalid refresh token provided 
2025-11-28 03:18:13 PM [error]: AppError: You need to re-authenticate. Please log in. 
2025-11-28 03:18:13 PM [warn]: Invalid refresh token provided 
2025-11-28 03:18:13 PM [error]: AppError: You need to re-authenticate. Please log in. 
2025-11-28 03:18:13 PM [info]: Received POST request on /auth/refresh-token [IP: 2401:4900:c0ae:4db7:954:1a03:8507:7998]
2025-11-28 03:18:13 PM [info]: Received request to refresh access token 
2025-11-28 03:18:13 PM [warn]: Invalid refresh token provided 
2025-11-28 03:18:13 PM [error]: AppError: You need to re-authenticate. Please log in. 
2025-11-28 03:18:16 PM [info]: Received GET request on /products/partial/data?page=1&limit=6 [IP: 2401:4900:c0ae:4db7:954:1a03:8507:7998]
2025-11-28 03:18:16 PM [error]: AppError: You need to re-authenticate. Please log in. 
2025-11-28 03:18:16 PM [info]: Received GET request on /company/partial/details [IP: 2401:4900:c0ae:4db7:954:1a03:8507:7998]
2025-11-28 03:18:16 PM [error]: AppError: You need to re-authenticate. Please log in. 
2025-11-28 03:18:16 PM [info]: Received GET request on /location-branches/filterData/filter/all [IP: 2401:4900:c0ae:4db7:954:1a03:8507:7998]
2025-11-28 03:18:16 PM [error]: AppError: You need to re-authenticate. Please log in. 
2025-11-28 03:18:16 PM [info]: Received GET request on /admin/dashboard/active-users [IP: 2401:4900:c0ae:4db7:954:1a03:8507:7998]
2025-11-28 03:18:16 PM [error]: AppError: You need to re-authenticate. Please log in. 
2025-11-28 03:18:16 PM [info]: Received GET request on /customers/names/all [IP: 2401:4900:c0ae:4db7:954:1a03:8507:7998]
2025-11-28 03:18:16 PM [error]: AppError: You need to re-authenticate. Please log in. 
2025-11-28 03:18:16 PM [info]: Received GET request on /employee/all/partial?page=1&limit=6 [IP: 2401:4900:c0ae:4db7:954:1a03:8507:7998]
2025-11-28 03:18:16 PM [error]: AppError: You need to re-authenticate. Please log in. 
2025-11-28 03:18:16 PM [info]: Received GET request on /userreport/user-counts [IP: 2401:4900:c0ae:4db7:954:1a03:8507:7998]
2025-11-28 03:18:16 PM [error]: AppError: You need to re-authenticate. Please log in. 
2025-11-28 03:18:16 PM [info]: Received GET request on /vendors/filterVendor/all?page=1&limit=6 [IP: 2401:4900:c0ae:4db7:954:1a03:8507:7998]
2025-11-28 03:18:16 PM [error]: AppError: You need to re-authenticate. Please log in. 
2025-11-28 03:18:16 PM [info]: Received GET request on /socket.io/?EIO=4&transport=websocket [IP: 2401:4900:c0ae:4db7:954:1a03:8507:7998]
2025-11-28 03:18:17 PM [info]: Received GET request on /userreport/total-sale [IP: 2401:4900:c0ae:4db7:954:1a03:8507:7998]
2025-11-28 03:18:17 PM [error]: AppError: You need to re-authenticate. Please log in. 
2025-11-28 03:18:17 PM [info]: Received GET request on /farmers/filterFarmer/all?page=1&limit=6 [IP: 2401:4900:c0ae:4db7:954:1a03:8507:7998]
2025-11-28 03:18:17 PM [error]: AppError: You need to re-authenticate. Please log in. 
2025-11-28 03:18:17 PM [info]: Received POST request on /auth/refresh-token [IP: 2401:4900:c0ae:4db7:954:1a03:8507:7998]
2025-11-28 03:18:17 PM [info]: Received request to refresh access token 
2025-11-28 03:18:17 PM [info]: Received POST request on /auth/refresh-token [IP: 2401:4900:c0ae:4db7:954:1a03:8507:7998]
2025-11-28 03:18:17 PM [info]: Received request to refresh access token 
2025-11-28 03:18:17 PM [info]: Received GET request on /userreport/total-purchase [IP: 2401:4900:c0ae:4db7:954:1a03:8507:7998]
2025-11-28 03:18:17 PM [error]: AppError: You need to re-authenticate. Please log in. 
2025-11-28 03:18:17 PM [info]: Received POST request on /auth/refresh-token [IP: 2401:4900:c0ae:4db7:954:1a03:8507:7998]
2025-11-28 03:18:17 PM [info]: Received request to refresh access token 
2025-11-28 03:18:17 PM [warn]: Invalid refresh token provided 
2025-11-28 03:18:17 PM [error]: AppError: You need to re-authenticate. Please log in. 
2025-11-28 03:18:17 PM [warn]: Invalid refresh token provided 
2025-11-28 03:18:17 PM [error]: AppError: You need to re-authenticate. Please log in. 
2025-11-28 03:18:17 PM [info]: Received POST request on /auth/refresh-token [IP: 2401:4900:c0ae:4db7:954:1a03:8507:7998]
2025-11-28 03:18:17 PM [info]: Received request to refresh access token 
2025-11-28 03:18:17 PM [warn]: Invalid refresh token provided 
2025-11-28 03:18:17 PM [error]: AppError: You need to re-authenticate. Please log in. 
2025-11-28 03:18:17 PM [info]: Received POST request on /auth/refresh-token [IP: 2401:4900:c0ae:4db7:954:1a03:8507:7998]
2025-11-28 03:18:17 PM [info]: Received request to refresh access token 
2025-11-28 03:18:17 PM [info]: Received POST request on /auth/refresh-token [IP: 2401:4900:c0ae:4db7:954:1a03:8507:7998]
2025-11-28 03:18:17 PM [info]: Received request to refresh access token 
2025-11-28 03:18:17 PM [info]: Received POST request on /auth/refresh-token [IP: 2401:4900:c0ae:4db7:954:1a03:8507:7998]
2025-11-28 03:18:17 PM [info]: Received request to refresh access token 
2025-11-28 03:18:17 PM [info]: Received POST request on /auth/refresh-token [IP: 2401:4900:c0ae:4db7:954:1a03:8507:7998]
2025-11-28 03:18:17 PM [info]: Received request to refresh access token 
2025-11-28 03:18:17 PM [info]: Received POST request on /auth/refresh-token [IP: 2401:4900:c0ae:4db7:954:1a03:8507:7998]
2025-11-28 03:18:17 PM [info]: Received request to refresh access token 
2025-11-28 03:18:17 PM [info]: Received POST request on /auth/refresh-token [IP: 2401:4900:c0ae:4db7:954:1a03:8507:7998]
2025-11-28 03:18:17 PM [info]: Received request to refresh access token 
2025-11-28 03:18:17 PM [warn]: Invalid refresh token provided 
2025-11-28 03:18:17 PM [error]: AppError: You need to re-authenticate. Please log in. 
2025-11-28 03:18:17 PM [warn]: Invalid refresh token provided 
2025-11-28 03:18:17 PM [error]: AppError: You need to re-authenticate. Please log in. 
2025-11-28 03:18:17 PM [warn]: Invalid refresh token provided 
2025-11-28 03:18:17 PM [error]: AppError: You need to re-authenticate. Please log in. 
2025-11-28 03:18:17 PM [warn]: Invalid refresh token provided 
2025-11-28 03:18:17 PM [error]: AppError: You need to re-authenticate. Please log in. 
2025-11-28 03:18:17 PM [warn]: Invalid refresh token provided 
2025-11-28 03:18:17 PM [error]: AppError: You need to re-authenticate. Please log in. 
2025-11-28 03:18:17 PM [warn]: Invalid refresh token provided 
2025-11-28 03:18:17 PM [error]: AppError: You need to re-authenticate. Please log in. 
2025-11-28 03:18:17 PM [warn]: Invalid refresh token provided 
2025-11-28 03:18:17 PM [error]: AppError: You need to re-authenticate. Please log in. 
2025-11-28 03:18:17 PM [info]: Received POST request on /auth/refresh-token [IP: 2401:4900:c0ae:4db7:954:1a03:8507:7998]
2025-11-28 03:18:17 PM [info]: Received request to refresh access token 
2025-11-28 03:18:17 PM [warn]: Invalid refresh token provided 
2025-11-28 03:18:17 PM [error]: AppError: You need to re-authenticate. Please log in. 
2025-11-28 03:18:22 PM [info]: Received GET request on /socket.io/?EIO=4&transport=websocket [IP: 2401:4900:c0ae:4db7:954:1a03:8507:7998]
2025-11-28 03:18:48 PM [info]: Received GET request on /employee/?page=1&limit=10 [IP: 2401:4900:c0ae:4db7:954:1a03:8507:7998]
2025-11-28 03:18:48 PM [error]: AppError: You need to re-authenticate. Please log in. 
2025-11-28 03:18:48 PM [info]: Received POST request on /auth/refresh-token [IP: 2401:4900:c0ae:4db7:954:1a03:8507:7998]
2025-11-28 03:18:48 PM [info]: Received request to refresh access token 
2025-11-28 03:18:50 PM [warn]: Invalid refresh token provided 
2025-11-28 03:18:50 PM [error]: AppError: You need to re-authenticate. Please log in. 
2025-11-28 03:18:53 PM [info]: Received GET request on /socket.io/?EIO=4&transport=websocket [IP: 2401:4900:c0ae:4db7:954:1a03:8507:7998]
2025-11-28 03:19:12 PM [info]: Received POST request on /auth/logout [IP: 2401:4900:c0ae:4db7:954:1a03:8507:7998]
2025-11-28 03:19:14 PM [info]: User logged out successfully 
2025-11-28 04:04:00 PM [info]: Received POST request on /auth/login [IP: 2401:4900:c0ae:4db7:954:1a03:8507:7998]
2025-11-28 04:04:00 PM [info]: Login request received 
2025-11-28 04:04:00 PM [warn]: Invalid password during login 
2025-11-28 04:04:00 PM [error]: Unexpected error during login process 
2025-11-28 04:04:00 PM [error]: AppError: Password is incorrect. Please try again. 
2025-11-28 04:04:03 PM [info]: Received POST request on /auth/refresh-token [IP: 2401:4900:c0ae:4db7:954:1a03:8507:7998]
2025-11-28 04:04:03 PM [info]: Received request to refresh access token 
2025-11-28 04:04:03 PM [warn]: Refresh token not provided 
2025-11-28 04:04:03 PM [error]: AppError: You need to re-authenticate. Please log in. 
2025-11-28 04:04:11 PM [info]: Received POST request on /auth/login [IP: 2401:4900:c0ae:4db7:954:1a03:8507:7998]
2025-11-28 04:04:12 PM [info]: Login request received 
2025-11-28 04:04:12 PM [warn]: Invalid password during login 
2025-11-28 04:04:12 PM [error]: Unexpected error during login process 
2025-11-28 04:04:12 PM [error]: AppError: Password is incorrect. Please try again. 
2025-11-28 04:04:13 PM [info]: Received POST request on /auth/refresh-token [IP: 2401:4900:c0ae:4db7:954:1a03:8507:7998]
2025-11-28 04:04:13 PM [info]: Received request to refresh access token 
2025-11-28 04:04:13 PM [warn]: Refresh token not provided 
2025-11-28 04:04:13 PM [error]: AppError: You need to re-authenticate. Please log in. 
2025-11-28 04:04:37 PM [info]: Received POST request on /auth/login [IP: 2401:4900:c0ae:4db7:954:1a03:8507:7998]
2025-11-28 04:04:37 PM [info]: Login request received 
2025-11-28 04:04:38 PM [info]: System log saved 
2025-11-28 04:04:38 PM [info]: User logged in successfully 
2025-11-28 04:04:42 PM [info]: Received GET request on /socket.io/?EIO=4&transport=websocket [IP: 2401:4900:c0ae:4db7:954:1a03:8507:7998]
2025-11-28 04:04:42 PM [info]: Received GET request on /socket.io/?EIO=4&transport=websocket [IP: 2401:4900:c0ae:4db7:954:1a03:8507:7998]
2025-11-28 04:04:42 PM [info]: Received GET request on /products/partial/data?page=1&limit=6 [IP: 2401:4900:c0ae:4db7:954:1a03:8507:7998]
2025-11-28 04:04:42 PM [info]: Fetching all products 
2025-11-28 04:04:42 PM [info]: Received GET request on /vendors/filterVendor/all?page=1&limit=6 [IP: 2401:4900:c0ae:4db7:954:1a03:8507:7998]
2025-11-28 04:04:42 PM [info]: Fetched undefined products successfully 
2025-11-28 04:04:42 PM [info]: Received GET request on /userreport/user-counts [IP: 2401:4900:c0ae:4db7:954:1a03:8507:7998]
2025-11-28 04:04:42 PM [info]: Received GET request on /employee/all/partial?page=1&limit=6 [IP: 2401:4900:c0ae:4db7:954:1a03:8507:7998]
2025-11-28 04:04:42 PM [info]: Received GET request on /farmers/filterFarmer/all?page=1&limit=6 [IP: 2401:4900:c0ae:4db7:954:1a03:8507:7998]
2025-11-28 04:04:42 PM [info]: Received GET request on /location-branches/filterData/filter/all [IP: 2401:4900:c0ae:4db7:954:1a03:8507:7998]
2025-11-28 04:04:42 PM [info]: Fetching all farmers 
2025-11-28 04:04:42 PM [info]: Received request to fetch all branches 
2025-11-28 04:04:42 PM [info]: Fetched all branches successfully 
2025-11-28 04:04:42 PM [info]: Employee Getting successfully 
2025-11-28 04:04:42 PM [info]: Farmers retrieved successfully 
2025-11-28 04:04:42 PM [info]: Received GET request on /company/partial/details [IP: 2401:4900:c0ae:4db7:954:1a03:8507:7998]
2025-11-28 04:04:42 PM [info]: Received GET request on /customers/names/all [IP: 2401:4900:c0ae:4db7:954:1a03:8507:7998]
2025-11-28 04:04:42 PM [info]: Received GET request on /userreport/total-purchase [IP: 2401:4900:c0ae:4db7:954:1a03:8507:7998]
2025-11-28 04:04:42 PM [info]: Fetching all customers 
2025-11-28 04:04:42 PM [info]: Customers retrieved successfully 
2025-11-28 04:04:43 PM [info]: Received GET request on /admin/dashboard/active-users [IP: 2401:4900:c0ae:4db7:954:1a03:8507:7998]
2025-11-28 04:04:45 PM [info]: Received GET request on /userreport/total-sale [IP: 2401:4900:c0ae:4db7:954:1a03:8507:7998]
2025-11-28 04:04:45 PM [info]: Received GET request on /socket.io/?EIO=4&transport=websocket [IP: 2401:4900:c0ae:4db7:954:1a03:8507:7998]
2025-11-28 04:04:47 PM [info]: Received GET request on /socket.io/?EIO=4&transport=websocket [IP: 2401:4900:c0ae:4db7:954:1a03:8507:7998]
2025-11-28 04:04:53 PM [info]: Received GET request on /socket.io/?EIO=4&transport=websocket [IP: 2401:4900:c0ae:4db7:954:1a03:8507:7998]
2025-11-28 04:04:59 PM [info]: Received GET request on /socket.io/?EIO=4&transport=websocket [IP: 2401:4900:c0ae:4db7:954:1a03:8507:7998]
2025-11-28 04:05:05 PM [info]: Received GET request on /socket.io/?EIO=4&transport=websocket [IP: 2401:4900:c0ae:4db7:954:1a03:8507:7998]
2025-11-28 04:11:26 PM [info]: Received GET request on /location-branches/filterData/filter/all [IP: 2401:4900:c0ae:4db7:954:1a03:8507:7998]
2025-11-28 04:11:26 PM [info]: Received GET request on /products/partial/data?page=1&limit=6 [IP: 2401:4900:c0ae:4db7:954:1a03:8507:7998]
2025-11-28 04:11:26 PM [info]: Received GET request on /customers/names/all [IP: 2401:4900:c0ae:4db7:954:1a03:8507:7998]
2025-11-28 04:11:26 PM [info]: Received GET request on /userreport/user-counts [IP: 2401:4900:c0ae:4db7:954:1a03:8507:7998]
2025-11-28 04:11:26 PM [info]: Received GET request on /farmers/filterFarmer/all?page=1&limit=6 [IP: 2401:4900:c0ae:4db7:954:1a03:8507:7998]
2025-11-28 04:11:26 PM [info]: Received GET request on /vendors/filterVendor/all?page=1&limit=6 [IP: 2401:4900:c0ae:4db7:954:1a03:8507:7998]
2025-11-28 04:11:26 PM [info]: Received GET request on /userreport/total-sale [IP: 2401:4900:c0ae:4db7:954:1a03:8507:7998]
2025-11-28 04:11:26 PM [info]: Received GET request on /userreport/total-purchase [IP: 2401:4900:c0ae:4db7:954:1a03:8507:7998]
2025-11-28 04:11:26 PM [info]: Received GET request on /company/partial/details [IP: 2401:4900:c0ae:4db7:954:1a03:8507:7998]
2025-11-28 04:11:26 PM [info]: Received GET request on /employee/?page=1&limit=6 [IP: 2401:4900:c0ae:4db7:954:1a03:8507:7998]
2025-11-28 04:11:26 PM [info]: Getting All Employee 
2025-11-28 04:11:26 PM [info]: Fetching all products 
2025-11-28 04:11:26 PM [info]: Fetching all customers 
2025-11-28 04:11:26 PM [info]: Fetching all farmers 
2025-11-28 04:11:26 PM [info]: Received request to fetch all branches 
2025-11-28 04:11:27 PM [info]: Customers retrieved successfully 
2025-11-28 04:11:27 PM [info]: Fetched all branches successfully 
2025-11-28 04:11:27 PM [info]: Fetched undefined products successfully 
2025-11-28 04:11:27 PM [info]: Farmers retrieved successfully 
2025-11-28 04:11:27 PM [info]: Employee Getting successfully 
2025-11-28 04:11:28 PM [info]: Received GET request on /location-branches/filterData/filter/all [IP: 2401:4900:c0ae:4db7:954:1a03:8507:7998]
2025-11-28 04:11:28 PM [info]: Received request to fetch all branches 
2025-11-28 04:11:28 PM [info]: Fetched all branches successfully 
2025-11-28 04:11:28 PM [info]: Received GET request on /company/partial/details [IP: 2401:4900:c0ae:4db7:954:1a03:8507:7998]
2025-11-28 04:11:28 PM [info]: Received GET request on /userreport/total-sale [IP: 2401:4900:c0ae:4db7:954:1a03:8507:7998]
2025-11-28 04:11:28 PM [info]: Received GET request on /vendors/filterVendor/all?page=1&limit=6 [IP: 2401:4900:c0ae:4db7:954:1a03:8507:7998]
2025-11-28 04:11:28 PM [info]: Received GET request on /products/partial/data?page=1&limit=6 [IP: 2401:4900:c0ae:4db7:954:1a03:8507:7998]
2025-11-28 04:11:28 PM [info]: Received GET request on /farmers/filterFarmer/all?page=1&limit=6 [IP: 2401:4900:c0ae:4db7:954:1a03:8507:7998]
2025-11-28 04:11:28 PM [info]: Received GET request on /userreport/total-purchase [IP: 2401:4900:c0ae:4db7:954:1a03:8507:7998]
2025-11-28 04:11:28 PM [info]: Received GET request on /userreport/user-counts [IP: 2401:4900:c0ae:4db7:954:1a03:8507:7998]
2025-11-28 04:11:28 PM [info]: Received GET request on /customers/names/all [IP: 2401:4900:c0ae:4db7:954:1a03:8507:7998]
2025-11-28 04:11:28 PM [info]: Fetching all farmers 
2025-11-28 04:11:28 PM [info]: Fetching all products 
2025-11-28 04:11:28 PM [info]: Received GET request on /employee/all/partial?page=1&limit=6 [IP: 2401:4900:c0ae:4db7:954:1a03:8507:7998]
2025-11-28 04:11:28 PM [info]: Fetching all customers 
2025-11-28 04:11:28 PM [info]: Customers retrieved successfully 
2025-11-28 04:11:28 PM [info]: Farmers retrieved successfully 
2025-11-28 04:11:28 PM [info]: Fetched undefined products successfully 
2025-11-28 04:11:28 PM [info]: Employee Getting successfully 
2025-11-28 04:11:29 PM [info]: Received GET request on /admin/dashboard/active-users [IP: 2401:4900:c0ae:4db7:954:1a03:8507:7998]
2025-11-28 04:12:43 PM [info]: Received GET request on /employee/?page=1&limit=10 [IP: 2401:4900:c0ae:4db7:954:1a03:8507:7998]
2025-11-28 04:12:43 PM [info]: Getting All Employee 
2025-11-28 04:12:43 PM [info]: Employee Getting successfully 
2025-11-28 04:24:25 PM [info]: Received GET request on /employee/?page=1&limit=10 [IP: 2401:4900:c0ae:4db7:954:1a03:8507:7998]
2025-11-28 04:24:25 PM [info]: Getting All Employee 
2025-11-28 04:24:25 PM [info]: Employee Getting successfully 
2025-11-28 05:40:19 PM [info]: Database connected successfully 
2025-11-28 05:40:20 PM [info]: 🚀 Server started on port 8003 
2025-11-28 05:40:20 PM [info]: 📡 SSE endpoint: http://localhost:8003/sse/notifications 
2025-11-28 05:40:20 PM [info]: 🧪 SSE test: http://localhost:8003/sse/test 
2025-11-28 05:45:58 PM [info]: Database connected successfully 
2025-11-28 05:46:00 PM [info]: 🚀 Server started on port 8003 
2025-11-28 05:46:00 PM [info]: 📡 SSE endpoint: http://localhost:8003/sse/notifications 
2025-11-28 05:46:00 PM [info]: 🧪 SSE test: http://localhost:8003/sse/test 
2025-11-29 12:07:07 PM [info]: Received GET request on /userreport/total-purchase [IP: 182.156.141.17]
2025-11-29 12:07:07 PM [info]: Received GET request on /vendors/filterVendor/all?page=1&limit=6 [IP: 182.156.141.17]
2025-11-29 12:07:07 PM [info]: Received GET request on /company/partial/details [IP: 182.156.141.17]
2025-11-29 12:07:07 PM [info]: Received GET request on /customers/names/all [IP: 182.156.141.17]
2025-11-29 12:07:07 PM [info]: Received GET request on /location-branches/filterData/filter/all [IP: 182.156.141.17]
2025-11-29 12:07:07 PM [info]: Received GET request on /userreport/user-counts [IP: 182.156.141.17]
2025-11-29 12:07:07 PM [info]: Received GET request on /employee/all/partial?page=1&limit=6 [IP: 182.156.141.17]
2025-11-29 12:07:07 PM [info]: Received GET request on /farmers/filterFarmer/all?page=1&limit=6 [IP: 182.156.141.17]
2025-11-29 12:07:07 PM [info]: Received GET request on /products/partial/data?page=1&limit=6 [IP: 182.156.141.17]
2025-11-29 12:07:07 PM [info]: Received GET request on /userreport/total-sale [IP: 182.156.141.17]
2025-11-29 12:07:07 PM [info]: Received GET request on /admin/dashboard/active-users [IP: 182.156.141.17]
2025-11-29 12:07:07 PM [info]: Received GET request on /socket.io/?EIO=4&transport=websocket [IP: 182.156.141.17]
2025-11-29 12:07:07 PM [info]: Received GET request on /socket.io/?EIO=4&transport=websocket [IP: 182.156.141.17]
2025-11-29 12:07:07 PM [info]: Received request to fetch all branches 
2025-11-29 12:07:07 PM [info]: Fetching all farmers 
2025-11-29 12:07:07 PM [info]: Fetching all customers 
2025-11-29 12:07:07 PM [info]: Fetching all products 
2025-11-29 12:07:07 PM [info]: Fetched all branches successfully 
2025-11-29 12:07:07 PM [info]: Employee Getting successfully 
2025-11-29 12:07:07 PM [info]: Customers retrieved successfully 
2025-11-29 12:07:07 PM [info]: Farmers retrieved successfully 
2025-11-29 12:07:07 PM [info]: Fetched undefined products successfully 
2025-11-29 12:07:08 PM [info]: Received GET request on /socket.io/?EIO=4&transport=websocket [IP: 182.156.141.17]
2025-11-29 12:07:11 PM [info]: Received GET request on /products/?page=1&limit=10 [IP: 182.156.141.17]
2025-11-29 12:07:11 PM [info]: Fetching all products 
2025-11-29 12:07:11 PM [info]: Fetched undefined products successfully 
2025-11-29 12:07:11 PM [info]: Received GET request on /socket.io/?EIO=4&transport=websocket [IP: 182.156.141.17]
2025-11-29 12:07:14 PM [info]: Received GET request on /productClassification/?page=1&limit=10 [IP: 182.156.141.17]
2025-11-29 12:07:15 PM [info]: Received GET request on /socket.io/?EIO=4&transport=websocket [IP: 182.156.141.17]
2025-11-29 12:07:15 PM [info]: Received GET request on /productCategory/?page=1&limit=10 [IP: 182.156.141.17]
2025-11-29 12:07:15 PM [info]: Fetching all product categories 
2025-11-29 12:07:16 PM [info]: Successfully fetched product categories 
2025-11-29 12:07:18 PM [info]: Received GET request on /productSubcategory/?page=1&limit=10 [IP: 182.156.141.17]
2025-11-29 12:07:20 PM [info]: Received GET request on /socket.io/?EIO=4&transport=websocket [IP: 182.156.141.17]
2025-11-29 12:07:25 PM [info]: Received GET request on /socket.io/?EIO=4&transport=websocket [IP: 182.156.141.17]
2025-11-29 12:54:46 PM [info]: Received GET request on /company/partial/details [IP: 182.156.141.17]
2025-11-29 12:54:46 PM [info]: Received GET request on /customers/names/all [IP: 182.156.141.17]
2025-11-29 12:54:46 PM [info]: Received GET request on /vendors/filterVendor/all?page=1&limit=6 [IP: 182.156.141.17]
2025-11-29 12:54:46 PM [info]: Received GET request on /products/partial/data?page=1&limit=6 [IP: 182.156.141.17]
2025-11-29 12:54:46 PM [info]: Received GET request on /admin/dashboard/active-users [IP: 182.156.141.17]
2025-11-29 12:54:46 PM [info]: Received GET request on /location-branches/filterData/filter/all [IP: 182.156.141.17]
2025-11-29 12:54:46 PM [info]: Received GET request on /userreport/total-purchase [IP: 182.156.141.17]
2025-11-29 12:54:46 PM [info]: Received GET request on /employee/all/partial?page=1&limit=6 [IP: 182.156.141.17]
2025-11-29 12:54:46 PM [info]: Received GET request on /farmers/filterFarmer/all?page=1&limit=6 [IP: 182.156.141.17]
2025-11-29 12:54:46 PM [info]: Received GET request on /userreport/total-sale [IP: 182.156.141.17]
2025-11-29 12:54:46 PM [info]: Received GET request on /userreport/user-counts [IP: 182.156.141.17]
2025-11-29 12:54:46 PM [info]: Fetching all customers 
2025-11-29 12:54:46 PM [info]: Fetching all products 
2025-11-29 12:54:46 PM [info]: Received request to fetch all branches 
2025-11-29 12:54:46 PM [info]: Fetching all farmers 
2025-11-29 12:54:46 PM [info]: Customers retrieved successfully 
2025-11-29 12:54:46 PM [info]: Fetched all branches successfully 
2025-11-29 12:54:46 PM [info]: Fetched undefined products successfully 
2025-11-29 12:54:46 PM [info]: Employee Getting successfully 
2025-11-29 12:54:46 PM [info]: Farmers retrieved successfully 
2025-11-29 03:20:56 PM [info]: Received GET request on /vendors/filterVendor/all?page=1&limit=6 [IP: 182.156.141.17]
2025-11-29 03:20:56 PM [info]: Received GET request on /userreport/total-purchase [IP: 182.156.141.17]
2025-11-29 03:20:56 PM [info]: Received GET request on /userreport/total-sale [IP: 182.156.141.17]
2025-11-29 03:20:56 PM [info]: Received GET request on /userreport/user-counts [IP: 182.156.141.17]
2025-11-29 03:20:56 PM [info]: Received GET request on /products/partial/data?page=1&limit=6 [IP: 182.156.141.17]
2025-11-29 03:20:56 PM [info]: Received GET request on /employee/all/partial?page=1&limit=6 [IP: 182.156.141.17]
2025-11-29 03:20:56 PM [info]: Received GET request on /location-branches/filterData/filter/all [IP: 182.156.141.17]
2025-11-29 03:20:56 PM [info]: Received GET request on /admin/dashboard/active-users [IP: 182.156.141.17]
2025-11-29 03:20:56 PM [info]: Received GET request on /farmers/filterFarmer/all?page=1&limit=6 [IP: 182.156.141.17]
2025-11-29 03:20:56 PM [info]: Received GET request on /customers/names/all [IP: 182.156.141.17]
2025-11-29 03:20:56 PM [info]: Received GET request on /company/partial/details [IP: 182.156.141.17]
2025-11-29 03:20:56 PM [info]: Received request to fetch all branches 
2025-11-29 03:20:56 PM [info]: Fetching all products 
2025-11-29 03:20:56 PM [info]: Fetching all farmers 
2025-11-29 03:20:56 PM [info]: Fetching all customers 
2025-11-29 03:20:56 PM [info]: Fetched all branches successfully 
2025-11-29 03:20:56 PM [info]: Customers retrieved successfully 
2025-11-29 03:20:56 PM [info]: Fetched undefined products successfully 
2025-11-29 03:20:56 PM [info]: Employee Getting successfully 
2025-11-29 03:20:56 PM [info]: Farmers retrieved successfully 
2025-11-29 03:21:30 PM [info]: Received GET request on /admin/dashboard/active-users [IP: 182.156.141.17]
2025-11-29 03:21:30 PM [info]: Received GET request on /userreport/total-purchase [IP: 182.156.141.17]
2025-11-29 03:21:30 PM [info]: Received GET request on /userreport/total-sale [IP: 182.156.141.17]
2025-11-29 03:21:30 PM [info]: Received GET request on /userreport/user-counts [IP: 182.156.141.17]
2025-11-29 03:22:56 PM [info]: Received GET request on /employee/?page=1&limit=10 [IP: 182.156.141.17]
2025-11-29 03:22:56 PM [info]: Getting All Employee 
2025-11-29 03:22:56 PM [info]: Employee Getting successfully 
2025-11-29 03:23:39 PM [info]: Received GET request on /location-offices/filterData/filter/all [IP: 182.156.141.17]
2025-11-29 03:23:39 PM [info]: Received GET request on /company/partial/details [IP: 182.156.141.17]
2025-11-29 03:23:39 PM [info]: Received GET request on /location-branches/filterData/filter/all [IP: 182.156.141.17]
2025-11-29 03:23:39 PM [info]: Received GET request on /document-details/ [IP: 182.156.141.17]
2025-11-29 03:23:39 PM [info]: Received request to fetch all offices 
2025-11-29 03:23:39 PM [info]: Received request to fetch all branches 
2025-11-29 03:23:39 PM [info]: Fetched all offices successfully 
2025-11-29 03:23:39 PM [info]: Fetched all branches successfully 
2025-11-29 03:23:39 PM [info]: Fetching all documents 
2025-11-29 03:23:39 PM [info]: DocumentDef retrieved successfully 
2025-11-29 03:23:41 PM [info]: Received GET request on /employee/?page=1&limit=10 [IP: 182.156.141.17]
2025-11-29 03:23:41 PM [info]: Getting All Employee 
2025-11-29 03:23:41 PM [info]: Employee Getting successfully 
2025-11-29 03:23:46 PM [info]: Received GET request on /approval-flow/?page=1&limit=10&type=Procurement [IP: 182.156.141.17]
2025-11-29 03:23:48 PM [info]: Received GET request on /approval-flow/?page=1&limit=10&type=Sale [IP: 182.156.141.17]
2025-11-29 03:23:51 PM [info]: Received GET request on /employee/all/partial [IP: 182.156.141.17]
2025-11-29 03:23:51 PM [info]: Employee Getting successfully 
2025-11-29 03:23:52 PM [info]: Received GET request on /approval-flow/?page=1&limit=10&type=Sale [IP: 182.156.141.17]
2025-11-29 03:23:54 PM [info]: Received GET request on /employee/ [IP: 182.156.141.17]
2025-11-29 03:23:54 PM [info]: Getting All Employee 
2025-11-29 03:23:54 PM [info]: Employee Getting successfully 
2025-11-29 03:24:01 PM [info]: Received GET request on /farmers/?page=1&limit=10 [IP: 182.156.141.17]
2025-11-29 03:24:01 PM [info]: Fetching all farmers 
2025-11-29 03:24:01 PM [info]: Farmers retrieved successfully 
2025-11-29 03:32:00 PM [info]: Received GET request on /vendors/?page=1&limit=10 [IP: 182.156.141.17]
2025-11-29 03:32:16 PM [info]: Received GET request on /vendor-categories/?page=1&limit=10 [IP: 182.156.141.17]
2025-11-29 03:32:21 PM [info]: Received GET request on /vendor-subcategories/?page=1&limit=10 [IP: 182.156.141.17]
2025-11-29 03:32:26 PM [info]: Received GET request on /customers/?page=1&limit=10 [IP: 182.156.141.17]
2025-11-29 03:32:26 PM [info]: Fetching all customers 
2025-11-29 03:32:26 PM [info]: Customers retrieved successfully 
2025-11-29 03:32:28 PM [info]: Received GET request on /customerType/?page=1&limit=10 [IP: 182.156.141.17]
2025-11-29 03:32:28 PM [info]: Fetching all customer types 
2025-11-29 03:32:28 PM [info]: Fetched all customer types 
2025-11-29 03:32:30 PM [info]: Received GET request on /customerCategory/?page=1&limit=10 [IP: 182.156.141.17]
2025-11-29 03:32:30 PM [info]: Fetching all customer categories 
2025-11-29 03:32:30 PM [info]: Fetched all customer categories 
2025-11-29 03:32:40 PM [info]: Received GET request on /products/?page=1&limit=10 [IP: 182.156.141.17]
2025-11-29 03:32:40 PM [info]: Fetching all products 
2025-11-29 03:32:40 PM [info]: Fetched undefined products successfully 
2025-11-29 03:32:47 PM [info]: Received GET request on /productCategory/?page=1&limit=10 [IP: 182.156.141.17]
2025-11-29 03:32:47 PM [info]: Fetching all product categories 
2025-11-29 03:32:47 PM [info]: Successfully fetched product categories 
2025-11-29 03:32:49 PM [info]: Received GET request on /productSubcategory/?page=1&limit=10 [IP: 182.156.141.17]
2025-11-29 03:32:52 PM [info]: Received GET request on /packingMaterial/?page=1&limit=10 [IP: 182.156.141.17]
2025-11-29 03:32:52 PM [info]: Fetching all packing materials 
2025-11-29 03:32:56 PM [info]: Received GET request on /uoms/?page=1&limit=10 [IP: 182.156.141.17]
2025-11-29 03:32:57 PM [info]: Received GET request on /uom-conversion-matrix/?page=1&limit=10 [IP: 182.156.141.17]
2025-11-29 03:33:02 PM [info]: Received GET request on /employee/?page=1&limit=10 [IP: 182.156.141.17]
2025-11-29 03:33:02 PM [info]: Getting All Employee 
2025-11-29 03:33:02 PM [info]: Employee Getting successfully 
2025-11-29 03:33:26 PM [info]: Received GET request on /company/partial/details [IP: 182.156.141.17]
2025-11-29 03:33:26 PM [info]: Received GET request on /admin/dashboard/active-users [IP: 182.156.141.17]
2025-11-29 03:33:26 PM [info]: Received GET request on /employee/all/partial?page=1&limit=6 [IP: 182.156.141.17]
2025-11-29 03:33:26 PM [info]: Employee Getting successfully 
2025-11-29 03:33:26 PM [info]: Received GET request on /userreport/user-counts [IP: 182.156.141.17]
2025-11-29 03:33:26 PM [info]: Received GET request on /vendors/filterVendor/all?page=1&limit=6 [IP: 182.156.141.17]
2025-11-29 03:33:26 PM [info]: Received GET request on /userreport/total-purchase [IP: 182.156.141.17]
2025-11-29 03:33:26 PM [info]: Received GET request on /location-branches/filterData/filter/all [IP: 182.156.141.17]
2025-11-29 03:33:26 PM [info]: Received GET request on /farmers/filterFarmer/all?page=1&limit=6 [IP: 182.156.141.17]
2025-11-29 03:33:26 PM [info]: Received GET request on /products/partial/data?page=1&limit=6 [IP: 182.156.141.17]
2025-11-29 03:33:26 PM [info]: Received GET request on /customers/names/all [IP: 182.156.141.17]
2025-11-29 03:33:26 PM [info]: Received GET request on /userreport/total-sale [IP: 182.156.141.17]
2025-11-29 03:33:26 PM [info]: Received request to fetch all branches 
2025-11-29 03:33:26 PM [info]: Fetching all farmers 
2025-11-29 03:33:26 PM [info]: Fetching all products 
2025-11-29 03:33:26 PM [info]: Fetching all customers 
2025-11-29 03:33:26 PM [info]: Fetched all branches successfully 
2025-11-29 03:33:26 PM [info]: Customers retrieved successfully 
2025-11-29 03:33:26 PM [info]: Farmers retrieved successfully 
2025-11-29 03:33:26 PM [info]: Fetched undefined products successfully 
2025-11-29 03:33:38 PM [info]: Received GET request on /employee/?page=1&limit=10 [IP: 182.156.141.17]
2025-11-29 03:33:38 PM [info]: Getting All Employee 
2025-11-29 03:33:38 PM [info]: Employee Getting successfully 
2025-11-29 03:37:18 PM [info]: Received POST request on /auth/login [IP: 182.156.141.17]
2025-11-29 03:37:18 PM [info]: Login request received 
2025-11-29 03:37:18 PM [info]: System log saved 
2025-11-29 03:37:18 PM [info]: User logged in successfully 
2025-11-29 03:37:21 PM [info]: Received GET request on /socket.io/?EIO=4&transport=websocket [IP: 182.156.141.17]
2025-11-29 03:37:21 PM [info]: Received GET request on /socket.io/?EIO=4&transport=websocket [IP: 182.156.141.17]
2025-11-29 03:37:21 PM [info]: Received GET request on /products/partial/data?page=1&limit=6 [IP: 182.156.141.17]
2025-11-29 03:37:21 PM [info]: Fetching all products 
2025-11-29 03:37:21 PM [info]: Fetched undefined products successfully 
2025-11-29 03:37:21 PM [info]: Received GET request on /api/management/getGrns/management?filterType=tillDate [IP: 182.156.141.17]
2025-11-29 03:37:21 PM [info]: Received GET request on /location-branches/filterData/filter/all [IP: 182.156.141.17]
2025-11-29 03:37:21 PM [info]: Received request to fetch all branches 
2025-11-29 03:37:21 PM [info]: Fetched all branches successfully 
2025-11-29 03:37:21 PM [info]: Received GET request on /company/partial/details [IP: 182.156.141.17]
2025-11-29 03:37:21 PM [info]: Received GET request on /socket.io/?EIO=4&transport=websocket [IP: 182.156.141.17]
2025-11-29 03:37:23 PM [info]: Received GET request on /socket.io/?EIO=4&transport=websocket [IP: 182.156.141.17]
2025-11-29 03:37:27 PM [info]: Received GET request on /socket.io/?EIO=4&transport=websocket [IP: 182.156.141.17]
2025-11-29 03:37:32 PM [info]: Received GET request on /socket.io/?EIO=4&transport=websocket [IP: 182.156.141.17]
2025-11-29 03:37:37 PM [info]: Received GET request on /socket.io/?EIO=4&transport=websocket [IP: 182.156.141.17]
2025-11-29 03:37:40 PM [info]: Received GET request on /rfpa/?page=1&limit=10 [IP: 182.156.141.17]
2025-11-29 03:37:41 PM [info]: Total RFPAS fetched: 9 
2025-11-29 03:37:57 PM [info]: Received GET request on /grns/?page=1&limit=10 [IP: 182.156.141.17]
2025-11-29 03:37:57 PM [info]: Fetching all GRNs... 
2025-11-29 03:37:57 PM [info]: Total GRNs fetched: 8 
2025-11-29 03:37:58 PM [info]: Activity logged: VIEW - GRN by user c3a14fe3-0f7d-4324-a9f0-5b2de53cbbe0 
2025-11-29 03:38:01 PM [info]: Received GET request on /multiCashVoucher/?page=1&limit=10 [IP: 182.156.141.17]
2025-11-29 03:38:01 PM [info]: Fetching all Multi Cash Vouchers 
2025-11-29 03:38:01 PM [info]: Found 3 vouchers 
2025-11-29 03:38:04 PM [info]: Received GET request on /tpvoucher/?page=1&limit=10 [IP: 182.156.141.17]
2025-11-29 03:38:04 PM [info]: Received request to get all TPVouchers 
2025-11-29 03:38:04 PM [info]: Fetched all Transport Payment Vouchers successfully 
2025-11-29 03:38:05 PM [info]: Received GET request on /pmpvoucher/?page=1&limit=10 [IP: 182.156.141.17]
2025-11-29 03:38:05 PM [info]: Fetching all vouchers 
2025-11-29 03:38:05 PM [info]: Vouchers fetched successfully 
2025-11-29 03:38:07 PM [info]: Received GET request on /lpvoucher/?page=1&limit=10 [IP: 182.156.141.17]
2025-11-29 03:38:07 PM [info]: Fetching all Labour Payment Vouchers 
2025-11-29 03:38:07 PM [info]: Fetched undefined vouchers successfully 
2025-11-29 03:41:47 PM [info]: Received GET request on /customer-delivery-challan/?page=1&limit=10 [IP: 182.156.141.17]
2025-11-29 03:41:47 PM [info]: Fetching all customer delivery challans 
2025-11-29 03:41:49 PM [info]: Received GET request on /tranfer-delivery-challan/?page=1&limit=10 [IP: 182.156.141.17]
2025-11-29 03:41:49 PM [error]: AppError: No stock transfer delivery challans found 
2025-11-29 03:41:50 PM [info]: Received GET request on /tranfer-delivery-challan/?page=1&limit=10 [IP: 182.156.141.17]
2025-11-29 03:41:50 PM [error]: AppError: No stock transfer delivery challans found 
2025-11-29 03:41:53 PM [info]: Received GET request on /aqr/?page=1&limit=10 [IP: 182.156.141.17]
2025-11-29 03:41:53 PM [info]: Fetching all AQR... 
2025-11-29 03:41:55 PM [info]: Received GET request on /inwardRegister/?page=1&limit=10 [IP: 182.156.141.17]
2025-11-29 03:41:55 PM [info]: Fetching all InwardRegister... 
2025-11-29 03:41:57 PM [info]: Received GET request on /vendors/filterVendor/all?page=1&limit=10 [IP: 182.156.141.17]
2025-11-29 03:41:57 PM [info]: Received GET request on /grns/grnnumbers/getAllgrnNo [IP: 182.156.141.17]
2025-11-29 03:41:57 PM [info]: Received GET request on /products/partial/data [IP: 182.156.141.17]
2025-11-29 03:41:57 PM [info]: Total GRNs fetched: 10 
2025-11-29 03:41:57 PM [info]: Fetching all products 
2025-11-29 03:41:57 PM [info]: Fetched undefined products successfully 
2025-11-29 03:41:57 PM [info]: Received GET request on /uoms/getAll/partialdata [IP: 182.156.141.17]
2025-11-29 03:41:57 PM [info]: Received GET request on /deliveryChallan/challanNos/getAllChallanNo [IP: 182.156.141.17]
2025-11-29 03:41:57 PM [info]: Fetching all Delivery Challan numbers 
2025-11-29 03:41:57 PM [info]: Successfully fetched all Delivery Challan numbers 
2025-11-29 03:41:57 PM [info]: Received GET request on /company/partial/details [IP: 182.156.141.17]
2025-11-29 03:41:57 PM [info]: Received GET request on /products/partial/data?page=1&limit=10 [IP: 182.156.141.17]
2025-11-29 03:41:57 PM [info]: Received GET request on /farmers/filterFarmer/all?page=1&limit=10 [IP: 182.156.141.17]
2025-11-29 03:41:57 PM [info]: Received GET request on /employee/all/partial [IP: 182.156.141.17]
2025-11-29 03:41:57 PM [info]: Received GET request on /location-branches/filterData/filter/all [IP: 182.156.141.17]
2025-11-29 03:41:57 PM [info]: Fetching all products 
2025-11-29 03:41:57 PM [info]: Fetching all farmers 
2025-11-29 03:41:57 PM [info]: Received request to fetch all branches 
2025-11-29 03:41:57 PM [info]: Fetched all branches successfully 
2025-11-29 03:41:57 PM [info]: Employee Getting successfully 
2025-11-29 03:41:57 PM [info]: Fetched undefined products successfully 
2025-11-29 03:41:57 PM [info]: Farmers retrieved successfully 
2025-11-29 03:42:33 PM [info]: Received GET request on /inwardRegister/?page=1&limit=10 [IP: 182.156.141.17]
2025-11-29 03:42:33 PM [info]: Fetching all InwardRegister... 
2025-11-29 03:43:11 PM [info]: Received GET request on /dumpRegister/?page=1&limit=10 [IP: 182.156.141.17]
2025-11-29 03:43:11 PM [info]: Fetching all dump registers 
2025-11-29 03:43:11 PM [info]: Dump registers retrieved successfully 
2025-11-29 03:43:21 PM [info]: Received GET request on /vehicleDispatches/?page=1&limit=10 [IP: 182.156.141.17]
2025-11-29 03:43:21 PM [info]: Fetching all Vehical Dispatch... 
2025-11-29 03:43:23 PM [info]: Received GET request on /secondSales/?page=1&limit=10 [IP: 182.156.141.17]
2025-11-29 03:43:23 PM [info]: Fetching all second sales 
2025-11-29 03:43:24 PM [info]: Second sales retrieved successfully 
2025-11-29 03:43:25 PM [info]: Received GET request on /eodStock/?page=1&limit=10 [IP: 182.156.141.17]
2025-11-29 03:43:25 PM [info]: Attempting to fetch all EOD stock reports 
2025-11-29 03:43:26 PM [info]: All EOD stock reports fetched successfully 
2025-11-29 03:43:36 PM [info]: Received GET request on /returns/?page=1&limit=10 [IP: 182.156.141.17]
2025-11-29 03:43:38 PM [info]: Received GET request on /invoice/getfinal/all [IP: 182.156.141.17]
2025-11-29 03:43:41 PM [info]: Received GET request on /labors/?page=1&limit=10 [IP: 182.156.141.17]
2025-11-29 03:43:41 PM [info]: Fetching all labor records 
2025-11-29 04:34:53 PM [info]: Received GET request on /employee/?page=1&limit=10 [IP: 182.156.141.17]
2025-11-29 04:34:54 PM [info]: Getting All Employee 
2025-11-29 04:34:54 PM [info]: Employee Getting successfully 
2025-11-29 05:20:45 PM [info]: Received GET request on /labors/?page=1&limit=10 [IP: 182.156.141.17]
2025-11-29 05:20:45 PM [info]: Fetching all labor records 
2025-11-29 05:21:15 PM [info]: Received GET request on /socket.io/?EIO=4&transport=websocket [IP: 182.156.141.17]
2025-11-29 05:21:15 PM [info]: Received GET request on /labors/?page=1&limit=10 [IP: 182.156.141.17]
2025-11-29 05:21:15 PM [info]: Fetching all labor records 
2025-11-29 05:21:15 PM [info]: Received GET request on /socket.io/?EIO=4&transport=websocket [IP: 182.156.141.17]
2025-11-29 05:21:16 PM [info]: Received GET request on /socket.io/?EIO=4&transport=websocket [IP: 182.156.141.17]
2025-11-29 05:21:18 PM [info]: Received GET request on /socket.io/?EIO=4&transport=websocket [IP: 182.156.141.17]
2025-11-29 05:21:23 PM [info]: Received GET request on /socket.io/?EIO=4&transport=websocket [IP: 182.156.141.17]
2025-11-29 05:21:28 PM [info]: Received GET request on /socket.io/?EIO=4&transport=websocket [IP: 182.156.141.17]
2025-11-29 05:21:34 PM [info]: Received GET request on /socket.io/?EIO=4&transport=websocket [IP: 182.156.141.17]
2025-11-29 05:21:38 PM [info]: Received GET request on /aqr/?page=1&limit=10 [IP: 182.156.141.17]
2025-11-29 05:21:38 PM [info]: Fetching all AQR... 
2025-12-02 02:36:41 PM [info]: Received GET request on /socket.io/?EIO=4&transport=websocket [IP: 182.156.141.17]
2025-12-02 02:36:41 PM [info]: Received GET request on /socket.io/?EIO=4&transport=websocket [IP: 182.156.141.17]
2025-12-02 02:36:41 PM [info]: Received GET request on /employee/?page=1&limit=10 [IP: 182.156.141.17]
2025-12-02 02:36:41 PM [error]: AppError: You need to re-authenticate. Please log in. 
2025-12-02 02:36:42 PM [info]: Received POST request on /auth/refresh-token [IP: 182.156.141.17]
2025-12-02 02:36:42 PM [info]: Received request to refresh access token 
2025-12-02 02:36:43 PM [info]: Access token refreshed successfully 
2025-12-02 02:36:43 PM [info]: Received GET request on /socket.io/?EIO=4&transport=websocket [IP: 182.156.141.17]
2025-12-02 02:36:43 PM [info]: Received GET request on /employee/?page=1&limit=10 [IP: 182.156.141.17]
2025-12-02 02:36:43 PM [info]: Getting All Employee 
2025-12-02 02:36:43 PM [info]: Employee Getting successfully 
2025-12-02 02:36:45 PM [info]: Received GET request on /socket.io/?EIO=4&transport=websocket [IP: 182.156.141.17]
2025-12-02 02:36:48 PM [info]: Received GET request on /socket.io/?EIO=4&transport=websocket [IP: 182.156.141.17]
2025-12-02 02:36:54 PM [info]: Received GET request on /socket.io/?EIO=4&transport=websocket [IP: 182.156.141.17]
2025-12-02 02:37:00 PM [info]: Received GET request on /socket.io/?EIO=4&transport=websocket [IP: 182.156.141.17]
2025-12-02 03:07:45 PM [info]: Received GET request on /socket.io/?EIO=4&transport=websocket [IP: 182.156.141.17]
2025-12-02 03:07:45 PM [info]: Received GET request on /products/partial/data?page=1&limit=6 [IP: 182.156.141.17]
2025-12-02 03:07:45 PM [error]: AppError: You need to re-authenticate. Please log in. 
2025-12-02 03:07:45 PM [info]: Received GET request on /company/partial/details [IP: 182.156.141.17]
2025-12-02 03:07:45 PM [error]: AppError: You need to re-authenticate. Please log in. 
2025-12-02 03:07:45 PM [info]: Received GET request on /location-branches/filterData/filter/all [IP: 182.156.141.17]
2025-12-02 03:07:45 PM [error]: AppError: You need to re-authenticate. Please log in. 
2025-12-02 03:07:45 PM [info]: Received GET request on /socket.io/?EIO=4&transport=websocket [IP: 182.156.141.17]
2025-12-02 03:07:45 PM [info]: Received GET request on /api/management/getGrns/management?filterType=tillDate [IP: 182.156.141.17]
2025-12-02 03:07:45 PM [error]: AppError: You need to re-authenticate. Please log in. 
2025-12-02 03:07:45 PM [info]: Received POST request on /auth/refresh-token [IP: 182.156.141.17]
2025-12-02 03:07:45 PM [info]: Received request to refresh access token 
2025-12-02 03:07:45 PM [info]: Received POST request on /auth/refresh-token [IP: 182.156.141.17]
2025-12-02 03:07:45 PM [info]: Received request to refresh access token 
2025-12-02 03:07:45 PM [info]: Received POST request on /auth/refresh-token [IP: 182.156.141.17]
2025-12-02 03:07:45 PM [info]: Received request to refresh access token 
2025-12-02 03:07:45 PM [info]: Received POST request on /auth/refresh-token [IP: 182.156.141.17]
2025-12-02 03:07:45 PM [info]: Received request to refresh access token 
2025-12-02 03:07:45 PM [info]: Access token refreshed successfully 
2025-12-02 03:07:45 PM [info]: Access token refreshed successfully 
2025-12-02 03:07:45 PM [info]: Access token refreshed successfully 
2025-12-02 03:07:45 PM [info]: Access token refreshed successfully 
2025-12-02 03:07:45 PM [info]: Received GET request on /products/partial/data?page=1&limit=6 [IP: 182.156.141.17]
2025-12-02 03:07:45 PM [info]: Fetching all products 
2025-12-02 03:07:46 PM [info]: Received GET request on /location-branches/filterData/filter/all [IP: 182.156.141.17]
2025-12-02 03:07:46 PM [info]: Received GET request on /api/management/getGrns/management?filterType=tillDate [IP: 182.156.141.17]
2025-12-02 03:07:46 PM [info]: Received GET request on /company/partial/details [IP: 182.156.141.17]
2025-12-02 03:07:46 PM [info]: Fetched undefined products successfully 
2025-12-02 03:07:46 PM [info]: Received request to fetch all branches 
2025-12-02 03:07:46 PM [info]: Received GET request on /socket.io/?EIO=4&transport=websocket [IP: 182.156.141.17]
2025-12-02 03:07:46 PM [info]: Fetched all branches successfully 
2025-12-02 03:07:48 PM [info]: Received GET request on /socket.io/?EIO=4&transport=websocket [IP: 182.156.141.17]
2025-12-02 03:07:48 PM [info]: Received GET request on /dumpRegister/?page=1&limit=10 [IP: 182.156.141.17]
2025-12-02 03:07:48 PM [info]: Fetching all dump registers 
2025-12-02 03:07:50 PM [info]: Dump registers retrieved successfully 
2025-12-02 03:07:51 PM [info]: Received GET request on /products/partial/data?page=1&limit=10 [IP: 182.156.141.17]
2025-12-02 03:07:51 PM [info]: Fetching all products 
2025-12-02 03:07:51 PM [info]: Fetched undefined products successfully 
2025-12-02 03:07:51 PM [info]: Received GET request on /uoms/getAll/partialdata [IP: 182.156.141.17]
2025-12-02 03:07:51 PM [info]: Received GET request on /company/partial/details [IP: 182.156.141.17]
2025-12-02 03:07:51 PM [info]: Received GET request on /grns/grnnumbers/getAllgrnNo [IP: 182.156.141.17]
2025-12-02 03:07:51 PM [info]: Received GET request on /location-branches/filterData/filter/all [IP: 182.156.141.17]
2025-12-02 03:07:51 PM [info]: Received request to fetch all branches 
2025-12-02 03:07:51 PM [info]: Fetched all branches successfully 
2025-12-02 03:07:51 PM [info]: Total GRNs fetched: 10 
2025-12-02 03:07:53 PM [info]: Received GET request on /socket.io/?EIO=4&transport=websocket [IP: 182.156.141.17]
2025-12-02 03:07:57 PM [info]: Received GET request on /dumpRegister/?page=1&limit=10 [IP: 182.156.141.17]
2025-12-02 03:07:57 PM [info]: Fetching all dump registers 
2025-12-02 03:07:57 PM [info]: Dump registers retrieved successfully 
2025-12-02 03:07:58 PM [info]: Received GET request on /socket.io/?EIO=4&transport=websocket [IP: 182.156.141.17]
2025-12-02 03:08:04 PM [info]: Received GET request on /socket.io/?EIO=4&transport=websocket [IP: 182.156.141.17]
2025-12-02 03:14:42 PM [info]: Received GET request on /socket.io/?EIO=4&transport=websocket [IP: 182.156.141.17]
2025-12-02 03:14:42 PM [info]: Received GET request on /socket.io/?EIO=4&transport=websocket [IP: 182.156.141.17]
2025-12-02 03:14:43 PM [info]: Received GET request on /socket.io/?EIO=4&transport=websocket [IP: 182.156.141.17]
2025-12-02 03:14:46 PM [info]: Received GET request on /socket.io/?EIO=4&transport=websocket [IP: 182.156.141.17]
2025-12-02 03:14:48 PM [info]: Received GET request on /socket.io/?EIO=4&transport=websocket [IP: 182.156.141.17]
2025-12-02 03:14:51 PM [info]: Received GET request on /labors/?page=1&limit=10 [IP: 182.156.141.17]
2025-12-02 03:14:52 PM [info]: Fetching all labor records 
2025-12-02 03:14:54 PM [info]: Received GET request on /socket.io/?EIO=4&transport=websocket [IP: 182.156.141.17]
2025-12-02 03:14:59 PM [info]: Received GET request on /socket.io/?EIO=4&transport=websocket [IP: 182.156.141.17]
2025-12-02 03:15:07 PM [info]: Received GET request on /location-branches/filterData/filter/all [IP: 182.156.141.17]
2025-12-02 03:15:07 PM [info]: Received request to fetch all branches 
2025-12-02 03:15:07 PM [info]: Fetched all branches successfully 
2025-12-02 03:20:48 PM [info]: Received POST request on /labors/ [IP: 182.156.141.17]
2025-12-02 03:20:48 PM [info]: Attempting to create a new labor record 
2025-12-02 03:20:49 PM [error]: Error occurred while creating labor record 
2025-12-02 03:20:49 PM [error]: Unhandled Error: null value in column "bankName" of relation "bank_details" violates not-null constraint 
2025-12-02 03:20:51 PM [info]: Received POST request on /labors/ [IP: 182.156.141.17]
2025-12-02 03:20:51 PM [info]: Attempting to create a new labor record 
2025-12-02 03:20:51 PM [error]: Error occurred while creating labor record 
2025-12-02 03:20:51 PM [error]: Unhandled Error: null value in column "bankName" of relation "bank_details" violates not-null constraint 
2025-12-02 03:20:56 PM [info]: Received POST request on /labors/ [IP: 182.156.141.17]
2025-12-02 03:20:56 PM [info]: Attempting to create a new labor record 
2025-12-02 03:20:56 PM [error]: Error occurred while creating labor record 
2025-12-02 03:20:56 PM [error]: Unhandled Error: null value in column "bankName" of relation "bank_details" violates not-null constraint 
2025-12-02 03:22:59 PM [info]: Received POST request on /labors/ [IP: 182.156.141.17]
2025-12-02 03:22:59 PM [info]: Attempting to create a new labor record 
2025-12-02 03:22:59 PM [error]: Error occurred while creating labor record 
2025-12-02 03:22:59 PM [error]: Unhandled Error: null value in column "bankName" of relation "bank_details" violates not-null constraint 
2025-12-02 03:25:47 PM [info]: Received POST request on /labors/ [IP: 182.156.141.17]
2025-12-02 03:25:47 PM [info]: Attempting to create a new labor record 
2025-12-02 03:25:47 PM [error]: Error occurred while creating labor record 
2025-12-02 03:25:47 PM [error]: Unhandled Error: null value in column "bankName" of relation "bank_details" violates not-null constraint 
2025-12-02 03:32:13 PM [info]: Received GET request on /location-branches/filterData/filter/all [IP: 182.156.141.17]
2025-12-02 03:32:13 PM [info]: Received GET request on /company/partial/details [IP: 182.156.141.17]
2025-12-02 03:32:13 PM [info]: Received request to fetch all branches 
2025-12-02 03:32:13 PM [info]: Fetched all branches successfully 
2025-12-02 03:41:55 PM [info]: Received GET request on /location-branches/filterData/filter/all [IP: 182.156.141.17]
2025-12-02 03:41:55 PM [info]: Received GET request on /company/partial/details [IP: 182.156.141.17]
2025-12-02 03:41:55 PM [info]: Received request to fetch all branches 
2025-12-02 03:41:55 PM [info]: Fetched all branches successfully 
2025-12-02 03:42:10 PM [info]: Received GET request on /location-branches/filterData/filter/all [IP: 182.156.141.17]
2025-12-02 03:42:10 PM [info]: Received request to fetch all branches 
2025-12-02 03:42:10 PM [info]: Fetched all branches successfully 
2025-12-02 03:42:10 PM [info]: Received GET request on /company/partial/details [IP: 182.156.141.17]
2025-12-02 03:43:44 PM [info]: Received GET request on /company/partial/details [IP: 182.156.141.17]
2025-12-02 03:43:44 PM [info]: Received GET request on /location-branches/filterData/filter/all [IP: 182.156.141.17]
2025-12-02 03:43:44 PM [info]: Received request to fetch all branches 
2025-12-02 03:43:44 PM [info]: Fetched all branches successfully 
2025-12-02 03:56:11 PM [info]: Received GET request on /employee/?page=1&limit=10 [IP: 182.156.141.17]
2025-12-02 03:56:11 PM [info]: Getting All Employee 
2025-12-02 03:56:11 PM [info]: Employee Getting successfully 
2025-12-02 03:57:10 PM [info]: Received GET request on /company/partial/details [IP: 182.156.141.17]
2025-12-02 03:57:10 PM [info]: Received GET request on /location-branches/filterData/filter/all [IP: 182.156.141.17]
2025-12-02 03:57:10 PM [info]: Received request to fetch all branches 
2025-12-02 03:57:10 PM [info]: Fetched all branches successfully 
2025-12-02 04:01:47 PM [info]: Received GET request on /location-branches/filterData/filter/all [IP: 182.156.141.17]
2025-12-02 04:01:47 PM [info]: Received GET request on /company/partial/details [IP: 182.156.141.17]
2025-12-02 04:01:47 PM [info]: Received request to fetch all branches 
2025-12-02 04:01:47 PM [info]: Fetched all branches successfully 
2025-12-02 04:02:22 PM [info]: Received GET request on /company/partial/details [IP: 182.156.141.17]
2025-12-02 04:02:24 PM [info]: Received GET request on /location-branches/filterData/filter/all [IP: 182.156.141.17]
2025-12-02 04:02:24 PM [info]: Received request to fetch all branches 
2025-12-02 04:02:24 PM [info]: Fetched all branches successfully 
2025-12-02 04:38:01 PM [info]: Received GET request on /location-branches/filterData/filter/all [IP: 182.156.141.17]
2025-12-02 04:38:01 PM [info]: Received GET request on /uoms/getAll/partialdata [IP: 182.156.141.17]
2025-12-02 04:38:01 PM [info]: Received GET request on /rfpa/?page=1&limit=10 [IP: 182.156.141.17]
2025-12-02 04:38:01 PM [info]: Received GET request on /farmers/filterFarmer/all?page=1&limit=10 [IP: 182.156.141.17]
2025-12-02 04:38:01 PM [info]: Received GET request on /company/partial/details [IP: 182.156.141.17]
2025-12-02 04:38:01 PM [info]: Received GET request on /products/partial/data?page=1&limit=10 [IP: 182.156.141.17]
2025-12-02 04:38:01 PM [info]: Received GET request on /products/partial/data [IP: 182.156.141.17]
2025-12-02 04:38:01 PM [info]: Received GET request on /vendors/filterVendor/all?page=1&limit=10 [IP: 182.156.141.17]
2025-12-02 04:38:02 PM [info]: Fetching all farmers 
2025-12-02 04:38:02 PM [info]: Received request to fetch all branches 
2025-12-02 04:38:02 PM [info]: Fetching all products 
2025-12-02 04:38:02 PM [info]: Fetching all products 
2025-12-02 04:38:02 PM [info]: Fetched all branches successfully 
2025-12-02 04:38:02 PM [info]: Fetched undefined products successfully 
2025-12-02 04:38:02 PM [info]: Fetched undefined products successfully 
2025-12-02 04:38:02 PM [info]: Farmers retrieved successfully 
2025-12-02 04:38:02 PM [info]: Total RFPAS fetched: 9 
2025-12-03 10:11:31 AM [info]: Shutting down gracefully... 
2025-12-03 10:12:33 AM [info]: Database connected successfully 
2025-12-03 10:12:33 AM [info]: 🚀 Server started on port 8003 
2025-12-03 10:12:33 AM [info]: 📡 SSE endpoint: http://localhost:8003/sse/notifications 
2025-12-03 10:12:33 AM [info]: 🧪 SSE test: http://localhost:8003/sse/test 
2025-12-03 10:14:43 AM [info]: Database connected successfully 
2025-12-03 10:14:43 AM [info]: 🚀 Server started on port 8003 
2025-12-03 10:14:43 AM [info]: 📡 SSE endpoint: http://localhost:8003/sse/notifications 
2025-12-03 10:14:43 AM [info]: 🧪 SSE test: http://localhost:8003/sse/test 
2025-12-03 10:18:52 AM [info]: Database connected successfully 
2025-12-03 10:18:52 AM [info]: 🚀 Server started on port 8003 
2025-12-03 10:18:52 AM [info]: 📡 SSE endpoint: http://localhost:8003/sse/notifications 
2025-12-03 10:18:52 AM [info]: 🧪 SSE test: http://localhost:8003/sse/test 
2025-12-03 10:21:30 AM [info]: Database connected successfully 
2025-12-03 10:21:30 AM [info]: 🚀 Server started on port 8003 
2025-12-03 10:21:30 AM [info]: 📡 SSE endpoint: http://localhost:8003/sse/notifications 
2025-12-03 10:21:30 AM [info]: 🧪 SSE test: http://localhost:8003/sse/test 
2025-12-03 10:52:26 AM [info]: Received POST request on /auth/login [IP: ::1]
2025-12-03 10:52:26 AM [info]: Login request received 
2025-12-03 10:52:34 AM [info]: System log saved 
2025-12-03 10:52:37 AM [info]: User logged in successfully 
2025-12-03 10:54:47 AM [info]: Received GET request on /inventoryStock/ [IP: ::1]
2025-12-03 10:54:47 AM [info]: Fetching all Inventory Stock... 
2025-12-03 10:54:47 AM [info]: Total inventory stock items fetched: 14 
2025-12-03 10:57:05 AM [info]: Received GET request on /inventoryStock/stock/location-wise [IP: ::1]
2025-12-03 10:57:05 AM [info]: Getting Stock Location wise 
2025-12-03 10:57:05 AM [info]: Inventory Stock found  
2025-12-03 11:17:25 AM [info]: Database connected successfully 
2025-12-03 11:17:25 AM [info]: 🚀 Server started on port 8003 
2025-12-03 11:17:25 AM [info]: 📡 SSE endpoint: http://localhost:8003/sse/notifications 
2025-12-03 11:17:25 AM [info]: 🧪 SSE test: http://localhost:8003/sse/test 
2025-12-03 11:17:43 AM [info]: Database connected successfully 
2025-12-03 11:17:43 AM [info]: 🚀 Server started on port 8003 
2025-12-03 11:17:43 AM [info]: 📡 SSE endpoint: http://localhost:8003/sse/notifications 
2025-12-03 11:17:43 AM [info]: 🧪 SSE test: http://localhost:8003/sse/test 
2025-12-03 11:26:32 AM [info]: Received POST request on /auth/login [IP: 182.156.141.17]
2025-12-03 11:26:32 AM [info]: Login request received 
2025-12-03 11:26:35 AM [info]: System log saved 
2025-12-03 11:26:35 AM [info]: User logged in successfully 
2025-12-03 11:26:37 AM [info]: Received GET request on /socket.io/?EIO=4&transport=websocket [IP: 182.156.141.17]
2025-12-03 11:26:38 AM [info]: Received GET request on /socket.io/?EIO=4&transport=websocket [IP: 182.156.141.17]
2025-12-03 11:26:39 AM [info]: Received GET request on /company/partial/details [IP: 182.156.141.17]
2025-12-03 11:26:39 AM [info]: Received GET request on /products/partial/data?page=1&limit=6 [IP: 182.156.141.17]
2025-12-03 11:26:39 AM [info]: Fetching all products 
2025-12-03 11:26:39 AM [info]: Received GET request on /location-branches/filterData/filter/all [IP: 182.156.141.17]
2025-12-03 11:26:39 AM [info]: Received request to fetch all branches 
2025-12-03 11:26:39 AM [info]: Fetched all branches successfully 
2025-12-03 11:26:39 AM [info]: Fetched undefined products successfully 
2025-12-03 11:26:39 AM [info]: Received GET request on /api/management/getGrns/management?filterType=tillDate [IP: 182.156.141.17]
2025-12-03 11:26:40 AM [info]: Received GET request on /socket.io/?EIO=4&transport=websocket [IP: 182.156.141.17]
2025-12-03 11:26:42 AM [info]: Received GET request on /socket.io/?EIO=4&transport=websocket [IP: 182.156.141.17]
2025-12-03 11:26:47 AM [info]: Received GET request on /socket.io/?EIO=4&transport=websocket [IP: 182.156.141.17]
2025-12-03 11:26:52 AM [info]: Received GET request on /socket.io/?EIO=4&transport=websocket [IP: 182.156.141.17]
2025-12-03 11:26:57 AM [info]: Received GET request on /inwardRegister/?page=1&limit=10 [IP: 182.156.141.17]
2025-12-03 11:26:57 AM [info]: Fetching all InwardRegister... 
2025-12-03 11:26:57 AM [info]: Received GET request on /socket.io/?EIO=4&transport=websocket [IP: 182.156.141.17]
2025-12-03 11:27:01 AM [info]: Received GET request on /vendors/filterVendor/all?page=1&limit=10 [IP: 182.156.141.17]
2025-12-03 11:27:01 AM [info]: Received GET request on /deliveryChallan/challanNos/getAllChallanNo [IP: 182.156.141.17]
2025-12-03 11:27:01 AM [info]: Fetching all Delivery Challan numbers 
2025-12-03 11:27:01 AM [info]: Received GET request on /uoms/getAll/partialdata [IP: 182.156.141.17]
2025-12-03 11:27:02 AM [info]: Successfully fetched all Delivery Challan numbers 
2025-12-03 11:27:02 AM [info]: Received GET request on /company/partial/details [IP: 182.156.141.17]
2025-12-03 11:27:02 AM [info]: Received GET request on /grns/grnnumbers/getAllgrnNo [IP: 182.156.141.17]
2025-12-03 11:27:02 AM [info]: Received GET request on /farmers/filterFarmer/all?page=1&limit=10 [IP: 182.156.141.17]
2025-12-03 11:27:02 AM [info]: Received GET request on /products/partial/data [IP: 182.156.141.17]
2025-12-03 11:27:02 AM [info]: Received GET request on /products/partial/data?page=1&limit=10 [IP: 182.156.141.17]
2025-12-03 11:27:02 AM [info]: Received GET request on /employee/all/partial [IP: 182.156.141.17]
2025-12-03 11:27:02 AM [info]: Fetching all farmers 
2025-12-03 11:27:02 AM [info]: Fetching all products 
2025-12-03 11:27:02 AM [info]: Total GRNs fetched: 10 
2025-12-03 11:27:02 AM [info]: Fetching all products 
2025-12-03 11:27:02 AM [info]: Fetched undefined products successfully 
2025-12-03 11:27:02 AM [info]: Fetched undefined products successfully 
2025-12-03 11:27:02 AM [info]: Farmers retrieved successfully 
2025-12-03 11:27:02 AM [info]: Employee Getting successfully 
2025-12-03 11:27:02 AM [info]: Received GET request on /location-branches/filterData/filter/all [IP: 182.156.141.17]
2025-12-03 11:27:02 AM [info]: Received request to fetch all branches 
2025-12-03 11:27:02 AM [info]: Fetched all branches successfully 
2025-12-03 11:27:36 AM [info]: Received GET request on /vendors/filterData/d572d87b-5da6-4cba-9a35-423c8153b461 [IP: 182.156.141.17]
2025-12-03 11:27:36 AM [info]: Received GET request on /farmers/filterFarmer/d572d87b-5da6-4cba-9a35-423c8153b461 [IP: 182.156.141.17]
2025-12-03 11:27:36 AM [info]: Fetching all farmers 
2025-12-03 11:27:36 AM [error]: No farmers found 
2025-12-03 11:27:36 AM [error]: AppError: No farmers found 
2025-12-03 11:27:37 AM [info]: Received GET request on /farmers/filterFarmer/d572d87b-5da6-4cba-9a35-423c8153b461 [IP: 182.156.141.17]
2025-12-03 11:27:37 AM [info]: Fetching all farmers 
2025-12-03 11:27:37 AM [error]: No farmers found 
2025-12-03 11:27:37 AM [error]: AppError: No farmers found 
2025-12-03 11:27:37 AM [info]: Received GET request on /vendors/filterVendor/all?search=evergreen%20enterprise&page=1&limit=10 [IP: 182.156.141.17]
2025-12-03 11:27:40 AM [info]: Received GET request on /products/getall/getvarient/f6cd3fa6-5ce3-4bee-a3e0-a0e4e706c65f [IP: 182.156.141.17]
2025-12-03 11:27:40 AM [info]: Received GET request on /products/partial/f6cd3fa6-5ce3-4bee-a3e0-a0e4e706c65f [IP: 182.156.141.17]
2025-12-03 11:27:40 AM [info]: Fetching product with ID 
2025-12-03 11:27:40 AM [info]: Fetching all products 
2025-12-03 11:27:40 AM [info]: Product with ID fetched successfully 
2025-12-03 11:27:40 AM [info]: Fetched undefined products successfully 
2025-12-03 11:30:32 AM [info]: Received POST request on /inwardRegister [IP: 182.156.141.17]
2025-12-03 11:30:32 AM [info]: Creating new inward register 
2025-12-03 11:30:39 AM [info]: Received GET request on /inwardRegister/?page=1&limit=10 [IP: 182.156.141.17]
2025-12-03 11:30:39 AM [info]: Fetching all InwardRegister... 
2025-12-03 11:32:16 AM [info]: Received GET request on /dumpRegister/?page=1&limit=10 [IP: 182.156.141.17]
2025-12-03 11:32:16 AM [info]: Fetching all dump registers 
2025-12-03 11:32:17 AM [info]: Dump registers retrieved successfully 
2025-12-03 11:32:20 AM [info]: Received GET request on /grns/grnnumbers/getAllgrnNo [IP: 182.156.141.17]
2025-12-03 11:32:20 AM [info]: Total GRNs fetched: 10 
2025-12-03 11:32:20 AM [info]: Received GET request on /products/partial/data?page=1&limit=10 [IP: 182.156.141.17]
2025-12-03 11:32:20 AM [info]: Fetching all products 
2025-12-03 11:32:20 AM [info]: Fetched undefined products successfully 
2025-12-03 11:32:20 AM [info]: Received GET request on /uoms/getAll/partialdata [IP: 182.156.141.17]
2025-12-03 11:32:20 AM [info]: Received GET request on /company/partial/details [IP: 182.156.141.17]
2025-12-03 11:32:20 AM [info]: Received GET request on /location-branches/filterData/filter/all [IP: 182.156.141.17]
2025-12-03 11:32:20 AM [info]: Received request to fetch all branches 
2025-12-03 11:32:20 AM [info]: Fetched all branches successfully 
2025-12-03 11:32:39 AM [info]: Received GET request on /products/getall/getvarient/f6cd3fa6-5ce3-4bee-a3e0-a0e4e706c65f [IP: 182.156.141.17]
2025-12-03 11:32:39 AM [info]: Received GET request on /products/partial/f6cd3fa6-5ce3-4bee-a3e0-a0e4e706c65f [IP: 182.156.141.17]
2025-12-03 11:32:39 AM [info]: Fetching product with ID 
2025-12-03 11:32:39 AM [info]: Fetching all products 
2025-12-03 11:32:39 AM [info]: Product with ID fetched successfully 
2025-12-03 11:32:39 AM [info]: Fetched undefined products successfully 
2025-12-03 11:33:05 AM [info]: Received POST request on /dumpRegister/ [IP: 182.156.141.17]
2025-12-03 11:33:05 AM [info]: Received dump register creation request 
2025-12-03 11:33:13 AM [info]: Dump register created successfully 
2025-12-03 11:33:13 AM [info]: Dump register created successfully 
2025-12-03 11:33:16 AM [info]: Received GET request on /dumpRegister/?page=1&limit=10 [IP: 182.156.141.17]
2025-12-03 11:33:16 AM [info]: Fetching all dump registers 
2025-12-03 11:33:17 AM [info]: Dump registers retrieved successfully 
2025-12-03 11:53:55 AM [info]: Database connected successfully 
2025-12-03 11:53:55 AM [info]: 🚀 Server started on port 8003 
2025-12-03 11:53:55 AM [info]: 📡 SSE endpoint: http://localhost:8003/sse/notifications 
2025-12-03 11:53:55 AM [info]: 🧪 SSE test: http://localhost:8003/sse/test 
2025-12-03 11:54:12 AM [info]: Database connected successfully 
2025-12-03 11:54:12 AM [info]: 🚀 Server started on port 8003 
2025-12-03 11:54:12 AM [info]: 📡 SSE endpoint: http://localhost:8003/sse/notifications 
2025-12-03 11:54:12 AM [info]: 🧪 SSE test: http://localhost:8003/sse/test 
2025-12-03 12:00:42 PM [info]: Received GET request on /inventoryStock/stock/locationwise-companywise?company=0077bf42-c691-473a-88dc-f0e8657a4f53&location=5991f12e-b4e7-4c50-9958-70acbaf018c4&startDate=2025-12-03&endDate=2025-12-03 [IP: ::1]
2025-12-03 12:00:42 PM [info]: Stock fetched successfully for location and company 
2025-12-03 12:01:40 PM [info]: Database connected successfully 
2025-12-03 12:01:40 PM [info]: 🚀 Server started on port 8003 
2025-12-03 12:01:40 PM [info]: 📡 SSE endpoint: http://localhost:8003/sse/notifications 
2025-12-03 12:01:40 PM [info]: 🧪 SSE test: http://localhost:8003/sse/test 
2025-12-03 12:01:54 PM [info]: Received GET request on /inventoryStock/stock/locationwise-companywise?company=0077bf42-c691-473a-88dc-f0e8657a4f53&location=5991f12e-b4e7-4c50-9958-70acbaf018c4&startDate=2025-12-03&endDate=2025-12-03 [IP: ::1]
2025-12-03 12:01:54 PM [info]: Stock fetched successfully for location and company 
2025-12-03 12:02:16 PM [info]: Received GET request on /inventoryStock/stock/locationwise-companywise?company=0077bf42-c691-473a-88dc-f0e8657a4f53&location=5991f12e-b4e7-4c50-9958-70acbaf018c4&startDate=2025-12-03&endDate=2025-12-04 [IP: ::1]
2025-12-03 12:02:16 PM [info]: Stock fetched successfully for location and company 
2025-12-03 12:05:20 PM [info]: Database connected successfully 
2025-12-03 12:05:20 PM [info]: 🚀 Server started on port 8003 
2025-12-03 12:05:20 PM [info]: 📡 SSE endpoint: http://localhost:8003/sse/notifications 
2025-12-03 12:05:20 PM [info]: 🧪 SSE test: http://localhost:8003/sse/test 
2025-12-03 12:05:42 PM [info]: Database connected successfully 
2025-12-03 12:05:42 PM [info]: 🚀 Server started on port 8003 
2025-12-03 12:05:42 PM [info]: 📡 SSE endpoint: http://localhost:8003/sse/notifications 
2025-12-03 12:05:42 PM [info]: 🧪 SSE test: http://localhost:8003/sse/test 
2025-12-03 12:06:08 PM [info]: Database connected successfully 
2025-12-03 12:06:08 PM [info]: 🚀 Server started on port 8003 
2025-12-03 12:06:08 PM [info]: 📡 SSE endpoint: http://localhost:8003/sse/notifications 
2025-12-03 12:06:08 PM [info]: 🧪 SSE test: http://localhost:8003/sse/test 
2025-12-03 12:07:03 PM [info]: Database connected successfully 
2025-12-03 12:07:03 PM [info]: 🚀 Server started on port 8003 
2025-12-03 12:07:03 PM [info]: 📡 SSE endpoint: http://localhost:8003/sse/notifications 
2025-12-03 12:07:03 PM [info]: 🧪 SSE test: http://localhost:8003/sse/test 
2025-12-03 12:10:26 PM [info]: Database connected successfully 
2025-12-03 12:10:26 PM [info]: 🚀 Server started on port 8003 
2025-12-03 12:10:26 PM [info]: 📡 SSE endpoint: http://localhost:8003/sse/notifications 
2025-12-03 12:10:26 PM [info]: 🧪 SSE test: http://localhost:8003/sse/test 
2025-12-03 12:11:17 PM [info]: Database connected successfully 
2025-12-03 12:11:18 PM [info]: 🚀 Server started on port 8003 
2025-12-03 12:11:18 PM [info]: 📡 SSE endpoint: http://localhost:8003/sse/notifications 
2025-12-03 12:11:18 PM [info]: 🧪 SSE test: http://localhost:8003/sse/test 
2025-12-03 12:30:09 PM [info]: Database connected successfully 
2025-12-03 12:30:09 PM [info]: 🚀 Server started on port 8003 
2025-12-03 12:30:09 PM [info]: 📡 SSE endpoint: http://localhost:8003/sse/notifications 
2025-12-03 12:30:09 PM [info]: 🧪 SSE test: http://localhost:8003/sse/test 
2025-12-03 12:32:31 PM [info]: Received GET request on /inventoryStock/stock/locationwise-companywise?company=0077bf42-c691-473a-88dc-f0e8657a4f53&location=5991f12e-b4e7-4c50-9958-70acbaf018c4&startDate=2025-12-03&endDate=2025-12-04 [IP: ::1]
2025-12-03 12:32:31 PM [info]: Stock fetched successfully for location and company 
2025-12-03 12:32:36 PM [info]: Received GET request on /inventoryStock/stock/locationwise-companywise?company=0077bf42-c691-473a-88dc-f0e8657a4f53&location=5991f12e-b4e7-4c50-9958-70acbaf018c4&startDate=2025-12-03&endDate=2025-12-04 [IP: ::1]
2025-12-03 12:32:36 PM [info]: Stock fetched successfully for location and company 
2025-12-03 12:32:38 PM [info]: Received GET request on /inventoryStock/stock/locationwise-companywise?company=0077bf42-c691-473a-88dc-f0e8657a4f53&location=5991f12e-b4e7-4c50-9958-70acbaf018c4&startDate=2025-12-03&endDate=2025-12-04 [IP: ::1]
2025-12-03 12:32:38 PM [info]: Stock fetched successfully for location and company 
2025-12-03 12:32:40 PM [info]: Received GET request on /inventoryStock/stock/locationwise-companywise?company=0077bf42-c691-473a-88dc-f0e8657a4f53&location=5991f12e-b4e7-4c50-9958-70acbaf018c4&startDate=2025-12-03&endDate=2025-12-04 [IP: ::1]
2025-12-03 12:32:40 PM [info]: Stock fetched successfully for location and company 
2025-12-03 12:33:49 PM [info]: Received GET request on /inventoryStock/stock/locationwise-companywise?company=0077bf42-c691-473a-88dc-f0e8657a4f53&location=5991f12e-b4e7-4c50-9958-70acbaf018c4&startDate=2025-12-03&endDate=2025-12-04&product=f6cd3fa6-5ce3-4bee-a3e0-a0e4e706c65f [IP: ::1]
2025-12-03 12:33:49 PM [info]: Stock fetched successfully for location and company 
2025-12-03 12:33:52 PM [info]: Received GET request on /inventoryStock/stock/locationwise-companywise?company=0077bf42-c691-473a-88dc-f0e8657a4f53&location=5991f12e-b4e7-4c50-9958-70acbaf018c4&startDate=2025-12-03&endDate=2025-12-04&product=f6cd3fa6-5ce3-4bee-a3e0-a0e4e706c65f [IP: ::1]
2025-12-03 12:33:52 PM [info]: Stock fetched successfully for location and company 
2025-12-03 12:34:14 PM [info]: Received GET request on /inventoryStock/stock/locationwise-companywise-productwise?company=0077bf42-c691-473a-88dc-f0e8657a4f53&location=5991f12e-b4e7-4c50-9958-70acbaf018c4&startDate=2025-12-03&endDate=2025-12-04&product=f6cd3fa6-5ce3-4bee-a3e0-a0e4e706c65f [IP: ::1]
2025-12-03 12:34:15 PM [info]: Stock fetched successfully for location and company 
2025-12-03 12:34:45 PM [info]: Database connected successfully 
2025-12-03 12:34:45 PM [info]: 🚀 Server started on port 8003 
2025-12-03 12:34:45 PM [info]: 📡 SSE endpoint: http://localhost:8003/sse/notifications 
2025-12-03 12:34:45 PM [info]: 🧪 SSE test: http://localhost:8003/sse/test 
2025-12-03 12:37:36 PM [info]: Database connected successfully 
2025-12-03 12:37:36 PM [info]: 🚀 Server started on port 8003 
2025-12-03 12:37:36 PM [info]: 📡 SSE endpoint: http://localhost:8003/sse/notifications 
2025-12-03 12:37:36 PM [info]: 🧪 SSE test: http://localhost:8003/sse/test 
2025-12-03 12:38:27 PM [info]: Received GET request on /inventoryStock/stock/locationwise-companywise-productwise?company=0077bf42-c691-473a-88dc-f0e8657a4f53&location=5991f12e-b4e7-4c50-9958-70acbaf018c4&startDate=2025-12-03&endDate=2025-12-04&product=f6cd3fa6-5ce3-4bee-a3e0-a0e4e706c65f [IP: ::1]
2025-12-03 12:38:27 PM [info]: Stock fetched successfully for location and company 
2025-12-03 12:38:34 PM [info]: Received GET request on /inventoryStock/stock/locationwise-companywise?company=0077bf42-c691-473a-88dc-f0e8657a4f53&location=5991f12e-b4e7-4c50-9958-70acbaf018c4&startDate=2025-12-03&endDate=2025-12-04&product=f6cd3fa6-5ce3-4bee-a3e0-a0e4e706c65f [IP: ::1]
2025-12-03 12:38:34 PM [info]: Stock fetched successfully for location and company 
2025-12-03 12:39:39 PM [info]: Database connected successfully 
2025-12-03 12:39:39 PM [info]: 🚀 Server started on port 8003 
2025-12-03 12:39:39 PM [info]: 📡 SSE endpoint: http://localhost:8003/sse/notifications 
2025-12-03 12:39:39 PM [info]: 🧪 SSE test: http://localhost:8003/sse/test 
2025-12-03 12:39:48 PM [info]: Received GET request on /inventoryStock/stock/locationwise-companywise?company=0077bf42-c691-473a-88dc-f0e8657a4f53&location=5991f12e-b4e7-4c50-9958-70acbaf018c4&startDate=2025-12-03&endDate=2025-12-04&product=f6cd3fa6-5ce3-4bee-a3e0-a0e4e706c65f [IP: ::1]
2025-12-03 12:39:48 PM [info]: Stock fetched successfully for location and company 
2025-12-03 12:39:51 PM [info]: Received GET request on /inventoryStock/stock/locationwise-companywise?company=0077bf42-c691-473a-88dc-f0e8657a4f53&location=5991f12e-b4e7-4c50-9958-70acbaf018c4&startDate=2025-12-03&endDate=2025-12-04&product=f6cd3fa6-5ce3-4bee-a3e0-a0e4e706c65f [IP: ::1]
2025-12-03 12:39:51 PM [info]: Stock fetched successfully for location and company 
2025-12-03 12:47:20 PM [info]: Database connected successfully 
2025-12-03 12:47:22 PM [info]: 🚀 Server started on port 8003 
2025-12-03 12:47:22 PM [info]: 📡 SSE endpoint: http://localhost:8003/sse/notifications 
2025-12-03 12:47:22 PM [info]: 🧪 SSE test: http://localhost:8003/sse/test 
2025-12-03 12:52:29 PM [info]: Database connected successfully 
2025-12-03 12:52:31 PM [info]: 🚀 Server started on port 8003 
2025-12-03 12:52:31 PM [info]: 📡 SSE endpoint: http://localhost:8003/sse/notifications 
2025-12-03 12:52:31 PM [info]: 🧪 SSE test: http://localhost:8003/sse/test 
2025-12-03 12:55:08 PM [info]: Database connected successfully 
2025-12-03 12:55:08 PM [info]: 🚀 Server started on port 8003 
2025-12-03 12:55:08 PM [info]: 📡 SSE endpoint: http://localhost:8003/sse/notifications 
2025-12-03 12:55:08 PM [info]: 🧪 SSE test: http://localhost:8003/sse/test 
2025-12-03 12:55:51 PM [info]: Database connected successfully 
2025-12-03 12:55:51 PM [info]: 🚀 Server started on port 8003 
2025-12-03 12:55:51 PM [info]: 📡 SSE endpoint: http://localhost:8003/sse/notifications 
2025-12-03 12:55:51 PM [info]: 🧪 SSE test: http://localhost:8003/sse/test 
2025-12-03 12:59:10 PM [info]: Database connected successfully 
2025-12-03 12:59:10 PM [info]: 🚀 Server started on port 8003 
2025-12-03 12:59:10 PM [info]: 📡 SSE endpoint: http://localhost:8003/sse/notifications 
2025-12-03 12:59:10 PM [info]: 🧪 SSE test: http://localhost:8003/sse/test 
2025-12-03 01:02:35 PM [info]: Database connected successfully 
2025-12-03 01:02:37 PM [info]: 🚀 Server started on port 8003 
2025-12-03 01:02:37 PM [info]: 📡 SSE endpoint: http://localhost:8003/sse/notifications 
2025-12-03 01:02:37 PM [info]: 🧪 SSE test: http://localhost:8003/sse/test 
2025-12-03 01:02:58 PM [info]: Received GET request on /inventoryStock/stock/locationwise-companywise?company=0077bf42-c691-473a-88dc-f0e8657a4f53&location=5991f12e-b4e7-4c50-9958-70acbaf018c4&startDate=2025-12-03&endDate=2025-12-04&product=f6cd3fa6-5ce3-4bee-a3e0-a0e4e706c65f [IP: ::1]
2025-12-03 01:02:59 PM [error]: Error fetching location-company wise stock: column stock.startdate does not exist 
2025-12-03 01:02:59 PM [error]: Unhandled Error: column stock.startdate does not exist 
2025-12-03 01:05:20 PM [info]: Database connected successfully 
2025-12-03 01:05:20 PM [info]: 🚀 Server started on port 8003 
2025-12-03 01:05:20 PM [info]: 📡 SSE endpoint: http://localhost:8003/sse/notifications 
2025-12-03 01:05:20 PM [info]: 🧪 SSE test: http://localhost:8003/sse/test 
2025-12-03 01:06:18 PM [info]: Database connected successfully 
2025-12-03 01:06:18 PM [info]: 🚀 Server started on port 8003 
2025-12-03 01:06:18 PM [info]: 📡 SSE endpoint: http://localhost:8003/sse/notifications 
2025-12-03 01:06:18 PM [info]: 🧪 SSE test: http://localhost:8003/sse/test 
2025-12-03 01:06:34 PM [info]: Database connected successfully 
2025-12-03 01:06:34 PM [info]: 🚀 Server started on port 8003 
2025-12-03 01:06:34 PM [info]: 📡 SSE endpoint: http://localhost:8003/sse/notifications 
2025-12-03 01:06:34 PM [info]: 🧪 SSE test: http://localhost:8003/sse/test 
2025-12-03 01:06:50 PM [info]: Database connected successfully 
2025-12-03 01:06:50 PM [info]: 🚀 Server started on port 8003 
2025-12-03 01:06:50 PM [info]: 📡 SSE endpoint: http://localhost:8003/sse/notifications 
2025-12-03 01:06:50 PM [info]: 🧪 SSE test: http://localhost:8003/sse/test 
2025-12-03 01:06:59 PM [info]: Database connected successfully 
2025-12-03 01:06:59 PM [info]: 🚀 Server started on port 8003 
2025-12-03 01:06:59 PM [info]: 📡 SSE endpoint: http://localhost:8003/sse/notifications 
2025-12-03 01:06:59 PM [info]: 🧪 SSE test: http://localhost:8003/sse/test 
2025-12-03 01:08:15 PM [info]: Received GET request on /inventoryStock/stock/locationwise-companywise?company=0077bf42-c691-473a-88dc-f0e8657a4f53&location=5991f12e-b4e7-4c50-9958-70acbaf018c4&startDate=2025-12-03&endDate=2025-12-04&product=f6cd3fa6-5ce3-4bee-a3e0-a0e4e706c65f [IP: ::1]
2025-12-03 01:08:15 PM [info]: Stock fetched successfully for location and company 
2025-12-03 01:10:21 PM [info]: Database connected successfully 
2025-12-03 01:10:21 PM [info]: 🚀 Server started on port 8003 
2025-12-03 01:10:21 PM [info]: 📡 SSE endpoint: http://localhost:8003/sse/notifications 
2025-12-03 01:10:21 PM [info]: 🧪 SSE test: http://localhost:8003/sse/test 
2025-12-03 01:10:24 PM [info]: Received GET request on /inventoryStock/stock/locationwise-companywise?company=0077bf42-c691-473a-88dc-f0e8657a4f53&location=5991f12e-b4e7-4c50-9958-70acbaf018c4&startDate=2025-12-03&endDate=2025-12-04&product=f6cd3fa6-5ce3-4bee-a3e0-a0e4e706c65f [IP: ::1]
2025-12-03 01:10:24 PM [info]: Stock fetched successfully for location and company 
2025-12-03 01:10:26 PM [info]: Received GET request on /inventoryStock/stock/locationwise-companywise?company=0077bf42-c691-473a-88dc-f0e8657a4f53&location=5991f12e-b4e7-4c50-9958-70acbaf018c4&startDate=2025-12-03&endDate=2025-12-04&product=f6cd3fa6-5ce3-4bee-a3e0-a0e4e706c65f [IP: ::1]
2025-12-03 01:10:26 PM [info]: Stock fetched successfully for location and company 
2025-12-03 01:10:28 PM [info]: Received GET request on /inventoryStock/stock/locationwise-companywise?company=0077bf42-c691-473a-88dc-f0e8657a4f53&location=5991f12e-b4e7-4c50-9958-70acbaf018c4&startDate=2025-12-03&endDate=2025-12-04&product=f6cd3fa6-5ce3-4bee-a3e0-a0e4e706c65f [IP: ::1]
2025-12-03 01:10:28 PM [info]: Stock fetched successfully for location and company 
2025-12-03 01:11:18 PM [info]: Database connected successfully 
2025-12-03 01:11:18 PM [info]: 🚀 Server started on port 8003 
2025-12-03 01:11:18 PM [info]: 📡 SSE endpoint: http://localhost:8003/sse/notifications 
2025-12-03 01:11:18 PM [info]: 🧪 SSE test: http://localhost:8003/sse/test 
2025-12-03 01:11:20 PM [info]: Received GET request on /inventoryStock/stock/locationwise-companywise?company=0077bf42-c691-473a-88dc-f0e8657a4f53&location=5991f12e-b4e7-4c50-9958-70acbaf018c4&startDate=2025-12-03&endDate=2025-12-04 [IP: ::1]
2025-12-03 01:11:20 PM [info]: Stock fetched successfully for location and company 
2025-12-03 01:12:33 PM [info]: Database connected successfully 
2025-12-03 01:12:33 PM [info]: 🚀 Server started on port 8003 
2025-12-03 01:12:33 PM [info]: 📡 SSE endpoint: http://localhost:8003/sse/notifications 
2025-12-03 01:12:33 PM [info]: 🧪 SSE test: http://localhost:8003/sse/test 
2025-12-03 01:12:58 PM [info]: Database connected successfully 
2025-12-03 01:12:58 PM [info]: 🚀 Server started on port 8003 
2025-12-03 01:12:58 PM [info]: 📡 SSE endpoint: http://localhost:8003/sse/notifications 
2025-12-03 01:12:58 PM [info]: 🧪 SSE test: http://localhost:8003/sse/test 
2025-12-03 01:13:34 PM [info]: Database connected successfully 
2025-12-03 01:13:34 PM [info]: 🚀 Server started on port 8003 
2025-12-03 01:13:34 PM [info]: 📡 SSE endpoint: http://localhost:8003/sse/notifications 
2025-12-03 01:13:34 PM [info]: 🧪 SSE test: http://localhost:8003/sse/test 
2025-12-03 01:13:49 PM [info]: Received GET request on /inventoryStock/stock/locationwise-companywise?company=0077bf42-c691-473a-88dc-f0e8657a4f53&location=5991f12e-b4e7-4c50-9958-70acbaf018c4&startDate=2025-12-03&endDate=2025-12-04 [IP: ::1]
2025-12-03 01:13:49 PM [info]: Stock fetched successfully for location and company 
2025-12-03 01:15:26 PM [info]: Database connected successfully 
2025-12-03 01:15:26 PM [info]: 🚀 Server started on port 8003 
2025-12-03 01:15:26 PM [info]: 📡 SSE endpoint: http://localhost:8003/sse/notifications 
2025-12-03 01:15:26 PM [info]: 🧪 SSE test: http://localhost:8003/sse/test 
2025-12-03 01:15:30 PM [info]: Received GET request on /inventoryStock/stock/locationwise-companywise?company=0077bf42-c691-473a-88dc-f0e8657a4f53&location=5991f12e-b4e7-4c50-9958-70acbaf018c4&startDate=2025-12-03&endDate=2025-12-04 [IP: ::1]
2025-12-03 01:15:31 PM [info]: Stock fetched successfully for location and company 
2025-12-03 01:18:14 PM [info]: Database connected successfully 
2025-12-03 01:18:14 PM [info]: 🚀 Server started on port 8003 
2025-12-03 01:18:14 PM [info]: 📡 SSE endpoint: http://localhost:8003/sse/notifications 
2025-12-03 01:18:14 PM [info]: 🧪 SSE test: http://localhost:8003/sse/test 
2025-12-03 01:18:14 PM [info]: Received GET request on /inventoryStock/stock/locationwise-companywise?company=0077bf42-c691-473a-88dc-f0e8657a4f53&location=5991f12e-b4e7-4c50-9958-70acbaf018c4&startDate=2025-12-03&endDate=2025-12-04 [IP: ::1]
2025-12-03 01:18:14 PM [info]: Stock fetched successfully for location and company 
2025-12-03 01:59:30 PM [info]: Received GET request on /inventoryStock/stock/locationwise-companywise?company=0077bf42-c691-473a-88dc-f0e8657a4f53&location=5991f12e-b4e7-4c50-9958-70acbaf018c4&startDate=2025-12-03&endDate=2025-12-04 [IP: ::1]
2025-12-03 01:59:30 PM [info]: Stock fetched successfully for location and company 
2025-12-03 02:00:11 PM [info]: Database connected successfully 
2025-12-03 02:00:11 PM [info]: 🚀 Server started on port 8003 
2025-12-03 02:00:11 PM [info]: 📡 SSE endpoint: http://localhost:8003/sse/notifications 
2025-12-03 02:00:11 PM [info]: 🧪 SSE test: http://localhost:8003/sse/test 
2025-12-03 02:00:39 PM [info]: Database connected successfully 
2025-12-03 02:00:39 PM [info]: 🚀 Server started on port 8003 
2025-12-03 02:00:39 PM [info]: 📡 SSE endpoint: http://localhost:8003/sse/notifications 
2025-12-03 02:00:39 PM [info]: 🧪 SSE test: http://localhost:8003/sse/test 
2025-12-03 02:00:44 PM [info]: Received GET request on /inventoryStock/stock/locationwise-companywise?company=0077bf42-c691-473a-88dc-f0e8657a4f53&location=5991f12e-b4e7-4c50-9958-70acbaf018c4&startDate=2025-12-03&endDate=2025-12-04 [IP: ::1]
2025-12-03 02:00:44 PM [info]: Stock fetched successfully for location and company 
2025-12-03 02:03:02 PM [info]: Database connected successfully 
2025-12-03 02:03:02 PM [info]: 🚀 Server started on port 8003 
2025-12-03 02:03:02 PM [info]: 📡 SSE endpoint: http://localhost:8003/sse/notifications 
2025-12-03 02:03:02 PM [info]: 🧪 SSE test: http://localhost:8003/sse/test 
2025-12-03 02:03:06 PM [info]: Received GET request on /inventoryStock/stock/locationwise-companywise?company=0077bf42-c691-473a-88dc-f0e8657a4f53&location=5991f12e-b4e7-4c50-9958-70acbaf018c4&startDate=2025-12-03&endDate=2025-12-04 [IP: ::1]
2025-12-03 02:03:06 PM [info]: Stock fetched successfully for location and company 
2025-12-03 02:05:05 PM [info]: Database connected successfully 
2025-12-03 02:05:05 PM [info]: 🚀 Server started on port 8003 
2025-12-03 02:05:05 PM [info]: 📡 SSE endpoint: http://localhost:8003/sse/notifications 
2025-12-03 02:05:05 PM [info]: 🧪 SSE test: http://localhost:8003/sse/test 
2025-12-03 02:05:10 PM [info]: Received GET request on /inventoryStock/stock/locationwise-companywise?company=0077bf42-c691-473a-88dc-f0e8657a4f53&location=5991f12e-b4e7-4c50-9958-70acbaf018c4&startDate=2025-12-03&endDate=2025-12-04 [IP: ::1]
2025-12-03 02:05:11 PM [info]: Stock fetched successfully for location and company 
2025-12-03 02:11:36 PM [info]: Database connected successfully 
2025-12-03 02:11:36 PM [info]: 🚀 Server started on port 8003 
2025-12-03 02:11:36 PM [info]: 📡 SSE endpoint: http://localhost:8003/sse/notifications 
2025-12-03 02:11:36 PM [info]: 🧪 SSE test: http://localhost:8003/sse/test 
2025-12-03 02:11:44 PM [info]: Database connected successfully 
2025-12-03 02:11:44 PM [info]: 🚀 Server started on port 8003 
2025-12-03 02:11:44 PM [info]: 📡 SSE endpoint: http://localhost:8003/sse/notifications 
2025-12-03 02:11:44 PM [info]: 🧪 SSE test: http://localhost:8003/sse/test 
2025-12-03 02:12:06 PM [info]: Received GET request on /inventoryStock/stock/locationwise-companywise?company=0077bf42-c691-473a-88dc-f0e8657a4f53&location=5991f12e-b4e7-4c50-9958-70acbaf018c4&startDate=2025-12-03&endDate=2025-12-04 [IP: ::1]
2025-12-03 02:12:06 PM [info]: Stock fetched successfully for location and company 
2025-12-03 02:12:08 PM [info]: Received GET request on /inventoryStock/stock/locationwise-companywise?company=0077bf42-c691-473a-88dc-f0e8657a4f53&location=5991f12e-b4e7-4c50-9958-70acbaf018c4&startDate=2025-12-03&endDate=2025-12-04 [IP: ::1]
2025-12-03 02:12:08 PM [info]: Stock fetched successfully for location and company 
2025-12-03 02:14:39 PM [info]: Database connected successfully 
2025-12-03 02:14:39 PM [info]: 🚀 Server started on port 8003 
2025-12-03 02:14:39 PM [info]: 📡 SSE endpoint: http://localhost:8003/sse/notifications 
2025-12-03 02:14:39 PM [info]: 🧪 SSE test: http://localhost:8003/sse/test 
2025-12-03 02:14:54 PM [info]: Received GET request on /inventoryStock/stock/locationwise-companywise?company=0077bf42-c691-473a-88dc-f0e8657a4f53&location=5991f12e-b4e7-4c50-9958-70acbaf018c4&startDate=2025-12-03&endDate=2025-12-04 [IP: ::1]
2025-12-03 02:14:55 PM [info]: Stock fetched successfully for location and company 
2025-12-03 02:15:54 PM [info]: Database connected successfully 
2025-12-03 02:15:54 PM [info]: 🚀 Server started on port 8003 
2025-12-03 02:15:54 PM [info]: 📡 SSE endpoint: http://localhost:8003/sse/notifications 
2025-12-03 02:15:54 PM [info]: 🧪 SSE test: http://localhost:8003/sse/test 
2025-12-03 02:16:03 PM [info]: Received GET request on /inventoryStock/stock/locationwise-companywise?company=0077bf42-c691-473a-88dc-f0e8657a4f53&location=5991f12e-b4e7-4c50-9958-70acbaf018c4&startDate=2025-12-03&endDate=2025-12-04 [IP: ::1]
2025-12-03 02:16:03 PM [info]: Stock fetched successfully for location and company 
2025-12-03 02:16:07 PM [info]: Received GET request on /inventoryStock/stock/locationwise-companywise?company=0077bf42-c691-473a-88dc-f0e8657a4f53&location=5991f12e-b4e7-4c50-9958-70acbaf018c4&startDate=2025-12-03&endDate=2025-12-04 [IP: ::1]
2025-12-03 02:16:07 PM [info]: Stock fetched successfully for location and company 
2025-12-03 02:16:38 PM [info]: Database connected successfully 
2025-12-03 02:16:38 PM [info]: 🚀 Server started on port 8003 
2025-12-03 02:16:38 PM [info]: 📡 SSE endpoint: http://localhost:8003/sse/notifications 
2025-12-03 02:16:38 PM [info]: 🧪 SSE test: http://localhost:8003/sse/test 
2025-12-03 02:16:44 PM [info]: Received GET request on /inventoryStock/stock/locationwise-companywise?company=0077bf42-c691-473a-88dc-f0e8657a4f53&location=5991f12e-b4e7-4c50-9958-70acbaf018c4&startDate=2025-12-03&endDate=2025-12-04 [IP: ::1]
2025-12-03 02:16:44 PM [info]: Stock fetched successfully for location and company 
2025-12-03 02:18:23 PM [info]: Database connected successfully 
2025-12-03 02:18:23 PM [info]: 🚀 Server started on port 8003 
2025-12-03 02:18:23 PM [info]: 📡 SSE endpoint: http://localhost:8003/sse/notifications 
2025-12-03 02:18:23 PM [info]: 🧪 SSE test: http://localhost:8003/sse/test 
2025-12-03 02:18:27 PM [info]: Received GET request on /inventoryStock/stock/locationwise-companywise?company=0077bf42-c691-473a-88dc-f0e8657a4f53&location=5991f12e-b4e7-4c50-9958-70acbaf018c4&startDate=2025-12-03&endDate=2025-12-04 [IP: ::1]
2025-12-03 02:18:27 PM [info]: Stock fetched successfully for location and company 
2025-12-03 02:19:43 PM [info]: Database connected successfully 
2025-12-03 02:19:43 PM [info]: 🚀 Server started on port 8003 
2025-12-03 02:19:43 PM [info]: 📡 SSE endpoint: http://localhost:8003/sse/notifications 
2025-12-03 02:19:43 PM [info]: 🧪 SSE test: http://localhost:8003/sse/test 
2025-12-03 02:19:51 PM [info]: Received GET request on /inventoryStock/stock/locationwise-companywise?company=0077bf42-c691-473a-88dc-f0e8657a4f53&location=5991f12e-b4e7-4c50-9958-70acbaf018c4&startDate=2025-12-03&endDate=2025-12-04 [IP: ::1]
2025-12-03 02:19:51 PM [info]: Stock fetched successfully for location and company 
2025-12-03 02:19:55 PM [info]: Received GET request on /inventoryStock/stock/locationwise-companywise?company=0077bf42-c691-473a-88dc-f0e8657a4f53&location=5991f12e-b4e7-4c50-9958-70acbaf018c4&startDate=2025-12-03&endDate=2025-12-04 [IP: ::1]
2025-12-03 02:19:55 PM [info]: Stock fetched successfully for location and company 
2025-12-03 02:20:43 PM [info]: Database connected successfully 
2025-12-03 02:20:43 PM [info]: 🚀 Server started on port 8003 
2025-12-03 02:20:43 PM [info]: 📡 SSE endpoint: http://localhost:8003/sse/notifications 
2025-12-03 02:20:43 PM [info]: 🧪 SSE test: http://localhost:8003/sse/test 
2025-12-03 02:21:05 PM [info]: Received GET request on /inventoryStock/stock/locationwise-companywise?company=0077bf42-c691-473a-88dc-f0e8657a4f53&location=5991f12e-b4e7-4c50-9958-70acbaf018c4&startDate=2025-12-03&endDate=2025-12-04 [IP: ::1]
2025-12-03 02:21:05 PM [info]: Stock fetched successfully for location and company 
2025-12-03 02:23:34 PM [info]: Received GET request on /inventoryStock/stock/locationwise-companywise?company=0077bf42-c691-473a-88dc-f0e8657a4f53&location=5991f12e-b4e7-4c50-9958-70acbaf018c4&startDate=2025-12-03&endDate=2025-12-04&product=f6cd3fa6-5ce3-4bee-a3e0-a0e4e706c65f [IP: ::1]
2025-12-03 02:23:34 PM [info]: Stock fetched successfully for location and company 
2025-12-03 02:28:42 PM [info]: Database connected successfully 
2025-12-03 02:28:42 PM [info]: 🚀 Server started on port 8003 
2025-12-03 02:28:42 PM [info]: 📡 SSE endpoint: http://localhost:8003/sse/notifications 
2025-12-03 02:28:42 PM [info]: 🧪 SSE test: http://localhost:8003/sse/test 
2025-12-03 02:28:59 PM [info]: Database connected successfully 
2025-12-03 02:29:00 PM [info]: 🚀 Server started on port 8003 
2025-12-03 02:29:00 PM [info]: 📡 SSE endpoint: http://localhost:8003/sse/notifications 
2025-12-03 02:29:00 PM [info]: 🧪 SSE test: http://localhost:8003/sse/test 
2025-12-03 02:29:15 PM [info]: Database connected successfully 
2025-12-03 02:29:15 PM [info]: 🚀 Server started on port 8003 
2025-12-03 02:29:15 PM [info]: 📡 SSE endpoint: http://localhost:8003/sse/notifications 
2025-12-03 02:29:15 PM [info]: 🧪 SSE test: http://localhost:8003/sse/test 
2025-12-03 02:30:26 PM [info]: Received GET request on /inventoryStock/stock/locationwise-companywise?company=0077bf42-c691-473a-88dc-f0e8657a4f53&location=5991f12e-b4e7-4c50-9958-70acbaf018c4&startDate=2025-12-03&endDate=2025-12-04&product=f6cd3fa6-5ce3-4bee-a3e0-a0e4e706c65f [IP: ::1]
2025-12-03 02:30:26 PM [info]: Stock fetched successfully for location and company 
2025-12-03 02:34:50 PM [info]: Database connected successfully 
2025-12-03 02:34:50 PM [info]: 🚀 Server started on port 8003 
2025-12-03 02:34:50 PM [info]: 📡 SSE endpoint: http://localhost:8003/sse/notifications 
2025-12-03 02:34:50 PM [info]: 🧪 SSE test: http://localhost:8003/sse/test 
2025-12-03 02:34:55 PM [info]: Received GET request on /inventoryStock/stock/locationwise-companywise?company=0077bf42-c691-473a-88dc-f0e8657a4f53&location=5991f12e-b4e7-4c50-9958-70acbaf018c4&startDate=2025-12-03&endDate=2025-12-04&product=f6cd3fa6-5ce3-4bee-a3e0-a0e4e706c65f [IP: ::1]
2025-12-03 02:34:55 PM [info]: Stock fetched successfully for location and company 
2025-12-03 02:51:51 PM [info]: Database connected successfully 
2025-12-03 02:51:51 PM [info]: 🚀 Server started on port 8003 
2025-12-03 02:51:51 PM [info]: 📡 SSE endpoint: http://localhost:8003/sse/notifications 
2025-12-03 02:51:51 PM [info]: 🧪 SSE test: http://localhost:8003/sse/test 
2025-12-03 02:54:43 PM [info]: Received GET request on /inventoryStock/stock/locationwise-companywise?company=0077bf42-c691-473a-88dc-f0e8657a4f53&location=5991f12e-b4e7-4c50-9958-70acbaf018c4&startDate=2025-12-03&endDate=2025-12-04&product=f6cd3fa6-5ce3-4bee-a3e0-a0e4e706c65f [IP: ::1]
2025-12-03 02:54:43 PM [info]: Stock fetched successfully for location and company 
2025-12-03 02:56:17 PM [info]: Database connected successfully 
2025-12-03 02:56:17 PM [info]: 🚀 Server started on port 8003 
2025-12-03 02:56:17 PM [info]: 📡 SSE endpoint: http://localhost:8003/sse/notifications 
2025-12-03 02:56:17 PM [info]: 🧪 SSE test: http://localhost:8003/sse/test 
2025-12-03 02:56:40 PM [info]: Received GET request on /inventoryStock/stock/locationwise-companywise?company=0077bf42-c691-473a-88dc-f0e8657a4f53&location=5991f12e-b4e7-4c50-9958-70acbaf018c4&startDate=2025-12-03&endDate=2025-12-04&product=f6cd3fa6-5ce3-4bee-a3e0-a0e4e706c65f [IP: ::1]
2025-12-03 02:56:40 PM [info]: Stock fetched successfully for location and company 
2025-12-03 02:57:06 PM [info]: Received GET request on /inventoryStock/stock/locationwise-companywise-productwise?company=0077bf42-c691-473a-88dc-f0e8657a4f53&location=5991f12e-b4e7-4c50-9958-70acbaf018c4&startDate=2025-12-03&endDate=2025-12-04&product=f6cd3fa6-5ce3-4bee-a3e0-a0e4e706c65f [IP: ::1]
2025-12-03 02:57:06 PM [info]: Stock fetched successfully for location, company and product 
2025-12-03 02:59:24 PM [info]: Database connected successfully 
2025-12-03 02:59:24 PM [info]: 🚀 Server started on port 8003 
2025-12-03 02:59:24 PM [info]: 📡 SSE endpoint: http://localhost:8003/sse/notifications 
2025-12-03 02:59:24 PM [info]: 🧪 SSE test: http://localhost:8003/sse/test 
2025-12-03 03:00:51 PM [info]: Received GET request on /inventoryStock/stock/locationwise-companywise-productwise?company=0077bf42-c691-473a-88dc-f0e8657a4f53&location=5991f12e-b4e7-4c50-9958-70acbaf018c4&startDate=2025-12-03&endDate=2025-12-04&product=f6cd3fa6-5ce3-4bee-a3e0-a0e4e706c65f [IP: ::1]
2025-12-03 03:00:51 PM [info]: Stock fetched successfully for location, company and product 
2025-12-03 03:02:35 PM [info]: Database connected successfully 
2025-12-03 03:02:35 PM [info]: 🚀 Server started on port 8003 
2025-12-03 03:02:35 PM [info]: 📡 SSE endpoint: http://localhost:8003/sse/notifications 
2025-12-03 03:02:35 PM [info]: 🧪 SSE test: http://localhost:8003/sse/test 
2025-12-03 03:02:43 PM [info]: Received GET request on /inventoryStock/stock/locationwise-companywise-productwise?company=0077bf42-c691-473a-88dc-f0e8657a4f53&location=5991f12e-b4e7-4c50-9958-70acbaf018c4&startDate=2025-12-03&endDate=2025-12-04&product=f6cd3fa6-5ce3-4bee-a3e0-a0e4e706c65f [IP: ::1]
2025-12-03 03:02:43 PM [info]: Stock fetched successfully for location, company and product 
2025-12-03 03:03:10 PM [info]: Database connected successfully 
2025-12-03 03:03:10 PM [info]: 🚀 Server started on port 8003 
2025-12-03 03:03:10 PM [info]: 📡 SSE endpoint: http://localhost:8003/sse/notifications 
2025-12-03 03:03:10 PM [info]: 🧪 SSE test: http://localhost:8003/sse/test 
2025-12-03 03:03:29 PM [info]: Received GET request on /inventoryStock/stock/locationwise-companywise-productwise?company=0077bf42-c691-473a-88dc-f0e8657a4f53&location=5991f12e-b4e7-4c50-9958-70acbaf018c4&startDate=2025-12-03&endDate=2025-12-04&product=f6cd3fa6-5ce3-4bee-a3e0-a0e4e706c65f [IP: ::1]
2025-12-03 03:03:29 PM [info]: Stock fetched successfully for location, company and product 
2025-12-03 03:03:32 PM [info]: Received GET request on /inventoryStock/stock/locationwise-companywise-productwise?company=0077bf42-c691-473a-88dc-f0e8657a4f53&location=5991f12e-b4e7-4c50-9958-70acbaf018c4&startDate=2025-12-03&endDate=2025-12-04&product=f6cd3fa6-5ce3-4bee-a3e0-a0e4e706c65f [IP: ::1]
2025-12-03 03:03:32 PM [info]: Stock fetched successfully for location, company and product 
2025-12-03 03:04:32 PM [info]: Received GET request on /inventoryStock/stock/locationwise-companywise-productwise?company=0077bf42-c691-473a-88dc-f0e8657a4f53&location=5991f12e-b4e7-4c50-9958-70acbaf018c4&startDate=2025-12-03&endDate=2025-12-04&product=f6cd3fa6-5ce3-4bee-a3e0-a0e4e706c65f [IP: ::1]
2025-12-03 03:04:32 PM [info]: Stock fetched successfully for location, company and product 
2025-12-03 03:05:40 PM [info]: Database connected successfully 
2025-12-03 03:05:40 PM [info]: 🚀 Server started on port 8003 
2025-12-03 03:05:40 PM [info]: 📡 SSE endpoint: http://localhost:8003/sse/notifications 
2025-12-03 03:05:40 PM [info]: 🧪 SSE test: http://localhost:8003/sse/test 
2025-12-03 03:06:59 PM [info]: Received GET request on /inventoryStock/stock/locationwise-companywise-productwise?company=0077bf42-c691-473a-88dc-f0e8657a4f53&location=5991f12e-b4e7-4c50-9958-70acbaf018c4&startDate=2025-12-03&endDate=2025-12-04&product=f6cd3fa6-5ce3-4bee-a3e0-a0e4e706c65f [IP: ::1]
2025-12-03 03:06:59 PM [info]: Stock fetched successfully for location, company and product 
2025-12-03 03:13:21 PM [info]: Received GET request on /inventoryStock/stock/locationwise-companywise-productwise?company=0077bf42-c691-473a-88dc-f0e8657a4f53&location=5991f12e-b4e7-4c50-9958-70acbaf018c4&startDate=2025-12-03&endDate=2025-12-04&product=f6cd3fa6-5ce3-4bee-a3e0-a0e4e706c65f [IP: ::1]
2025-12-03 03:13:21 PM [info]: Stock fetched successfully for location, company and product 
2025-12-03 03:20:40 PM [info]: Received GET request on /inventoryStock/stock/locationwise-companywise-productwise?company=0077bf42-c691-473a-88dc-f0e8657a4f53&location=5991f12e-b4e7-4c50-9958-70acbaf018c4&startDate=2025-12-03&endDate=2025-12-04&product=f6cd3fa6-5ce3-4bee-a3e0-a0e4e706c65f [IP: ::1]
2025-12-03 03:20:40 PM [info]: Stock fetched successfully for location, company and product 
2025-12-03 03:27:19 PM [info]: Received GET request on /inventoryStock/stock/locationwise-companywise-productwise?company=0077bf42-c691-473a-88dc-f0e8657a4f53&location=5991f12e-b4e7-4c50-9958-70acbaf018c4&startDate=2025-12-03&endDate=2025-12-04&product=f6cd3fa6-5ce3-4bee-a3e0-a0e4e706c65f [IP: ::1]
2025-12-03 03:27:19 PM [info]: Stock fetched successfully for location, company and product 
2025-12-03 03:44:44 PM [info]: Database connected successfully 
2025-12-03 03:44:44 PM [info]: 🚀 Server started on port 8003 
2025-12-03 03:44:44 PM [info]: 📡 SSE endpoint: http://localhost:8003/sse/notifications 
2025-12-03 03:44:44 PM [info]: 🧪 SSE test: http://localhost:8003/sse/test 
2025-12-03 03:44:49 PM [info]: Received GET request on /inventoryStock/stock/locationwise-companywise-productwise?company=0077bf42-c691-473a-88dc-f0e8657a4f53&location=5991f12e-b4e7-4c50-9958-70acbaf018c4&startDate=2025-12-03&endDate=2025-12-04&product=f6cd3fa6-5ce3-4bee-a3e0-a0e4e706c65f [IP: ::1]
2025-12-03 03:44:49 PM [error]: Error fetching location-company-product wise stock: Cannot read properties of undefined (reading 'name') 
2025-12-03 03:44:50 PM [error]: Unhandled Error: Cannot read properties of undefined (reading 'name') 
2025-12-03 03:45:20 PM [info]: Database connected successfully 
2025-12-03 03:45:20 PM [info]: 🚀 Server started on port 8003 
2025-12-03 03:45:20 PM [info]: 📡 SSE endpoint: http://localhost:8003/sse/notifications 
2025-12-03 03:45:20 PM [info]: 🧪 SSE test: http://localhost:8003/sse/test 
2025-12-03 03:45:28 PM [info]: Received GET request on /inventoryStock/stock/locationwise-companywise-productwise?company=0077bf42-c691-473a-88dc-f0e8657a4f53&location=5991f12e-b4e7-4c50-9958-70acbaf018c4&startDate=2025-12-03&endDate=2025-12-04&product=f6cd3fa6-5ce3-4bee-a3e0-a0e4e706c65f [IP: ::1]
2025-12-03 03:45:28 PM [info]: Stock fetched successfully for location, company and product 
2025-12-03 03:46:51 PM [info]: Database connected successfully 
2025-12-03 03:46:51 PM [info]: 🚀 Server started on port 8003 
2025-12-03 03:46:51 PM [info]: 📡 SSE endpoint: http://localhost:8003/sse/notifications 
2025-12-03 03:46:51 PM [info]: 🧪 SSE test: http://localhost:8003/sse/test 
2025-12-03 03:47:06 PM [info]: Received GET request on /inventoryStock/stock/locationwise-companywise-productwise?company=0077bf42-c691-473a-88dc-f0e8657a4f53&location=5991f12e-b4e7-4c50-9958-70acbaf018c4&startDate=2025-12-03&endDate=2025-12-04&product=f6cd3fa6-5ce3-4bee-a3e0-a0e4e706c65f [IP: ::1]
2025-12-03 03:47:06 PM [info]: Stock fetched successfully for location, company and product 
2025-12-03 03:49:43 PM [info]: Database connected successfully 
2025-12-03 03:49:43 PM [info]: 🚀 Server started on port 8003 
2025-12-03 03:49:43 PM [info]: 📡 SSE endpoint: http://localhost:8003/sse/notifications 
2025-12-03 03:49:43 PM [info]: 🧪 SSE test: http://localhost:8003/sse/test 
2025-12-03 03:49:53 PM [info]: Received GET request on /inventoryStock/stock/locationwise-companywise?company=0077bf42-c691-473a-88dc-f0e8657a4f53&location=5991f12e-b4e7-4c50-9958-70acbaf018c4&startDate=2025-12-03&endDate=2025-12-04&product=f6cd3fa6-5ce3-4bee-a3e0-a0e4e706c65f [IP: ::1]
2025-12-03 03:49:53 PM [info]: Stock fetched successfully for location and company 
2025-12-03 03:51:26 PM [info]: Database connected successfully 
2025-12-03 03:51:26 PM [info]: 🚀 Server started on port 8003 
2025-12-03 03:51:26 PM [info]: 📡 SSE endpoint: http://localhost:8003/sse/notifications 
2025-12-03 03:51:26 PM [info]: 🧪 SSE test: http://localhost:8003/sse/test 
2025-12-03 03:52:46 PM [info]: Received GET request on /inventoryStock/stock/locationwise-companywise?company=0077bf42-c691-473a-88dc-f0e8657a4f53&location=5991f12e-b4e7-4c50-9958-70acbaf018c4&startDate=2025-12-03&endDate=2025-12-04&product=f6cd3fa6-5ce3-4bee-a3e0-a0e4e706c65f [IP: ::1]
2025-12-03 03:52:46 PM [info]: Stock fetched successfully for location and company 
2025-12-03 03:52:48 PM [info]: Received GET request on /inventoryStock/stock/locationwise-companywise?company=0077bf42-c691-473a-88dc-f0e8657a4f53&location=5991f12e-b4e7-4c50-9958-70acbaf018c4&startDate=2025-12-03&endDate=2025-12-04&product=f6cd3fa6-5ce3-4bee-a3e0-a0e4e706c65f [IP: ::1]
2025-12-03 03:52:48 PM [info]: Stock fetched successfully for location and company 
2025-12-03 03:53:23 PM [info]: Database connected successfully 
2025-12-03 03:53:23 PM [info]: 🚀 Server started on port 8003 
2025-12-03 03:53:23 PM [info]: 📡 SSE endpoint: http://localhost:8003/sse/notifications 
2025-12-03 03:53:23 PM [info]: 🧪 SSE test: http://localhost:8003/sse/test 
2025-12-03 03:56:11 PM [info]: Database connected successfully 
2025-12-03 03:56:11 PM [info]: 🚀 Server started on port 8003 
2025-12-03 03:56:11 PM [info]: 📡 SSE endpoint: http://localhost:8003/sse/notifications 
2025-12-03 03:56:11 PM [info]: 🧪 SSE test: http://localhost:8003/sse/test 
2025-12-03 04:44:42 PM [info]: Received GET request on /socket.io/?EIO=4&transport=websocket [IP: 182.156.141.17]
2025-12-03 04:44:42 PM [info]: Received GET request on /socket.io/?EIO=4&transport=websocket [IP: 182.156.141.17]
2025-12-03 04:44:42 PM [info]: Received GET request on /api/management/getGrns/management?filterType=tillDate [IP: 182.156.141.17]
2025-12-03 04:44:42 PM [info]: Received GET request on /company/partial/details [IP: 182.156.141.17]
2025-12-03 04:44:43 PM [info]: Received GET request on /location-branches/filterData/filter/all [IP: 182.156.141.17]
2025-12-03 04:44:43 PM [info]: Received GET request on /products/partial/data?page=1&limit=6 [IP: 182.156.141.17]
2025-12-03 04:44:43 PM [info]: Received request to fetch all branches 
2025-12-03 04:44:43 PM [info]: Fetching all products 
2025-12-03 04:44:43 PM [info]: Fetched all branches successfully 
2025-12-03 04:44:43 PM [info]: Fetched undefined products successfully 
2025-12-03 04:44:44 PM [info]: Received GET request on /socket.io/?EIO=4&transport=websocket [IP: 182.156.141.17]
2025-12-03 04:44:45 PM [info]: Received GET request on /socket.io/?EIO=4&transport=websocket [IP: 182.156.141.17]
2025-12-03 04:44:50 PM [info]: Received GET request on /location-branches/filterData/filter/all [IP: 182.156.141.17]
2025-12-03 04:44:50 PM [info]: Received GET request on /inventoryStock/stock/locationwise-companywise?page=1&limit=10 [IP: 182.156.141.17]
2025-12-03 04:44:50 PM [info]: Received GET request on /company/partial/details [IP: 182.156.141.17]
2025-12-03 04:44:50 PM [info]: Received request to fetch all branches 
2025-12-03 04:44:50 PM [info]: Fetched all branches successfully 
2025-12-03 04:44:52 PM [info]: Received GET request on /socket.io/?EIO=4&transport=websocket [IP: 182.156.141.17]
2025-12-03 04:44:53 PM [error]: Error fetching location-company wise stock: column "stock.id" must appear in the GROUP BY clause or be used in an aggregate function 
2025-12-03 04:44:53 PM [error]: Unhandled Error: column "stock.id" must appear in the GROUP BY clause or be used in an aggregate function 
2025-12-03 04:44:54 PM [info]: Received GET request on /inventoryStock/stock/locationwise-companywise?page=1&limit=10 [IP: 182.156.141.17]
2025-12-03 04:44:56 PM [error]: Error fetching location-company wise stock: column "stock.id" must appear in the GROUP BY clause or be used in an aggregate function 
2025-12-03 04:44:56 PM [error]: Unhandled Error: column "stock.id" must appear in the GROUP BY clause or be used in an aggregate function 
2025-12-03 04:44:58 PM [info]: Received GET request on /socket.io/?EIO=4&transport=websocket [IP: 182.156.141.17]
2025-12-03 04:45:03 PM [info]: Received GET request on /socket.io/?EIO=4&transport=websocket [IP: 182.156.141.17]
2025-12-03 04:46:25 PM [info]: Received GET request on /inventoryStock/stock/locationwise-companywise?company=0077bf42-c691-473a-88dc-f0e8657a4f53&location=5991f12e-b4e7-4c50-9958-70acbaf018c4&startDate=2025-12-03&endDate=2025-12-04&product=f6cd3fa6-5ce3-4bee-a3e0-a0e4e706c65f [IP: ::1]
2025-12-03 04:46:25 PM [error]: Error fetching location-company wise stock: column "stock.id" must appear in the GROUP BY clause or be used in an aggregate function 
2025-12-03 04:46:25 PM [error]: Unhandled Error: column "stock.id" must appear in the GROUP BY clause or be used in an aggregate function 
2025-12-03 04:47:44 PM [info]: Database connected successfully 
2025-12-03 04:47:44 PM [info]: 🚀 Server started on port 8003 
2025-12-03 04:47:44 PM [info]: 📡 SSE endpoint: http://localhost:8003/sse/notifications 
2025-12-03 04:47:44 PM [info]: 🧪 SSE test: http://localhost:8003/sse/test 
2025-12-03 04:49:11 PM [info]: Database connected successfully 
2025-12-03 04:49:11 PM [info]: 🚀 Server started on port 8003 
2025-12-03 04:49:11 PM [info]: 📡 SSE endpoint: http://localhost:8003/sse/notifications 
2025-12-03 04:49:11 PM [info]: 🧪 SSE test: http://localhost:8003/sse/test 
2025-12-03 04:59:51 PM [info]: Received GET request on /inventoryStock/stock/locationwise-companywise?company=0077bf42-c691-473a-88dc-f0e8657a4f53&location=5991f12e-b4e7-4c50-9958-70acbaf018c4&startDate=2025-12-03&endDate=2025-12-04&product=f6cd3fa6-5ce3-4bee-a3e0-a0e4e706c65f [IP: ::1]
2025-12-03 04:59:51 PM [info]: Stock fetched successfully for location and company 
2025-12-03 05:00:23 PM [info]: Received GET request on /inventoryStock/stock/locationwise-companywise?company=0077bf42-c691-473a-88dc-f0e8657a4f53&location=5991f12e-b4e7-4c50-9958-70acbaf018c4&startDate=2025-12-03&endDate=2025-12-04 [IP: ::1]
2025-12-03 05:00:23 PM [info]: Stock fetched successfully for location and company 
2025-12-03 05:01:20 PM [info]: Database connected successfully 
2025-12-03 05:01:20 PM [info]: 🚀 Server started on port 8003 
2025-12-03 05:01:20 PM [info]: 📡 SSE endpoint: http://localhost:8003/sse/notifications 
2025-12-03 05:01:20 PM [info]: 🧪 SSE test: http://localhost:8003/sse/test 
2025-12-03 05:01:39 PM [info]: Received GET request on /inventoryStock/stock/locationwise-companywise?company=0077bf42-c691-473a-88dc-f0e8657a4f53&location=5991f12e-b4e7-4c50-9958-70acbaf018c4&startDate=2025-12-03&endDate=2025-12-04 [IP: ::1]
2025-12-03 05:01:39 PM [info]: Stock fetched successfully for location and company 
2025-12-03 05:01:42 PM [info]: Received GET request on /inventoryStock/stock/locationwise-companywise?company=0077bf42-c691-473a-88dc-f0e8657a4f53&location=5991f12e-b4e7-4c50-9958-70acbaf018c4&startDate=2025-12-03&endDate=2025-12-04 [IP: ::1]
2025-12-03 05:01:42 PM [info]: Stock fetched successfully for location and company 
2025-12-03 05:02:14 PM [info]: Database connected successfully 
2025-12-03 05:02:14 PM [info]: 🚀 Server started on port 8003 
2025-12-03 05:02:14 PM [info]: 📡 SSE endpoint: http://localhost:8003/sse/notifications 
2025-12-03 05:02:14 PM [info]: 🧪 SSE test: http://localhost:8003/sse/test 
2025-12-03 05:08:10 PM [info]: Received GET request on /inventoryStock/stock/locationwise-companywise?company=0077bf42-c691-473a-88dc-f0e8657a4f53&location=5991f12e-b4e7-4c50-9958-70acbaf018c4&startDate=2025-12-03&endDate=2025-12-04 [IP: ::1]
2025-12-03 05:08:10 PM [info]: Stock fetched successfully for location and company 
2025-12-03 05:08:34 PM [info]: Database connected successfully 
2025-12-03 05:08:34 PM [info]: 🚀 Server started on port 8003 
2025-12-03 05:08:34 PM [info]: 📡 SSE endpoint: http://localhost:8003/sse/notifications 
2025-12-03 05:08:34 PM [info]: 🧪 SSE test: http://localhost:8003/sse/test 
2025-12-03 05:08:41 PM [info]: Received GET request on /inventoryStock/stock/locationwise-companywise?company=0077bf42-c691-473a-88dc-f0e8657a4f53&location=5991f12e-b4e7-4c50-9958-70acbaf018c4&startDate=2025-12-03&endDate=2025-12-04 [IP: ::1]
2025-12-03 05:08:41 PM [info]: Stock fetched successfully for location and company 
2025-12-03 05:13:32 PM [info]: Received GET request on /inventoryStock/stock/locationwise-companywise?company=0077bf42-c691-473a-88dc-f0e8657a4f53&location=5991f12e-b4e7-4c50-9958-70acbaf018c4&startDate=2025-12-03&endDate=2025-12-04 [IP: ::1]
2025-12-03 05:13:33 PM [info]: Stock fetched successfully for location and company 
2025-12-03 05:26:54 PM [info]: Received GET request on /company/partial/details [IP: 182.156.141.17]
2025-12-03 05:26:54 PM [info]: Received GET request on /location-branches/filterData/filter/all [IP: 182.156.141.17]
2025-12-03 05:26:54 PM [info]: Received GET request on /inventoryStock/stock/locationwise-companywise?page=1&limit=10 [IP: 182.156.141.17]
2025-12-03 05:26:54 PM [info]: Received request to fetch all branches 
2025-12-03 05:26:54 PM [info]: Fetched all branches successfully 
2025-12-03 05:26:54 PM [info]: Stock fetched successfully for location and company 
2025-12-03 05:27:23 PM [info]: Received GET request on /socket.io/?EIO=4&transport=websocket [IP: 182.156.141.17]
2025-12-03 05:27:23 PM [info]: Received GET request on /socket.io/?EIO=4&transport=websocket [IP: 182.156.141.17]
2025-12-03 05:27:24 PM [info]: Received GET request on /location-branches/filterData/filter/all [IP: 182.156.141.17]
2025-12-03 05:27:24 PM [info]: Received request to fetch all branches 
2025-12-03 05:27:24 PM [info]: Fetched all branches successfully 
2025-12-03 05:27:24 PM [info]: Received GET request on /inventoryStock/stock/locationwise-companywise?page=1&limit=10 [IP: 182.156.141.17]
2025-12-03 05:27:24 PM [info]: Received GET request on /company/partial/details [IP: 182.156.141.17]
2025-12-03 05:27:24 PM [info]: Stock fetched successfully for location and company 
2025-12-03 05:27:27 PM [info]: Received GET request on /socket.io/?EIO=4&transport=websocket [IP: 182.156.141.17]
2025-12-03 05:27:30 PM [info]: Received GET request on /socket.io/?EIO=4&transport=websocket [IP: 182.156.141.17]
2025-12-03 05:27:35 PM [info]: Received GET request on /socket.io/?EIO=4&transport=websocket [IP: 182.156.141.17]
2025-12-03 05:27:40 PM [info]: Received GET request on /socket.io/?EIO=4&transport=websocket [IP: 182.156.141.17]
2025-12-03 05:27:45 PM [info]: Received GET request on /socket.io/?EIO=4&transport=websocket [IP: 182.156.141.17]
2025-12-03 05:32:27 PM [info]: Shutting down gracefully... 
2025-12-03 05:41:45 PM [info]: Database connected successfully 
2025-12-03 05:41:45 PM [info]: 🚀 Server started on port 8003 
2025-12-03 05:41:45 PM [info]: 📡 SSE endpoint: http://localhost:8003/sse/notifications 
2025-12-03 05:41:45 PM [info]: 🧪 SSE test: http://localhost:8003/sse/test 
2025-12-03 05:43:21 PM [info]: Database connected successfully 
2025-12-03 05:43:21 PM [info]: 🚀 Server started on port 8003 
2025-12-03 05:43:21 PM [info]: 📡 SSE endpoint: http://localhost:8003/sse/notifications 
2025-12-03 05:43:21 PM [info]: 🧪 SSE test: http://localhost:8003/sse/test 
2025-12-03 05:43:28 PM [info]: Database connected successfully 
2025-12-03 05:43:28 PM [info]: 🚀 Server started on port 8003 
2025-12-03 05:43:28 PM [info]: 📡 SSE endpoint: http://localhost:8003/sse/notifications 
2025-12-03 05:43:28 PM [info]: 🧪 SSE test: http://localhost:8003/sse/test 
2025-12-03 05:43:40 PM [info]: Database connected successfully 
2025-12-03 05:43:40 PM [info]: 🚀 Server started on port 8003 
2025-12-03 05:43:40 PM [info]: 📡 SSE endpoint: http://localhost:8003/sse/notifications 
2025-12-03 05:43:40 PM [info]: 🧪 SSE test: http://localhost:8003/sse/test 
2025-12-03 05:43:42 PM [info]: Received GET request on /company/partial/details [IP: 182.156.141.17]
2025-12-03 05:43:42 PM [info]: Received GET request on /inventoryStock/stock/locationwise-companywise?page=1&limit=10 [IP: 182.156.141.17]
2025-12-03 05:43:42 PM [info]: Received GET request on /location-branches/filterData/filter/all [IP: 182.156.141.17]
2025-12-03 05:43:42 PM [info]: Received request to fetch all branches 
2025-12-03 05:43:42 PM [info]: Fetched all branches successfully 
2025-12-03 05:43:42 PM [info]: Stock fetched successfully for location and company 
2025-12-03 05:44:16 PM [info]: Received GET request on /socket.io/?EIO=4&transport=websocket [IP: 182.156.141.17]
2025-12-03 05:44:16 PM [info]: Received GET request on /socket.io/?EIO=4&transport=websocket [IP: 182.156.141.17]
2025-12-03 05:44:17 PM [info]: Received GET request on /inventoryStock/stock/locationwise-companywise?page=1&limit=10 [IP: 182.156.141.17]
2025-12-03 05:44:17 PM [info]: Stock fetched successfully for location and company 
2025-12-03 05:44:17 PM [info]: Received GET request on /company/partial/details [IP: 182.156.141.17]
2025-12-03 05:44:17 PM [info]: Received GET request on /location-branches/filterData/filter/all [IP: 182.156.141.17]
2025-12-03 05:44:17 PM [info]: Received request to fetch all branches 
2025-12-03 05:44:17 PM [info]: Fetched all branches successfully 
2025-12-03 05:44:18 PM [info]: Received GET request on /socket.io/?EIO=4&transport=websocket [IP: 182.156.141.17]
2025-12-03 05:44:21 PM [info]: Received GET request on /socket.io/?EIO=4&transport=websocket [IP: 182.156.141.17]
2025-12-03 05:44:22 PM [info]: Received GET request on /inventoryStock/stock/locationwise-companywise?company=0077bf42-c691-473a-88dc-f0e8657a4f53&location=5991f12e-b4e7-4c50-9958-70acbaf018c4&startDate=2025-12-03&endDate=2025-12-04 [IP: ::1]
2025-12-03 05:44:22 PM [info]: Stock fetched successfully for location and company 
2025-12-03 05:44:23 PM [info]: Received GET request on /socket.io/?EIO=4&transport=websocket [IP: 182.156.141.17]
2025-12-03 05:44:29 PM [info]: Received GET request on /socket.io/?EIO=4&transport=websocket [IP: 182.156.141.17]
2025-12-03 05:44:34 PM [info]: Received GET request on /socket.io/?EIO=4&transport=websocket [IP: 182.156.141.17]
2025-12-03 05:45:09 PM [info]: Database connected successfully 
2025-12-03 05:45:09 PM [info]: 🚀 Server started on port 8003 
2025-12-03 05:45:09 PM [info]: 📡 SSE endpoint: http://localhost:8003/sse/notifications 
2025-12-03 05:45:09 PM [info]: 🧪 SSE test: http://localhost:8003/sse/test 
2025-12-03 05:45:18 PM [info]: Database connected successfully 
2025-12-03 05:45:19 PM [info]: 🚀 Server started on port 8003 
2025-12-03 05:45:19 PM [info]: 📡 SSE endpoint: http://localhost:8003/sse/notifications 
2025-12-03 05:45:19 PM [info]: 🧪 SSE test: http://localhost:8003/sse/test 
2025-12-03 05:46:27 PM [info]: Received GET request on /inventoryStock/stock/locationwise-companywise?company=0077bf42-c691-473a-88dc-f0e8657a4f53&location=5991f12e-b4e7-4c50-9958-70acbaf018c4&startDate=2025-12-03&endDate=2025-12-04 [IP: ::1]
2025-12-03 05:46:27 PM [info]: Stock fetched successfully for location and company 
2025-12-03 05:47:19 PM [info]: Received GET request on /location-branches/filterData/filter/all [IP: 182.156.141.17]
2025-12-03 05:47:19 PM [info]: Received GET request on /company/partial/details [IP: 182.156.141.17]
2025-12-03 05:47:19 PM [info]: Received GET request on /inventoryStock/stock/locationwise-companywise?page=1&limit=10 [IP: 182.156.141.17]
2025-12-03 05:47:19 PM [info]: Received request to fetch all branches 
2025-12-03 05:47:19 PM [info]: Fetched all branches successfully 
2025-12-03 05:47:19 PM [info]: Stock fetched successfully for location and company 
2025-12-03 05:47:39 PM [info]: Received GET request on /socket.io/?EIO=4&transport=websocket [IP: 182.156.141.17]
2025-12-03 05:47:39 PM [info]: Received GET request on /socket.io/?EIO=4&transport=websocket [IP: 182.156.141.17]
2025-12-03 05:47:40 PM [info]: Received GET request on /location-branches/filterData/filter/all [IP: 182.156.141.17]
2025-12-03 05:47:40 PM [info]: Received request to fetch all branches 
2025-12-03 05:47:40 PM [info]: Fetched all branches successfully 
2025-12-03 05:47:40 PM [info]: Received GET request on /inventoryStock/stock/locationwise-companywise?page=1&limit=10 [IP: 182.156.141.17]
2025-12-03 05:47:40 PM [info]: Stock fetched successfully for location and company 
2025-12-03 05:47:40 PM [info]: Received GET request on /company/partial/details [IP: 182.156.141.17]
2025-12-03 05:47:41 PM [info]: Received GET request on /socket.io/?EIO=4&transport=websocket [IP: 182.156.141.17]
2025-12-03 05:47:44 PM [info]: Received GET request on /socket.io/?EIO=4&transport=websocket [IP: 182.156.141.17]
2025-12-03 05:47:47 PM [info]: Received GET request on /socket.io/?EIO=4&transport=websocket [IP: 182.156.141.17]
2025-12-03 05:47:53 PM [info]: Received GET request on /socket.io/?EIO=4&transport=websocket [IP: 182.156.141.17]
2025-12-03 05:47:59 PM [info]: Received GET request on /socket.io/?EIO=4&transport=websocket [IP: 182.156.141.17]
2025-12-03 05:48:33 PM [info]: Received GET request on /location-branches/filterData/filter/all [IP: 182.156.141.17]
2025-12-03 05:48:33 PM [info]: Received GET request on /company/partial/details [IP: 182.156.141.17]
2025-12-03 05:48:33 PM [info]: Received GET request on /inventoryStock/stock/locationwise-companywise?page=1&limit=10 [IP: 182.156.141.17]
2025-12-03 05:48:33 PM [info]: Received request to fetch all branches 
2025-12-03 05:48:33 PM [info]: Fetched all branches successfully 
2025-12-03 05:48:33 PM [info]: Stock fetched successfully for location and company 
2025-12-03 05:48:51 PM [info]: Received GET request on /inventoryStock/stock/locationwise-companywise?page=1&limit=10 [IP: 182.156.141.17]
2025-12-03 05:48:51 PM [info]: Received GET request on /location-branches/filterData/filter/all [IP: 182.156.141.17]
2025-12-03 05:48:51 PM [info]: Received request to fetch all branches 
2025-12-03 05:48:51 PM [info]: Fetched all branches successfully 
2025-12-03 05:48:51 PM [info]: Stock fetched successfully for location and company 
2025-12-03 05:48:52 PM [info]: Received GET request on /company/partial/details [IP: 182.156.141.17]
2025-12-03 05:49:10 PM [info]: Received GET request on /inventoryStock/stock/locationwise-companywise?page=1&limit=10&company=0077bf42-c691-473a-88dc-f0e8657a4f53&location=2aaa4a17-4da0-44c0-ab32-0cde6c751d04&startDate=2025-12-03&endDate=2025-12-03 [IP: 182.156.141.17]
2025-12-03 05:49:10 PM [info]: Stock fetched successfully for location and company 
2025-12-03 05:50:04 PM [info]: Received GET request on /inventoryStock/stock/locationwise-companywise?page=1&limit=10 [IP: 182.156.141.17]
2025-12-03 05:50:04 PM [info]: Stock fetched successfully for location and company 
2025-12-03 05:51:18 PM [info]: Received GET request on /location-branches/filterData/filter/all [IP: 182.156.141.17]
2025-12-03 05:51:18 PM [info]: Received GET request on /company/partial/details [IP: 182.156.141.17]
2025-12-03 05:51:18 PM [info]: Received GET request on /inventoryStock/stock/locationwise-companywise?page=1&limit=10 [IP: 182.156.141.17]
2025-12-03 05:51:18 PM [info]: Received request to fetch all branches 
2025-12-03 05:51:18 PM [info]: Fetched all branches successfully 
2025-12-03 05:51:18 PM [info]: Stock fetched successfully for location and company 
2025-12-03 05:54:02 PM [info]: Received GET request on /company/partial/details [IP: 182.156.141.17]
2025-12-03 05:54:02 PM [info]: Received GET request on /location-branches/filterData/filter/all [IP: 182.156.141.17]
2025-12-03 05:54:02 PM [info]: Received GET request on /inventoryStock/stock/locationwise-companywise?page=1&limit=10 [IP: 182.156.141.17]
2025-12-03 05:54:02 PM [info]: Received request to fetch all branches 
2025-12-03 05:54:02 PM [info]: Fetched all branches successfully 
2025-12-03 05:54:02 PM [info]: Stock fetched successfully for location and company 
2025-12-03 05:54:06 PM [info]: Received GET request on /socket.io/?EIO=4&transport=websocket [IP: 182.156.141.17]
2025-12-03 05:54:06 PM [info]: Received GET request on /inventoryStock/stock/locationwise-companywise?page=1&limit=10 [IP: 182.156.141.17]
2025-12-03 05:54:06 PM [info]: Received GET request on /location-branches/filterData/filter/all [IP: 182.156.141.17]
2025-12-03 05:54:06 PM [info]: Received GET request on /company/partial/details [IP: 182.156.141.17]
2025-12-03 05:54:06 PM [info]: Received request to fetch all branches 
2025-12-03 05:54:06 PM [info]: Fetched all branches successfully 
2025-12-03 05:54:06 PM [info]: Stock fetched successfully for location and company 
2025-12-03 05:54:06 PM [info]: Received GET request on /socket.io/?EIO=4&transport=websocket [IP: 182.156.141.17]
2025-12-03 05:54:08 PM [info]: Received GET request on /socket.io/?EIO=4&transport=websocket [IP: 182.156.141.17]
2025-12-03 05:54:10 PM [info]: Received GET request on /socket.io/?EIO=4&transport=websocket [IP: 182.156.141.17]
2025-12-03 05:54:15 PM [info]: Received GET request on /socket.io/?EIO=4&transport=websocket [IP: 182.156.141.17]
2025-12-03 05:54:21 PM [info]: Received GET request on /socket.io/?EIO=4&transport=websocket [IP: 182.156.141.17]
2025-12-03 05:54:26 PM [info]: Received GET request on /socket.io/?EIO=4&transport=websocket [IP: 182.156.141.17]
2025-12-03 05:54:28 PM [info]: Received GET request on /inventoryStock/stock/locationwise-companywise?company=0077bf42-c691-473a-88dc-f0e8657a4f53&location=5991f12e-b4e7-4c50-9958-70acbaf018c4&startDate=2025-12-03&endDate=2025-12-04 [IP: ::1]
2025-12-03 05:54:28 PM [info]: Stock fetched successfully for location and company 
2025-12-03 05:57:30 PM [info]: Received GET request on /inventoryStock/stock/locationwise-companywise?page=1&limit=10 [IP: 182.156.141.17]
2025-12-03 05:57:30 PM [info]: Received GET request on /company/partial/details [IP: 182.156.141.17]
2025-12-03 05:57:30 PM [info]: Received GET request on /location-branches/filterData/filter/all [IP: 182.156.141.17]
2025-12-03 05:57:30 PM [info]: Received request to fetch all branches 
2025-12-03 05:57:30 PM [info]: Fetched all branches successfully 
2025-12-03 05:57:30 PM [info]: Stock fetched successfully for location and company 
2025-12-03 05:59:31 PM [info]: Received GET request on /company/partial/details [IP: 182.156.141.17]
2025-12-03 05:59:31 PM [info]: Received GET request on /location-branches/filterData/filter/all [IP: 182.156.141.17]
2025-12-03 05:59:31 PM [info]: Received GET request on /inventoryStock/stock/locationwise-companywise?page=1&limit=10 [IP: 182.156.141.17]
2025-12-03 05:59:31 PM [info]: Received request to fetch all branches 
2025-12-03 05:59:31 PM [info]: Fetched all branches successfully 
2025-12-03 05:59:31 PM [info]: Stock fetched successfully for location and company 
2025-12-03 06:03:13 PM [info]: Received GET request on /location-branches/filterData/filter/all [IP: 182.156.141.17]
2025-12-03 06:03:13 PM [info]: Received GET request on /company/partial/details [IP: 182.156.141.17]
2025-12-03 06:03:13 PM [info]: Received GET request on /inventoryStock/stock/locationwise-companywise?page=1&limit=10 [IP: 182.156.141.17]
2025-12-03 06:03:13 PM [info]: Received request to fetch all branches 
2025-12-03 06:03:13 PM [info]: Fetched all branches successfully 
2025-12-03 06:03:13 PM [info]: Stock fetched successfully for location and company 
2025-12-03 06:06:19 PM [info]: Database connected successfully 
2025-12-03 06:06:21 PM [info]: 🚀 Server started on port 8003 
2025-12-03 06:06:21 PM [info]: 📡 SSE endpoint: http://localhost:8003/sse/notifications 
2025-12-03 06:06:21 PM [info]: 🧪 SSE test: http://localhost:8003/sse/test 
2025-12-03 06:07:52 PM [info]: Received GET request on /inventoryStock/stock/locationwise-companywise?page=1&limit=10 [IP: 182.156.141.17]
2025-12-03 06:07:52 PM [info]: Received GET request on /company/partial/details [IP: 182.156.141.17]
2025-12-03 06:07:52 PM [info]: Received GET request on /location-branches/filterData/filter/all [IP: 182.156.141.17]
2025-12-03 06:07:52 PM [info]: Received request to fetch all branches 
2025-12-03 06:07:52 PM [info]: Fetched all branches successfully 
2025-12-03 06:07:52 PM [info]: Stock fetched successfully for location and company 
2025-12-03 06:08:55 PM [info]: Received GET request on /inventoryStock/stock/locationwise-companywise?company=0077bf42-c691-473a-88dc-f0e8657a4f53&location=5991f12e-b4e7-4c50-9958-70acbaf018c4&startDate=2025-12-03&endDate=2025-12-04 [IP: ::1]
2025-12-03 06:08:55 PM [info]: Stock fetched successfully for location and company 
2025-12-03 06:08:57 PM [info]: Received GET request on /inventoryStock/stock/locationwise-companywise?company=0077bf42-c691-473a-88dc-f0e8657a4f53&location=5991f12e-b4e7-4c50-9958-70acbaf018c4&startDate=2025-12-03&endDate=2025-12-04 [IP: ::1]
2025-12-03 06:08:57 PM [info]: Stock fetched successfully for location and company 
2025-12-03 06:09:06 PM [info]: Received GET request on /inventoryStock/stock/locationwise-companywise?company=0077bf42-c691-473a-88dc-f0e8657a4f53&location=5991f12e-b4e7-4c50-9958-70acbaf018c4&startDate=2025-12-03&endDate=2025-12-04 [IP: ::1]
2025-12-03 06:09:06 PM [info]: Stock fetched successfully for location and company 
2025-12-03 06:10:24 PM [info]: Database connected successfully 
2025-12-03 06:10:24 PM [info]: 🚀 Server started on port 8003 
2025-12-03 06:10:24 PM [info]: 📡 SSE endpoint: http://localhost:8003/sse/notifications 
2025-12-03 06:10:24 PM [info]: 🧪 SSE test: http://localhost:8003/sse/test 
2025-12-03 06:12:33 PM [info]: Database connected successfully 
2025-12-03 06:12:33 PM [info]: 🚀 Server started on port 8003 
2025-12-03 06:12:33 PM [info]: 📡 SSE endpoint: http://localhost:8003/sse/notifications 
2025-12-03 06:12:33 PM [info]: 🧪 SSE test: http://localhost:8003/sse/test 
2025-12-03 06:13:08 PM [info]: Received GET request on /inventoryStock/stock/locationwise-companywise?company=0077bf42-c691-473a-88dc-f0e8657a4f53&location=5991f12e-b4e7-4c50-9958-70acbaf018c4&startDate=2025-12-03&endDate=2025-12-04 [IP: ::1]
2025-12-03 06:13:08 PM [info]: Stock fetched successfully for location and company 
2025-12-03 06:17:43 PM [info]: Received GET request on /socket.io/?EIO=4&transport=websocket [IP: 182.156.141.17]
2025-12-03 06:17:43 PM [info]: Received GET request on /socket.io/?EIO=4&transport=websocket [IP: 182.156.141.17]
2025-12-03 06:17:43 PM [info]: Received GET request on /location-branches/filterData/filter/all [IP: 182.156.141.17]
2025-12-03 06:17:43 PM [info]: Received GET request on /inventoryStock/stock/locationwise-companywise?page=1&limit=10 [IP: 182.156.141.17]
2025-12-03 06:17:43 PM [info]: Received GET request on /company/partial/details [IP: 182.156.141.17]
2025-12-03 06:17:43 PM [info]: Received request to fetch all branches 
2025-12-03 06:17:43 PM [info]: Fetched all branches successfully 
2025-12-03 06:17:43 PM [info]: Stock fetched successfully for location and company 
2025-12-03 06:17:44 PM [info]: Received GET request on /socket.io/?EIO=4&transport=websocket [IP: 182.156.141.17]
2025-12-03 06:17:47 PM [info]: Received GET request on /socket.io/?EIO=4&transport=websocket [IP: 182.156.141.17]
2025-12-03 06:17:54 PM [info]: Received GET request on /socket.io/?EIO=4&transport=websocket [IP: 182.156.141.17]
2025-12-03 06:18:01 PM [info]: Received GET request on /socket.io/?EIO=4&transport=websocket [IP: 182.156.141.17]
2025-12-03 06:18:07 PM [info]: Received GET request on /socket.io/?EIO=4&transport=websocket [IP: 182.156.141.17]
2025-12-04 10:39:34 AM [info]: Shutting down gracefully... 
2025-12-04 10:41:32 AM [info]: Database connected successfully 
2025-12-04 10:41:34 AM [info]: 🚀 Server started on port 8003 
2025-12-04 10:41:34 AM [info]: 📡 SSE endpoint: http://localhost:8003/sse/notifications 
2025-12-04 10:41:34 AM [info]: 🧪 SSE test: http://localhost:8003/sse/test 
2025-12-04 11:01:29 AM [info]: Received POST request on /auth/forgotepassword [IP: 182.156.141.17]
2025-12-04 11:01:39 AM [info]: Received POST request on /auth/login [IP: 182.156.141.17]
2025-12-04 11:01:39 AM [info]: Login request received 
2025-12-04 11:01:43 AM [info]: System log saved 
2025-12-04 11:01:43 AM [info]: User logged in successfully 
2025-12-04 11:01:46 AM [info]: Received GET request on /socket.io/?EIO=4&transport=websocket [IP: 182.156.141.17]
2025-12-04 11:01:46 AM [info]: Received GET request on /socket.io/?EIO=4&transport=websocket [IP: 182.156.141.17]
2025-12-04 11:01:48 AM [info]: Received GET request on /products/partial/data?page=1&limit=6 [IP: 182.156.141.17]
2025-12-04 11:01:48 AM [info]: Fetching all products 
2025-12-04 11:01:48 AM [info]: Received GET request on /company/partial/details [IP: 182.156.141.17]
2025-12-04 11:01:48 AM [info]: Fetched undefined products successfully 
2025-12-04 11:01:48 AM [info]: Received GET request on /socket.io/?EIO=4&transport=websocket [IP: 182.156.141.17]
2025-12-04 11:01:48 AM [info]: Received GET request on /location-branches/filterData/filter/all [IP: 182.156.141.17]
2025-12-04 11:01:48 AM [info]: Received GET request on /api/management/getGrns/management?filterType=tillDate [IP: 182.156.141.17]
2025-12-04 11:01:48 AM [info]: Received request to fetch all branches 
2025-12-04 11:01:48 AM [info]: Fetched all branches successfully 
2025-12-04 11:01:50 AM [info]: Received GET request on /socket.io/?EIO=4&transport=websocket [IP: 182.156.141.17]
2025-12-04 11:01:53 AM [info]: Received GET request on /socket.io/?EIO=4&transport=websocket [IP: 182.156.141.17]
2025-12-04 11:01:58 AM [info]: Received GET request on /socket.io/?EIO=4&transport=websocket [IP: 182.156.141.17]
2025-12-04 11:02:06 AM [info]: Received GET request on /socket.io/?EIO=4&transport=websocket [IP: 182.156.141.17]
2025-12-04 11:03:01 AM [info]: Received GET request on /returns/?page=1&limit=10 [IP: 182.156.141.17]
2025-12-04 11:06:00 AM [info]: Received GET request on /customer-delivery-challan/?page=1&limit=10 [IP: 182.156.141.17]
2025-12-04 11:06:00 AM [info]: Fetching all customer delivery challans 
2025-12-04 11:09:00 AM [info]: Received GET request on /dealSlip/?page=1&limit=10 [IP: 182.156.141.17]
2025-12-04 11:09:00 AM [info]: Fetching all DealSlips... 
2025-12-04 11:09:01 AM [info]: Total DealSlips fetched: 5 
2025-12-04 11:09:05 AM [info]: Received GET request on /customer-delivery-challan/?page=1&limit=10 [IP: 182.156.141.17]
2025-12-04 11:09:05 AM [info]: Fetching all customer delivery challans 
2025-12-04 11:09:32 AM [info]: Received GET request on /products/partial/data?page=1&limit=10 [IP: 182.156.141.17]
2025-12-04 11:09:32 AM [info]: Fetching all products 
2025-12-04 11:09:32 AM [info]: Fetched undefined products successfully 
2025-12-04 11:09:32 AM [info]: Received GET request on /products/partial/data [IP: 182.156.141.17]
2025-12-04 11:09:32 AM [info]: Received GET request on /location-branches/filterData/filter/all [IP: 182.156.141.17]
2025-12-04 11:09:32 AM [info]: Received GET request on /company/partial/details [IP: 182.156.141.17]
2025-12-04 11:09:32 AM [info]: Received GET request on /uoms/getAll/partialdata [IP: 182.156.141.17]
2025-12-04 11:09:32 AM [info]: Received GET request on /grns/grnnumbers/getAllgrnNo [IP: 182.156.141.17]
2025-12-04 11:09:32 AM [info]: Fetching all products 
2025-12-04 11:09:32 AM [info]: Received request to fetch all branches 
2025-12-04 11:09:32 AM [info]: Fetched all branches successfully 
2025-12-04 11:09:32 AM [info]: Fetched undefined products successfully 
2025-12-04 11:09:32 AM [info]: Total GRNs fetched: 10 
2025-12-04 11:09:32 AM [info]: Received GET request on /customers/names/all [IP: 182.156.141.17]
2025-12-04 11:09:32 AM [info]: Received GET request on /packingMaterial/ [IP: 182.156.141.17]
2025-12-04 11:09:32 AM [info]: Fetching all customers 
2025-12-04 11:09:32 AM [info]: Fetching all packing materials 
2025-12-04 11:09:32 AM [info]: Customers retrieved successfully 
2025-12-04 11:09:41 AM [info]: Received GET request on /inventoryStock/stock/locationwise-companywise?page=1&limit=10 [IP: 182.156.141.17]
2025-12-04 11:09:41 AM [info]: Received GET request on /location-branches/filterData/filter/all [IP: 182.156.141.17]
2025-12-04 11:09:41 AM [info]: Received GET request on /company/partial/details [IP: 182.156.141.17]
2025-12-04 11:09:41 AM [info]: Received request to fetch all branches 
2025-12-04 11:09:41 AM [info]: Fetched all branches successfully 
2025-12-04 11:09:41 AM [info]: Stock fetched successfully for location and company 
2025-12-04 11:09:59 AM [info]: Received GET request on /inventoryStock/stock/locationwise-companywise?page=1&limit=10&company=0077bf42-c691-473a-88dc-f0e8657a4f53&location=5991f12e-b4e7-4c50-9958-70acbaf018c4 [IP: 182.156.141.17]
2025-12-04 11:09:59 AM [info]: Stock fetched successfully for location and company 
2025-12-04 11:10:03 AM [info]: Received GET request on /products/getVarient/f6cd3fa6-5ce3-4bee-a3e0-a0e4e706c65f [IP: 182.156.141.17]
2025-12-04 11:10:03 AM [info]: searching  all products 
2025-12-04 11:10:24 AM [info]: Received GET request on /inventoryStock/stock/locationwise-companywise?company=0077bf42-c691-473a-88dc-f0e8657a4f53&location=5991f12e-b4e7-4c50-9958-70acbaf018c4&startDate=2025-12-03&endDate=2025-12-04 [IP: ::1]
2025-12-04 11:10:24 AM [info]: Stock fetched successfully for location and company 
2025-12-04 11:11:47 AM [info]: Received GET request on /inventoryStock/stock/locationwise-companywise-productwise?company=0077bf42-c691-473a-88dc-f0e8657a4f53&location=5991f12e-b4e7-4c50-9958-70acbaf018c4&startDate=2025-12-03&endDate=2025-12-04&product=f6cd3fa6-5ce3-4bee-a3e0-a0e4e706c65f [IP: ::1]
2025-12-04 11:11:47 AM [info]: Stock fetched successfully for location, company and product 
2025-12-04 11:13:24 AM [info]: Database connected successfully 
2025-12-04 11:13:24 AM [info]: 🚀 Server started on port 8003 
2025-12-04 11:13:24 AM [info]: 📡 SSE endpoint: http://localhost:8003/sse/notifications 
2025-12-04 11:13:24 AM [info]: 🧪 SSE test: http://localhost:8003/sse/test 
2025-12-04 11:13:28 AM [info]: Received GET request on /inventoryStock/stock/locationwise-companywise-productwise?company=0077bf42-c691-473a-88dc-f0e8657a4f53&location=5991f12e-b4e7-4c50-9958-70acbaf018c4&startDate=2025-12-03&endDate=2025-12-04&product=f6cd3fa6-5ce3-4bee-a3e0-a0e4e706c65f [IP: ::1]
2025-12-04 11:13:28 AM [info]: Stock fetched successfully for location, company and product 
2025-12-04 11:14:01 AM [info]: Database connected successfully 
2025-12-04 11:14:01 AM [info]: 🚀 Server started on port 8003 
2025-12-04 11:14:01 AM [info]: 📡 SSE endpoint: http://localhost:8003/sse/notifications 
2025-12-04 11:14:01 AM [info]: 🧪 SSE test: http://localhost:8003/sse/test 
2025-12-04 11:14:08 AM [info]: Received GET request on /inventoryStock/stock/locationwise-companywise-productwise?company=0077bf42-c691-473a-88dc-f0e8657a4f53&location=5991f12e-b4e7-4c50-9958-70acbaf018c4&startDate=2025-12-03&endDate=2025-12-04&product=f6cd3fa6-5ce3-4bee-a3e0-a0e4e706c65f [IP: ::1]
2025-12-04 11:14:09 AM [info]: Stock fetched successfully for location, company and product 
2025-12-04 11:20:10 AM [info]: Received GET request on /socket.io/?EIO=4&transport=websocket [IP: 182.156.141.17]
2025-12-04 11:20:10 AM [info]: Received GET request on /products/partial/data?page=1&limit=6 [IP: 182.156.141.17]
2025-12-04 11:20:10 AM [info]: Fetching all products 
2025-12-04 11:20:10 AM [info]: Received GET request on /location-branches/filterData/filter/all [IP: 182.156.141.17]
2025-12-04 11:20:10 AM [info]: Fetched undefined products successfully 
2025-12-04 11:20:10 AM [info]: Received request to fetch all branches 
2025-12-04 11:20:10 AM [info]: Fetched all branches successfully 
2025-12-04 11:20:10 AM [info]: Received GET request on /api/management/getGrns/management?filterType=tillDate [IP: 182.156.141.17]
2025-12-04 11:20:10 AM [info]: Received GET request on /company/partial/details [IP: 182.156.141.17]
2025-12-04 11:20:12 AM [info]: Received GET request on /socket.io/?EIO=4&transport=websocket [IP: 182.156.141.17]
2025-12-04 11:20:12 AM [info]: Received GET request on /location-branches/filterData/filter/all [IP: 182.156.141.17]
2025-12-04 11:20:12 AM [info]: Received GET request on /company/partial/details [IP: 182.156.141.17]
2025-12-04 11:20:12 AM [info]: Received request to fetch all branches 
2025-12-04 11:20:12 AM [info]: Fetched all branches successfully 
2025-12-04 11:20:12 AM [info]: Received GET request on /inventoryStock/stock/locationwise-companywise?page=1&limit=10 [IP: 182.156.141.17]
2025-12-04 11:20:12 AM [info]: Stock fetched successfully for location and company 
2025-12-04 11:20:13 AM [info]: Received GET request on /socket.io/?EIO=4&transport=websocket [IP: 182.156.141.17]
2025-12-04 11:20:17 AM [info]: Received GET request on /socket.io/?EIO=4&transport=websocket [IP: 182.156.141.17]
2025-12-04 11:20:18 AM [info]: Received GET request on /products/getVarient/f6cd3fa6-5ce3-4bee-a3e0-a0e4e706c65f [IP: 182.156.141.17]
2025-12-04 11:20:18 AM [info]: searching  all products 
2025-12-04 11:20:22 AM [info]: Received GET request on /socket.io/?EIO=4&transport=websocket [IP: 182.156.141.17]
2025-12-04 11:20:27 AM [info]: Received GET request on /socket.io/?EIO=4&transport=websocket [IP: 182.156.141.17]
2025-12-04 11:20:34 AM [info]: Received GET request on /location-branches/filterData/filter/all [IP: 182.156.141.17]
2025-12-04 11:20:34 AM [info]: Received request to fetch all branches 
2025-12-04 11:20:34 AM [info]: Fetched all branches successfully 
2025-12-04 11:20:34 AM [info]: Received GET request on /company/partial/details [IP: 182.156.141.17]
2025-12-04 11:20:34 AM [info]: Received GET request on /inventoryStock/stock/locationwise-companywise?page=1&limit=10 [IP: 182.156.141.17]
2025-12-04 11:20:34 AM [info]: Stock fetched successfully for location and company 
2025-12-04 11:23:01 AM [info]: Received GET request on /inventoryStock/stock/locationwise-companywise?page=1&limit=10 [IP: 182.156.141.17]
2025-12-04 11:23:01 AM [info]: Received GET request on /company/partial/details [IP: 182.156.141.17]
2025-12-04 11:23:01 AM [info]: Stock fetched successfully for location and company 
2025-12-04 11:23:01 AM [info]: Received GET request on /location-branches/filterData/filter/all [IP: 182.156.141.17]
2025-12-04 11:23:01 AM [info]: Received request to fetch all branches 
2025-12-04 11:23:01 AM [info]: Fetched all branches successfully 
2025-12-04 11:23:06 AM [info]: Received GET request on /products/getVarient/f6cd3fa6-5ce3-4bee-a3e0-a0e4e706c65f [IP: 182.156.141.17]
2025-12-04 11:23:06 AM [info]: searching  all products 
2025-12-04 11:23:07 AM [info]: Received GET request on /inventoryStock/stock/locationwise-companywise?page=1&limit=10 [IP: 182.156.141.17]
2025-12-04 11:23:07 AM [info]: Stock fetched successfully for location and company 
2025-12-04 11:23:07 AM [info]: Received GET request on /company/partial/details [IP: 182.156.141.17]
2025-12-04 11:23:07 AM [info]: Received GET request on /location-branches/filterData/filter/all [IP: 182.156.141.17]
2025-12-04 11:23:07 AM [info]: Received request to fetch all branches 
2025-12-04 11:23:07 AM [info]: Fetched all branches successfully 
2025-12-04 11:23:11 AM [info]: Received GET request on /inventoryStock/stock/locationwise-companywise-productwise?page=1&limit=10 [IP: 182.156.141.17]
2025-12-04 11:23:11 AM [info]: Received GET request on /inventoryStock/stock/locationwise-companywise-productwise?page=1&limit=10&product=f6cd3fa6-5ce3-4bee-a3e0-a0e4e706c65f [IP: 182.156.141.17]
2025-12-04 11:23:11 AM [info]: Stock fetched successfully for location, company and product 
2025-12-04 11:23:12 AM [info]: Stock fetched successfully for location, company and product 
2025-12-04 11:26:56 AM [info]: Database connected successfully 
2025-12-04 11:26:56 AM [info]: 🚀 Server started on port 8003 
2025-12-04 11:26:56 AM [info]: 📡 SSE endpoint: http://localhost:8003/sse/notifications 
2025-12-04 11:26:56 AM [info]: 🧪 SSE test: http://localhost:8003/sse/test 
2025-12-04 11:26:58 AM [info]: Received GET request on /socket.io/?EIO=4&transport=websocket [IP: 182.156.141.17]
2025-12-04 11:27:05 AM [info]: Received GET request on /socket.io/?EIO=4&transport=websocket [IP: 182.156.141.17]
2025-12-04 11:27:13 AM [info]: Received GET request on /socket.io/?EIO=4&transport=websocket [IP: 182.156.141.17]
2025-12-04 11:27:49 AM [info]: Received GET request on /socket.io/?EIO=4&transport=websocket [IP: 182.156.141.17]
2025-12-04 11:27:49 AM [info]: Received GET request on /socket.io/?EIO=4&transport=websocket [IP: 182.156.141.17]
2025-12-04 11:27:49 AM [info]: Received GET request on /dumpRegister/?page=1&limit=10 [IP: 182.156.141.17]
2025-12-04 11:27:49 AM [info]: Fetching all dump registers 
2025-12-04 11:27:50 AM [info]: Dump registers retrieved successfully 
2025-12-04 11:27:58 AM [info]: Received GET request on /grns/?page=1&limit=10 [IP: 182.156.141.17]
2025-12-04 11:27:58 AM [info]: Fetching all GRNs... 
2025-12-04 11:28:00 AM [info]: Total GRNs fetched: 8 
2025-12-04 11:28:01 AM [info]: Activity logged: VIEW - GRN by user c3a14fe3-0f7d-4324-a9f0-5b2de53cbbe0 
2025-12-04 11:28:08 AM [info]: Received GET request on /customer-delivery-challan/?page=1&limit=10 [IP: 182.156.141.17]
2025-12-04 11:28:08 AM [info]: Fetching all customer delivery challans 
2025-12-04 11:28:11 AM [info]: Received GET request on /location-branches/filterData/filter/all [IP: 182.156.141.17]
2025-12-04 11:28:11 AM [info]: Received request to fetch all branches 
2025-12-04 11:28:13 AM [info]: Fetched all branches successfully 
2025-12-04 11:28:13 AM [info]: Received GET request on /grns/grnnumbers/getAllgrnNo [IP: 182.156.141.17]
2025-12-04 11:28:13 AM [info]: Total GRNs fetched: 10 
2025-12-04 11:28:13 AM [info]: Received GET request on /customers/names/all [IP: 182.156.141.17]
2025-12-04 11:28:13 AM [info]: Received GET request on /packingMaterial/ [IP: 182.156.141.17]
2025-12-04 11:28:13 AM [info]: Received GET request on /products/partial/data?page=1&limit=10 [IP: 182.156.141.17]
2025-12-04 11:28:13 AM [info]: Received GET request on /company/partial/details [IP: 182.156.141.17]
2025-12-04 11:28:13 AM [info]: Fetching all customers 
2025-12-04 11:28:13 AM [info]: Fetching all packing materials 
2025-12-04 11:28:13 AM [info]: Fetching all products 
2025-12-04 11:28:13 AM [info]: Received GET request on /products/partial/data [IP: 182.156.141.17]
2025-12-04 11:28:13 AM [info]: Customers retrieved successfully 
2025-12-04 11:28:13 AM [info]: Fetched undefined products successfully 
2025-12-04 11:28:13 AM [info]: Fetching all products 
2025-12-04 11:28:13 AM [info]: Received GET request on /uoms/getAll/partialdata [IP: 182.156.141.17]
2025-12-04 11:28:13 AM [info]: Fetched undefined products successfully 
2025-12-04 11:32:12 AM [info]: Received GET request on /inventoryStock/stock/locationwise-companywise?page=1&limit=10 [IP: 182.156.141.17]
2025-12-04 11:32:12 AM [info]: Received GET request on /inventoryStock/stock/locationwise-companywise?page=1&limit=10&product=f6cd3fa6-5ce3-4bee-a3e0-a0e4e706c65f [IP: 182.156.141.17]
2025-12-04 11:32:12 AM [info]: Received GET request on /company/partial/details [IP: 182.156.141.17]
2025-12-04 11:32:12 AM [info]: Received GET request on /location-branches/filterData/filter/all [IP: 182.156.141.17]
2025-12-04 11:32:12 AM [info]: Received request to fetch all branches 
2025-12-04 11:32:12 AM [info]: Fetched all branches successfully 
2025-12-04 11:32:12 AM [info]: Stock fetched successfully for location and company 
2025-12-04 11:32:12 AM [info]: Stock fetched successfully for location and company 
2025-12-04 11:32:19 AM [info]: Received GET request on /customers/partial/all/ed6392ff-2aa3-40b2-b8a7-95d44b77597a [IP: 182.156.141.17]
2025-12-04 11:32:19 AM [info]: Fetching customer by ID 
2025-12-04 11:32:21 AM [info]: Customer retrieved successfully 
2025-12-04 11:32:26 AM [info]: Received GET request on /products/getall/getvarient/f6cd3fa6-5ce3-4bee-a3e0-a0e4e706c65f [IP: 182.156.141.17]
2025-12-04 11:32:26 AM [info]: Fetching product with ID 
2025-12-04 11:32:26 AM [info]: Product with ID fetched successfully 
2025-12-04 11:32:26 AM [info]: Received GET request on /products/partial/f6cd3fa6-5ce3-4bee-a3e0-a0e4e706c65f [IP: 182.156.141.17]
2025-12-04 11:32:26 AM [info]: Fetching all products 
2025-12-04 11:32:26 AM [info]: Fetched undefined products successfully 
2025-12-04 11:37:17 AM [info]: Received GET request on /location-branches/filterData/filter/all [IP: 182.156.141.17]
2025-12-04 11:37:17 AM [info]: Received request to fetch all branches 
2025-12-04 11:37:17 AM [info]: Fetched all branches successfully 
2025-12-04 11:37:18 AM [info]: Received GET request on /company/partial/details [IP: 182.156.141.17]
2025-12-04 11:37:18 AM [info]: Received GET request on /inventoryStock/stock/locationwise-companywise?page=1&limit=10 [IP: 182.156.141.17]
2025-12-04 11:37:18 AM [info]: Stock fetched successfully for location and company 
2025-12-04 11:37:43 AM [info]: Received GET request on /inventoryStock/stock/locationwise-companywise?page=1&limit=10 [IP: 182.156.141.17]
2025-12-04 11:37:43 AM [info]: Stock fetched successfully for location and company 
2025-12-04 11:37:43 AM [info]: Received GET request on /location-branches/filterData/filter/all [IP: 182.156.141.17]
2025-12-04 11:37:43 AM [info]: Received request to fetch all branches 
2025-12-04 11:37:43 AM [info]: Fetched all branches successfully 
2025-12-04 11:37:43 AM [info]: Received GET request on /company/partial/details [IP: 182.156.141.17]
2025-12-04 11:37:56 AM [info]: Received GET request on /socket.io/?EIO=4&transport=websocket [IP: 182.156.141.17]
2025-12-04 11:37:56 AM [info]: Received GET request on /location-branches/filterData/filter/all [IP: 182.156.141.17]
2025-12-04 11:37:56 AM [info]: Received request to fetch all branches 
2025-12-04 11:37:56 AM [info]: Fetched all branches successfully 
2025-12-04 11:37:56 AM [info]: Received GET request on /socket.io/?EIO=4&transport=websocket [IP: 182.156.141.17]
2025-12-04 11:37:56 AM [info]: Received GET request on /inventoryStock/stock/locationwise-companywise?page=1&limit=5 [IP: 182.156.141.17]
2025-12-04 11:37:56 AM [info]: Received GET request on /company/partial/details [IP: 182.156.141.17]
2025-12-04 11:37:56 AM [info]: Stock fetched successfully for location and company 
2025-12-04 11:37:57 AM [info]: Received GET request on /socket.io/?EIO=4&transport=websocket [IP: 182.156.141.17]
2025-12-04 11:37:58 AM [info]: Received GET request on /socket.io/?EIO=4&transport=websocket [IP: 182.156.141.17]
2025-12-04 11:38:02 AM [info]: Received GET request on /socket.io/?EIO=4&transport=websocket [IP: 182.156.141.17]
2025-12-04 11:38:07 AM [info]: Received GET request on /socket.io/?EIO=4&transport=websocket [IP: 182.156.141.17]
2025-12-04 11:38:11 AM [info]: Received GET request on /location-branches/filterData/filter/all [IP: 182.156.141.17]
2025-12-04 11:38:11 AM [info]: Received request to fetch all branches 
2025-12-04 11:38:11 AM [info]: Fetched all branches successfully 
2025-12-04 11:38:11 AM [info]: Received GET request on /company/partial/details [IP: 182.156.141.17]
2025-12-04 11:38:12 AM [info]: Received GET request on /inventoryStock/stock/locationwise-companywise?page=1&limit=5 [IP: 182.156.141.17]
2025-12-04 11:38:12 AM [info]: Stock fetched successfully for location and company 
2025-12-04 11:38:13 AM [info]: Received GET request on /socket.io/?EIO=4&transport=websocket [IP: 182.156.141.17]
2025-12-04 11:39:05 AM [info]: Received GET request on /socket.io/?EIO=4&transport=websocket [IP: 182.156.141.17]
2025-12-04 11:39:05 AM [info]: Received GET request on /location-branches/filterData/filter/all [IP: 182.156.141.17]
2025-12-04 11:39:05 AM [info]: Received request to fetch all branches 
2025-12-04 11:39:05 AM [info]: Fetched all branches successfully 
2025-12-04 11:39:05 AM [info]: Received GET request on /company/partial/details [IP: 182.156.141.17]
2025-12-04 11:39:05 AM [info]: Received GET request on /inventoryStock/stock/locationwise-companywise?page=1&limit=10 [IP: 182.156.141.17]
2025-12-04 11:39:05 AM [info]: Received GET request on /socket.io/?EIO=4&transport=websocket [IP: 182.156.141.17]
2025-12-04 11:39:05 AM [info]: Stock fetched successfully for location and company 
2025-12-04 11:39:06 AM [info]: Received GET request on /socket.io/?EIO=4&transport=websocket [IP: 182.156.141.17]
2025-12-04 11:39:08 AM [info]: Received GET request on /socket.io/?EIO=4&transport=websocket [IP: 182.156.141.17]
2025-12-04 11:39:13 AM [info]: Received GET request on /socket.io/?EIO=4&transport=websocket [IP: 182.156.141.17]
2025-12-04 11:39:18 AM [info]: Received GET request on /socket.io/?EIO=4&transport=websocket [IP: 182.156.141.17]
2025-12-04 11:39:24 AM [info]: Received GET request on /socket.io/?EIO=4&transport=websocket [IP: 182.156.141.17]
2025-12-04 11:40:11 AM [info]: Received GET request on /company/partial/details [IP: 182.156.141.17]
2025-12-04 11:40:11 AM [info]: Received GET request on /customers/names/all [IP: 182.156.141.17]
2025-12-04 11:40:11 AM [info]: Received GET request on /userreport/total-purchase [IP: 182.156.141.17]
2025-12-04 11:40:11 AM [info]: Received GET request on /farmers/filterFarmer/all?page=1&limit=6 [IP: 182.156.141.17]
2025-12-04 11:40:11 AM [info]: Received GET request on /vendors/filterVendor/all?page=1&limit=6 [IP: 182.156.141.17]
2025-12-04 11:40:11 AM [info]: Received GET request on /products/partial/data?page=1&limit=6 [IP: 182.156.141.17]
2025-12-04 11:40:11 AM [info]: Received GET request on /employee/?page=1&limit=6 [IP: 182.156.141.17]
2025-12-04 11:40:11 AM [info]: Received GET request on /location-branches/filterData/filter/all [IP: 182.156.141.17]
2025-12-04 11:40:11 AM [info]: Received GET request on /userreport/user-counts [IP: 182.156.141.17]
2025-12-04 11:40:11 AM [info]: Received GET request on /userreport/total-sale [IP: 182.156.141.17]
2025-12-04 11:40:11 AM [info]: Fetching all customers 
2025-12-04 11:40:11 AM [info]: Fetching all farmers 
2025-12-04 11:40:11 AM [info]: Fetching all products 
2025-12-04 11:40:11 AM [info]: Getting All Employee 
2025-12-04 11:40:11 AM [info]: Received request to fetch all branches 
2025-12-04 11:40:11 AM [info]: Customers retrieved successfully 
2025-12-04 11:40:12 AM [info]: Fetched all branches successfully 
2025-12-04 11:40:12 AM [info]: Fetched undefined products successfully 
2025-12-04 11:40:12 AM [info]: Farmers retrieved successfully 
2025-12-04 11:40:12 AM [info]: Employee Getting successfully 
2025-12-04 11:40:16 AM [info]: Received GET request on /employee/?page=2&limit=6 [IP: 182.156.141.17]
2025-12-04 11:40:16 AM [info]: Getting All Employee 
2025-12-04 11:40:16 AM [info]: Employee Getting successfully 
2025-12-04 11:40:28 AM [info]: Received POST request on /customer-delivery-challan/ [IP: 182.156.141.17]
2025-12-04 11:40:28 AM [info]: Received request to create customer delivery challan 
2025-12-04 11:40:29 AM [error]: Error creating challan 
2025-12-04 11:40:29 AM [error]: Unhandled Error: Failed to create Customer Delivery Challan 
2025-12-04 11:40:30 AM [info]: Received GET request on /rfpa/?page=1&limit=10 [IP: 182.156.141.17]
2025-12-04 11:40:31 AM [info]: Total RFPAS fetched: 9 
2025-12-04 11:40:32 AM [info]: Received GET request on /company/partial/details [IP: 182.156.141.17]
2025-12-04 11:40:32 AM [info]: Received GET request on /location-branches/filterData/filter/all [IP: 182.156.141.17]
2025-12-04 11:40:32 AM [info]: Received request to fetch all branches 
2025-12-04 11:40:32 AM [info]: Fetched all branches successfully 
2025-12-04 11:40:32 AM [info]: Received GET request on /farmers/filterFarmer/all?page=1&limit=10 [IP: 182.156.141.17]
2025-12-04 11:40:32 AM [info]: Received GET request on /vendors/filterVendor/all?page=1&limit=10 [IP: 182.156.141.17]
2025-12-04 11:40:32 AM [info]: Received GET request on /uoms/getAll/partialdata [IP: 182.156.141.17]
2025-12-04 11:40:32 AM [info]: Fetching all farmers 
2025-12-04 11:40:32 AM [info]: Received GET request on /products/partial/data?page=1&limit=10 [IP: 182.156.141.17]
2025-12-04 11:40:32 AM [info]: Received GET request on /products/partial/data [IP: 182.156.141.17]
2025-12-04 11:40:32 AM [info]: Farmers retrieved successfully 
2025-12-04 11:40:32 AM [info]: Fetching all products 
2025-12-04 11:40:32 AM [info]: Fetching all products 
2025-12-04 11:40:32 AM [info]: Fetched undefined products successfully 
2025-12-04 11:40:32 AM [info]: Fetched undefined products successfully 
2025-12-04 11:40:38 AM [info]: Received GET request on /products/partial/data?page=2&limit=10 [IP: 182.156.141.17]
2025-12-04 11:40:38 AM [info]: Fetching all products 
2025-12-04 11:40:40 AM [info]: Fetched undefined products successfully 
2025-12-04 11:40:45 AM [info]: Received POST request on /customer-delivery-challan/ [IP: 182.156.141.17]
2025-12-04 11:40:45 AM [info]: Received request to create customer delivery challan 
2025-12-04 11:40:46 AM [error]: Error creating challan 
2025-12-04 11:40:46 AM [error]: Unhandled Error: Failed to create Customer Delivery Challan 
2025-12-04 11:41:28 AM [info]: Received GET request on /company/partial/details [IP: 182.156.141.17]
2025-12-04 11:41:28 AM [info]: Received GET request on /vendors/filterVendor/all [IP: 182.156.141.17]
2025-12-04 11:41:28 AM [info]: Received GET request on /location-branches/filterData/filter/all [IP: 182.156.141.17]
2025-12-04 11:41:28 AM [info]: Received request to fetch all branches 
2025-12-04 11:41:28 AM [info]: Fetched all branches successfully 
2025-12-04 11:41:28 AM [info]: Received GET request on /products/partial/data [IP: 182.156.141.17]
2025-12-04 11:41:28 AM [info]: Fetching all products 
2025-12-04 11:41:28 AM [info]: Fetched undefined products successfully 
2025-12-04 11:41:29 AM [info]: Received GET request on /employee/all/partial [IP: 182.156.141.17]
2025-12-04 11:41:29 AM [info]: Employee Getting successfully 
2025-12-04 11:41:33 AM [info]: Received GET request on /employee/?page=1&limit=6 [IP: 182.156.141.17]
2025-12-04 11:41:33 AM [info]: Received GET request on /userreport/user-counts [IP: 182.156.141.17]
2025-12-04 11:41:33 AM [info]: Received GET request on /products/partial/data?page=1&limit=6 [IP: 182.156.141.17]
2025-12-04 11:41:33 AM [info]: Received GET request on /userreport/total-purchase [IP: 182.156.141.17]
2025-12-04 11:41:33 AM [info]: Getting All Employee 
2025-12-04 11:41:33 AM [info]: Fetching all products 
2025-12-04 11:41:33 AM [info]: Employee Getting successfully 
2025-12-04 11:41:33 AM [info]: Fetched undefined products successfully 
2025-12-04 11:41:33 AM [info]: Received GET request on /company/partial/details [IP: 182.156.141.17]
2025-12-04 11:41:33 AM [info]: Received GET request on /location-branches/filterData/filter/all [IP: 182.156.141.17]
2025-12-04 11:41:33 AM [info]: Received GET request on /farmers/filterFarmer/all?page=1&limit=6 [IP: 182.156.141.17]
2025-12-04 11:41:33 AM [info]: Received GET request on /userreport/total-sale [IP: 182.156.141.17]
2025-12-04 11:41:33 AM [info]: Received GET request on /customers/names/all [IP: 182.156.141.17]
2025-12-04 11:41:33 AM [info]: Received GET request on /vendors/filterVendor/all?page=1&limit=6 [IP: 182.156.141.17]
2025-12-04 11:41:33 AM [info]: Received request to fetch all branches 
2025-12-04 11:41:33 AM [info]: Fetching all farmers 
2025-12-04 11:41:33 AM [info]: Fetched all branches successfully 
2025-12-04 11:41:33 AM [info]: Fetching all customers 
2025-12-04 11:41:33 AM [info]: Farmers retrieved successfully 
2025-12-04 11:41:33 AM [info]: Customers retrieved successfully 
2025-12-04 11:41:41 AM [info]: Received GET request on /aqr/?page=1&limit=10 [IP: 182.156.141.17]
2025-12-04 11:41:41 AM [info]: Fetching all AQR... 
2025-12-04 11:41:43 AM [info]: Received GET request on /employee/all/partial [IP: 182.156.141.17]
2025-12-04 11:41:43 AM [info]: Employee Getting successfully 
2025-12-04 11:41:43 AM [info]: Received GET request on /products/?page=1&limit=10 [IP: 182.156.141.17]
2025-12-04 11:41:43 AM [info]: Fetching all products 
2025-12-04 11:41:43 AM [info]: Received GET request on /deliveryChallan/challanNos/getAllChallanNo [IP: 182.156.141.17]
2025-12-04 11:41:43 AM [info]: Fetching all Delivery Challan numbers 
2025-12-04 11:41:43 AM [info]: Successfully fetched all Delivery Challan numbers 
2025-12-04 11:41:46 AM [info]: Fetched undefined products successfully 
2025-12-04 11:41:49 AM [info]: Received GET request on /products/?page=2&limit=10 [IP: 182.156.141.17]
2025-12-04 11:41:49 AM [info]: Fetching all products 
2025-12-04 11:41:49 AM [info]: Fetched undefined products successfully 
2025-12-04 11:42:20 AM [info]: Received POST request on /customer-delivery-challan/ [IP: 182.156.141.17]
2025-12-04 11:42:20 AM [info]: Received request to create customer delivery challan 
2025-12-04 11:42:21 AM [error]: Error creating challan 
2025-12-04 11:42:21 AM [error]: Unhandled Error: Failed to create Customer Delivery Challan 
2025-12-04 11:45:40 AM [info]: Received GET request on /socket.io/?EIO=4&transport=websocket [IP: 182.156.141.17]
2025-12-04 11:45:40 AM [info]: Received GET request on /deliveryChallan/challanNos/getAllChallanNo [IP: 182.156.141.17]
2025-12-04 11:45:40 AM [info]: Fetching all Delivery Challan numbers 
2025-12-04 11:45:40 AM [info]: Successfully fetched all Delivery Challan numbers 
2025-12-04 11:45:40 AM [info]: Received GET request on /employee/all/partial [IP: 182.156.141.17]
2025-12-04 11:45:40 AM [info]: Employee Getting successfully 
2025-12-04 11:45:40 AM [info]: Received GET request on /products/?page=2&limit=10 [IP: 182.156.141.17]
2025-12-04 11:45:40 AM [info]: Fetching all products 
2025-12-04 11:45:40 AM [info]: Fetched undefined products successfully 
2025-12-04 11:45:43 AM [info]: Received GET request on /socket.io/?EIO=4&transport=websocket [IP: 182.156.141.17]
2025-12-04 11:45:46 AM [info]: Received GET request on /socket.io/?EIO=4&transport=websocket [IP: 182.156.141.17]
2025-12-04 11:45:51 AM [info]: Received GET request on /socket.io/?EIO=4&transport=websocket [IP: 182.156.141.17]
2025-12-04 11:45:57 AM [info]: Received GET request on /socket.io/?EIO=4&transport=websocket [IP: 182.156.141.17]
2025-12-04 11:46:03 AM [info]: Received GET request on /socket.io/?EIO=4&transport=websocket [IP: 182.156.141.17]
2025-12-04 11:46:04 AM [info]: Received GET request on /socket.io/?EIO=4&transport=websocket [IP: 182.156.141.17]
2025-12-04 11:46:06 AM [info]: Received GET request on /socket.io/?EIO=4&transport=websocket [IP: 182.156.141.17]
2025-12-04 11:46:08 AM [info]: Received GET request on /socket.io/?EIO=4&transport=websocket [IP: 182.156.141.17]
2025-12-04 11:46:14 AM [info]: Received GET request on /socket.io/?EIO=4&transport=websocket [IP: 182.156.141.17]
2025-12-04 11:46:18 AM [info]: Received GET request on /socket.io/?EIO=4&transport=websocket [IP: 182.156.141.17]
2025-12-04 11:46:18 AM [info]: Received GET request on /products/partial/data?page=1&limit=10 [IP: 182.156.141.17]
2025-12-04 11:46:18 AM [info]: Fetching all products 
2025-12-04 11:46:18 AM [info]: Fetched undefined products successfully 
2025-12-04 11:46:18 AM [info]: Received GET request on /products/partial/f6cd3fa6-5ce3-4bee-a3e0-a0e4e706c65f [IP: 182.156.141.17]
2025-12-04 11:46:18 AM [info]: Fetching all products 
2025-12-04 11:46:18 AM [info]: Fetched undefined products successfully 
2025-12-04 11:46:18 AM [info]: Received GET request on /customers/names/all [IP: 182.156.141.17]
2025-12-04 11:46:18 AM [info]: Fetching all customers 
2025-12-04 11:46:18 AM [info]: Customers retrieved successfully 
2025-12-04 11:46:18 AM [info]: Received GET request on /customers/partial/all/ed6392ff-2aa3-40b2-b8a7-95d44b77597a [IP: 182.156.141.17]
2025-12-04 11:46:18 AM [info]: Fetching customer by ID 
2025-12-04 11:46:18 AM [info]: Customer retrieved successfully 
2025-12-04 11:46:20 AM [info]: Received GET request on /socket.io/?EIO=4&transport=websocket [IP: 182.156.141.17]
2025-12-04 11:46:20 AM [info]: Received GET request on /location-branches/filterData/filter/all [IP: 182.156.141.17]
2025-12-04 11:46:20 AM [info]: Received GET request on /products/getall/getvarient/f6cd3fa6-5ce3-4bee-a3e0-a0e4e706c65f [IP: 182.156.141.17]
2025-12-04 11:46:20 AM [info]: Received GET request on /products/partial/data [IP: 182.156.141.17]
2025-12-04 11:46:20 AM [info]: Received GET request on /company/partial/details [IP: 182.156.141.17]
2025-12-04 11:46:20 AM [info]: Received GET request on /grns/grnnumbers/getAllgrnNo [IP: 182.156.141.17]
2025-12-04 11:46:20 AM [info]: Received GET request on /packingMaterial/ [IP: 182.156.141.17]
2025-12-04 11:46:20 AM [info]: Received GET request on /uoms/getAll/partialdata [IP: 182.156.141.17]
2025-12-04 11:46:20 AM [info]: Received request to fetch all branches 
2025-12-04 11:46:20 AM [info]: Fetching all products 
2025-12-04 11:46:20 AM [info]: Fetching product with ID 
2025-12-04 11:46:20 AM [info]: Fetched all branches successfully 
2025-12-04 11:46:20 AM [info]: Total GRNs fetched: 10 
2025-12-04 11:46:20 AM [info]: Product with ID fetched successfully 
2025-12-04 11:46:20 AM [info]: Fetching all packing materials 
2025-12-04 11:46:20 AM [info]: Fetched undefined products successfully 
2025-12-04 11:46:21 AM [info]: Received GET request on /socket.io/?EIO=4&transport=websocket [IP: 182.156.141.17]
2025-12-04 11:46:22 AM [info]: Received GET request on /socket.io/?EIO=4&transport=websocket [IP: 182.156.141.17]
2025-12-04 11:46:25 AM [info]: Received GET request on /socket.io/?EIO=4&transport=websocket [IP: 182.156.141.17]
2025-12-04 11:46:26 AM [info]: Received GET request on /socket.io/?EIO=4&transport=websocket [IP: 182.156.141.17]
2025-12-04 11:46:29 AM [info]: Received GET request on /socket.io/?EIO=4&transport=websocket [IP: 182.156.141.17]
2025-12-04 11:46:35 AM [info]: Received GET request on /socket.io/?EIO=4&transport=websocket [IP: 182.156.141.17]
2025-12-04 11:46:41 AM [info]: Received GET request on /socket.io/?EIO=4&transport=websocket [IP: 182.156.141.17]
2025-12-04 11:53:16 AM [info]: Database connected successfully 
2025-12-04 11:53:16 AM [info]: 🚀 Server started on port 8003 
2025-12-04 11:53:16 AM [info]: 📡 SSE endpoint: http://localhost:8003/sse/notifications 
2025-12-04 11:53:16 AM [info]: 🧪 SSE test: http://localhost:8003/sse/test 
2025-12-04 11:53:54 AM [info]: Received GET request on /products/?page=2&limit=10 [IP: 182.156.141.17]
2025-12-04 11:53:54 AM [info]: Received GET request on /deliveryChallan/challanNos/getAllChallanNo [IP: 182.156.141.17]
2025-12-04 11:53:54 AM [info]: Received GET request on /employee/all/partial [IP: 182.156.141.17]
2025-12-04 11:53:54 AM [info]: Fetching all products 
2025-12-04 11:53:54 AM [info]: Fetching all Delivery Challan numbers 
2025-12-04 11:53:54 AM [info]: Successfully fetched all Delivery Challan numbers 
2025-12-04 11:53:54 AM [info]: Fetched undefined products successfully 
2025-12-04 11:53:54 AM [info]: Employee Getting successfully 
2025-12-04 11:55:09 AM [info]: Received GET request on /rfpa/?page=1&limit=10 [IP: 182.156.141.17]
2025-12-04 11:55:10 AM [info]: Total RFPAS fetched: 9 
2025-12-04 11:55:11 AM [info]: Received GET request on /farmers/filterFarmer/all?page=1&limit=10 [IP: 182.156.141.17]
2025-12-04 11:55:11 AM [info]: Fetching all farmers 
2025-12-04 11:55:11 AM [info]: Farmers retrieved successfully 
2025-12-04 11:55:11 AM [info]: Received GET request on /location-branches/filterData/filter/all [IP: 182.156.141.17]
2025-12-04 11:55:11 AM [info]: Received request to fetch all branches 
2025-12-04 11:55:11 AM [info]: Fetched all branches successfully 
2025-12-04 11:55:11 AM [info]: Received GET request on /vendors/filterVendor/all?page=1&limit=10 [IP: 182.156.141.17]
2025-12-04 11:55:13 AM [info]: Received GET request on /products/partial/data [IP: 182.156.141.17]
2025-12-04 11:55:13 AM [info]: Fetching all products 
2025-12-04 11:55:13 AM [info]: Fetched undefined products successfully 
2025-12-04 11:55:13 AM [info]: Received GET request on /products/partial/data?page=1&limit=10 [IP: 182.156.141.17]
2025-12-04 11:55:13 AM [info]: Received GET request on /uoms/getAll/partialdata [IP: 182.156.141.17]
2025-12-04 11:55:13 AM [info]: Received GET request on /company/partial/details [IP: 182.156.141.17]
2025-12-04 11:55:13 AM [info]: Fetching all products 
2025-12-04 11:55:13 AM [info]: Fetched undefined products successfully 
2025-12-04 11:55:17 AM [info]: Received GET request on /products/partial/data?page=2&limit=10 [IP: 182.156.141.17]
2025-12-04 11:55:17 AM [info]: Fetching all products 
2025-12-04 11:55:17 AM [info]: Fetched undefined products successfully 
2025-12-04 11:55:57 AM [info]: Database connected successfully 
2025-12-04 11:55:57 AM [info]: 🚀 Server started on port 8003 
2025-12-04 11:55:57 AM [info]: 📡 SSE endpoint: http://localhost:8003/sse/notifications 
2025-12-04 11:55:57 AM [info]: 🧪 SSE test: http://localhost:8003/sse/test 
2025-12-04 12:00:18 PM [info]: Database connected successfully 
2025-12-04 12:00:18 PM [info]: 🚀 Server started on port 8003 
2025-12-04 12:00:18 PM [info]: 📡 SSE endpoint: http://localhost:8003/sse/notifications 
2025-12-04 12:00:18 PM [info]: 🧪 SSE test: http://localhost:8003/sse/test 
2025-12-04 12:02:21 PM [info]: Database connected successfully 
2025-12-04 12:02:21 PM [info]: 🚀 Server started on port 8003 
2025-12-04 12:02:21 PM [info]: 📡 SSE endpoint: http://localhost:8003/sse/notifications 
2025-12-04 12:02:21 PM [info]: 🧪 SSE test: http://localhost:8003/sse/test 
2025-12-04 12:05:19 PM [info]: Database connected successfully 
2025-12-04 12:05:19 PM [info]: 🚀 Server started on port 8003 
2025-12-04 12:05:19 PM [info]: 📡 SSE endpoint: http://localhost:8003/sse/notifications 
2025-12-04 12:05:19 PM [info]: 🧪 SSE test: http://localhost:8003/sse/test 
2025-12-04 12:08:53 PM [info]: Database connected successfully 
2025-12-04 12:08:54 PM [info]: 🚀 Server started on port 8003 
2025-12-04 12:08:54 PM [info]: 📡 SSE endpoint: http://localhost:8003/sse/notifications 
2025-12-04 12:08:54 PM [info]: 🧪 SSE test: http://localhost:8003/sse/test 
2025-12-04 12:09:45 PM [info]: Received GET request on /vendors/filterVendor/all?page=1&limit=10 [IP: 182.156.141.17]
2025-12-04 12:09:45 PM [info]: Received GET request on /farmers/filterFarmer/all?page=1&limit=10 [IP: 182.156.141.17]
2025-12-04 12:09:45 PM [info]: Received GET request on /products/partial/data?page=1&limit=10 [IP: 182.156.141.17]
2025-12-04 12:09:45 PM [info]: Fetching all farmers 
2025-12-04 12:09:45 PM [info]: Fetching all products 
2025-12-04 12:09:45 PM [info]: Farmers retrieved successfully 
2025-12-04 12:09:45 PM [info]: Fetched undefined products successfully 
2025-12-04 12:09:48 PM [info]: Received GET request on /products/getall/getvarient/f6cd3fa6-5ce3-4bee-a3e0-a0e4e706c65f [IP: 182.156.141.17]
2025-12-04 12:09:48 PM [info]: Received GET request on /products/partial/data?page=1&limit=10 [IP: 182.156.141.17]
2025-12-04 12:09:48 PM [info]: Fetching product with ID 
2025-12-04 12:09:48 PM [info]: Product with ID fetched successfully 
2025-12-04 12:09:48 PM [info]: Received GET request on /products/partial/f6cd3fa6-5ce3-4bee-a3e0-a0e4e706c65f [IP: 182.156.141.17]
2025-12-04 12:09:48 PM [info]: Fetching all products 
2025-12-04 12:09:48 PM [info]: Fetching all products 
2025-12-04 12:09:48 PM [info]: Fetched undefined products successfully 
2025-12-04 12:09:48 PM [info]: Fetched undefined products successfully 
2025-12-04 12:09:49 PM [info]: Received GET request on /socket.io/?EIO=4&transport=websocket [IP: 182.156.141.17]
2025-12-04 12:09:49 PM [info]: Received GET request on /socket.io/?EIO=4&transport=websocket [IP: 182.156.141.17]
2025-12-04 12:09:49 PM [info]: Received GET request on /farmers/filterFarmer/all?page=1&limit=10 [IP: 182.156.141.17]
2025-12-04 12:09:49 PM [info]: Received GET request on /products/partial/data?page=1&limit=10 [IP: 182.156.141.17]
2025-12-04 12:09:49 PM [info]: Received GET request on /vendors/filterVendor/all?page=1&limit=10 [IP: 182.156.141.17]
2025-12-04 12:09:49 PM [info]: Fetching all farmers 
2025-12-04 12:09:49 PM [info]: Fetching all products 
2025-12-04 12:09:49 PM [info]: Farmers retrieved successfully 
2025-12-04 12:09:49 PM [info]: Fetched undefined products successfully 
2025-12-04 12:09:49 PM [info]: Received GET request on /uoms/getAll/partialdata [IP: 182.156.141.17]
2025-12-04 12:09:49 PM [info]: Received GET request on /products/partial/data [IP: 182.156.141.17]
2025-12-04 12:09:49 PM [info]: Received GET request on /location-branches/filterData/filter/all [IP: 182.156.141.17]
2025-12-04 12:09:49 PM [info]: Received GET request on /company/partial/details [IP: 182.156.141.17]
2025-12-04 12:09:49 PM [info]: Fetching all products 
2025-12-04 12:09:49 PM [info]: Received request to fetch all branches 
2025-12-04 12:09:49 PM [info]: Fetched all branches successfully 
2025-12-04 12:09:49 PM [info]: Fetched undefined products successfully 
2025-12-04 12:09:50 PM [info]: Received GET request on /socket.io/?EIO=4&transport=websocket [IP: 182.156.141.17]
2025-12-04 12:09:52 PM [info]: Received GET request on /socket.io/?EIO=4&transport=websocket [IP: 182.156.141.17]
2025-12-04 12:09:56 PM [info]: Received GET request on /socket.io/?EIO=4&transport=websocket [IP: 182.156.141.17]
2025-12-04 12:09:56 PM [info]: Received GET request on /products/partial/data?page=2&limit=10 [IP: 182.156.141.17]
2025-12-04 12:09:56 PM [info]: Fetching all products 
2025-12-04 12:09:56 PM [info]: Fetched undefined products successfully 
2025-12-04 12:10:02 PM [info]: Received GET request on /socket.io/?EIO=4&transport=websocket [IP: 182.156.141.17]
2025-12-04 12:10:08 PM [info]: Received GET request on /socket.io/?EIO=4&transport=websocket [IP: 182.156.141.17]
2025-12-04 12:10:20 PM [info]: Database connected successfully 
2025-12-04 12:10:20 PM [info]: 🚀 Server started on port 8003 
2025-12-04 12:10:20 PM [info]: 📡 SSE endpoint: http://localhost:8003/sse/notifications 
2025-12-04 12:10:20 PM [info]: 🧪 SSE test: http://localhost:8003/sse/test 
2025-12-04 12:10:23 PM [info]: Received GET request on /socket.io/?EIO=4&transport=websocket [IP: 182.156.141.17]
2025-12-04 12:10:25 PM [info]: Received GET request on /rfpa/?page=1&limit=10 [IP: 182.156.141.17]
2025-12-04 12:10:25 PM [info]: Received GET request on /socket.io/?EIO=4&transport=websocket [IP: 182.156.141.17]
2025-12-04 12:10:25 PM [info]: Total RFPAS fetched: 9 
2025-12-04 12:10:26 PM [info]: Received GET request on /socket.io/?EIO=4&transport=websocket [IP: 182.156.141.17]
2025-12-04 12:10:27 PM [info]: Received GET request on /socket.io/?EIO=4&transport=websocket [IP: 182.156.141.17]
2025-12-04 12:10:31 PM [info]: Received GET request on /location-branches/filterData/filter/all [IP: 182.156.141.17]
2025-12-04 12:10:31 PM [info]: Received GET request on /company/partial/details [IP: 182.156.141.17]
2025-12-04 12:10:31 PM [info]: Received request to fetch all branches 
2025-12-04 12:10:31 PM [info]: Fetched all branches successfully 
2025-12-04 12:10:31 PM [info]: Received GET request on /rfpa/05e8a4cc-47be-446c-a7c8-df2859094adb/update [IP: 182.156.141.17]
2025-12-04 12:10:31 PM [info]: Received GET request on /products/partial/data [IP: 182.156.141.17]
2025-12-04 12:10:31 PM [info]: Fetching RFPA with ID: 05e8a4cc-47be-446c-a7c8-df2859094adb 
2025-12-04 12:10:31 PM [info]: Received GET request on /uoms/getAll/partialdata [IP: 182.156.141.17]
2025-12-04 12:10:31 PM [info]: Fetching all products 
2025-12-04 12:10:31 PM [info]: Fetched undefined products successfully 
2025-12-04 12:10:31 PM [info]: Successfully fetched RFPA with ID: 05e8a4cc-47be-446c-a7c8-df2859094adb 
2025-12-04 12:10:32 PM [info]: Received GET request on /farmers/filterFarmer/ab3408e6-7534-4ad5-a1c3-0141f935cd41 [IP: 182.156.141.17]
2025-12-04 12:10:32 PM [info]: Received GET request on /vendors/filterVendor/all?page=1&limit=10 [IP: 182.156.141.17]
2025-12-04 12:10:32 PM [info]: Received GET request on /products/partial/71024a95-c860-4d2e-acf9-4f28e8cab3d0 [IP: 182.156.141.17]
2025-12-04 12:10:32 PM [info]: Received GET request on /products/getall/getvarient/71024a95-c860-4d2e-acf9-4f28e8cab3d0 [IP: 182.156.141.17]
2025-12-04 12:10:32 PM [info]: Fetching all farmers 
2025-12-04 12:10:32 PM [info]: Fetching all products 
2025-12-04 12:10:32 PM [info]: Fetching product with ID 
2025-12-04 12:10:32 PM [info]: Fetched undefined products successfully 
2025-12-04 12:10:32 PM [info]: Product with ID fetched successfully 
2025-12-04 12:10:32 PM [info]: Received GET request on /products/partial/data?page=1&limit=10 [IP: 182.156.141.17]
2025-12-04 12:10:32 PM [info]: Received GET request on /farmers/filterFarmer/all?page=1&limit=10 [IP: 182.156.141.17]
2025-12-04 12:10:32 PM [info]: Fetching all products 
2025-12-04 12:10:32 PM [info]: Fetching all farmers 
2025-12-04 12:10:32 PM [info]: Fetched undefined products successfully 
2025-12-04 12:10:32 PM [info]: Farmers retrieved successfully 
2025-12-04 12:10:32 PM [info]: Received GET request on /socket.io/?EIO=4&transport=websocket [IP: 182.156.141.17]
2025-12-04 12:10:34 PM [info]: Farmers retrieved successfully 
2025-12-04 12:10:35 PM [info]: Received GET request on /farmers/filterFarmer/all?search=vishal%20d%20tarle&page=1&limit=10 [IP: 182.156.141.17]
2025-12-04 12:10:35 PM [info]: Fetching all farmers 
2025-12-04 12:10:35 PM [info]: Farmers retrieved successfully 
2025-12-04 12:10:37 PM [info]: Received GET request on /socket.io/?EIO=4&transport=websocket [IP: 182.156.141.17]
2025-12-04 12:10:42 PM [info]: Received GET request on /socket.io/?EIO=4&transport=websocket [IP: 182.156.141.17]
2025-12-04 12:12:12 PM [info]: Received GET request on /products/partial/data?page=2&limit=10 [IP: 182.156.141.17]
2025-12-04 12:12:12 PM [info]: Fetching all products 
2025-12-04 12:12:12 PM [info]: Fetched undefined products successfully 
2025-12-04 12:12:23 PM [info]: Received GET request on /rfpa/?page=1&limit=10 [IP: 182.156.141.17]
2025-12-04 12:12:23 PM [info]: Total RFPAS fetched: 9 
2025-12-04 12:13:45 PM [info]: Received GET request on /products/partial/data?page=1&limit=10 [IP: 182.156.141.17]
2025-12-04 12:13:45 PM [info]: Received GET request on /products/getall/getvarient/f6cd3fa6-5ce3-4bee-a3e0-a0e4e706c65f [IP: 182.156.141.17]
2025-12-04 12:13:45 PM [info]: Fetching all products 
2025-12-04 12:13:45 PM [info]: Fetching product with ID 
2025-12-04 12:13:45 PM [info]: Product with ID fetched successfully 
2025-12-04 12:13:45 PM [info]: Fetched undefined products successfully 
2025-12-04 12:13:45 PM [info]: Received GET request on /products/partial/f6cd3fa6-5ce3-4bee-a3e0-a0e4e706c65f [IP: 182.156.141.17]
2025-12-04 12:13:45 PM [info]: Fetching all products 
2025-12-04 12:13:45 PM [info]: Fetched undefined products successfully 
2025-12-04 12:13:46 PM [info]: Received POST request on /customer-delivery-challan/ [IP: 182.156.141.17]
2025-12-04 12:13:46 PM [info]: Received request to create customer delivery challan 
2025-12-04 12:13:47 PM [info]: Customer delivery challan created successfully 
2025-12-04 12:13:51 PM [info]: Received GET request on /customer-delivery-challan/?page=1&limit=10 [IP: 182.156.141.17]
2025-12-04 12:13:51 PM [info]: Fetching all customer delivery challans 
2025-12-04 12:14:02 PM [info]: Received GET request on /inventoryStock/stock/locationwise-companywise-productwise?company=0077bf42-c691-473a-88dc-f0e8657a4f53&location=5991f12e-b4e7-4c50-9958-70acbaf018c4&startDate=2025-12-03&endDate=2025-12-04&product=f6cd3fa6-5ce3-4bee-a3e0-a0e4e706c65f [IP: ::1]
2025-12-04 12:14:02 PM [info]: Stock fetched successfully for location, company and product 
2025-12-04 12:22:35 PM [info]: Received GET request on /tranfer-delivery-challan/?page=1&limit=10 [IP: 182.156.141.17]
2025-12-04 12:22:35 PM [error]: AppError: No stock transfer delivery challans found 
2025-12-04 12:22:36 PM [info]: Received GET request on /tranfer-delivery-challan/?page=1&limit=10 [IP: 182.156.141.17]
2025-12-04 12:22:38 PM [error]: AppError: No stock transfer delivery challans found 
2025-12-04 12:23:15 PM [info]: Received GET request on /customer-delivery-challan/?page=1&limit=10 [IP: 182.156.141.17]
2025-12-04 12:23:15 PM [info]: Fetching all customer delivery challans 
2025-12-04 12:23:17 PM [info]: Received GET request on /products/partial/data?page=1&limit=10 [IP: 182.156.141.17]
2025-12-04 12:23:17 PM [info]: Fetching all products 
2025-12-04 12:23:17 PM [info]: Fetched undefined products successfully 
2025-12-04 12:23:20 PM [info]: Received GET request on /company/partial/details [IP: 182.156.141.17]
2025-12-04 12:23:20 PM [info]: Received GET request on /packingMaterial/ [IP: 182.156.141.17]
2025-12-04 12:23:20 PM [info]: Received GET request on /location-branches/filterData/filter/all [IP: 182.156.141.17]
2025-12-04 12:23:20 PM [info]: Fetching all packing materials 
2025-12-04 12:23:20 PM [info]: Received request to fetch all branches 
2025-12-04 12:23:20 PM [info]: Fetched all branches successfully 
2025-12-04 12:23:20 PM [info]: Received GET request on /uoms/getAll/partialdata [IP: 182.156.141.17]
2025-12-04 12:23:20 PM [info]: Received GET request on /products/partial/data [IP: 182.156.141.17]
2025-12-04 12:23:20 PM [info]: Received GET request on /grns/grnnumbers/getAllgrnNo [IP: 182.156.141.17]
2025-12-04 12:23:20 PM [info]: Fetching all products 
2025-12-04 12:23:20 PM [info]: Total GRNs fetched: 10 
2025-12-04 12:23:20 PM [info]: Fetched undefined products successfully 
2025-12-04 12:23:20 PM [info]: Received GET request on /customers/names/all [IP: 182.156.141.17]
2025-12-04 12:23:20 PM [info]: Fetching all customers 
2025-12-04 12:23:20 PM [info]: Customers retrieved successfully 
2025-12-04 12:34:34 PM [info]: Received GET request on /products/partial/data?page=1&limit=10 [IP: 182.156.141.17]
2025-12-04 12:34:34 PM [info]: Fetching all products 
2025-12-04 12:34:34 PM [info]: Fetched undefined products successfully 
2025-12-04 12:34:39 PM [info]: Received GET request on /vendors/filterVendor/all?page=1&limit=10 [IP: 182.156.141.17]
2025-12-04 12:34:39 PM [info]: Received GET request on /products/partial/data?page=1&limit=10 [IP: 182.156.141.17]
2025-12-04 12:34:39 PM [info]: Received GET request on /products/partial/data [IP: 182.156.141.17]
2025-12-04 12:34:39 PM [info]: Fetching all products 
2025-12-04 12:34:39 PM [info]: Fetching all products 
2025-12-04 12:34:39 PM [info]: Fetched undefined products successfully 
2025-12-04 12:34:39 PM [info]: Fetched undefined products successfully 
2025-12-04 12:34:39 PM [info]: Received GET request on /company/partial/details [IP: 182.156.141.17]
2025-12-04 12:34:40 PM [info]: Received GET request on /location-branches/filterData/filter/all [IP: 182.156.141.17]
2025-12-04 12:34:40 PM [info]: Received GET request on /farmers/filterFarmer/all?page=1&limit=10 [IP: 182.156.141.17]
2025-12-04 12:34:40 PM [info]: Received GET request on /uoms/getAll/partialdata [IP: 182.156.141.17]
2025-12-04 12:34:40 PM [info]: Received request to fetch all branches 
2025-12-04 12:34:40 PM [info]: Fetching all farmers 
2025-12-04 12:34:40 PM [info]: Fetched all branches successfully 
2025-12-04 12:34:40 PM [info]: Farmers retrieved successfully 
2025-12-04 12:34:48 PM [info]: Received GET request on /products/partial/data?page=2&limit=10 [IP: 182.156.141.17]
2025-12-04 12:34:48 PM [info]: Fetching all products 
2025-12-04 12:34:48 PM [info]: Fetched undefined products successfully 
2025-12-04 12:48:43 PM [info]: Received GET request on /socket.io/?EIO=4&transport=websocket [IP: 182.156.141.17]
2025-12-04 12:48:43 PM [info]: Received GET request on /farmers/filterFarmer/all?page=1&limit=10 [IP: 182.156.141.17]
2025-12-04 12:48:43 PM [info]: Received GET request on /uoms/getAll/partialdata [IP: 182.156.141.17]
2025-12-04 12:48:43 PM [info]: Received GET request on /products/partial/data [IP: 182.156.141.17]
2025-12-04 12:48:43 PM [info]: Received GET request on /company/partial/details [IP: 182.156.141.17]
2025-12-04 12:48:43 PM [info]: Received GET request on /products/partial/data?page=1&limit=10 [IP: 182.156.141.17]
2025-12-04 12:48:43 PM [info]: Received GET request on /location-branches/filterData/filter/all [IP: 182.156.141.17]
2025-12-04 12:48:43 PM [info]: Fetching all products 
2025-12-04 12:48:43 PM [info]: Fetching all products 
2025-12-04 12:48:43 PM [info]: Received request to fetch all branches 
2025-12-04 12:48:43 PM [info]: Fetching all farmers 
2025-12-04 12:48:43 PM [info]: Fetched all branches successfully 
2025-12-04 12:48:43 PM [info]: Fetched undefined products successfully 
2025-12-04 12:48:43 PM [info]: Fetched undefined products successfully 
2025-12-04 12:48:43 PM [info]: Farmers retrieved successfully 
2025-12-04 12:48:43 PM [info]: Received GET request on /vendors/filterVendor/all?page=1&limit=10 [IP: 182.156.141.17]
2025-12-04 12:48:43 PM [info]: Received GET request on /socket.io/?EIO=4&transport=websocket [IP: 182.156.141.17]
2025-12-04 12:48:44 PM [info]: Received GET request on /socket.io/?EIO=4&transport=websocket [IP: 182.156.141.17]
2025-12-04 12:48:46 PM [info]: Received GET request on /socket.io/?EIO=4&transport=websocket [IP: 182.156.141.17]
2025-12-04 12:48:50 PM [info]: Received GET request on /socket.io/?EIO=4&transport=websocket [IP: 182.156.141.17]
2025-12-04 12:48:52 PM [info]: Received GET request on /products/partial/data?page=2&limit=10 [IP: 182.156.141.17]
2025-12-04 12:48:52 PM [info]: Fetching all products 
2025-12-04 12:48:52 PM [info]: Fetched undefined products successfully 
2025-12-04 12:48:56 PM [info]: Received GET request on /socket.io/?EIO=4&transport=websocket [IP: 182.156.141.17]
2025-12-04 12:49:01 PM [info]: Received GET request on /socket.io/?EIO=4&transport=websocket [IP: 182.156.141.17]
2025-12-04 01:01:02 PM [info]: Received GET request on /customer-delivery-challan/?page=1&limit=10 [IP: 182.156.141.17]
2025-12-04 01:01:02 PM [info]: Fetching all customer delivery challans 
2025-12-04 01:01:39 PM [info]: Received GET request on /socket.io/?EIO=4&transport=websocket [IP: 182.156.141.17]
2025-12-04 01:01:39 PM [info]: Received GET request on /socket.io/?EIO=4&transport=websocket [IP: 182.156.141.17]
2025-12-04 01:01:40 PM [info]: Received GET request on /customer-delivery-challan/?page=1&limit=10 [IP: 182.156.141.17]
2025-12-04 01:01:40 PM [info]: Fetching all customer delivery challans 
2025-12-04 01:01:44 PM [info]: Received GET request on /socket.io/?EIO=4&transport=websocket [IP: 182.156.141.17]
2025-12-04 01:01:47 PM [info]: Received GET request on /socket.io/?EIO=4&transport=websocket [IP: 182.156.141.17]
2025-12-04 01:01:53 PM [info]: Received GET request on /socket.io/?EIO=4&transport=websocket [IP: 182.156.141.17]
2025-12-04 01:01:58 PM [info]: Received GET request on /socket.io/?EIO=4&transport=websocket [IP: 182.156.141.17]
2025-12-04 01:02:04 PM [info]: Received GET request on /socket.io/?EIO=4&transport=websocket [IP: 182.156.141.17]
2025-12-04 01:03:46 PM [info]: Database connected successfully 
2025-12-04 01:03:46 PM [info]: 🚀 Server started on port 8003 
2025-12-04 01:03:46 PM [info]: 📡 SSE endpoint: http://localhost:8003/sse/notifications 
2025-12-04 01:03:46 PM [info]: 🧪 SSE test: http://localhost:8003/sse/test 
2025-12-04 02:03:49 PM [info]: Received GET request on /socket.io/?EIO=4&transport=websocket [IP: 182.156.141.17]
2025-12-04 02:03:49 PM [info]: Received GET request on /socket.io/?EIO=4&transport=websocket [IP: 182.156.141.17]
2025-12-04 02:03:49 PM [info]: Received GET request on /customer-delivery-challan/?page=1&limit=10 [IP: 182.156.141.17]
2025-12-04 02:03:49 PM [info]: Fetching all customer delivery challans 
2025-12-04 02:03:58 PM [info]: Received GET request on /socket.io/?EIO=4&transport=websocket [IP: 182.156.141.17]
2025-12-04 02:04:01 PM [info]: Received GET request on /socket.io/?EIO=4&transport=websocket [IP: 182.156.141.17]
2025-12-04 02:04:04 PM [info]: Received GET request on /socket.io/?EIO=4&transport=websocket [IP: 182.156.141.17]
2025-12-04 02:04:09 PM [info]: Received GET request on /socket.io/?EIO=4&transport=websocket [IP: 182.156.141.17]
2025-12-04 02:04:14 PM [info]: Received GET request on /socket.io/?EIO=4&transport=websocket [IP: 182.156.141.17]
2025-12-04 02:11:46 PM [info]: Received GET request on /inventoryStock/stock/locationwise-companywise-productwise?company=0077bf42-c691-473a-88dc-f0e8657a4f53&location=5991f12e-b4e7-4c50-9958-70acbaf018c4&startDate=2025-12-03&endDate=2025-12-04&product=f6cd3fa6-5ce3-4bee-a3e0-a0e4e706c65f [IP: ::1]
2025-12-04 02:11:46 PM [info]: Stock fetched successfully for location, company and product 
2025-12-04 02:22:00 PM [info]: Received GET request on /inwardRegister/?page=1&limit=10 [IP: 182.156.141.17]
2025-12-04 02:22:00 PM [info]: Fetching all InwardRegister... 
2025-12-04 02:22:05 PM [info]: Received GET request on /vendors/filterVendor/all?page=1&limit=10 [IP: 182.156.141.17]
2025-12-04 02:22:05 PM [info]: Received GET request on /deliveryChallan/challanNos/getAllChallanNo [IP: 182.156.141.17]
2025-12-04 02:22:05 PM [info]: Received GET request on /company/partial/details [IP: 182.156.141.17]
2025-12-04 02:22:05 PM [info]: Received GET request on /employee/all/partial [IP: 182.156.141.17]
2025-12-04 02:22:05 PM [info]: Received GET request on /farmers/filterFarmer/all?page=1&limit=10 [IP: 182.156.141.17]
2025-12-04 02:22:05 PM [info]: Received GET request on /products/partial/data?page=1&limit=10 [IP: 182.156.141.17]
2025-12-04 02:22:05 PM [info]: Received GET request on /grns/grnnumbers/getAllgrnNo [IP: 182.156.141.17]
2025-12-04 02:22:05 PM [info]: Fetching all Delivery Challan numbers 
2025-12-04 02:22:06 PM [info]: Received GET request on /location-branches/filterData/filter/all [IP: 182.156.141.17]
2025-12-04 02:22:06 PM [info]: Successfully fetched all Delivery Challan numbers 
2025-12-04 02:22:06 PM [info]: Fetching all farmers 
2025-12-04 02:22:06 PM [info]: Fetching all products 
2025-12-04 02:22:06 PM [info]: Employee Getting successfully 
2025-12-04 02:22:06 PM [info]: Received request to fetch all branches 
2025-12-04 02:22:06 PM [info]: Total GRNs fetched: 10 
2025-12-04 02:22:06 PM [info]: Received GET request on /uoms/getAll/partialdata [IP: 182.156.141.17]
2025-12-04 02:22:06 PM [info]: Fetched all branches successfully 
2025-12-04 02:22:06 PM [info]: Farmers retrieved successfully 
2025-12-04 02:22:06 PM [info]: Fetched undefined products successfully 
2025-12-04 02:22:06 PM [info]: Received GET request on /products/partial/data [IP: 182.156.141.17]
2025-12-04 02:22:06 PM [info]: Fetching all products 
2025-12-04 02:22:06 PM [info]: Fetched undefined products successfully 
2025-12-04 03:03:04 PM [info]: Received GET request on /inwardRegister/?page=1&limit=10 [IP: 182.156.141.17]
2025-12-04 03:03:04 PM [info]: Fetching all InwardRegister... 
2025-12-04 03:05:16 PM [info]: Received GET request on /socket.io/?EIO=4&transport=websocket [IP: 182.156.141.17]
2025-12-04 03:05:17 PM [info]: Received GET request on /socket.io/?EIO=4&transport=websocket [IP: 182.156.141.17]
2025-12-04 03:05:17 PM [info]: Received GET request on /inwardRegister/?page=1&limit=10 [IP: 182.156.141.17]
2025-12-04 03:05:17 PM [info]: Fetching all InwardRegister... 
2025-12-04 03:05:19 PM [info]: Received GET request on /socket.io/?EIO=4&transport=websocket [IP: 182.156.141.17]
2025-12-04 03:05:23 PM [info]: Received GET request on /socket.io/?EIO=4&transport=websocket [IP: 182.156.141.17]
2025-12-04 03:05:27 PM [info]: Received GET request on /socket.io/?EIO=4&transport=websocket [IP: 182.156.141.17]
2025-12-04 03:05:35 PM [info]: Received GET request on /socket.io/?EIO=4&transport=websocket [IP: 182.156.141.17]
2025-12-04 03:05:41 PM [info]: Received GET request on /socket.io/?EIO=4&transport=websocket [IP: 182.156.141.17]
2025-12-04 05:06:49 PM [info]: Received GET request on /socket.io/?EIO=4&transport=websocket [IP: 182.156.141.17]
2025-12-04 05:06:49 PM [info]: Received GET request on /vendors/filterVendor/all?page=1&limit=10 [IP: 182.156.141.17]
2025-12-04 05:06:49 PM [info]: Received GET request on /uoms/getAll/partialdata [IP: 182.156.141.17]
2025-12-04 05:06:49 PM [info]: Received GET request on /products/partial/data [IP: 182.156.141.17]
2025-12-04 05:06:49 PM [info]: Received GET request on /location-branches/filterData/filter/all [IP: 182.156.141.17]
2025-12-04 05:06:49 PM [info]: Received GET request on /farmers/filterFarmer/all?page=1&limit=10 [IP: 182.156.141.17]
2025-12-04 05:06:49 PM [info]: Received GET request on /company/partial/details [IP: 182.156.141.17]
2025-12-04 05:06:52 PM [info]: Fetching all products 
2025-12-04 05:06:52 PM [info]: Received request to fetch all branches 
2025-12-04 05:06:52 PM [info]: Received GET request on /products/partial/data?page=1&limit=10 [IP: 182.156.141.17]
2025-12-04 05:06:52 PM [info]: Fetching all farmers 
2025-12-04 05:06:52 PM [info]: Fetched all branches successfully 
2025-12-04 05:06:52 PM [info]: Received GET request on /socket.io/?EIO=4&transport=websocket [IP: 182.156.141.17]
2025-12-04 05:06:52 PM [info]: Fetched undefined products successfully 
2025-12-04 05:06:52 PM [info]: Fetching all products 
2025-12-04 05:06:52 PM [info]: Farmers retrieved successfully 
2025-12-04 05:06:52 PM [info]: Fetched undefined products successfully 
2025-12-04 05:06:53 PM [info]: Received GET request on /socket.io/?EIO=4&transport=websocket [IP: 182.156.141.17]
2025-12-04 05:06:55 PM [info]: Received GET request on /socket.io/?EIO=4&transport=websocket [IP: 182.156.141.17]
2025-12-04 05:06:57 PM [info]: Received GET request on /products/partial/data?page=2&limit=10 [IP: 182.156.141.17]
2025-12-04 05:06:57 PM [info]: Fetching all products 
2025-12-04 05:06:57 PM [info]: Fetched undefined products successfully 
2025-12-04 05:06:59 PM [info]: Received GET request on /socket.io/?EIO=4&transport=websocket [IP: 182.156.141.17]
2025-12-04 05:07:05 PM [info]: Received GET request on /socket.io/?EIO=4&transport=websocket [IP: 182.156.141.17]
2025-12-04 05:07:11 PM [info]: Received GET request on /socket.io/?EIO=4&transport=websocket [IP: 182.156.141.17]
2025-12-04 05:14:56 PM [info]: Received GET request on /farmers/filterFarmer/all?page=1&limit=10 [IP: 182.156.141.17]
2025-12-04 05:14:56 PM [error]: AppError: You need to re-authenticate. Please log in. 
2025-12-04 05:14:56 PM [info]: Received GET request on /products/partial/data?page=2&limit=10 [IP: 182.156.141.17]
2025-12-04 05:14:56 PM [error]: AppError: You need to re-authenticate. Please log in. 
2025-12-04 05:14:56 PM [info]: Received GET request on /vendors/filterVendor/all?page=1&limit=10 [IP: 182.156.141.17]
2025-12-04 05:14:56 PM [error]: AppError: You need to re-authenticate. Please log in. 
2025-12-04 05:14:58 PM [info]: Received POST request on /auth/refresh-token [IP: 182.156.141.17]
2025-12-04 05:14:58 PM [info]: Received request to refresh access token 
2025-12-04 05:14:58 PM [info]: Received POST request on /auth/refresh-token [IP: 182.156.141.17]
2025-12-04 05:14:58 PM [info]: Received request to refresh access token 
2025-12-04 05:14:58 PM [info]: Received POST request on /auth/refresh-token [IP: 182.156.141.17]
2025-12-04 05:14:58 PM [info]: Received request to refresh access token 
2025-12-04 05:14:58 PM [info]: Access token refreshed successfully 
2025-12-04 05:14:58 PM [info]: Access token refreshed successfully 
2025-12-04 05:14:58 PM [info]: Access token refreshed successfully 
2025-12-04 05:14:59 PM [info]: Received GET request on /vendors/filterVendor/all?page=1&limit=10 [IP: 182.156.141.17]
2025-12-04 05:14:59 PM [info]: Received GET request on /farmers/filterFarmer/all?page=1&limit=10 [IP: 182.156.141.17]
2025-12-04 05:14:59 PM [info]: Fetching all farmers 
2025-12-04 05:14:59 PM [info]: Farmers retrieved successfully 
2025-12-04 05:14:59 PM [info]: Received GET request on /products/partial/data?page=2&limit=10 [IP: 182.156.141.17]
2025-12-04 05:14:59 PM [info]: Fetching all products 
2025-12-04 05:14:59 PM [info]: Fetched undefined products successfully 
2025-12-04 05:15:42 PM [info]: Received GET request on /socket.io/?EIO=4&transport=websocket [IP: 182.156.141.17]
2025-12-04 05:15:42 PM [info]: Received GET request on /vendors/filterVendor/all?page=1&limit=10 [IP: 182.156.141.17]
2025-12-04 05:15:42 PM [info]: Received GET request on /uoms/getAll/partialdata [IP: 182.156.141.17]
2025-12-04 05:15:42 PM [info]: Received GET request on /products/partial/data?page=1&limit=10 [IP: 182.156.141.17]
2025-12-04 05:15:42 PM [info]: Fetching all products 
2025-12-04 05:15:42 PM [info]: Fetched undefined products successfully 
2025-12-04 05:15:43 PM [info]: Received GET request on /farmers/filterFarmer/all?page=1&limit=10 [IP: 182.156.141.17]
2025-12-04 05:15:43 PM [info]: Received GET request on /socket.io/?EIO=4&transport=websocket [IP: 182.156.141.17]
2025-12-04 05:15:43 PM [info]: Fetching all farmers 
2025-12-04 05:15:43 PM [info]: Farmers retrieved successfully 
2025-12-04 05:15:43 PM [info]: Received GET request on /location-branches/filterData/filter/all [IP: 182.156.141.17]
2025-12-04 05:15:43 PM [info]: Received GET request on /company/partial/details [IP: 182.156.141.17]
2025-12-04 05:15:43 PM [info]: Received request to fetch all branches 
2025-12-04 05:15:43 PM [info]: Fetched all branches successfully 
2025-12-04 05:15:43 PM [info]: Received GET request on /products/partial/data [IP: 182.156.141.17]
2025-12-04 05:15:43 PM [info]: Fetching all products 
2025-12-04 05:15:43 PM [info]: Fetched undefined products successfully 
2025-12-04 05:15:44 PM [info]: Received GET request on /socket.io/?EIO=4&transport=websocket [IP: 182.156.141.17]
2025-12-04 05:15:45 PM [info]: Received GET request on /socket.io/?EIO=4&transport=websocket [IP: 182.156.141.17]
2025-12-04 05:15:49 PM [info]: Received GET request on /socket.io/?EIO=4&transport=websocket [IP: 182.156.141.17]
2025-12-04 05:15:54 PM [info]: Received GET request on /socket.io/?EIO=4&transport=websocket [IP: 182.156.141.17]
2025-12-04 05:15:58 PM [info]: Received GET request on /farmers/filterFarmer/all?page=2&limit=10 [IP: 182.156.141.17]
2025-12-04 05:15:58 PM [info]: Fetching all farmers 
2025-12-04 05:15:58 PM [info]: Farmers retrieved successfully 
2025-12-04 05:15:59 PM [info]: Received GET request on /socket.io/?EIO=4&transport=websocket [IP: 182.156.141.17]
2025-12-04 05:16:05 PM [info]: Received GET request on /socket.io/?EIO=4&transport=websocket [IP: 182.156.141.17]
2025-12-04 05:16:05 PM [info]: Received GET request on /farmers/filterFarmer/all?page=1&limit=10 [IP: 182.156.141.17]
2025-12-04 05:16:05 PM [info]: Fetching all farmers 
2025-12-04 05:16:05 PM [info]: Farmers retrieved successfully 
2025-12-04 05:16:05 PM [info]: Received GET request on /uoms/getAll/partialdata [IP: 182.156.141.17]
2025-12-04 05:16:06 PM [info]: Received GET request on /products/partial/data?page=1&limit=10 [IP: 182.156.141.17]
2025-12-04 05:16:06 PM [info]: Received GET request on /location-branches/filterData/filter/all [IP: 182.156.141.17]
2025-12-04 05:16:06 PM [info]: Received GET request on /vendors/filterVendor/all?page=1&limit=10 [IP: 182.156.141.17]
2025-12-04 05:16:06 PM [info]: Received GET request on /socket.io/?EIO=4&transport=websocket [IP: 182.156.141.17]
2025-12-04 05:16:06 PM [info]: Received GET request on /company/partial/details [IP: 182.156.141.17]
2025-12-04 05:16:06 PM [info]: Fetching all products 
2025-12-04 05:16:06 PM [info]: Received GET request on /products/partial/data [IP: 182.156.141.17]
2025-12-04 05:16:06 PM [info]: Received request to fetch all branches 
2025-12-04 05:16:06 PM [info]: Fetched all branches successfully 
2025-12-04 05:16:06 PM [info]: Fetched undefined products successfully 
2025-12-04 05:16:06 PM [info]: Fetching all products 
2025-12-04 05:16:06 PM [info]: Fetched undefined products successfully 
2025-12-04 05:16:07 PM [info]: Received GET request on /socket.io/?EIO=4&transport=websocket [IP: 182.156.141.17]
2025-12-04 05:16:08 PM [info]: Received GET request on /socket.io/?EIO=4&transport=websocket [IP: 182.156.141.17]
2025-12-04 05:16:11 PM [info]: Received GET request on /socket.io/?EIO=4&transport=websocket [IP: 182.156.141.17]
2025-12-04 05:16:16 PM [info]: Received GET request on /socket.io/?EIO=4&transport=websocket [IP: 182.156.141.17]
2025-12-04 05:16:22 PM [info]: Received GET request on /socket.io/?EIO=4&transport=websocket [IP: 182.156.141.17]
2025-12-04 05:16:36 PM [info]: Received GET request on /farmers/filterFarmer/all?page=2&limit=10 [IP: 182.156.141.17]
2025-12-04 05:16:36 PM [info]: Fetching all farmers 
2025-12-04 05:16:36 PM [info]: Farmers retrieved successfully 
2025-12-04 05:22:40 PM [info]: Received GET request on /aqr/?page=1&limit=10 [IP: 182.156.141.17]
2025-12-04 05:22:40 PM [info]: Fetching all AQR... 
2025-12-04 05:22:43 PM [info]: Received GET request on /products/?page=1&limit=10 [IP: 182.156.141.17]
2025-12-04 05:22:43 PM [info]: Fetching all products 
2025-12-04 05:22:43 PM [info]: Received GET request on /deliveryChallan/challanNos/getAllChallanNo [IP: 182.156.141.17]
2025-12-04 05:22:43 PM [info]: Fetching all Delivery Challan numbers 
2025-12-04 05:22:43 PM [info]: Received GET request on /employee/all/partial [IP: 182.156.141.17]
2025-12-04 05:22:43 PM [info]: Successfully fetched all Delivery Challan numbers 
2025-12-04 05:22:43 PM [info]: Employee Getting successfully 
2025-12-04 05:22:44 PM [info]: Fetched undefined products successfully 
2025-12-04 05:26:31 PM [info]: Received GET request on /socket.io/?EIO=4&transport=websocket [IP: 106.216.252.89]
2025-12-04 05:26:32 PM [info]: Received GET request on /socket.io/?EIO=4&transport=websocket [IP: 106.216.252.89]
2025-12-04 05:26:32 PM [info]: Received GET request on /deliveryChallan/challanNos/getAllChallanNo [IP: 106.216.252.89]
2025-12-04 05:26:32 PM [info]: Fetching all Delivery Challan numbers 
2025-12-04 05:26:32 PM [info]: Successfully fetched all Delivery Challan numbers 
2025-12-04 05:26:32 PM [info]: Received GET request on /products/?page=1&limit=10 [IP: 106.216.252.89]
2025-12-04 05:26:32 PM [info]: Fetching all products 
2025-12-04 05:26:32 PM [info]: Fetched undefined products successfully 
2025-12-04 05:26:33 PM [info]: Received GET request on /socket.io/?EIO=4&transport=websocket [IP: 106.216.252.89]
2025-12-04 05:26:34 PM [info]: Received GET request on /employee/all/partial [IP: 106.216.252.89]
2025-12-04 05:26:34 PM [info]: Employee Getting successfully 
2025-12-04 05:26:36 PM [info]: Received GET request on /socket.io/?EIO=4&transport=websocket [IP: 106.216.252.89]
2025-12-04 05:26:41 PM [info]: Received GET request on /socket.io/?EIO=4&transport=websocket [IP: 106.216.252.89]
2025-12-04 05:26:46 PM [info]: Received GET request on /socket.io/?EIO=4&transport=websocket [IP: 106.216.252.89]
2025-12-04 05:26:50 PM [info]: Received GET request on /products/?page=2&limit=10 [IP: 106.216.252.89]
2025-12-04 05:26:50 PM [info]: Fetching all products 
2025-12-04 05:26:50 PM [info]: Fetched undefined products successfully 
2025-12-04 05:26:52 PM [info]: Received GET request on /socket.io/?EIO=4&transport=websocket [IP: 106.216.252.89]
2025-12-04 05:31:02 PM [info]: Received GET request on /api/management/getGrns/management?filterType=tillDate [IP: 106.216.252.89]
2025-12-04 05:31:02 PM [info]: Received GET request on /company/partial/details [IP: 106.216.252.89]
2025-12-04 05:31:02 PM [info]: Received GET request on /products/partial/data?page=1&limit=6 [IP: 106.216.252.89]
2025-12-04 05:31:02 PM [info]: Fetching all products 
2025-12-04 05:31:02 PM [info]: Fetched undefined products successfully 
2025-12-04 05:31:02 PM [info]: Received GET request on /location-branches/filterData/filter/all [IP: 106.216.252.89]
2025-12-04 05:31:02 PM [info]: Received request to fetch all branches 
2025-12-04 05:31:02 PM [info]: Fetched all branches successfully 
2025-12-04 05:31:07 PM [info]: Received GET request on /products/partial/data?page=2&limit=6 [IP: 106.216.252.89]
2025-12-04 05:31:07 PM [info]: Fetching all products 
2025-12-04 05:31:07 PM [info]: Fetched undefined products successfully 
2025-12-04 05:31:08 PM [info]: Received GET request on /products/partial/data?page=3&limit=6 [IP: 106.216.252.89]
2025-12-04 05:31:08 PM [info]: Fetching all products 
2025-12-04 05:31:08 PM [info]: Fetched undefined products successfully 
2025-12-04 05:32:12 PM [info]: Received GET request on /api/management/getGrns/management?filterType=tillDate [IP: 106.216.252.89]
2025-12-04 05:32:12 PM [info]: Received GET request on /company/partial/details [IP: 106.216.252.89]
2025-12-04 05:32:12 PM [info]: Received GET request on /location-branches/filterData/filter/all [IP: 106.216.252.89]
2025-12-04 05:32:12 PM [info]: Received GET request on /socket.io/?EIO=4&transport=websocket [IP: 106.216.252.89]
2025-12-04 05:32:12 PM [info]: Received GET request on /products/partial/data?page=3&limit=6 [IP: 106.216.252.89]
2025-12-04 05:32:12 PM [info]: Received request to fetch all branches 
2025-12-04 05:32:12 PM [info]: Fetching all products 
2025-12-04 05:32:12 PM [info]: Fetched all branches successfully 
2025-12-04 05:32:12 PM [info]: Fetched undefined products successfully 
2025-12-04 05:32:15 PM [info]: Received GET request on /socket.io/?EIO=4&transport=websocket [IP: 106.216.252.89]
2025-12-04 05:32:18 PM [info]: Received GET request on /socket.io/?EIO=4&transport=websocket [IP: 106.216.252.89]
2025-12-04 05:32:21 PM [info]: Received GET request on /socket.io/?EIO=4&transport=websocket [IP: 106.216.252.89]
2025-12-04 05:32:27 PM [info]: Received GET request on /socket.io/?EIO=4&transport=websocket [IP: 106.216.252.89]
2025-12-04 05:32:33 PM [info]: Received GET request on /socket.io/?EIO=4&transport=websocket [IP: 106.216.252.89]
2025-12-04 05:32:48 PM [info]: Received GET request on /dealSlip/?page=1&limit=10 [IP: 106.216.252.89]
2025-12-04 05:32:49 PM [info]: Fetching all DealSlips... 
2025-12-04 05:32:49 PM [info]: Total DealSlips fetched: 5 
2025-12-04 05:32:50 PM [info]: Received GET request on /rfpa/rfpanumbers/getAllRfpaNo [IP: 106.216.252.89]
2025-12-04 05:32:52 PM [info]: Fetching all RFPA numbers 
2025-12-04 05:32:52 PM [info]: Found 12 RFPA numbers 
2025-12-04 06:00:52 PM [info]: Received GET request on /farmers/filterFarmer/all?page=1&limit=10 [IP: 106.216.252.89]
2025-12-04 06:00:52 PM [info]: Received GET request on /vendors/filterVendor/all?page=1&limit=10 [IP: 106.216.252.89]
2025-12-04 06:00:52 PM [info]: Received GET request on /products/partial/data?page=1&limit=10 [IP: 106.216.252.89]
2025-12-04 06:00:52 PM [info]: Received GET request on /rfpa/?page=1&limit=10 [IP: 106.216.252.89]
2025-12-04 06:00:52 PM [info]: Received GET request on /location-branches/filterData/filter/all [IP: 106.216.252.89]
2025-12-04 06:00:52 PM [info]: Received GET request on /products/partial/data [IP: 106.216.252.89]
2025-12-04 06:00:52 PM [info]: Received GET request on /uoms/getAll/partialdata [IP: 106.216.252.89]
2025-12-04 06:00:52 PM [info]: Received GET request on /company/partial/details [IP: 106.216.252.89]
2025-12-04 06:00:52 PM [info]: Fetching all farmers 
2025-12-04 06:00:52 PM [info]: Received request to fetch all branches 
2025-12-04 06:00:52 PM [info]: Fetching all products 
2025-12-04 06:00:52 PM [info]: Fetching all products 
2025-12-04 06:00:52 PM [info]: Fetched all branches successfully 
2025-12-04 06:00:52 PM [info]: Fetched undefined products successfully 
2025-12-04 06:00:52 PM [info]: Farmers retrieved successfully 
2025-12-04 06:00:52 PM [info]: Fetched undefined products successfully 
2025-12-04 06:00:52 PM [info]: Total RFPAS fetched: 9 
2025-12-04 06:01:32 PM [info]: Received GET request on /socket.io/?EIO=4&transport=websocket [IP: 106.216.252.89]
2025-12-04 06:01:32 PM [info]: Received GET request on /uoms/getAll/partialdata [IP: 106.216.252.89]
2025-12-04 06:01:32 PM [info]: Received GET request on /vendors/filterVendor/all?page=1&limit=10 [IP: 106.216.252.89]
2025-12-04 06:01:32 PM [info]: Received GET request on /products/partial/data [IP: 106.216.252.89]
2025-12-04 06:01:32 PM [info]: Received GET request on /products/partial/data?page=1&limit=10 [IP: 106.216.252.89]
2025-12-04 06:01:32 PM [info]: Received GET request on /farmers/filterFarmer/all?page=1&limit=10 [IP: 106.216.252.89]
2025-12-04 06:01:32 PM [info]: Received GET request on /location-branches/filterData/filter/all [IP: 106.216.252.89]
2025-12-04 06:01:32 PM [info]: Received GET request on /company/partial/details [IP: 106.216.252.89]
2025-12-04 06:01:32 PM [info]: Fetching all products 
2025-12-04 06:01:32 PM [info]: Fetching all products 
2025-12-04 06:01:32 PM [info]: Fetching all farmers 
2025-12-04 06:01:32 PM [info]: Received request to fetch all branches 
2025-12-04 06:01:32 PM [info]: Fetched all branches successfully 
2025-12-04 06:01:32 PM [info]: Fetched undefined products successfully 
2025-12-04 06:01:32 PM [info]: Fetched undefined products successfully 
2025-12-04 06:01:32 PM [info]: Farmers retrieved successfully 
2025-12-04 06:01:32 PM [info]: Received GET request on /socket.io/?EIO=4&transport=websocket [IP: 106.216.252.89]
2025-12-04 06:01:33 PM [info]: Received GET request on /socket.io/?EIO=4&transport=websocket [IP: 106.216.252.89]
2025-12-04 06:01:35 PM [info]: Received GET request on /socket.io/?EIO=4&transport=websocket [IP: 106.216.252.89]
2025-12-04 06:01:39 PM [info]: Received GET request on /socket.io/?EIO=4&transport=websocket [IP: 106.216.252.89]
2025-12-04 06:01:44 PM [info]: Received GET request on /socket.io/?EIO=4&transport=websocket [IP: 106.216.252.89]
2025-12-04 06:01:50 PM [info]: Received GET request on /socket.io/?EIO=4&transport=websocket [IP: 106.216.252.89]
2025-12-04 06:02:38 PM [info]: Received GET request on /socket.io/?EIO=4&transport=websocket [IP: 106.216.252.89]
2025-12-04 06:02:38 PM [info]: Received GET request on /company/partial/details [IP: 106.216.252.89]
2025-12-04 06:02:38 PM [info]: Received GET request on /vendors/filterVendor/all?page=1&limit=10 [IP: 106.216.252.89]
2025-12-04 06:02:38 PM [info]: Received GET request on /products/partial/data [IP: 106.216.252.89]
2025-12-04 06:02:38 PM [info]: Received GET request on /products/partial/data?page=1&limit=10 [IP: 106.216.252.89]
2025-12-04 06:02:38 PM [info]: Received GET request on /uoms/getAll/partialdata [IP: 106.216.252.89]
2025-12-04 06:02:38 PM [info]: Received GET request on /location-branches/filterData/filter/all [IP: 106.216.252.89]
2025-12-04 06:02:38 PM [info]: Received GET request on /farmers/filterFarmer/all?page=1&limit=10 [IP: 106.216.252.89]
2025-12-04 06:02:38 PM [info]: Fetching all products 
2025-12-04 06:02:38 PM [info]: Received request to fetch all branches 
2025-12-04 06:02:38 PM [info]: Fetching all products 
2025-12-04 06:02:38 PM [info]: Fetching all farmers 
2025-12-04 06:02:38 PM [info]: Fetched all branches successfully 
2025-12-04 06:02:38 PM [info]: Fetched undefined products successfully 
2025-12-04 06:02:38 PM [info]: Fetched undefined products successfully 
2025-12-04 06:02:38 PM [info]: Farmers retrieved successfully 
2025-12-04 06:02:40 PM [info]: Received GET request on /socket.io/?EIO=4&transport=websocket [IP: 106.216.252.89]
2025-12-04 06:02:43 PM [info]: Received GET request on /socket.io/?EIO=4&transport=websocket [IP: 106.216.252.89]
2025-12-04 06:02:47 PM [info]: Received GET request on /socket.io/?EIO=4&transport=websocket [IP: 106.216.252.89]
2025-12-04 06:02:53 PM [info]: Received GET request on /socket.io/?EIO=4&transport=websocket [IP: 106.216.252.89]
2025-12-04 06:02:59 PM [info]: Received GET request on /socket.io/?EIO=4&transport=websocket [IP: 106.216.252.89]
2025-12-04 06:03:43 PM [info]: Received GET request on /location-branches/filterData/filter/all [IP: 106.216.252.89]
2025-12-04 06:03:43 PM [info]: Received request to fetch all branches 
2025-12-04 06:03:46 PM [info]: Fetched all branches successfully 
2025-12-04 06:03:46 PM [info]: Received GET request on /company/partial/details [IP: 106.216.252.89]
2025-12-04 06:03:46 PM [info]: Received GET request on /company/partial/details [IP: 106.216.252.89]
2025-12-04 06:03:46 PM [info]: Received GET request on /uoms/getAll/partialdata [IP: 106.216.252.89]
2025-12-04 06:03:46 PM [info]: Received GET request on /socket.io/?EIO=4&transport=websocket [IP: 106.216.252.89]
2025-12-04 06:03:46 PM [info]: Received GET request on /uoms/getAll/partialdata [IP: 106.216.252.89]
2025-12-04 06:03:46 PM [info]: Received GET request on /location-branches/filterData/filter/all [IP: 106.216.252.89]
2025-12-04 06:03:46 PM [info]: Received request to fetch all branches 
2025-12-04 06:03:46 PM [info]: Fetched all branches successfully 
2025-12-04 06:03:46 PM [info]: Received GET request on /products/partial/data?page=1&limit=10 [IP: 106.216.252.89]
2025-12-04 06:03:46 PM [info]: Fetching all products 
2025-12-04 06:03:46 PM [info]: Received GET request on /vendors/filterVendor/all?page=1&limit=10 [IP: 106.216.252.89]
2025-12-04 06:03:46 PM [info]: Fetched undefined products successfully 
2025-12-04 06:03:46 PM [info]: Received GET request on /farmers/filterFarmer/all?page=1&limit=10 [IP: 106.216.252.89]
2025-12-04 06:03:46 PM [info]: Received GET request on /products/partial/data [IP: 106.216.252.89]
2025-12-04 06:03:46 PM [info]: Fetching all farmers 
2025-12-04 06:03:46 PM [info]: Fetching all products 
2025-12-04 06:03:46 PM [info]: Farmers retrieved successfully 
2025-12-04 06:03:46 PM [info]: Fetched undefined products successfully 
2025-12-04 06:03:47 PM [info]: Received GET request on /socket.io/?EIO=4&transport=websocket [IP: 106.216.252.89]
2025-12-04 06:03:50 PM [info]: Received GET request on /socket.io/?EIO=4&transport=websocket [IP: 106.216.252.89]
2025-12-04 06:03:54 PM [info]: Received GET request on /socket.io/?EIO=4&transport=websocket [IP: 106.216.252.89]
2025-12-04 06:03:59 PM [info]: Received GET request on /socket.io/?EIO=4&transport=websocket [IP: 106.216.252.89]
2025-12-04 06:04:05 PM [info]: Received GET request on /socket.io/?EIO=4&transport=websocket [IP: 106.216.252.89]
2025-12-04 06:05:12 PM [info]: Received GET request on /company/partial/details [IP: 106.216.252.89]
2025-12-04 06:05:12 PM [info]: Received GET request on /uoms/getAll/partialdata [IP: 106.216.252.89]
2025-12-04 06:05:12 PM [info]: Received GET request on /location-branches/filterData/filter/all [IP: 106.216.252.89]
2025-12-04 06:05:12 PM [info]: Received request to fetch all branches 
2025-12-04 06:05:12 PM [info]: Fetched all branches successfully 
2025-12-04 06:05:15 PM [info]: Received GET request on /uoms/getAll/partialdata [IP: 106.216.252.89]
2025-12-04 06:05:15 PM [info]: Received GET request on /vendors/filterVendor/all?page=1&limit=10 [IP: 106.216.252.89]
2025-12-04 06:05:15 PM [info]: Received GET request on /products/partial/data?page=1&limit=10 [IP: 106.216.252.89]
2025-12-04 06:05:15 PM [info]: Fetching all products 
2025-12-04 06:05:15 PM [info]: Fetched undefined products successfully 
2025-12-04 06:05:16 PM [info]: Received GET request on /company/partial/details [IP: 106.216.252.89]
2025-12-04 06:05:16 PM [info]: Received GET request on /location-branches/filterData/filter/all [IP: 106.216.252.89]
2025-12-04 06:05:16 PM [info]: Received GET request on /farmers/filterFarmer/all?page=1&limit=10 [IP: 106.216.252.89]
2025-12-04 06:05:16 PM [info]: Received request to fetch all branches 
2025-12-04 06:05:16 PM [info]: Fetching all farmers 
2025-12-04 06:05:16 PM [info]: Fetched all branches successfully 
2025-12-04 06:05:16 PM [info]: Farmers retrieved successfully 
2025-12-04 06:05:16 PM [info]: Received GET request on /socket.io/?EIO=4&transport=websocket [IP: 106.216.252.89]
2025-12-04 06:05:16 PM [info]: Received GET request on /products/partial/data [IP: 106.216.252.89]
2025-12-04 06:05:16 PM [info]: Fetching all products 
2025-12-04 06:05:16 PM [info]: Fetched undefined products successfully 
2025-12-04 06:05:18 PM [info]: Received GET request on /socket.io/?EIO=4&transport=websocket [IP: 106.216.252.89]
2025-12-04 06:05:21 PM [info]: Received GET request on /socket.io/?EIO=4&transport=websocket [IP: 106.216.252.89]
2025-12-04 06:05:26 PM [info]: Received GET request on /socket.io/?EIO=4&transport=websocket [IP: 106.216.252.89]
2025-12-04 06:05:31 PM [info]: Received GET request on /socket.io/?EIO=4&transport=websocket [IP: 106.216.252.89]
2025-12-04 06:05:36 PM [info]: Received GET request on /socket.io/?EIO=4&transport=websocket [IP: 106.216.252.89]
2025-12-04 06:05:41 PM [info]: Received GET request on /dealSlip/?page=1&limit=10 [IP: 106.216.252.89]
2025-12-04 06:05:41 PM [info]: Fetching all DealSlips... 
2025-12-04 06:05:41 PM [info]: Received GET request on /rfpa/rfpanumbers/getAllRfpaNo [IP: 106.216.252.89]
2025-12-04 06:05:41 PM [info]: Fetching all RFPA numbers 
2025-12-04 06:05:41 PM [info]: Total DealSlips fetched: 5 
2025-12-04 06:05:41 PM [info]: Found 12 RFPA numbers 
2025-12-05 09:29:21 AM [info]: Shutting down gracefully... 
2025-12-05 09:30:03 AM [info]: Database connected successfully 
2025-12-05 09:30:03 AM [info]: 🚀 Server started on port 8003 
2025-12-05 09:30:03 AM [info]: 📡 SSE endpoint: http://localhost:8003/sse/notifications 
2025-12-05 09:30:03 AM [info]: 🧪 SSE test: http://localhost:8003/sse/test 
2025-12-05 10:32:36 AM [info]: Database connected successfully 
2025-12-05 10:32:36 AM [info]: 🚀 Server started on port 8003 
2025-12-05 10:32:36 AM [info]: 📡 SSE endpoint: http://localhost:8003/sse/notifications 
2025-12-05 10:32:36 AM [info]: 🧪 SSE test: http://localhost:8003/sse/test 
2025-12-05 10:33:39 AM [info]: Database connected successfully 
2025-12-05 10:33:39 AM [info]: 🚀 Server started on port 8003 
2025-12-05 10:33:39 AM [info]: 📡 SSE endpoint: http://localhost:8003/sse/notifications 
2025-12-05 10:33:39 AM [info]: 🧪 SSE test: http://localhost:8003/sse/test 
2025-12-05 10:34:23 AM [info]: Database connected successfully 
2025-12-05 10:34:23 AM [info]: 🚀 Server started on port 8003 
2025-12-05 10:34:23 AM [info]: 📡 SSE endpoint: http://localhost:8003/sse/notifications 
2025-12-05 10:34:23 AM [info]: 🧪 SSE test: http://localhost:8003/sse/test 
2025-12-05 10:34:43 AM [info]: Database connected successfully 
2025-12-05 10:34:43 AM [info]: 🚀 Server started on port 8003 
2025-12-05 10:34:43 AM [info]: 📡 SSE endpoint: http://localhost:8003/sse/notifications 
2025-12-05 10:34:43 AM [info]: 🧪 SSE test: http://localhost:8003/sse/test 
2025-12-05 10:35:18 AM [info]: Database connected successfully 
2025-12-05 10:35:19 AM [info]: 🚀 Server started on port 8003 
2025-12-05 10:35:19 AM [info]: 📡 SSE endpoint: http://localhost:8003/sse/notifications 
2025-12-05 10:35:19 AM [info]: 🧪 SSE test: http://localhost:8003/sse/test 
2025-12-05 10:35:41 AM [info]: Database connected successfully 
2025-12-05 10:35:41 AM [info]: 🚀 Server started on port 8003 
2025-12-05 10:35:41 AM [info]: 📡 SSE endpoint: http://localhost:8003/sse/notifications 
2025-12-05 10:35:41 AM [info]: 🧪 SSE test: http://localhost:8003/sse/test 
2025-12-05 10:35:58 AM [info]: Database connected successfully 
2025-12-05 10:35:58 AM [info]: 🚀 Server started on port 8003 
2025-12-05 10:35:58 AM [info]: 📡 SSE endpoint: http://localhost:8003/sse/notifications 
2025-12-05 10:35:58 AM [info]: 🧪 SSE test: http://localhost:8003/sse/test 
2025-12-05 10:37:56 AM [info]: Database connected successfully 
2025-12-05 10:37:56 AM [info]: 🚀 Server started on port 8003 
2025-12-05 10:37:56 AM [info]: 📡 SSE endpoint: http://localhost:8003/sse/notifications 
2025-12-05 10:37:56 AM [info]: 🧪 SSE test: http://localhost:8003/sse/test 
2025-12-05 10:38:09 AM [info]: Database connected successfully 
2025-12-05 10:38:09 AM [info]: 🚀 Server started on port 8003 
2025-12-05 10:38:09 AM [info]: 📡 SSE endpoint: http://localhost:8003/sse/notifications 
2025-12-05 10:38:09 AM [info]: 🧪 SSE test: http://localhost:8003/sse/test 
2025-12-05 10:42:18 AM [info]: Received POST request on /auth/login [IP: 182.156.141.17]
2025-12-05 10:42:18 AM [info]: Login request received 
2025-12-05 10:42:19 AM [info]: System log saved 
2025-12-05 10:42:19 AM [info]: User logged in successfully 
2025-12-05 10:42:22 AM [info]: Received GET request on /socket.io/?EIO=4&transport=websocket [IP: 182.156.141.17]
2025-12-05 10:42:23 AM [info]: Received GET request on /socket.io/?EIO=4&transport=websocket [IP: 182.156.141.17]
2025-12-05 10:42:23 AM [info]: Received GET request on /products/partial/data?page=1&limit=6 [IP: 182.156.141.17]
2025-12-05 10:42:23 AM [info]: Received GET request on /location-branches/filterData/filter/all [IP: 182.156.141.17]
2025-12-05 10:42:23 AM [info]: Received GET request on /company/partial/details [IP: 182.156.141.17]
2025-12-05 10:42:23 AM [info]: Received GET request on /api/management/getGrns/management?filterType=tillDate [IP: 182.156.141.17]
2025-12-05 10:42:23 AM [info]: Fetching all products 
2025-12-05 10:42:23 AM [info]: Received request to fetch all branches 
2025-12-05 10:42:23 AM [info]: Fetched all branches successfully 
2025-12-05 10:42:23 AM [info]: Fetched undefined products successfully 
2025-12-05 10:42:24 AM [info]: Received GET request on /socket.io/?EIO=4&transport=websocket [IP: 182.156.141.17]
2025-12-05 10:42:26 AM [info]: Received GET request on /socket.io/?EIO=4&transport=websocket [IP: 182.156.141.17]
2025-12-05 10:42:29 AM [info]: Received GET request on /socket.io/?EIO=4&transport=websocket [IP: 182.156.141.17]
2025-12-05 10:42:34 AM [info]: Received GET request on /socket.io/?EIO=4&transport=websocket [IP: 182.156.141.17]
2025-12-05 10:42:39 AM [info]: Received GET request on /socket.io/?EIO=4&transport=websocket [IP: 182.156.141.17]
2025-12-05 10:44:19 AM [info]: Received GET request on /customer-delivery-challan/?page=1&limit=10 [IP: 182.156.141.17]
2025-12-05 10:44:19 AM [info]: Fetching all customer delivery challans 
2025-12-05 10:46:43 AM [info]: Received GET request on /customer-delivery-challan/view/9562bf96-ea25-4cbb-b562-82ef7b07accf [IP: 182.156.141.17]
2025-12-05 10:46:43 AM [info]: Received GET request on /company/ [IP: 182.156.141.17]
2025-12-05 10:46:43 AM [info]: Fetching customer delivery challan with ID: 9562bf96-ea25-4cbb-b562-82ef7b07accf 
2025-12-05 10:46:44 AM [info]: Fetched challan with ID: 9562bf96-ea25-4cbb-b562-82ef7b07accf successfully 
2025-12-05 10:47:26 AM [info]: Received GET request on /customer-delivery-challan/?page=1&limit=10 [IP: 182.156.141.17]
2025-12-05 10:47:26 AM [info]: Fetching all customer delivery challans 
2025-12-05 10:47:38 AM [info]: Received GET request on /returns/?page=1&limit=10 [IP: 182.156.141.17]
2025-12-05 10:47:42 AM [info]: Received GET request on /products/partial/data?page=1&limit=10 [IP: 182.156.141.17]
2025-12-05 10:47:42 AM [info]: Fetching all products 
2025-12-05 10:47:42 AM [info]: Fetched undefined products successfully 
2025-12-05 10:47:42 AM [info]: Received GET request on /company/partial/details [IP: 182.156.141.17]
2025-12-05 10:47:42 AM [info]: Received GET request on /customer-delivery-challan/ [IP: 182.156.141.17]
2025-12-05 10:47:42 AM [info]: Received GET request on /location-branches/filterData/filter/all [IP: 182.156.141.17]
2025-12-05 10:47:42 AM [info]: Received GET request on /customers/names/all [IP: 182.156.141.17]
2025-12-05 10:47:42 AM [info]: Received GET request on /uoms/getAll/partialdata [IP: 182.156.141.17]
2025-12-05 10:47:42 AM [info]: Fetching all customer delivery challans 
2025-12-05 10:47:42 AM [info]: Received request to fetch all branches 
2025-12-05 10:47:42 AM [info]: Fetching all customers 
2025-12-05 10:47:42 AM [info]: Fetched all branches successfully 
2025-12-05 10:47:42 AM [info]: Customers retrieved successfully 
2025-12-05 10:47:47 AM [info]: Received GET request on /customer-delivery-challan/update/a41cd755-b4a3-4594-abd9-890d8d0acde9 [IP: 182.156.141.17]
2025-12-05 10:47:48 AM [info]: Fetching customer delivery challan with ID: a41cd755-b4a3-4594-abd9-890d8d0acde9 
2025-12-05 10:47:48 AM [info]: Fetched challan with ID: a41cd755-b4a3-4594-abd9-890d8d0acde9 successfully 
2025-12-05 10:47:48 AM [info]: Received GET request on /products/getall/getvarient/f6cd3fa6-5ce3-4bee-a3e0-a0e4e706c65f [IP: 182.156.141.17]
2025-12-05 10:47:48 AM [info]: Received GET request on /products/partial/f6cd3fa6-5ce3-4bee-a3e0-a0e4e706c65f [IP: 182.156.141.17]
2025-12-05 10:47:48 AM [info]: Fetching product with ID 
2025-12-05 10:47:48 AM [info]: Fetching all products 
2025-12-05 10:47:48 AM [info]: Product with ID fetched successfully 
2025-12-05 10:47:48 AM [info]: Fetched undefined products successfully 
2025-12-05 10:52:01 AM [info]: Received GET request on /customers/names/all [IP: 182.156.141.17]
2025-12-05 10:52:01 AM [info]: Received GET request on /customer-delivery-challan/ [IP: 182.156.141.17]
2025-12-05 10:52:01 AM [info]: Fetching all customer delivery challans 
2025-12-05 10:52:01 AM [info]: Fetching all customers 
2025-12-05 10:52:01 AM [info]: Customers retrieved successfully 
2025-12-05 10:52:01 AM [info]: Received GET request on /customer-delivery-challan/update/a41cd755-b4a3-4594-abd9-890d8d0acde9 [IP: 182.156.141.17]
2025-12-05 10:52:01 AM [info]: Received GET request on /location-branches/filterData/filter/all [IP: 182.156.141.17]
2025-12-05 10:52:01 AM [info]: Received GET request on /company/partial/details [IP: 182.156.141.17]
2025-12-05 10:52:01 AM [info]: Received GET request on /uoms/getAll/partialdata [IP: 182.156.141.17]
2025-12-05 10:52:01 AM [info]: Fetching customer delivery challan with ID: a41cd755-b4a3-4594-abd9-890d8d0acde9 
2025-12-05 10:52:01 AM [info]: Received request to fetch all branches 
2025-12-05 10:52:01 AM [info]: Fetched all branches successfully 
2025-12-05 10:52:01 AM [info]: Fetched challan with ID: a41cd755-b4a3-4594-abd9-890d8d0acde9 successfully 
2025-12-05 10:52:54 AM [info]: Received POST request on /returns/ [IP: 182.156.141.17]
2025-12-05 10:52:59 AM [info]: Received GET request on /returns/?page=1&limit=10 [IP: 182.156.141.17]
2025-12-05 10:57:28 AM [info]: Database connected successfully 
2025-12-05 10:57:28 AM [info]: 🚀 Server started on port 8003 
2025-12-05 10:57:28 AM [info]: 📡 SSE endpoint: http://localhost:8003/sse/notifications 
2025-12-05 10:57:28 AM [info]: 🧪 SSE test: http://localhost:8003/sse/test 
2025-12-05 10:58:49 AM [info]: Database connected successfully 
2025-12-05 10:58:49 AM [info]: 🚀 Server started on port 8003 
2025-12-05 10:58:49 AM [info]: 📡 SSE endpoint: http://localhost:8003/sse/notifications 
2025-12-05 10:58:49 AM [info]: 🧪 SSE test: http://localhost:8003/sse/test 
2025-12-05 11:00:49 AM [info]: Database connected successfully 
2025-12-05 11:00:49 AM [info]: 🚀 Server started on port 8003 
2025-12-05 11:00:49 AM [info]: 📡 SSE endpoint: http://localhost:8003/sse/notifications 
2025-12-05 11:00:49 AM [info]: 🧪 SSE test: http://localhost:8003/sse/test 
2025-12-05 11:26:08 AM [info]: Database connected successfully 
2025-12-05 11:26:08 AM [info]: 🚀 Server started on port 8003 
2025-12-05 11:26:08 AM [info]: 📡 SSE endpoint: http://localhost:8003/sse/notifications 
2025-12-05 11:26:08 AM [info]: 🧪 SSE test: http://localhost:8003/sse/test 
2025-12-05 11:26:20 AM [info]: Database connected successfully 
2025-12-05 11:26:20 AM [info]: 🚀 Server started on port 8003 
2025-12-05 11:26:20 AM [info]: 📡 SSE endpoint: http://localhost:8003/sse/notifications 
2025-12-05 11:26:20 AM [info]: 🧪 SSE test: http://localhost:8003/sse/test 
2025-12-05 11:27:25 AM [info]: Database connected successfully 
2025-12-05 11:27:25 AM [info]: 🚀 Server started on port 8003 
2025-12-05 11:27:25 AM [info]: 📡 SSE endpoint: http://localhost:8003/sse/notifications 
2025-12-05 11:27:25 AM [info]: 🧪 SSE test: http://localhost:8003/sse/test 
2025-12-05 11:30:43 AM [info]: Database connected successfully 
2025-12-05 11:30:44 AM [info]: 🚀 Server started on port 8003 
2025-12-05 11:30:44 AM [info]: 📡 SSE endpoint: http://localhost:8003/sse/notifications 
2025-12-05 11:30:44 AM [info]: 🧪 SSE test: http://localhost:8003/sse/test 
2025-12-05 11:33:00 AM [info]: Database connected successfully 
2025-12-05 11:33:00 AM [info]: 🚀 Server started on port 8003 
2025-12-05 11:33:00 AM [info]: 📡 SSE endpoint: http://localhost:8003/sse/notifications 
2025-12-05 11:33:00 AM [info]: 🧪 SSE test: http://localhost:8003/sse/test 
2025-12-05 11:36:48 AM [info]: Received GET request on /socket.io/?EIO=4&transport=websocket [IP: 182.156.141.17]
2025-12-05 11:36:48 AM [info]: Received GET request on /returns/?page=1&limit=10 [IP: 182.156.141.17]
2025-12-05 11:36:49 AM [info]: Received GET request on /socket.io/?EIO=4&transport=websocket [IP: 182.156.141.17]
2025-12-05 11:36:50 AM [info]: Received GET request on /socket.io/?EIO=4&transport=websocket [IP: 182.156.141.17]
2025-12-05 11:36:51 AM [info]: Received GET request on /socket.io/?EIO=4&transport=websocket [IP: 182.156.141.17]
2025-12-05 11:36:55 AM [info]: Received GET request on /socket.io/?EIO=4&transport=websocket [IP: 182.156.141.17]
2025-12-05 11:37:01 AM [info]: Received GET request on /socket.io/?EIO=4&transport=websocket [IP: 182.156.141.17]
2025-12-05 11:37:08 AM [info]: Received GET request on /socket.io/?EIO=4&transport=websocket [IP: 182.156.141.17]
2025-12-05 11:40:36 AM [info]: Received POST request on /auth/login [IP: ::1]
2025-12-05 11:40:36 AM [info]: Login request received 
2025-12-05 11:40:37 AM [info]: System log saved 
2025-12-05 11:40:37 AM [info]: User logged in successfully 
2025-12-05 11:40:44 AM [info]: Received POST request on /auth/login [IP: ::1]
2025-12-05 11:40:44 AM [info]: Login request received 
2025-12-05 11:40:44 AM [info]: System log saved 
2025-12-05 11:40:44 AM [info]: User logged in successfully 
2025-12-05 11:42:45 AM [info]: Received GET request on /customer-delivery-challan/ [IP: ::1]
2025-12-05 11:42:45 AM [info]: Fetching all customer delivery challans 
2025-12-05 11:44:06 AM [info]: Received GET request on /socket.io/?EIO=4&transport=websocket [IP: 182.156.141.17]
2025-12-05 11:44:06 AM [info]: Received GET request on /socket.io/?EIO=4&transport=websocket [IP: 182.156.141.17]
2025-12-05 11:44:06 AM [info]: Received GET request on /returns/?page=1&limit=10 [IP: 182.156.141.17]
2025-12-05 11:44:08 AM [info]: Received GET request on /socket.io/?EIO=4&transport=websocket [IP: 182.156.141.17]
2025-12-05 11:44:11 AM [info]: Received GET request on /socket.io/?EIO=4&transport=websocket [IP: 182.156.141.17]
2025-12-05 11:44:16 AM [info]: Received GET request on /socket.io/?EIO=4&transport=websocket [IP: 182.156.141.17]
2025-12-05 11:44:22 AM [info]: Received GET request on /socket.io/?EIO=4&transport=websocket [IP: 182.156.141.17]
2025-12-05 11:44:28 AM [info]: Received GET request on /socket.io/?EIO=4&transport=websocket [IP: 182.156.141.17]
2025-12-05 11:46:42 AM [info]: Received POST request on /auth/login [IP: ::1]
2025-12-05 11:46:42 AM [info]: Login request received 
2025-12-05 11:46:43 AM [info]: System log saved 
2025-12-05 11:46:43 AM [info]: User logged in successfully 
2025-12-05 11:47:14 AM [info]: Received GET request on /customer-delivery-challan/ [IP: ::1]
2025-12-05 11:47:14 AM [info]: Fetching all customer delivery challans 
2025-12-05 11:48:19 AM [info]: Database connected successfully 
2025-12-05 11:48:19 AM [info]: 🚀 Server started on port 8003 
2025-12-05 11:48:19 AM [info]: 📡 SSE endpoint: http://localhost:8003/sse/notifications 
2025-12-05 11:48:19 AM [info]: 🧪 SSE test: http://localhost:8003/sse/test 
2025-12-05 11:55:04 AM [info]: Database connected successfully 
2025-12-05 11:55:05 AM [info]: 🚀 Server started on port 8003 
2025-12-05 11:55:05 AM [info]: 📡 SSE endpoint: http://localhost:8003/sse/notifications 
2025-12-05 11:55:05 AM [info]: 🧪 SSE test: http://localhost:8003/sse/test 
2025-12-05 11:55:40 AM [info]: Database connected successfully 
2025-12-05 11:55:40 AM [info]: 🚀 Server started on port 8003 
2025-12-05 11:55:40 AM [info]: 📡 SSE endpoint: http://localhost:8003/sse/notifications 
2025-12-05 11:55:40 AM [info]: 🧪 SSE test: http://localhost:8003/sse/test 
2025-12-05 11:56:03 AM [info]: Database connected successfully 
2025-12-05 11:56:03 AM [info]: 🚀 Server started on port 8003 
2025-12-05 11:56:03 AM [info]: 📡 SSE endpoint: http://localhost:8003/sse/notifications 
2025-12-05 11:56:03 AM [info]: 🧪 SSE test: http://localhost:8003/sse/test 
2025-12-05 11:58:39 AM [info]: Database connected successfully 
2025-12-05 11:58:39 AM [info]: 🚀 Server started on port 8003 
2025-12-05 11:58:39 AM [info]: 📡 SSE endpoint: http://localhost:8003/sse/notifications 
2025-12-05 11:58:39 AM [info]: 🧪 SSE test: http://localhost:8003/sse/test 
2025-12-05 11:59:54 AM [info]: Database connected successfully 
2025-12-05 11:59:54 AM [info]: 🚀 Server started on port 8003 
2025-12-05 11:59:54 AM [info]: 📡 SSE endpoint: http://localhost:8003/sse/notifications 
2025-12-05 11:59:54 AM [info]: 🧪 SSE test: http://localhost:8003/sse/test 
2025-12-05 12:00:33 PM [info]: Database connected successfully 
2025-12-05 12:00:33 PM [info]: 🚀 Server started on port 8003 
2025-12-05 12:00:33 PM [info]: 📡 SSE endpoint: http://localhost:8003/sse/notifications 
2025-12-05 12:00:33 PM [info]: 🧪 SSE test: http://localhost:8003/sse/test 
2025-12-05 12:00:57 PM [info]: Database connected successfully 
2025-12-05 12:00:57 PM [info]: 🚀 Server started on port 8003 
2025-12-05 12:00:57 PM [info]: 📡 SSE endpoint: http://localhost:8003/sse/notifications 
2025-12-05 12:00:57 PM [info]: 🧪 SSE test: http://localhost:8003/sse/test 
2025-12-05 12:03:03 PM [info]: Database connected successfully 
2025-12-05 12:03:03 PM [info]: 🚀 Server started on port 8003 
2025-12-05 12:03:03 PM [info]: 📡 SSE endpoint: http://localhost:8003/sse/notifications 
2025-12-05 12:03:03 PM [info]: 🧪 SSE test: http://localhost:8003/sse/test 
2025-12-05 12:07:34 PM [info]: Database connected successfully 
2025-12-05 12:07:34 PM [info]: 🚀 Server started on port 8003 
2025-12-05 12:07:34 PM [info]: 📡 SSE endpoint: http://localhost:8003/sse/notifications 
2025-12-05 12:07:34 PM [info]: 🧪 SSE test: http://localhost:8003/sse/test 
2025-12-05 12:07:54 PM [info]: Database connected successfully 
2025-12-05 12:07:54 PM [info]: 🚀 Server started on port 8003 
2025-12-05 12:07:54 PM [info]: 📡 SSE endpoint: http://localhost:8003/sse/notifications 
2025-12-05 12:07:54 PM [info]: 🧪 SSE test: http://localhost:8003/sse/test 
2025-12-05 12:09:06 PM [info]: Database connected successfully 
2025-12-05 12:09:06 PM [info]: 🚀 Server started on port 8003 
2025-12-05 12:09:06 PM [info]: 📡 SSE endpoint: http://localhost:8003/sse/notifications 
2025-12-05 12:09:06 PM [info]: 🧪 SSE test: http://localhost:8003/sse/test 
2025-12-05 12:09:20 PM [info]: Database connected successfully 
2025-12-05 12:09:20 PM [info]: 🚀 Server started on port 8003 
2025-12-05 12:09:20 PM [info]: 📡 SSE endpoint: http://localhost:8003/sse/notifications 
2025-12-05 12:09:20 PM [info]: 🧪 SSE test: http://localhost:8003/sse/test 
2025-12-05 12:09:38 PM [info]: Database connected successfully 
2025-12-05 12:09:38 PM [info]: 🚀 Server started on port 8003 
2025-12-05 12:09:38 PM [info]: 📡 SSE endpoint: http://localhost:8003/sse/notifications 
2025-12-05 12:09:38 PM [info]: 🧪 SSE test: http://localhost:8003/sse/test 
2025-12-05 12:09:57 PM [info]: Database connected successfully 
2025-12-05 12:09:57 PM [info]: 🚀 Server started on port 8003 
2025-12-05 12:09:57 PM [info]: 📡 SSE endpoint: http://localhost:8003/sse/notifications 
2025-12-05 12:09:57 PM [info]: 🧪 SSE test: http://localhost:8003/sse/test 
2025-12-05 12:10:13 PM [info]: Database connected successfully 
2025-12-05 12:10:13 PM [info]: 🚀 Server started on port 8003 
2025-12-05 12:10:13 PM [info]: 📡 SSE endpoint: http://localhost:8003/sse/notifications 
2025-12-05 12:10:13 PM [info]: 🧪 SSE test: http://localhost:8003/sse/test 
2025-12-05 12:11:15 PM [info]: Database connected successfully 
2025-12-05 12:11:15 PM [info]: 🚀 Server started on port 8003 
2025-12-05 12:11:15 PM [info]: 📡 SSE endpoint: http://localhost:8003/sse/notifications 
2025-12-05 12:11:15 PM [info]: 🧪 SSE test: http://localhost:8003/sse/test 
2025-12-05 12:11:40 PM [info]: Database connected successfully 
2025-12-05 12:11:40 PM [info]: 🚀 Server started on port 8003 
2025-12-05 12:11:40 PM [info]: 📡 SSE endpoint: http://localhost:8003/sse/notifications 
2025-12-05 12:11:40 PM [info]: 🧪 SSE test: http://localhost:8003/sse/test 
2025-12-05 12:12:20 PM [info]: Database connected successfully 
2025-12-05 12:12:20 PM [info]: 🚀 Server started on port 8003 
2025-12-05 12:12:20 PM [info]: 📡 SSE endpoint: http://localhost:8003/sse/notifications 
2025-12-05 12:12:20 PM [info]: 🧪 SSE test: http://localhost:8003/sse/test 
2025-12-05 12:12:55 PM [info]: Database connected successfully 
2025-12-05 12:12:56 PM [info]: 🚀 Server started on port 8003 
2025-12-05 12:12:56 PM [info]: 📡 SSE endpoint: http://localhost:8003/sse/notifications 
2025-12-05 12:12:56 PM [info]: 🧪 SSE test: http://localhost:8003/sse/test 
2025-12-05 12:14:16 PM [info]: Received GET request on /eodStock/?page=1&limit=10 [IP: 182.156.141.17]
2025-12-05 12:14:17 PM [info]: Attempting to fetch all EOD stock reports 
2025-12-05 12:14:17 PM [info]: All EOD stock reports fetched successfully 
2025-12-05 12:14:17 PM [info]: 2025-12-05 12:14:17 PM [info-sagar pagar]: GET /eodStock/?page=1&limit=10 - Status: 200 
2025-12-05 12:14:23 PM [info]: Received GET request on /returns/?page=1&limit=10 [IP: 182.156.141.17]
2025-12-05 12:14:23 PM [info]: 2025-12-05 12:14:23 PM [info-sagar pagar]: GET /returns/?page=1&limit=10 - Status: 200 
2025-12-05 12:17:09 PM [info]: Database connected successfully 
2025-12-05 12:17:09 PM [info]: 🚀 Server started on port 8003 
2025-12-05 12:17:09 PM [info]: 📡 SSE endpoint: http://localhost:8003/sse/notifications 
2025-12-05 12:17:09 PM [info]: 🧪 SSE test: http://localhost:8003/sse/test 
2025-12-05 12:17:31 PM [info]: Database connected successfully 
2025-12-05 12:17:31 PM [info]: 🚀 Server started on port 8003 
2025-12-05 12:17:31 PM [info]: 📡 SSE endpoint: http://localhost:8003/sse/notifications 
2025-12-05 12:17:31 PM [info]: 🧪 SSE test: http://localhost:8003/sse/test 
2025-12-05 12:17:51 PM [info]: Database connected successfully 
2025-12-05 12:17:51 PM [info]: 🚀 Server started on port 8003 
2025-12-05 12:17:51 PM [info]: 📡 SSE endpoint: http://localhost:8003/sse/notifications 
2025-12-05 12:17:51 PM [info]: 🧪 SSE test: http://localhost:8003/sse/test 
2025-12-05 12:18:22 PM [info]: Database connected successfully 
2025-12-05 12:18:22 PM [info]: 🚀 Server started on port 8003 
2025-12-05 12:18:22 PM [info]: 📡 SSE endpoint: http://localhost:8003/sse/notifications 
2025-12-05 12:18:22 PM [info]: 🧪 SSE test: http://localhost:8003/sse/test 
2025-12-05 12:18:36 PM [info]: Database connected successfully 
2025-12-05 12:18:36 PM [info]: 🚀 Server started on port 8003 
2025-12-05 12:18:36 PM [info]: 📡 SSE endpoint: http://localhost:8003/sse/notifications 
2025-12-05 12:18:36 PM [info]: 🧪 SSE test: http://localhost:8003/sse/test 
2025-12-05 12:18:48 PM [info]: Database connected successfully 
2025-12-05 12:18:48 PM [info]: 🚀 Server started on port 8003 
2025-12-05 12:18:48 PM [info]: 📡 SSE endpoint: http://localhost:8003/sse/notifications 
2025-12-05 12:18:48 PM [info]: 🧪 SSE test: http://localhost:8003/sse/test 
2025-12-05 12:18:57 PM [info]: Database connected successfully 
2025-12-05 12:18:57 PM [info]: 🚀 Server started on port 8003 
2025-12-05 12:18:57 PM [info]: 📡 SSE endpoint: http://localhost:8003/sse/notifications 
2025-12-05 12:18:57 PM [info]: 🧪 SSE test: http://localhost:8003/sse/test 
2025-12-05 12:19:20 PM [info]: Database connected successfully 
2025-12-05 12:19:21 PM [info]: 🚀 Server started on port 8003 
2025-12-05 12:19:21 PM [info]: 📡 SSE endpoint: http://localhost:8003/sse/notifications 
2025-12-05 12:19:21 PM [info]: 🧪 SSE test: http://localhost:8003/sse/test 
2025-12-05 12:20:02 PM [info]: Database connected successfully 
2025-12-05 12:20:02 PM [info]: 🚀 Server started on port 8003 
2025-12-05 12:20:02 PM [info]: 📡 SSE endpoint: http://localhost:8003/sse/notifications 
2025-12-05 12:20:02 PM [info]: 🧪 SSE test: http://localhost:8003/sse/test 
2025-12-05 12:22:02 PM [info]: Database connected successfully 
2025-12-05 12:22:02 PM [info]: 🚀 Server started on port 8003 
2025-12-05 12:22:02 PM [info]: 📡 SSE endpoint: http://localhost:8003/sse/notifications 
2025-12-05 12:22:02 PM [info]: 🧪 SSE test: http://localhost:8003/sse/test 
2025-12-05 12:22:38 PM [info]: Database connected successfully 
2025-12-05 12:22:38 PM [info]: 🚀 Server started on port 8003 
2025-12-05 12:22:38 PM [info]: 📡 SSE endpoint: http://localhost:8003/sse/notifications 
2025-12-05 12:22:38 PM [info]: 🧪 SSE test: http://localhost:8003/sse/test 
2025-12-05 12:23:03 PM [info]: Database connected successfully 
2025-12-05 12:23:03 PM [info]: 🚀 Server started on port 8003 
2025-12-05 12:23:03 PM [info]: 📡 SSE endpoint: http://localhost:8003/sse/notifications 
2025-12-05 12:23:03 PM [info]: 🧪 SSE test: http://localhost:8003/sse/test 
2025-12-05 12:23:32 PM [info]: Database connected successfully 
2025-12-05 12:23:32 PM [info]: 🚀 Server started on port 8003 
2025-12-05 12:23:32 PM [info]: 📡 SSE endpoint: http://localhost:8003/sse/notifications 
2025-12-05 12:23:32 PM [info]: 🧪 SSE test: http://localhost:8003/sse/test 
2025-12-05 12:23:48 PM [info]: Database connected successfully 
2025-12-05 12:23:49 PM [info]: 🚀 Server started on port 8003 
2025-12-05 12:23:49 PM [info]: 📡 SSE endpoint: http://localhost:8003/sse/notifications 
2025-12-05 12:23:49 PM [info]: 🧪 SSE test: http://localhost:8003/sse/test 
2025-12-05 12:24:12 PM [info]: Database connected successfully 
2025-12-05 12:24:12 PM [info]: 🚀 Server started on port 8003 
2025-12-05 12:24:12 PM [info]: 📡 SSE endpoint: http://localhost:8003/sse/notifications 
2025-12-05 12:24:12 PM [info]: 🧪 SSE test: http://localhost:8003/sse/test 
2025-12-05 12:24:29 PM [info]: Database connected successfully 
2025-12-05 12:24:29 PM [info]: 🚀 Server started on port 8003 
2025-12-05 12:24:29 PM [info]: 📡 SSE endpoint: http://localhost:8003/sse/notifications 
2025-12-05 12:24:29 PM [info]: 🧪 SSE test: http://localhost:8003/sse/test 
2025-12-05 12:24:50 PM [info]: Database connected successfully 
2025-12-05 12:24:50 PM [info]: 🚀 Server started on port 8003 
2025-12-05 12:24:50 PM [info]: 📡 SSE endpoint: http://localhost:8003/sse/notifications 
2025-12-05 12:24:50 PM [info]: 🧪 SSE test: http://localhost:8003/sse/test 
2025-12-05 12:25:00 PM [info]: Database connected successfully 
2025-12-05 12:25:00 PM [info]: 🚀 Server started on port 8003 
2025-12-05 12:25:00 PM [info]: 📡 SSE endpoint: http://localhost:8003/sse/notifications 
2025-12-05 12:25:00 PM [info]: 🧪 SSE test: http://localhost:8003/sse/test 
2025-12-05 12:25:15 PM [info]: Database connected successfully 
2025-12-05 12:25:15 PM [info]: 🚀 Server started on port 8003 
2025-12-05 12:25:15 PM [info]: 📡 SSE endpoint: http://localhost:8003/sse/notifications 
2025-12-05 12:25:15 PM [info]: 🧪 SSE test: http://localhost:8003/sse/test 
2025-12-05 12:25:23 PM [info]: Database connected successfully 
2025-12-05 12:25:23 PM [info]: 🚀 Server started on port 8003 
2025-12-05 12:25:23 PM [info]: 📡 SSE endpoint: http://localhost:8003/sse/notifications 
2025-12-05 12:25:23 PM [info]: 🧪 SSE test: http://localhost:8003/sse/test 
2025-12-05 12:27:00 PM [info]: Database connected successfully 
2025-12-05 12:27:15 PM [info]: Received GET request on /eodStock/?page=1&limit=10 [IP: 182.156.141.17]
2025-12-05 12:27:15 PM [info]: Attempting to fetch all EOD stock reports 
2025-12-05 12:27:15 PM [info]: All EOD stock reports fetched successfully 
2025-12-05 12:27:15 PM [info]: 2025-12-05 12:27:15 PM [info-sagar pagar]: Data retrieved successfully [IP: ::1] 
2025-12-05 12:27:16 PM [info]: Received GET request on /returns/?page=1&limit=10 [IP: 182.156.141.17]
2025-12-05 12:27:16 PM [info]: 2025-12-05 12:27:16 PM [info-sagar pagar]: Data retrieved successfully [IP: ::1] 
2025-12-05 12:28:48 PM [info]: Database connected successfully 
2025-12-05 12:29:11 PM [info]: Database connected successfully 
2025-12-05 12:29:29 PM [info]: Database connected successfully 
2025-12-05 12:29:43 PM [info]: Database connected successfully 
2025-12-05 12:29:59 PM [info]: Database connected successfully 
2025-12-05 12:30:20 PM [info]: Database connected successfully 
2025-12-05 12:31:32 PM [info]: Received GET request on /eodStock/?page=1&limit=10 [IP: 182.156.141.17]
2025-12-05 12:31:32 PM [info]: Attempting to fetch all EOD stock reports 
2025-12-05 12:31:33 PM [info]: All EOD stock reports fetched successfully 
2025-12-05 12:31:33 PM [info]: Received GET request on /returns/?page=1&limit=10 [IP: 182.156.141.17]
2025-12-05 12:32:39 PM [info]: Database connected successfully 
2025-12-05 12:33:27 PM [info]: Database connected successfully 
2025-12-05 12:33:37 PM [info]: Database connected successfully 
2025-12-05 12:33:50 PM [info]: Database connected successfully 
2025-12-05 12:34:11 PM [info]: Database connected successfully 
2025-12-05 12:34:29 PM [info]: Database connected successfully 
2025-12-05 12:35:55 PM [info]: Database connected successfully 
2025-12-05 12:36:37 PM [info]: Database connected successfully 
2025-12-05 12:45:24 PM [info]: Database connected successfully 
2025-12-05 12:46:08 PM [info]: Database connected successfully 
2025-12-05 12:46:23 PM [info]: Database connected successfully 
2025-12-05 12:46:48 PM [info]: Database connected successfully 
2025-12-05 12:47:08 PM [info]: Database connected successfully 
2025-12-05 12:47:29 PM [info]: Database connected successfully 
2025-12-05 12:51:42 PM [info]: Received GET request on /dealSlip/?page=1&limit=10 [IP: 182.156.141.17]
2025-12-05 12:51:42 PM [info]: Fetching all DealSlips... 
2025-12-05 12:51:42 PM [info]: Total DealSlips fetched: 5 
2025-12-05 12:54:24 PM [info]: Database connected successfully 
2025-12-05 12:59:24 PM [info]: Database connected successfully 
2025-12-05 12:59:42 PM [info]: Database connected successfully 
2025-12-05 01:00:58 PM [info]: Received GET request on /returns/?page=1&limit=10 [IP: 182.156.141.17]
2025-12-05 01:01:01 PM [info]: Received GET request on /dealSlip/?page=1&limit=10 [IP: 182.156.141.17]
2025-12-05 01:01:01 PM [info]: Fetching all DealSlips... 
2025-12-05 01:01:01 PM [info]: Total DealSlips fetched: 5 
2025-12-05 01:01:01 PM [error]: Unhandled Error: controllerLogger_1.ControllerLogger.logDealSlipData is not a function 
2025-12-05 01:01:02 PM [info]: Received GET request on /dealSlip/?page=1&limit=10 [IP: 182.156.141.17]
2025-12-05 01:01:02 PM [info]: Fetching all DealSlips... 
2025-12-05 01:01:03 PM [info]: Total DealSlips fetched: 5 
2025-12-05 01:01:03 PM [error]: Unhandled Error: controllerLogger_1.ControllerLogger.logDealSlipData is not a function 
2025-12-05 01:02:11 PM [info]: Database connected successfully 
2025-12-05 01:03:48 PM [info]: Received GET request on /socket.io/?EIO=4&transport=websocket [IP: 182.156.141.17]
2025-12-05 01:03:48 PM [info]: Received GET request on /socket.io/?EIO=4&transport=websocket [IP: 182.156.141.17]
2025-12-05 01:03:48 PM [info]: Received GET request on /dealSlip/?page=1&limit=10 [IP: 182.156.141.17]
2025-12-05 01:03:48 PM [info]: Fetching all DealSlips... 
2025-12-05 01:03:48 PM [info]: Total DealSlips fetched: 5 
2025-12-05 01:04:08 PM [info]: Received GET request on /socket.io/?EIO=4&transport=websocket [IP: 182.156.141.17]
2025-12-05 01:04:11 PM [info]: Received GET request on /socket.io/?EIO=4&transport=websocket [IP: 182.156.141.17]
2025-12-05 01:04:19 PM [info]: Received GET request on /socket.io/?EIO=4&transport=websocket [IP: 182.156.141.17]
2025-12-05 01:04:24 PM [info]: Received GET request on /socket.io/?EIO=4&transport=websocket [IP: 182.156.141.17]
2025-12-05 01:04:30 PM [info]: Received GET request on /socket.io/?EIO=4&transport=websocket [IP: 182.156.141.17]
2025-12-05 01:06:49 PM [info]: Database connected successfully 
2025-12-05 01:07:06 PM [info]: Database connected successfully 
2025-12-05 01:07:20 PM [info]: Database connected successfully 
2025-12-05 01:07:38 PM [info]: Database connected successfully 
2025-12-05 01:07:57 PM [info]: Database connected successfully 
2025-12-05 01:08:38 PM [info]: Received GET request on /socket.io/?EIO=4&transport=websocket [IP: 182.156.141.17]
2025-12-05 01:08:39 PM [info]: Received GET request on /socket.io/?EIO=4&transport=websocket [IP: 182.156.141.17]
2025-12-05 01:08:39 PM [info]: Received GET request on /dealSlip/?page=1&limit=10 [IP: 182.156.141.17]
2025-12-05 01:08:39 PM [info]: Fetching all DealSlips... 
2025-12-05 01:08:39 PM [info]: Total DealSlips fetched: 5 
2025-12-05 01:08:40 PM [info]: Received GET request on /socket.io/?EIO=4&transport=websocket [IP: 182.156.141.17]
2025-12-05 01:08:44 PM [info]: Received GET request on /socket.io/?EIO=4&transport=websocket [IP: 182.156.141.17]
2025-12-05 01:08:49 PM [info]: Received GET request on /socket.io/?EIO=4&transport=websocket [IP: 182.156.141.17]
2025-12-05 01:08:54 PM [info]: Received GET request on /socket.io/?EIO=4&transport=websocket [IP: 182.156.141.17]
2025-12-05 01:08:54 PM [info]: Received GET request on /rfpa/?page=1&limit=10 [IP: 182.156.141.17]
2025-12-05 01:08:55 PM [info]: Total RFPAS fetched: 9 
2025-12-05 01:09:00 PM [info]: Received GET request on /socket.io/?EIO=4&transport=websocket [IP: 182.156.141.17]
2025-12-05 01:10:23 PM [info]: Database connected successfully 
2025-12-05 01:10:49 PM [info]: Database connected successfully 
2025-12-05 01:11:05 PM [info]: Database connected successfully 
2025-12-05 01:11:18 PM [info]: Database connected successfully 
2025-12-05 01:15:00 PM [info]: Received GET request on /vendors/filterVendor/all?page=1&limit=10 [IP: 182.156.141.17]
2025-12-05 01:15:00 PM [info]: Received GET request on /products/partial/data [IP: 182.156.141.17]
2025-12-05 01:15:00 PM [info]: Received GET request on /company/partial/details [IP: 182.156.141.17]
2025-12-05 01:15:00 PM [info]: Fetching all products 
2025-12-05 01:15:00 PM [info]: Received GET request on /location-branches/filterData/filter/all [IP: 182.156.141.17]
2025-12-05 01:15:00 PM [info]: Received GET request on /uoms/getAll/partialdata [IP: 182.156.141.17]
2025-12-05 01:15:00 PM [info]: Received GET request on /farmers/filterFarmer/all?page=1&limit=10 [IP: 182.156.141.17]
2025-12-05 01:15:00 PM [info]: Received GET request on /products/partial/data?page=1&limit=10 [IP: 182.156.141.17]
2025-12-05 01:15:00 PM [info]: Received request to fetch all branches 
2025-12-05 01:15:00 PM [info]: Fetched all branches successfully 
2025-12-05 01:15:00 PM [info]: Fetching all farmers 
2025-12-05 01:15:00 PM [info]: Fetching all products 
2025-12-05 01:15:00 PM [info]: Fetched undefined products successfully 
2025-12-05 01:15:00 PM [info]: Fetched undefined products successfully 
2025-12-05 01:15:00 PM [info]: Farmers retrieved successfully 
2025-12-05 01:47:26 PM [info]: Received GET request on /socket.io/?EIO=4&transport=websocket [IP: 182.156.141.17]
2025-12-05 01:47:26 PM [info]: Received GET request on /socket.io/?EIO=4&transport=websocket [IP: 182.156.141.17]
2025-12-05 01:47:27 PM [info]: Received GET request on /farmers/filterFarmer/all?page=1&limit=10 [IP: 182.156.141.17]
2025-12-05 01:47:27 PM [info]: Fetching all farmers 
2025-12-05 01:47:27 PM [info]: Farmers retrieved successfully 
2025-12-05 01:47:27 PM [info]: Received GET request on /vendors/filterVendor/all?page=1&limit=10 [IP: 182.156.141.17]
2025-12-05 01:47:28 PM [info]: Received GET request on /company/partial/details [IP: 182.156.141.17]
2025-12-05 01:47:28 PM [info]: Received GET request on /location-branches/filterData/filter/all [IP: 182.156.141.17]
2025-12-05 01:47:28 PM [info]: Received request to fetch all branches 
2025-12-05 01:47:28 PM [info]: Fetched all branches successfully 
2025-12-05 01:47:28 PM [info]: Received GET request on /uoms/getAll/partialdata [IP: 182.156.141.17]
2025-12-05 01:47:28 PM [info]: Received GET request on /products/partial/data [IP: 182.156.141.17]
2025-12-05 01:47:28 PM [info]: Received GET request on /products/partial/data?page=1&limit=10 [IP: 182.156.141.17]
2025-12-05 01:47:28 PM [info]: Fetching all products 
2025-12-05 01:47:28 PM [info]: Fetching all products 
2025-12-05 01:47:28 PM [info]: Fetched undefined products successfully 
2025-12-05 01:47:28 PM [info]: Fetched undefined products successfully 
2025-12-05 01:47:29 PM [info]: Received GET request on /socket.io/?EIO=4&transport=websocket [IP: 182.156.141.17]
2025-12-05 01:47:31 PM [info]: Received GET request on /socket.io/?EIO=4&transport=websocket [IP: 182.156.141.17]
2025-12-05 01:47:34 PM [info]: Received GET request on /socket.io/?EIO=4&transport=websocket [IP: 182.156.141.17]
2025-12-05 01:47:40 PM [info]: Received GET request on /socket.io/?EIO=4&transport=websocket [IP: 182.156.141.17]
2025-12-05 01:47:46 PM [info]: Received GET request on /socket.io/?EIO=4&transport=websocket [IP: 182.156.141.17]
2025-12-05 02:32:37 PM [info]: Database connected successfully 
2025-12-05 03:04:34 PM [info]: Database connected successfully 
2025-12-05 05:51:10 PM [info]: Received GET request on /vendors/filterVendor/all?page=1&limit=10 [IP: 182.156.141.17]
2025-12-05 05:51:10 PM [info]: Received GET request on /socket.io/?EIO=4&transport=websocket [IP: 182.156.141.17]
2025-12-05 05:51:10 PM [info]: Received GET request on /products/partial/data [IP: 182.156.141.17]
2025-12-05 05:51:11 PM [info]: Received GET request on /products/partial/data?page=1&limit=10 [IP: 182.156.141.17]
2025-12-05 05:51:11 PM [info]: Received GET request on /uoms/getAll/partialdata [IP: 182.156.141.17]
2025-12-05 05:51:11 PM [info]: Received GET request on /location-branches/filterData/filter/all [IP: 182.156.141.17]
2025-12-05 05:51:11 PM [info]: Received GET request on /farmers/filterFarmer/all?page=1&limit=10 [IP: 182.156.141.17]
2025-12-05 05:51:11 PM [info]: Received GET request on /company/partial/details [IP: 182.156.141.17]
2025-12-05 05:51:11 PM [info]: Received GET request on /socket.io/?EIO=4&transport=websocket [IP: 182.156.141.17]
2025-12-05 05:51:11 PM [info]: Received request to fetch all branches 
2025-12-05 05:51:11 PM [info]: Fetching all products 
2025-12-05 05:51:11 PM [info]: Fetching all farmers 
2025-12-05 05:51:11 PM [info]: Fetching all products 
2025-12-05 05:51:11 PM [info]: Fetched all branches successfully 
2025-12-05 05:51:11 PM [info]: Fetched undefined products successfully 
2025-12-05 05:51:11 PM [info]: Fetched undefined products successfully 
2025-12-05 05:51:11 PM [info]: Farmers retrieved successfully 
2025-12-05 05:51:12 PM [info]: Received GET request on /socket.io/?EIO=4&transport=websocket [IP: 182.156.141.17]
2025-12-05 05:51:14 PM [info]: Received GET request on /socket.io/?EIO=4&transport=websocket [IP: 182.156.141.17]
2025-12-05 05:51:18 PM [info]: Received GET request on /socket.io/?EIO=4&transport=websocket [IP: 182.156.141.17]
2025-12-05 05:51:24 PM [info]: Received GET request on /socket.io/?EIO=4&transport=websocket [IP: 182.156.141.17]
2025-12-05 05:51:30 PM [info]: Received GET request on /socket.io/?EIO=4&transport=websocket [IP: 182.156.141.17]
2025-12-08 09:36:38 AM [info]: Database connected successfully 
2025-12-08 10:06:08 AM [info]: Database connected successfully 
2025-12-08 10:06:41 AM [info]: Database connected successfully 
2025-12-08 10:09:30 AM [info]: Database connected successfully 
2025-12-08 10:09:52 AM [info]: Database connected successfully 
2025-12-08 10:20:48 AM [info]: Database connected successfully 
2025-12-08 10:21:33 AM [info]: Database connected successfully 
2025-12-08 10:23:41 AM [info]: Database connected successfully 
2025-12-08 10:24:54 AM [info]: Database connected successfully 
2025-12-08 10:29:38 AM [info]: Database connected successfully 
2025-12-08 10:30:15 AM [info]: Database connected successfully 
2025-12-08 10:34:38 AM [info]: Database connected successfully 
2025-12-08 10:35:28 AM [info]: Database connected successfully 
2025-12-08 10:58:28 AM [info]: Database connected successfully 
2025-12-08 10:58:55 AM [info]: Database connected successfully 
2025-12-08 10:59:30 AM [info]: Database connected successfully 
2025-12-08 10:59:38 AM [info]: Database connected successfully 
2025-12-08 10:59:51 AM [info]: Database connected successfully 
2025-12-08 11:00:02 AM [info]: Database connected successfully 
2025-12-08 11:00:15 AM [info]: Database connected successfully 
2025-12-08 11:00:31 AM [info]: Database connected successfully 
2025-12-08 11:00:43 AM [info]: Database connected successfully 
2025-12-08 11:01:02 AM [info]: Database connected successfully 
2025-12-08 11:03:30 AM [info]: Database connected successfully 
2025-12-08 11:05:04 AM [info]: Database connected successfully 
2025-12-08 11:05:27 AM [info]: Database connected successfully 
2025-12-08 11:05:55 AM [info]: Database connected successfully 
2025-12-08 11:09:20 AM [info]: Database connected successfully 
2025-12-08 11:09:32 AM [info]: Database connected successfully 
2025-12-08 11:09:43 AM [info]: Database connected successfully 
2025-12-08 11:10:03 AM [info]: Database connected successfully 
2025-12-08 11:10:12 AM [info]: Database connected successfully 
2025-12-08 11:10:25 AM [info]: Database connected successfully 
2025-12-08 11:12:52 AM [info]: Database connected successfully 
2025-12-08 11:13:02 AM [info]: Database connected successfully 
2025-12-08 11:13:14 AM [info]: Database connected successfully 
2025-12-08 11:13:26 AM [info]: Database connected successfully 
2025-12-08 11:21:58 AM [info]: Received GET request on /products/partial/data?page=1&limit=6 [IP: 182.156.141.17]
2025-12-08 11:21:58 AM [error]: AppError: You need to re-authenticate. Please log in. 
2025-12-08 11:21:58 AM [info]: Received GET request on /socket.io/?EIO=4&transport=websocket [IP: 182.156.141.17]
2025-12-08 11:21:58 AM [info]: Received GET request on /socket.io/?EIO=4&transport=websocket [IP: 182.156.141.17]
2025-12-08 11:21:58 AM [info]: Received GET request on /company/partial/details [IP: 182.156.141.17]
2025-12-08 11:21:58 AM [error]: AppError: You need to re-authenticate. Please log in. 
2025-12-08 11:21:58 AM [info]: Received GET request on /location-branches/filterData/filter/all [IP: 182.156.141.17]
2025-12-08 11:21:58 AM [error]: AppError: You need to re-authenticate. Please log in. 
2025-12-08 11:21:58 AM [info]: Received GET request on /api/management/getGrns/management?filterType=tillDate [IP: 182.156.141.17]
2025-12-08 11:21:58 AM [error]: AppError: You need to re-authenticate. Please log in. 
2025-12-08 11:21:58 AM [info]: Received POST request on /auth/refresh-token [IP: 182.156.141.17]
2025-12-08 11:21:58 AM [info]: Received request to refresh access token 
2025-12-08 11:21:58 AM [info]: Received POST request on /auth/refresh-token [IP: 182.156.141.17]
2025-12-08 11:21:58 AM [info]: Received request to refresh access token 
2025-12-08 11:21:58 AM [info]: Received POST request on /auth/refresh-token [IP: 182.156.141.17]
2025-12-08 11:21:58 AM [info]: Received request to refresh access token 
2025-12-08 11:21:58 AM [info]: Received POST request on /auth/refresh-token [IP: 182.156.141.17]
2025-12-08 11:21:58 AM [info]: Received request to refresh access token 
2025-12-08 11:21:58 AM [info]: Access token refreshed successfully 
2025-12-08 11:21:58 AM [info]: Access token refreshed successfully 
2025-12-08 11:21:58 AM [info]: Access token refreshed successfully 
2025-12-08 11:21:58 AM [info]: Access token refreshed successfully 
2025-12-08 11:21:58 AM [info]: Received GET request on /company/partial/details [IP: 182.156.141.17]
2025-12-08 11:21:58 AM [info]: Received GET request on /location-branches/filterData/filter/all [IP: 182.156.141.17]
2025-12-08 11:21:59 AM [info]: Received GET request on /products/partial/data?page=1&limit=6 [IP: 182.156.141.17]
2025-12-08 11:21:59 AM [info]: Received GET request on /api/management/getGrns/management?filterType=tillDate [IP: 182.156.141.17]
2025-12-08 11:21:59 AM [info]: Fetching all products 
2025-12-08 11:21:59 AM [info]: Fetched undefined products successfully 
2025-12-08 11:21:59 AM [info]: Received GET request on /socket.io/?EIO=4&transport=websocket [IP: 182.156.141.17]
2025-12-08 11:22:02 AM [info]: Received GET request on /socket.io/?EIO=4&transport=websocket [IP: 182.156.141.17]
2025-12-08 11:22:03 AM [info]: Received POST request on /auth/logout [IP: 182.156.141.17]
2025-12-08 11:22:04 AM [info]: User logged out successfully 
2025-12-08 11:22:46 AM [info]: Received POST request on /auth/login [IP: 182.156.141.17]
2025-12-08 11:22:46 AM [info]: Login request received 
2025-12-08 11:22:48 AM [info]: System log saved 
2025-12-08 11:22:48 AM [info]: User logged in successfully 
2025-12-08 11:22:51 AM [info]: Received GET request on /socket.io/?EIO=4&transport=websocket [IP: 182.156.141.17]
2025-12-08 11:22:51 AM [info]: Received GET request on /socket.io/?EIO=4&transport=websocket [IP: 182.156.141.17]
2025-12-08 11:22:52 AM [info]: Received GET request on /employee/all/partial?page=1&limit=6 [IP: 182.156.141.17]
2025-12-08 11:22:52 AM [info]: Employee Getting successfully 
2025-12-08 11:22:52 AM [info]: Received GET request on /location-branches/filterData/filter/all [IP: 182.156.141.17]
2025-12-08 11:22:52 AM [info]: Received GET request on /company/partial/details [IP: 182.156.141.17]
2025-12-08 11:22:52 AM [info]: Received GET request on /farmers/filterFarmer/all?page=1&limit=6 [IP: 182.156.141.17]
2025-12-08 11:22:52 AM [info]: Received GET request on /admin/dashboard/active-users [IP: 182.156.141.17]
2025-12-08 11:22:52 AM [info]: Fetching all farmers 
2025-12-08 11:22:52 AM [info]: Farmers retrieved successfully 
2025-12-08 11:22:52 AM [info]: Received GET request on /customers/names/all [IP: 182.156.141.17]
2025-12-08 11:22:52 AM [info]: Received GET request on /userreport/total-purchase [IP: 182.156.141.17]
2025-12-08 11:22:52 AM [info]: Received GET request on /vendors/filterVendor/all?page=1&limit=6 [IP: 182.156.141.17]
2025-12-08 11:22:52 AM [info]: Received GET request on /userreport/total-sale [IP: 182.156.141.17]
2025-12-08 11:22:52 AM [info]: Received GET request on /products/partial/data?page=1&limit=6 [IP: 182.156.141.17]
2025-12-08 11:22:52 AM [info]: Received GET request on /userreport/user-counts [IP: 182.156.141.17]
2025-12-08 11:22:52 AM [info]: Fetching all customers 
2025-12-08 11:22:52 AM [info]: Fetching all products 
2025-12-08 11:22:52 AM [info]: Fetched undefined products successfully 
2025-12-08 11:22:52 AM [info]: Customers retrieved successfully 
2025-12-08 11:22:52 AM [info]: Received GET request on /socket.io/?EIO=4&transport=websocket [IP: 182.156.141.17]
2025-12-08 11:22:55 AM [info]: Received GET request on /socket.io/?EIO=4&transport=websocket [IP: 182.156.141.17]
2025-12-08 11:22:58 AM [info]: Received GET request on /vendors/filterVendor/all?page=1&limit=6 [IP: 182.156.141.17]
2025-12-08 11:22:58 AM [info]: Received GET request on /products/partial/data?page=1&limit=6 [IP: 182.156.141.17]
2025-12-08 11:22:58 AM [info]: Fetching all products 
2025-12-08 11:22:58 AM [info]: Fetched undefined products successfully 
2025-12-08 11:22:58 AM [info]: Received GET request on /customers/names/all [IP: 182.156.141.17]
2025-12-08 11:22:58 AM [info]: Fetching all customers 
2025-12-08 11:22:58 AM [info]: Received GET request on /userreport/total-purchase [IP: 182.156.141.17]
2025-12-08 11:22:58 AM [info]: Received GET request on /employee/?page=1&limit=6 [IP: 182.156.141.17]
2025-12-08 11:22:58 AM [info]: Received GET request on /company/partial/details [IP: 182.156.141.17]
2025-12-08 11:22:58 AM [info]: Received GET request on /farmers/filterFarmer/all?page=1&limit=6 [IP: 182.156.141.17]
2025-12-08 11:22:58 AM [info]: Customers retrieved successfully 
2025-12-08 11:22:58 AM [info]: Received GET request on /location-branches/filterData/filter/all [IP: 182.156.141.17]
2025-12-08 11:22:58 AM [info]: Received GET request on /userreport/user-counts [IP: 182.156.141.17]
2025-12-08 11:22:58 AM [info]: Received GET request on /userreport/total-sale [IP: 182.156.141.17]
2025-12-08 11:22:58 AM [info]: Getting All Employee 
2025-12-08 11:22:58 AM [info]: Fetching all farmers 
2025-12-08 11:22:59 AM [info]: Employee Getting successfully 
2025-12-08 11:22:59 AM [info]: Farmers retrieved successfully 
2025-12-08 11:23:00 AM [info]: Received GET request on /socket.io/?EIO=4&transport=websocket [IP: 182.156.141.17]
2025-12-08 11:23:04 AM [info]: Received GET request on /userreport/total-purchase?createdBy=f7c91ea2-9a10-4169-bca4-f240e4b58437 [IP: 182.156.141.17]
2025-12-08 11:23:04 AM [info]: Received GET request on /userreport/user-counts?createdBy=f7c91ea2-9a10-4169-bca4-f240e4b58437 [IP: 182.156.141.17]
2025-12-08 11:23:04 AM [info]: Received GET request on /userreport/total-sale?createdBy=f7c91ea2-9a10-4169-bca4-f240e4b58437 [IP: 182.156.141.17]
2025-12-08 11:23:05 AM [info]: Received GET request on /socket.io/?EIO=4&transport=websocket [IP: 182.156.141.17]
2025-12-08 11:23:10 AM [info]: Received GET request on /socket.io/?EIO=4&transport=websocket [IP: 182.156.141.17]
2025-12-08 11:23:11 AM [info]: Received GET request on /userreport/total-sale?createdBy=960a9d06-0c4b-49d6-a1af-1691860687d6 [IP: 182.156.141.17]
2025-12-08 11:23:11 AM [info]: Received GET request on /userreport/user-counts?createdBy=960a9d06-0c4b-49d6-a1af-1691860687d6 [IP: 182.156.141.17]
2025-12-08 11:23:11 AM [info]: Received GET request on /userreport/total-purchase?createdBy=960a9d06-0c4b-49d6-a1af-1691860687d6 [IP: 182.156.141.17]
2025-12-08 11:25:49 AM [info]: Database connected successfully 
2025-12-08 11:44:52 AM [info]: Database connected successfully 
2025-12-08 11:45:53 AM [info]: Database connected successfully 
2025-12-08 11:46:07 AM [info]: Database connected successfully 
2025-12-08 11:46:48 AM [info]: Database connected successfully 
2025-12-08 11:47:36 AM [info]: Database connected successfully 
2025-12-08 11:51:23 AM [info]: Database connected successfully 
2025-12-08 12:20:34 PM [info]: Database connected successfully 
2025-12-08 12:23:00 PM [info]: Database connected successfully 
2025-12-08 12:26:06 PM [info]: Database connected successfully 
2025-12-08 12:33:10 PM [info]: Received GET request on /socket.io/?EIO=4&transport=websocket [IP: 182.156.141.17]
2025-12-08 12:33:10 PM [info]: Received GET request on /socket.io/?EIO=4&transport=websocket [IP: 182.156.141.17]
2025-12-08 12:33:11 PM [info]: Received GET request on /products/partial/data?page=1&limit=6 [IP: 182.156.141.17]
2025-12-08 12:33:11 PM [error]: AppError: You need to re-authenticate. Please log in. 
2025-12-08 12:33:12 PM [info]: Received GET request on /socket.io/?EIO=4&transport=websocket [IP: 182.156.141.17]
2025-12-08 12:33:13 PM [info]: Received POST request on /auth/refresh-token [IP: 182.156.141.17]
2025-12-08 12:33:13 PM [info]: Received request to refresh access token 
2025-12-08 12:33:13 PM [info]: Received GET request on /location-branches/filterData/filter/all [IP: 182.156.141.17]
2025-12-08 12:33:13 PM [error]: AppError: You need to re-authenticate. Please log in. 
2025-12-08 12:33:13 PM [info]: Received GET request on /userreport/user-counts [IP: 182.156.141.17]
2025-12-08 12:33:13 PM [error]: AppError: You need to re-authenticate. Please log in. 
2025-12-08 12:33:13 PM [info]: Received GET request on /customers/names/all [IP: 182.156.141.17]
2025-12-08 12:33:13 PM [error]: AppError: You need to re-authenticate. Please log in. 
2025-12-08 12:33:13 PM [info]: Received GET request on /farmers/filterFarmer/all?page=1&limit=6 [IP: 182.156.141.17]
2025-12-08 12:33:13 PM [error]: AppError: You need to re-authenticate. Please log in. 
2025-12-08 12:33:13 PM [info]: Received GET request on /admin/dashboard/active-users [IP: 182.156.141.17]
2025-12-08 12:33:13 PM [error]: AppError: You need to re-authenticate. Please log in. 
2025-12-08 12:33:13 PM [info]: Received GET request on /employee/all/partial?page=1&limit=6 [IP: 182.156.141.17]
2025-12-08 12:33:13 PM [error]: AppError: You need to re-authenticate. Please log in. 
2025-12-08 12:33:13 PM [info]: Received GET request on /userreport/total-sale [IP: 182.156.141.17]
2025-12-08 12:33:13 PM [error]: AppError: You need to re-authenticate. Please log in. 
2025-12-08 12:33:14 PM [info]: Received GET request on /userreport/total-purchase [IP: 182.156.141.17]
2025-12-08 12:33:14 PM [error]: AppError: You need to re-authenticate. Please log in. 
2025-12-08 12:33:14 PM [info]: Received GET request on /company/partial/details [IP: 182.156.141.17]
2025-12-08 12:33:14 PM [error]: AppError: You need to re-authenticate. Please log in. 
2025-12-08 12:33:14 PM [info]: Received GET request on /vendors/filterVendor/all?page=1&limit=6 [IP: 182.156.141.17]
2025-12-08 12:33:14 PM [error]: AppError: You need to re-authenticate. Please log in. 
2025-12-08 12:33:14 PM [info]: Received POST request on /auth/refresh-token [IP: 182.156.141.17]
2025-12-08 12:33:14 PM [info]: Received request to refresh access token 
2025-12-08 12:33:14 PM [info]: Received POST request on /auth/refresh-token [IP: 182.156.141.17]
2025-12-08 12:33:14 PM [info]: Received request to refresh access token 
2025-12-08 12:33:14 PM [info]: Received POST request on /auth/refresh-token [IP: 182.156.141.17]
2025-12-08 12:33:14 PM [info]: Received request to refresh access token 
2025-12-08 12:33:14 PM [info]: Received POST request on /auth/refresh-token [IP: 182.156.141.17]
2025-12-08 12:33:14 PM [info]: Received request to refresh access token 
2025-12-08 12:33:14 PM [info]: Received POST request on /auth/refresh-token [IP: 182.156.141.17]
2025-12-08 12:33:14 PM [info]: Received request to refresh access token 
2025-12-08 12:33:14 PM [info]: Received POST request on /auth/refresh-token [IP: 182.156.141.17]
2025-12-08 12:33:14 PM [info]: Received request to refresh access token 
2025-12-08 12:33:14 PM [info]: Received POST request on /auth/refresh-token [IP: 182.156.141.17]
2025-12-08 12:33:14 PM [info]: Received request to refresh access token 
2025-12-08 12:33:14 PM [info]: Received POST request on /auth/refresh-token [IP: 182.156.141.17]
2025-12-08 12:33:14 PM [info]: Received request to refresh access token 
2025-12-08 12:33:14 PM [info]: Received POST request on /auth/refresh-token [IP: 182.156.141.17]
2025-12-08 12:33:14 PM [info]: Received request to refresh access token 
2025-12-08 12:33:14 PM [info]: Received POST request on /auth/refresh-token [IP: 182.156.141.17]
2025-12-08 12:33:14 PM [info]: Received request to refresh access token 
2025-12-08 12:33:14 PM [info]: Received GET request on /socket.io/?EIO=4&transport=websocket [IP: 182.156.141.17]
2025-12-08 12:33:15 PM [info]: Access token refreshed successfully 
2025-12-08 12:33:15 PM [info]: Access token refreshed successfully 
2025-12-08 12:33:15 PM [info]: Access token refreshed successfully 
2025-12-08 12:33:15 PM [info]: Access token refreshed successfully 
2025-12-08 12:33:15 PM [info]: Access token refreshed successfully 
2025-12-08 12:33:15 PM [info]: Access token refreshed successfully 
2025-12-08 12:33:15 PM [info]: Access token refreshed successfully 
2025-12-08 12:33:15 PM [info]: Access token refreshed successfully 
2025-12-08 12:33:15 PM [info]: Access token refreshed successfully 
2025-12-08 12:33:15 PM [info]: Access token refreshed successfully 
2025-12-08 12:33:15 PM [info]: Access token refreshed successfully 
2025-12-08 12:33:15 PM [info]: Received GET request on /vendors/filterVendor/all?page=1&limit=6 [IP: 182.156.141.17]
2025-12-08 12:33:15 PM [info]: Received GET request on /farmers/filterFarmer/all?page=1&limit=6 [IP: 182.156.141.17]
2025-12-08 12:33:15 PM [info]: Received GET request on /admin/dashboard/active-users [IP: 182.156.141.17]
2025-12-08 12:33:15 PM [info]: Received GET request on /location-branches/filterData/filter/all [IP: 182.156.141.17]
2025-12-08 12:33:15 PM [info]: Received GET request on /customers/names/all [IP: 182.156.141.17]
2025-12-08 12:33:15 PM [info]: Received GET request on /employee/all/partial?page=1&limit=6 [IP: 182.156.141.17]
2025-12-08 12:33:15 PM [info]: Received GET request on /products/partial/data?page=1&limit=6 [IP: 182.156.141.17]
2025-12-08 12:33:15 PM [info]: Received GET request on /userreport/total-purchase [IP: 182.156.141.17]
2025-12-08 12:33:15 PM [info]: Received GET request on /userreport/total-sale [IP: 182.156.141.17]
2025-12-08 12:33:15 PM [info]: Fetching all farmers 
2025-12-08 12:33:15 PM [info]: Received GET request on /company/partial/details [IP: 182.156.141.17]
2025-12-08 12:33:15 PM [info]: Fetching all products 
2025-12-08 12:33:15 PM [info]: Received GET request on /userreport/user-counts [IP: 182.156.141.17]
2025-12-08 12:33:16 PM [info]: Employee Getting successfully 
2025-12-08 12:33:16 PM [info]: Farmers retrieved successfully 
2025-12-08 12:33:16 PM [info]: Fetched undefined products successfully 
2025-12-08 12:33:20 PM [info]: Received GET request on /socket.io/?EIO=4&transport=websocket [IP: 182.156.141.17]
2025-12-08 12:33:26 PM [info]: Received GET request on /socket.io/?EIO=4&transport=websocket [IP: 182.156.141.17]
2025-12-08 12:33:32 PM [info]: Received GET request on /socket.io/?EIO=4&transport=websocket [IP: 182.156.141.17]
2025-12-08 12:42:55 PM [info]: Database connected successfully 
2025-12-08 12:43:54 PM [info]: Database connected successfully 
2025-12-08 12:48:33 PM [info]: Database connected successfully 
2025-12-08 02:23:50 PM [info]: Database connected successfully 
2025-12-08 02:32:52 PM [info]: Database connected successfully 
2025-12-08 05:00:29 PM [info]: Database connected successfully 
2025-12-08 05:16:23 PM [info]: Database connected successfully 
2025-12-08 05:18:17 PM [info]: Database connected successfully 
2025-12-08 05:37:15 PM [info]: Database connected successfully 
2025-12-08 05:39:00 PM [info]: Database connected successfully 
2025-12-08 05:46:59 PM [info]: Database connected successfully 
2025-12-08 05:48:01 PM [info]: Database connected successfully 
2025-12-08 06:03:42 PM [info]: Database connected successfully 
2025-12-09 10:24:51 AM [info]: Database connected successfully 
2025-12-09 11:46:38 AM [info]: Database connected successfully 
2025-12-09 11:52:11 AM [info]: Database connected successfully 
2025-12-09 11:57:43 AM [info]: Database connected successfully 
2025-12-09 11:57:57 AM [info]: Database connected successfully 
2025-12-09 11:58:04 AM [info]: Database connected successfully 
2025-12-09 11:58:12 AM [info]: Database connected successfully 
2025-12-09 11:58:20 AM [info]: Database connected successfully 
2025-12-09 11:58:29 AM [info]: Database connected successfully 
2025-12-09 11:58:38 AM [info]: Database connected successfully 
2025-12-09 11:58:56 AM [info]: Database connected successfully 
2025-12-09 11:59:06 AM [info]: Database connected successfully 
2025-12-09 11:59:33 AM [info]: Database connected successfully 
2025-12-09 11:59:42 AM [info]: Database connected successfully 
2025-12-09 11:59:59 AM [info]: Database connected successfully 
2025-12-09 12:00:09 PM [info]: Database connected successfully 
2025-12-09 12:00:21 PM [info]: Database connected successfully 
2025-12-09 12:00:32 PM [info]: Database connected successfully 
2025-12-09 12:00:50 PM [info]: Database connected successfully 
2025-12-09 12:01:21 PM [info]: Database connected successfully 
2025-12-09 12:01:29 PM [info]: Database connected successfully 
2025-12-09 12:01:37 PM [info]: Database connected successfully 
2025-12-09 04:58:50 PM [info]: Database connected successfully 
2025-12-09 05:01:17 PM [info]: Database connected successfully 
2025-12-09 05:04:46 PM [info]: Database connected successfully 
2025-12-09 05:10:14 PM [info]: Database connected successfully 
2025-12-09 05:11:24 PM [info]: Database connected successfully 
2025-12-09 05:11:50 PM [info]: Database connected successfully 
2025-12-09 05:15:03 PM [info]: Database connected successfully 
2025-12-09 05:16:51 PM [info]: Database connected successfully 
2025-12-09 05:18:47 PM [info]: Database connected successfully 
2025-12-09 05:20:56 PM [info]: Database connected successfully 
2025-12-09 05:23:07 PM [info]: Database connected successfully 
2025-12-09 05:30:31 PM [info]: Received POST request on /auth/login [IP: ::1]
2025-12-09 05:30:31 PM [info]: Login request received 
2025-12-09 05:30:32 PM [info]: System log saved 
2025-12-09 05:30:32 PM [info]: User logged in successfully 
2025-12-09 05:34:24 PM [info]: Received POST request on /workflow/add [IP: ::1]
2025-12-09 05:35:55 PM [info]: Database connected successfully 
2025-12-09 05:36:06 PM [info]: Received POST request on /workflow/add [IP: ::1]
2025-12-09 05:37:38 PM [info]: Received GET request on /workflow/tree/sale [IP: ::1]
2025-12-09 05:48:12 PM [info]: Received POST request on /workflow/add [IP: ::1]
2025-12-09 05:48:16 PM [info]: Received POST request on /workflow/add [IP: ::1]
2025-12-09 05:49:40 PM [info]: Database connected successfully 
2025-12-09 05:50:04 PM [info]: Received GET request on /workflow/tree/sale [IP: ::1]
2025-12-09 05:59:20 PM [info]: Database connected successfully 
2025-12-10 09:50:29 AM [info]: Database connected successfully 
2025-12-10 10:23:17 AM [info]: Received POST request on /auth/login [IP: ::1]
2025-12-10 10:23:17 AM [info]: Login request received 
2025-12-10 10:23:19 AM [info]: System log saved 
2025-12-10 10:23:20 AM [info]: User logged in successfully 
2025-12-10 11:04:32 AM [info]: Received POST request on /workflow/bulk [IP: ::1]
2025-12-10 11:09:02 AM [info]: Database connected successfully 
2025-12-10 11:10:40 AM [info]: Received GET request on /customers/names/all [IP: 182.156.141.17]
2025-12-10 11:10:40 AM [info]: Received GET request on /vendors/filterVendor/all?page=1&limit=6 [IP: 182.156.141.17]
2025-12-10 11:10:40 AM [info]: Received GET request on /farmers/filterFarmer/all?page=1&limit=6 [IP: 182.156.141.17]
2025-12-10 11:10:40 AM [info]: Received GET request on /userreport/total-purchase [IP: 182.156.141.17]
2025-12-10 11:10:40 AM [info]: Received GET request on /location-branches/filterData/filter/all [IP: 182.156.141.17]
2025-12-10 11:10:40 AM [info]: Received GET request on /products/partial/data?page=1&limit=6 [IP: 182.156.141.17]
2025-12-10 11:10:40 AM [info]: Received GET request on /employee/all/partial?page=1&limit=6 [IP: 182.156.141.17]
2025-12-10 11:10:40 AM [info]: Received GET request on /admin/dashboard/active-users [IP: 182.156.141.17]
2025-12-10 11:10:40 AM [info]: Received GET request on /userreport/total-sale [IP: 182.156.141.17]
2025-12-10 11:10:41 AM [info]: Received GET request on /userreport/user-counts [IP: 182.156.141.17]
2025-12-10 11:10:41 AM [info]: Received GET request on /company/partial/details [IP: 182.156.141.17]
2025-12-10 11:10:41 AM [info]: Fetching all products 
2025-12-10 11:10:41 AM [info]: Employee Getting successfully 
2025-12-10 11:10:41 AM [info]: Fetched undefined products successfully 
2025-12-10 11:11:06 AM [info]: Received GET request on /workflow/tree/sale [IP: ::1]
2025-12-10 11:17:32 AM [info]: Database connected successfully 
2025-12-10 11:18:09 AM [info]: Received GET request on /workflow/getworkflow/sale [IP: ::1]
2025-12-10 11:27:08 AM [info]: Database connected successfully 
2025-12-10 11:28:51 AM [info]: Database connected successfully 
2025-12-10 11:29:41 AM [info]: Database connected successfully 
2025-12-10 11:31:30 AM [info]: Received GET request on /workflow/getworkflow/sale [IP: ::1]
2025-12-10 11:31:53 AM [info]: Received GET request on /workflow/getworkflow/sale?managerId=c4e181f5-d728-49b2-af54-192f518eb855 [IP: ::1]
2025-12-10 11:33:38 AM [info]: Database connected successfully 
2025-12-10 11:34:27 AM [info]: Received GET request on /workflow/getworkflow/sale?managerId=c4e181f5-d728-49b2-af54-192f518eb855 [IP: ::1]
2025-12-10 11:35:42 AM [info]: Received GET request on /workflow/getworkflow/sale [IP: ::1]
2025-12-10 11:36:02 AM [info]: Received GET request on /workflow/getworkflow/sale?managerId=44dc1216-c310-4b47-a797-663cf9d838b9 [IP: ::1]
2025-12-10 11:37:46 AM [info]: Database connected successfully 
2025-12-10 11:37:58 AM [info]: Database connected successfully 
2025-12-10 11:39:22 AM [info]: Received GET request on /workflow/getworkflow/sale?managerId=44dc1216-c310-4b47-a797-663cf9d838b9 [IP: ::1]
2025-12-10 11:39:34 AM [info]: Received GET request on /workflow/getworkflow/sale [IP: ::1]
2025-12-10 11:39:54 AM [info]: Received GET request on /workflow/getworkflow/sale?managerId=c2174de1-5df3-4089-93d9-6de1a4a92cc4 [IP: ::1]
2025-12-10 11:41:13 AM [info]: Received GET request on /workflow/getworkflow/sale [IP: ::1]
2025-12-10 12:03:02 PM [info]: Database connected successfully 
2025-12-10 12:03:32 PM [info]: Database connected successfully 
2025-12-10 12:08:02 PM [info]: Received GET request on /socket.io/?EIO=4&transport=websocket [IP: 182.156.141.17]
2025-12-10 12:08:02 PM [info]: Received GET request on /admin/dashboard/active-users [IP: 182.156.141.17]
2025-12-10 12:08:02 PM [info]: Received GET request on /company/partial/details [IP: 182.156.141.17]
2025-12-10 12:08:02 PM [info]: Received GET request on /farmers/filterFarmer/all?page=1&limit=6 [IP: 182.156.141.17]
2025-12-10 12:08:02 PM [info]: Received GET request on /products/partial/data?page=1&limit=6 [IP: 182.156.141.17]
2025-12-10 12:08:02 PM [info]: Received GET request on /customers/names/all [IP: 182.156.141.17]
2025-12-10 12:08:03 PM [info]: Received GET request on /employee/all/partial?page=1&limit=6 [IP: 182.156.141.17]
2025-12-10 12:08:03 PM [info]: Received GET request on /location-branches/filterData/filter/all [IP: 182.156.141.17]
2025-12-10 12:08:03 PM [info]: Received GET request on /userreport/user-counts [IP: 182.156.141.17]
2025-12-10 12:08:03 PM [info]: Received GET request on /userreport/total-purchase [IP: 182.156.141.17]
2025-12-10 12:08:03 PM [info]: Received GET request on /vendors/filterVendor/all?page=1&limit=6 [IP: 182.156.141.17]
2025-12-10 12:08:03 PM [info]: Fetching all products 
2025-12-10 12:08:03 PM [info]: Received GET request on /userreport/total-sale [IP: 182.156.141.17]
2025-12-10 12:08:03 PM [info]: Fetched undefined products successfully 
2025-12-10 12:08:03 PM [info]: Employee Getting successfully 
2025-12-10 12:08:04 PM [info]: Received GET request on /socket.io/?EIO=4&transport=websocket [IP: 182.156.141.17]
2025-12-10 12:08:06 PM [info]: Received GET request on /socket.io/?EIO=4&transport=websocket [IP: 182.156.141.17]
2025-12-10 12:08:09 PM [info]: Received GET request on /socket.io/?EIO=4&transport=websocket [IP: 182.156.141.17]
2025-12-10 12:08:15 PM [info]: Received GET request on /socket.io/?EIO=4&transport=websocket [IP: 182.156.141.17]
2025-12-10 12:08:21 PM [info]: Received GET request on /socket.io/?EIO=4&transport=websocket [IP: 182.156.141.17]
2025-12-10 12:09:29 PM [error]: Unhandled Error: Expected ',' or ']' after array element in JSON at position 168 
2025-12-10 12:09:46 PM [info]: Received POST request on /workflow/bulk [IP: ::1]
2025-12-10 12:10:16 PM [info]: Received GET request on /workflow/getworkflow/purchase [IP: ::1]
2025-12-10 12:10:31 PM [info]: Received GET request on /socket.io/?EIO=4&transport=websocket [IP: 182.156.141.17]
2025-12-10 12:10:32 PM [info]: Received GET request on /socket.io/?EIO=4&transport=websocket [IP: 182.156.141.17]
2025-12-10 12:10:35 PM [info]: Received GET request on /socket.io/?EIO=4&transport=websocket [IP: 182.156.141.17]
2025-12-10 12:10:42 PM [info]: Received GET request on /socket.io/?EIO=4&transport=websocket [IP: 182.156.141.17]
2025-12-10 12:10:47 PM [info]: Received GET request on /socket.io/?EIO=4&transport=websocket [IP: 182.156.141.17]
2025-12-10 12:10:53 PM [info]: Received GET request on /socket.io/?EIO=4&transport=websocket [IP: 182.156.141.17]
2025-12-10 12:11:10 PM [info]: Received GET request on /socket.io/?EIO=4&transport=websocket [IP: 182.156.141.17]
2025-12-10 12:11:11 PM [info]: Received GET request on /socket.io/?EIO=4&transport=websocket [IP: 182.156.141.17]
2025-12-10 12:11:13 PM [info]: Received GET request on /socket.io/?EIO=4&transport=websocket [IP: 182.156.141.17]
2025-12-10 12:11:19 PM [info]: Received GET request on /socket.io/?EIO=4&transport=websocket [IP: 182.156.141.17]
2025-12-10 12:11:26 PM [info]: Received GET request on /socket.io/?EIO=4&transport=websocket [IP: 182.156.141.17]
2025-12-10 02:43:25 PM [info]: Received GET request on /socket.io/?EIO=4&transport=websocket [IP: 2401:4900:7c82:8008:5d3:c93a:390a:12bd]
2025-12-10 02:43:39 PM [info]: Received GET request on /socket.io/?EIO=4&transport=websocket [IP: 2401:4900:7c82:8008:5d3:c93a:390a:12bd]
2025-12-10 02:43:46 PM [info]: Received GET request on /socket.io/?EIO=4&transport=websocket [IP: 2401:4900:7c82:8008:5d3:c93a:390a:12bd]
2025-12-10 03:57:23 PM [info]: Database connected successfully 
2025-12-10 04:44:02 PM [info]: Received GET request on /socket.io/?EIO=4&transport=websocket [IP: 2401:4900:7c82:8008:48bc:54cd:dce0:49b0]
2025-12-10 04:44:04 PM [info]: Received GET request on /socket.io/?EIO=4&transport=websocket [IP: 27.59.109.176]
2025-12-10 04:44:31 PM [info]: Received GET request on /socket.io/?EIO=4&transport=websocket [IP: 182.156.141.17]
2025-12-10 04:44:36 PM [info]: Received GET request on /socket.io/?EIO=4&transport=websocket [IP: 182.156.141.17]
2025-12-10 04:44:44 PM [info]: Received GET request on /socket.io/?EIO=4&transport=websocket [IP: 182.156.141.17]
2025-12-10 04:49:30 PM [info]: Received GET request on /socket.io/?EIO=4&transport=websocket [IP: 182.156.141.17]
2025-12-10 04:49:32 PM [info]: Received GET request on /socket.io/?EIO=4&transport=websocket [IP: 182.156.141.17]
2025-12-10 04:49:35 PM [info]: Received GET request on /socket.io/?EIO=4&transport=websocket [IP: 182.156.141.17]
2025-12-10 04:49:41 PM [info]: Received GET request on /socket.io/?EIO=4&transport=websocket [IP: 182.156.141.17]
2025-12-10 04:49:47 PM [info]: Received GET request on /socket.io/?EIO=4&transport=websocket [IP: 182.156.141.17]
2025-12-10 04:49:53 PM [info]: Received GET request on /socket.io/?EIO=4&transport=websocket [IP: 182.156.141.17]
2025-12-10 04:56:47 PM [info]: Received GET request on /socket.io/?EIO=4&transport=websocket [IP: 182.156.141.17]
2025-12-10 04:56:49 PM [info]: Received GET request on /socket.io/?EIO=4&transport=websocket [IP: 182.156.141.17]
2025-12-10 04:56:51 PM [info]: Received GET request on /socket.io/?EIO=4&transport=websocket [IP: 182.156.141.17]
2025-12-10 04:56:56 PM [info]: Received GET request on /socket.io/?EIO=4&transport=websocket [IP: 182.156.141.17]
2025-12-10 04:57:02 PM [info]: Received GET request on /socket.io/?EIO=4&transport=websocket [IP: 182.156.141.17]
2025-12-10 04:57:08 PM [info]: Received GET request on /socket.io/?EIO=4&transport=websocket [IP: 182.156.141.17]
2025-12-10 04:59:43 PM [info]: Received GET request on /socket.io/?EIO=4&transport=websocket [IP: 182.156.141.17]
2025-12-10 04:59:45 PM [info]: Received GET request on /socket.io/?EIO=4&transport=websocket [IP: 182.156.141.17]
2025-12-10 04:59:48 PM [info]: Received GET request on /socket.io/?EIO=4&transport=websocket [IP: 182.156.141.17]
2025-12-10 04:59:54 PM [info]: Received GET request on /socket.io/?EIO=4&transport=websocket [IP: 182.156.141.17]
2025-12-10 05:00:00 PM [info]: Received GET request on /socket.io/?EIO=4&transport=websocket [IP: 182.156.141.17]
2025-12-10 05:00:06 PM [info]: Received GET request on /socket.io/?EIO=4&transport=websocket [IP: 182.156.141.17]
2025-12-10 05:04:52 PM [info]: Received GET request on /socket.io/?EIO=4&transport=websocket [IP: 182.156.141.17]
2025-12-10 05:04:53 PM [info]: Received GET request on /socket.io/?EIO=4&transport=websocket [IP: 182.156.141.17]
2025-12-10 05:04:55 PM [info]: Received GET request on /socket.io/?EIO=4&transport=websocket [IP: 182.156.141.17]
2025-12-10 05:04:59 PM [info]: Received GET request on /socket.io/?EIO=4&transport=websocket [IP: 182.156.141.17]
2025-12-10 05:05:05 PM [info]: Received GET request on /socket.io/?EIO=4&transport=websocket [IP: 182.156.141.17]
2025-12-10 05:05:11 PM [info]: Received GET request on /socket.io/?EIO=4&transport=websocket [IP: 182.156.141.17]
2025-12-10 05:50:15 PM [info]: Received GET request on /socket.io/?EIO=4&transport=websocket [IP: 182.156.141.17]
2025-12-10 05:50:17 PM [info]: Received GET request on /socket.io/?EIO=4&transport=websocket [IP: 182.156.141.17]
2025-12-10 05:50:19 PM [info]: Received GET request on /socket.io/?EIO=4&transport=websocket [IP: 182.156.141.17]
2025-12-10 05:50:25 PM [info]: Received GET request on /socket.io/?EIO=4&transport=websocket [IP: 182.156.141.17]
2025-12-10 05:50:31 PM [info]: Received GET request on /socket.io/?EIO=4&transport=websocket [IP: 182.156.141.17]
2025-12-10 05:50:37 PM [info]: Received GET request on /socket.io/?EIO=4&transport=websocket [IP: 182.156.141.17]
2025-12-10 05:56:39 PM [info]: Received GET request on /socket.io/?EIO=4&transport=websocket [IP: 182.156.141.17]
2025-12-10 05:56:41 PM [info]: Received GET request on /socket.io/?EIO=4&transport=websocket [IP: 182.156.141.17]
2025-12-10 05:56:43 PM [info]: Received GET request on /socket.io/?EIO=4&transport=websocket [IP: 182.156.141.17]
2025-12-10 05:56:47 PM [info]: Received GET request on /socket.io/?EIO=4&transport=websocket [IP: 182.156.141.17]
2025-12-10 05:56:53 PM [info]: Received GET request on /socket.io/?EIO=4&transport=websocket [IP: 182.156.141.17]
2025-12-10 05:56:59 PM [info]: Received GET request on /socket.io/?EIO=4&transport=websocket [IP: 182.156.141.17]
2025-12-10 06:01:04 PM [info]: Received GET request on /socket.io/?EIO=4&transport=websocket [IP: 182.156.141.17]
2025-12-10 06:01:05 PM [info]: Received GET request on /socket.io/?EIO=4&transport=websocket [IP: 182.156.141.17]
2025-12-10 06:01:08 PM [info]: Received GET request on /socket.io/?EIO=4&transport=websocket [IP: 182.156.141.17]
2025-12-10 06:01:13 PM [info]: Received GET request on /socket.io/?EIO=4&transport=websocket [IP: 182.156.141.17]
2025-12-10 06:01:19 PM [info]: Received GET request on /socket.io/?EIO=4&transport=websocket [IP: 182.156.141.17]
2025-12-10 06:01:24 PM [info]: Received GET request on /socket.io/?EIO=4&transport=websocket [IP: 182.156.141.17]
2025-12-11 09:50:29 AM [info]: Database connected successfully 
2025-12-11 10:23:57 AM [info]: Received POST request on /auth/login [IP: ::1]
2025-12-11 10:23:57 AM [info]: Login request received 
2025-12-11 10:23:58 AM [info]: System log saved 
2025-12-11 10:23:58 AM [info]: User logged in successfully 
2025-12-11 10:39:55 AM [info]: Received GET request on /socket.io/?EIO=4&transport=websocket [IP: 182.156.141.17]
2025-12-11 10:39:55 AM [info]: Received GET request on /vendors/filterVendor/all?page=1&limit=6 [IP: 182.156.141.17]
2025-12-11 10:39:55 AM [error]: AppError: You need to re-authenticate. Please log in. 
2025-12-11 10:39:55 AM [info]: Received GET request on /userreport/total-sale [IP: 182.156.141.17]
2025-12-11 10:39:55 AM [error]: AppError: You need to re-authenticate. Please log in. 
2025-12-11 10:39:55 AM [info]: Received GET request on /location-branches/filterData/filter/all [IP: 182.156.141.17]
2025-12-11 10:39:55 AM [error]: AppError: You need to re-authenticate. Please log in. 
2025-12-11 10:39:55 AM [info]: Received GET request on /customers/names/all [IP: 182.156.141.17]
2025-12-11 10:39:56 AM [error]: AppError: You need to re-authenticate. Please log in. 
2025-12-11 10:39:56 AM [info]: Received POST request on /auth/refresh-token [IP: 182.156.141.17]
2025-12-11 10:39:56 AM [info]: Received request to refresh access token 
2025-12-11 10:39:56 AM [info]: Received GET request on /userreport/user-counts [IP: 182.156.141.17]
2025-12-11 10:39:56 AM [error]: AppError: You need to re-authenticate. Please log in. 
2025-12-11 10:39:56 AM [info]: Received GET request on /socket.io/?EIO=4&transport=websocket [IP: 182.156.141.17]
2025-12-11 10:39:56 AM [info]: Received GET request on /products/partial/data?page=1&limit=6 [IP: 182.156.141.17]
2025-12-11 10:39:56 AM [error]: AppError: You need to re-authenticate. Please log in. 
2025-12-11 10:39:56 AM [info]: Received POST request on /auth/refresh-token [IP: 182.156.141.17]
2025-12-11 10:39:56 AM [info]: Received request to refresh access token 
2025-12-11 10:39:56 AM [info]: Received POST request on /auth/refresh-token [IP: 182.156.141.17]
2025-12-11 10:39:56 AM [info]: Received request to refresh access token 
2025-12-11 10:39:56 AM [info]: Received POST request on /auth/refresh-token [IP: 182.156.141.17]
2025-12-11 10:39:56 AM [info]: Received request to refresh access token 
2025-12-11 10:39:56 AM [info]: Received POST request on /auth/refresh-token [IP: 182.156.141.17]
2025-12-11 10:39:56 AM [info]: Received request to refresh access token 
2025-12-11 10:39:56 AM [info]: Received POST request on /auth/refresh-token [IP: 182.156.141.17]
2025-12-11 10:39:56 AM [info]: Received request to refresh access token 
2025-12-11 10:39:56 AM [info]: Received GET request on /employee/all/partial?page=1&limit=6 [IP: 182.156.141.17]
2025-12-11 10:39:56 AM [error]: AppError: You need to re-authenticate. Please log in. 
2025-12-11 10:39:56 AM [info]: Received GET request on /company/partial/details [IP: 182.156.141.17]
2025-12-11 10:39:56 AM [error]: AppError: You need to re-authenticate. Please log in. 
2025-12-11 10:39:56 AM [info]: Received GET request on /userreport/total-purchase [IP: 182.156.141.17]
2025-12-11 10:39:56 AM [error]: AppError: You need to re-authenticate. Please log in. 
2025-12-11 10:39:56 AM [info]: Received GET request on /admin/dashboard/active-users [IP: 182.156.141.17]
2025-12-11 10:39:56 AM [error]: AppError: You need to re-authenticate. Please log in. 
2025-12-11 10:39:56 AM [info]: Received GET request on /farmers/filterFarmer/all?page=1&limit=6 [IP: 182.156.141.17]
2025-12-11 10:39:56 AM [error]: AppError: You need to re-authenticate. Please log in. 
2025-12-11 10:39:56 AM [info]: Received POST request on /auth/refresh-token [IP: 182.156.141.17]
2025-12-11 10:39:56 AM [info]: Received request to refresh access token 
2025-12-11 10:39:56 AM [info]: Received POST request on /auth/refresh-token [IP: 182.156.141.17]
2025-12-11 10:39:56 AM [info]: Received request to refresh access token 
2025-12-11 10:39:56 AM [info]: Received POST request on /auth/refresh-token [IP: 182.156.141.17]
2025-12-11 10:39:56 AM [info]: Received request to refresh access token 
2025-12-11 10:39:56 AM [info]: Received POST request on /auth/refresh-token [IP: 182.156.141.17]
2025-12-11 10:39:56 AM [info]: Received request to refresh access token 
2025-12-11 10:39:57 AM [info]: Received POST request on /auth/refresh-token [IP: 182.156.141.17]
2025-12-11 10:39:57 AM [info]: Received request to refresh access token 
2025-12-11 10:39:57 AM [info]: Access token refreshed successfully 
2025-12-11 10:39:57 AM [info]: Access token refreshed successfully 
2025-12-11 10:39:57 AM [info]: Access token refreshed successfully 
2025-12-11 10:39:57 AM [info]: Access token refreshed successfully 
2025-12-11 10:39:57 AM [info]: Access token refreshed successfully 
2025-12-11 10:39:57 AM [info]: Access token refreshed successfully 
2025-12-11 10:39:57 AM [info]: Access token refreshed successfully 
2025-12-11 10:39:57 AM [info]: Access token refreshed successfully 
2025-12-11 10:39:57 AM [info]: Access token refreshed successfully 
2025-12-11 10:39:57 AM [info]: Access token refreshed successfully 
2025-12-11 10:39:57 AM [info]: Received GET request on /products/partial/data?page=1&limit=6 [IP: 182.156.141.17]
2025-12-11 10:39:57 AM [info]: Received GET request on /vendors/filterVendor/all?page=1&limit=6 [IP: 182.156.141.17]
2025-12-11 10:39:57 AM [info]: Access token refreshed successfully 
2025-12-11 10:39:57 AM [info]: Received GET request on /customers/names/all [IP: 182.156.141.17]
2025-12-11 10:39:57 AM [info]: Received GET request on /admin/dashboard/active-users [IP: 182.156.141.17]
2025-12-11 10:39:57 AM [info]: Received GET request on /location-branches/filterData/filter/all [IP: 182.156.141.17]
2025-12-11 10:39:57 AM [info]: Received GET request on /userreport/total-sale [IP: 182.156.141.17]
2025-12-11 10:39:57 AM [info]: Received GET request on /userreport/user-counts [IP: 182.156.141.17]
2025-12-11 10:39:57 AM [info]: Received GET request on /userreport/total-purchase [IP: 182.156.141.17]
2025-12-11 10:39:57 AM [info]: Received GET request on /company/partial/details [IP: 182.156.141.17]
2025-12-11 10:39:57 AM [info]: Fetching all products 
2025-12-11 10:39:57 AM [info]: Received GET request on /employee/all/partial?page=1&limit=6 [IP: 182.156.141.17]
2025-12-11 10:39:57 AM [info]: Received GET request on /farmers/filterFarmer/all?page=1&limit=6 [IP: 182.156.141.17]
2025-12-11 10:39:57 AM [info]: Employee Getting successfully 
2025-12-11 10:39:58 AM [info]: Fetched undefined products successfully 
2025-12-11 10:39:59 AM [info]: Received GET request on /socket.io/?EIO=4&transport=websocket [IP: 182.156.141.17]
2025-12-11 10:40:01 AM [info]: Received GET request on /socket.io/?EIO=4&transport=websocket [IP: 182.156.141.17]
2025-12-11 10:40:07 AM [info]: Received GET request on /socket.io/?EIO=4&transport=websocket [IP: 182.156.141.17]
2025-12-11 10:40:13 AM [info]: Received GET request on /socket.io/?EIO=4&transport=websocket [IP: 182.156.141.17]
2025-12-11 10:40:19 AM [info]: Received GET request on /socket.io/?EIO=4&transport=websocket [IP: 182.156.141.17]
2025-12-11 11:12:10 AM [info]: Received GET request on /socket.io/?EIO=4&transport=websocket [IP: 182.156.141.17]
2025-12-11 11:12:10 AM [info]: Received GET request on /socket.io/?EIO=4&transport=websocket [IP: 182.156.141.17]
2025-12-11 11:12:12 AM [info]: Received GET request on /socket.io/?EIO=4&transport=websocket [IP: 182.156.141.17]
2025-12-11 11:12:12 AM [info]: Received GET request on /socket.io/?EIO=4&transport=websocket [IP: 182.156.141.17]
2025-12-11 11:12:15 AM [info]: Received GET request on /socket.io/?EIO=4&transport=websocket [IP: 182.156.141.17]
2025-12-11 11:12:17 AM [info]: Received GET request on /socket.io/?EIO=4&transport=websocket [IP: 182.156.141.17]
2025-12-11 11:12:23 AM [info]: Received GET request on /socket.io/?EIO=4&transport=websocket [IP: 182.156.141.17]
2025-12-11 11:12:29 AM [info]: Received GET request on /socket.io/?EIO=4&transport=websocket [IP: 182.156.141.17]
2025-12-11 11:12:35 AM [info]: Received GET request on /socket.io/?EIO=4&transport=websocket [IP: 182.156.141.17]
2025-12-11 11:26:48 AM [info]: Received GET request on /employee/all/partial [IP: 182.156.141.17]
2025-12-11 11:26:48 AM [info]: Employee Getting successfully 
2025-12-11 11:29:19 AM [info]: Received GET request on /employee/all/partial [IP: 182.156.141.17]
2025-12-11 11:29:19 AM [info]: Employee Getting successfully 
2025-12-11 11:29:23 AM [info]: Received GET request on /socket.io/?EIO=4&transport=websocket [IP: 182.156.141.17]
2025-12-11 11:29:23 AM [info]: Received GET request on /employee/all/partial [IP: 182.156.141.17]
2025-12-11 11:29:23 AM [info]: Employee Getting successfully 
2025-12-11 11:29:23 AM [info]: Received GET request on /socket.io/?EIO=4&transport=websocket [IP: 182.156.141.17]
2025-12-11 11:29:25 AM [info]: Received GET request on /socket.io/?EIO=4&transport=websocket [IP: 182.156.141.17]
2025-12-11 11:29:26 AM [info]: Received GET request on /socket.io/?EIO=4&transport=websocket [IP: 182.156.141.17]
2025-12-11 11:29:30 AM [info]: Received GET request on /socket.io/?EIO=4&transport=websocket [IP: 182.156.141.17]
2025-12-11 11:29:36 AM [info]: Received GET request on /socket.io/?EIO=4&transport=websocket [IP: 182.156.141.17]
2025-12-11 11:29:41 AM [info]: Received GET request on /socket.io/?EIO=4&transport=websocket [IP: 182.156.141.17]
2025-12-11 11:30:42 AM [info]: Received POST request on /workflow/bulk [IP: 182.156.141.17]
2025-12-11 11:33:35 AM [info]: Received GET request on /employee/all/partial [IP: 182.156.141.17]
2025-12-11 11:33:35 AM [info]: Employee Getting successfully 
2025-12-11 11:34:08 AM [info]: Received GET request on /workflow/getworkflow/sale?managerId=c4e181f5-d728-49b2-af54-192f518eb855 [IP: 182.156.141.17]
2025-12-11 11:35:18 AM [info]: Received GET request on /employee/all/partial [IP: 182.156.141.17]
2025-12-11 11:35:18 AM [info]: Employee Getting successfully 
2025-12-11 11:36:12 AM [info]: Received GET request on /employee/all/partial [IP: 182.156.141.17]
2025-12-11 11:36:12 AM [info]: Employee Getting successfully 
2025-12-11 11:36:28 AM [info]: Received GET request on /socket.io/?EIO=4&transport=websocket [IP: 182.156.141.17]
2025-12-11 11:36:28 AM [info]: Received GET request on /socket.io/?EIO=4&transport=websocket [IP: 182.156.141.17]
2025-12-11 11:36:28 AM [info]: Received GET request on /employee/all/partial [IP: 182.156.141.17]
2025-12-11 11:36:28 AM [info]: Employee Getting successfully 
2025-12-11 11:36:29 AM [info]: Received GET request on /socket.io/?EIO=4&transport=websocket [IP: 182.156.141.17]
2025-12-11 11:36:32 AM [info]: Received GET request on /socket.io/?EIO=4&transport=websocket [IP: 182.156.141.17]
2025-12-11 11:36:36 AM [info]: Received GET request on /socket.io/?EIO=4&transport=websocket [IP: 182.156.141.17]
2025-12-11 11:36:40 AM [info]: Received GET request on /workflow/getworkflow/sale?managerId=c4e181f5-d728-49b2-af54-192f518eb855 [IP: 182.156.141.17]
2025-12-11 11:36:41 AM [info]: Received GET request on /socket.io/?EIO=4&transport=websocket [IP: 182.156.141.17]
2025-12-11 11:36:46 AM [info]: Received GET request on /socket.io/?EIO=4&transport=websocket [IP: 182.156.141.17]
2025-12-11 11:37:27 AM [info]: Received GET request on /employee/all/partial [IP: 182.156.141.17]
2025-12-11 11:37:27 AM [info]: Employee Getting successfully 
2025-12-11 11:37:32 AM [info]: Received GET request on /workflow/getworkflow/sale?managerId=c4e181f5-d728-49b2-af54-192f518eb855 [IP: 182.156.141.17]
2025-12-11 11:38:20 AM [info]: Received GET request on /employee/all/partial [IP: 182.156.141.17]
2025-12-11 11:38:20 AM [info]: Received GET request on /workflow/getworkflow/sale?managerId=c4e181f5-d728-49b2-af54-192f518eb855 [IP: 182.156.141.17]
2025-12-11 11:38:20 AM [info]: Employee Getting successfully 
2025-12-11 11:38:30 AM [info]: Received GET request on /socket.io/?EIO=4&transport=websocket [IP: 182.156.141.17]
2025-12-11 11:38:30 AM [info]: Received GET request on /socket.io/?EIO=4&transport=websocket [IP: 182.156.141.17]
2025-12-11 11:38:30 AM [info]: Received GET request on /employee/all/partial [IP: 182.156.141.17]
2025-12-11 11:38:30 AM [info]: Employee Getting successfully 
2025-12-11 11:38:32 AM [info]: Received GET request on /socket.io/?EIO=4&transport=websocket [IP: 182.156.141.17]
2025-12-11 11:38:35 AM [info]: Received GET request on /socket.io/?EIO=4&transport=websocket [IP: 182.156.141.17]
2025-12-11 11:38:35 AM [info]: Received GET request on /workflow/getworkflow/sale?managerId=c4e181f5-d728-49b2-af54-192f518eb855 [IP: 182.156.141.17]
2025-12-11 11:38:40 AM [info]: Received GET request on /socket.io/?EIO=4&transport=websocket [IP: 182.156.141.17]
2025-12-11 11:38:46 AM [info]: Received GET request on /socket.io/?EIO=4&transport=websocket [IP: 182.156.141.17]
2025-12-11 11:38:52 AM [info]: Received GET request on /socket.io/?EIO=4&transport=websocket [IP: 182.156.141.17]
2025-12-11 11:38:52 AM [info]: Received GET request on /employee/all/partial [IP: 182.156.141.17]
2025-12-11 11:38:52 AM [info]: Employee Getting successfully 
2025-12-11 11:38:52 AM [info]: Received GET request on /workflow/getworkflow/sale?managerId=c4e181f5-d728-49b2-af54-192f518eb855 [IP: 182.156.141.17]
2025-12-11 11:39:40 AM [info]: Received GET request on /workflow/getworkflow/sale?managerId=c4e181f5-d728-49b2-af54-192f518eb855 [IP: 182.156.141.17]
2025-12-11 11:39:40 AM [info]: Received GET request on /employee/all/partial [IP: 182.156.141.17]
2025-12-11 11:39:40 AM [info]: Employee Getting successfully 
2025-12-11 11:39:42 AM [info]: Received GET request on /socket.io/?EIO=4&transport=websocket [IP: 182.156.141.17]
2025-12-11 11:39:42 AM [info]: Received GET request on /workflow/getworkflow/sale?managerId=c4e181f5-d728-49b2-af54-192f518eb855 [IP: 182.156.141.17]
2025-12-11 11:39:42 AM [info]: Received GET request on /employee/all/partial [IP: 182.156.141.17]
2025-12-11 11:39:42 AM [info]: Employee Getting successfully 
2025-12-11 11:39:43 AM [info]: Received GET request on /socket.io/?EIO=4&transport=websocket [IP: 182.156.141.17]
2025-12-11 11:39:46 AM [info]: Received GET request on /socket.io/?EIO=4&transport=websocket [IP: 182.156.141.17]
2025-12-11 11:39:50 AM [info]: Received GET request on /socket.io/?EIO=4&transport=websocket [IP: 182.156.141.17]
2025-12-11 11:39:55 AM [info]: Received GET request on /socket.io/?EIO=4&transport=websocket [IP: 182.156.141.17]
2025-12-11 11:40:00 AM [info]: Received GET request on /socket.io/?EIO=4&transport=websocket [IP: 182.156.141.17]
2025-12-11 11:53:48 AM [info]: Received GET request on /employee/all/partial [IP: 182.156.141.17]
2025-12-11 11:53:48 AM [info]: Employee Getting successfully 
2025-12-11 11:53:48 AM [info]: Received GET request on /workflow/getworkflow/sale?managerId=c4e181f5-d728-49b2-af54-192f518eb855 [IP: 182.156.141.17]
2025-12-11 11:53:56 AM [info]: Received GET request on /employee/all/partial [IP: 182.156.141.17]
2025-12-11 11:53:56 AM [info]: Employee Getting successfully 
2025-12-11 12:17:49 PM [info]: Database connected successfully 
2025-12-11 12:18:47 PM [info]: Database connected successfully 
2025-12-11 12:19:36 PM [info]: Database connected successfully 
2025-12-11 12:19:53 PM [info]: Database connected successfully 
2025-12-11 12:20:59 PM [info]: Database connected successfully 
2025-12-11 12:21:44 PM [info]: Database connected successfully 
2025-12-11 12:22:37 PM [info]: Received GET request on /employee/?page=1&limit=10 [IP: 182.156.141.17]
2025-12-11 12:22:38 PM [info]: Getting All Employee 
2025-12-11 12:22:39 PM [info]: Employee Getting successfully 
2025-12-11 12:23:10 PM [info]: Database connected successfully 
2025-12-11 12:23:50 PM [info]: Database connected successfully 
2025-12-11 12:24:03 PM [info]: Database connected successfully 
2025-12-11 12:24:55 PM [info]: Received GET request on /company/partial/details [IP: 182.156.141.17]
2025-12-11 12:24:55 PM [info]: Received GET request on /location-branches/filterData/filter/all [IP: 182.156.141.17]
2025-12-11 12:24:55 PM [info]: Received GET request on /document-details/ [IP: 182.156.141.17]
2025-12-11 12:24:55 PM [info]: Received GET request on /location-offices/filterData/filter/all [IP: 182.156.141.17]
2025-12-11 12:24:55 PM [info]: Received request to fetch all offices 
2025-12-11 12:24:55 PM [info]: Fetched all offices successfully 
2025-12-11 12:26:06 PM [info]: Received GET request on /pincode/fetchAddressByPincode?pincode=411052 [IP: 182.156.141.17]
2025-12-11 12:36:25 PM [info]: Database connected successfully 
2025-12-11 12:36:46 PM [info]: Database connected successfully 
2025-12-11 12:38:03 PM [info]: Database connected successfully 
2025-12-11 12:38:42 PM [info]: Received POST request on /employee/ [IP: 182.156.141.17]
2025-12-11 12:38:42 PM [info]: Creating a new Employee 
2025-12-11 12:38:48 PM [info]: Received GET request on /employee/?page=1&limit=10 [IP: 182.156.141.17]
2025-12-11 12:38:48 PM [info]: Getting All Employee 
2025-12-11 12:38:48 PM [info]: Employee Getting successfully 
2025-12-11 12:40:26 PM [info]: Database connected successfully 
2025-12-11 12:40:33 PM [info]: Database connected successfully 
2025-12-11 12:40:59 PM [info]: Database connected successfully 
2025-12-11 12:42:15 PM [info]: Received GET request on /socket.io/?EIO=4&transport=websocket [IP: 182.156.141.17]
2025-12-11 12:42:16 PM [info]: Received GET request on /socket.io/?EIO=4&transport=websocket [IP: 182.156.141.17]
2025-12-11 12:42:16 PM [info]: Received GET request on /employee/?page=1&limit=10 [IP: 182.156.141.17]
2025-12-11 12:42:16 PM [info]: Getting All Employee 
2025-12-11 12:42:16 PM [info]: Employee Getting successfully 
2025-12-11 12:42:18 PM [info]: Received GET request on /socket.io/?EIO=4&transport=websocket [IP: 182.156.141.17]
2025-12-11 12:42:21 PM [info]: Received GET request on /socket.io/?EIO=4&transport=websocket [IP: 182.156.141.17]
2025-12-11 12:42:27 PM [info]: Received GET request on /socket.io/?EIO=4&transport=websocket [IP: 182.156.141.17]
2025-12-11 12:42:33 PM [info]: Received GET request on /socket.io/?EIO=4&transport=websocket [IP: 182.156.141.17]
2025-12-11 12:42:39 PM [info]: Received GET request on /socket.io/?EIO=4&transport=websocket [IP: 182.156.141.17]
2025-12-11 12:43:41 PM [info]: Database connected successfully 
2025-12-11 12:43:44 PM [info]: Received GET request on /document-details/ [IP: 182.156.141.17]
2025-12-11 12:43:44 PM [info]: Received GET request on /company/partial/details [IP: 182.156.141.17]
2025-12-11 12:43:44 PM [info]: Received GET request on /location-branches/filterData/filter/all [IP: 182.156.141.17]
2025-12-11 12:43:44 PM [info]: Received GET request on /location-offices/filterData/filter/all [IP: 182.156.141.17]
2025-12-11 12:43:44 PM [info]: Received request to fetch all offices 
2025-12-11 12:43:44 PM [info]: Fetched all offices successfully 
2025-12-11 12:44:49 PM [info]: Received GET request on /pincode/fetchAddressByPincode?pincode=411032 [IP: 182.156.141.17]
2025-12-11 12:48:06 PM [info]: Received POST request on /employee/ [IP: 182.156.141.17]
2025-12-11 12:48:06 PM [info]: Creating a new Employee 
2025-12-11 12:48:09 PM [info]: Received GET request on /employee/?page=1&limit=10 [IP: 182.156.141.17]
2025-12-11 12:48:09 PM [info]: Getting All Employee 
2025-12-11 12:48:09 PM [info]: Employee Getting successfully 
2025-12-11 12:56:57 PM [info]: Received PUT request on /workflow/update-subtree [IP: ::1]
2025-12-11 12:57:38 PM [info]: Received GET request on /location-offices/filterData/filter/all [IP: 182.156.141.17]
2025-12-11 12:57:38 PM [info]: Received request to fetch all offices 
2025-12-11 12:57:38 PM [info]: Fetched all offices successfully 
2025-12-11 12:57:38 PM [info]: Received GET request on /company/partial/details [IP: 182.156.141.17]
2025-12-11 12:57:38 PM [info]: Received GET request on /location-branches/filterData/filter/all [IP: 182.156.141.17]
2025-12-11 12:57:38 PM [info]: Received GET request on /document-details/ [IP: 182.156.141.17]
2025-12-11 12:57:50 PM [info]: Received GET request on /workflow/getworkflow/purchase [IP: ::1]
2025-12-11 12:58:31 PM [info]: Received GET request on /pincode/fetchAddressByPincode?pincode=422003 [IP: 182.156.141.17]
2025-12-11 12:58:40 PM [info]: Received GET request on /workflow/getworkflow/sale?managerId=44dc1216-c310-4b47-a797-663cf9d838b9 [IP: ::1]
2025-12-11 12:59:48 PM [info]: Received PUT request on /workflow/update-subtree [IP: ::1]
2025-12-11 01:00:03 PM [info]: Received GET request on /workflow/getworkflow/sale?managerId=44dc1216-c310-4b47-a797-663cf9d838b9 [IP: ::1]
2025-12-11 01:00:28 PM [info]: Received GET request on /pincode/fetchAddressByPincode?pincode=423301 [IP: 182.156.141.17]
2025-12-11 01:00:57 PM [info]: Received PUT request on /workflow/update-subtree [IP: ::1]
2025-12-11 01:01:04 PM [info]: Received GET request on /workflow/getworkflow/sale?managerId=44dc1216-c310-4b47-a797-663cf9d838b9 [IP: ::1]
2025-12-11 01:03:12 PM [info]: Received POST request on /employee/ [IP: 182.156.141.17]
2025-12-11 01:03:12 PM [info]: Creating a new Employee 
2025-12-11 01:03:18 PM [info]: Received GET request on /employee/?page=1&limit=10 [IP: 182.156.141.17]
2025-12-11 01:03:18 PM [info]: Getting All Employee 
2025-12-11 01:03:18 PM [info]: Employee Getting successfully 
2025-12-11 01:03:52 PM [info]: Received GET request on /workflow/getworkflow/sale [IP: ::1]
2025-12-11 01:04:10 PM [info]: Received GET request on /location-offices/filterData/filter/all [IP: 182.156.141.17]
2025-12-11 01:04:10 PM [info]: Received GET request on /document-details/ [IP: 182.156.141.17]
2025-12-11 01:04:10 PM [info]: Received GET request on /company/partial/details [IP: 182.156.141.17]
2025-12-11 01:04:10 PM [info]: Received request to fetch all offices 
2025-12-11 01:04:10 PM [info]: Received GET request on /location-branches/filterData/filter/all [IP: 182.156.141.17]
2025-12-11 01:04:10 PM [info]: Fetched all offices successfully 
2025-12-11 01:04:40 PM [info]: Received GET request on /pincode/fetchAddressByPincode?pincode=424403 [IP: 182.156.141.17]
2025-12-11 01:04:42 PM [info]: Received GET request on /pincode/fetchAddressByPincode?pincode=424403 [IP: 182.156.141.17]
2025-12-11 01:05:06 PM [info]: Received GET request on /pincode/fetchAddressByPincode?pincode=410503 [IP: 182.156.141.17]
2025-12-11 01:07:25 PM [info]: Received POST request on /employee/ [IP: 182.156.141.17]
2025-12-11 01:07:25 PM [info]: Creating a new Employee 
2025-12-11 01:07:28 PM [info]: Received GET request on /employee/?page=1&limit=10 [IP: 182.156.141.17]
2025-12-11 01:07:28 PM [info]: Getting All Employee 
2025-12-11 01:07:28 PM [info]: Employee Getting successfully 
2025-12-11 01:07:42 PM [info]: Received GET request on /company/partial/details [IP: 182.156.141.17]
2025-12-11 01:07:42 PM [info]: Received GET request on /location-branches/filterData/filter/all [IP: 182.156.141.17]
2025-12-11 01:07:42 PM [info]: Received GET request on /location-offices/filterData/filter/all [IP: 182.156.141.17]
2025-12-11 01:07:42 PM [info]: Received GET request on /document-details/ [IP: 182.156.141.17]
2025-12-11 01:07:42 PM [info]: Received request to fetch all offices 
2025-12-11 01:07:42 PM [info]: Fetched all offices successfully 
2025-12-11 01:13:42 PM [info]: Received GET request on /pincode/fetchAddressByPincode?pincode=402107 [IP: 182.156.141.17]
2025-12-11 01:15:57 PM [info]: Received POST request on /employee/ [IP: 182.156.141.17]
2025-12-11 01:15:57 PM [info]: Creating a new Employee 
2025-12-11 01:16:00 PM [info]: Received GET request on /employee/?page=1&limit=10 [IP: 182.156.141.17]
2025-12-11 01:16:00 PM [info]: Getting All Employee 
2025-12-11 01:16:00 PM [info]: Employee Getting successfully 
2025-12-11 01:16:16 PM [info]: Received GET request on /location-offices/filterData/filter/all [IP: 182.156.141.17]
2025-12-11 01:16:16 PM [info]: Received GET request on /company/partial/details [IP: 182.156.141.17]
2025-12-11 01:16:16 PM [info]: Received GET request on /location-branches/filterData/filter/all [IP: 182.156.141.17]
2025-12-11 01:16:16 PM [info]: Received GET request on /document-details/ [IP: 182.156.141.17]
2025-12-11 01:16:16 PM [info]: Received request to fetch all offices 
2025-12-11 01:16:16 PM [info]: Fetched all offices successfully 
2025-12-11 01:16:33 PM [info]: Received GET request on /location-offices/registered-office?page=1&limit=10 [IP: 182.156.141.17]
2025-12-11 01:16:37 PM [info]: Received GET request on /location-branches/getall/collection-center?page=1&limit=10 [IP: 182.156.141.17]
2025-12-11 01:18:35 PM [info]: Received GET request on /location-branches/8f1f8375-ff7c-4b63-8061-2d7954cefa65 [IP: 182.156.141.17]
2025-12-11 02:00:16 PM [info]: Received GET request on /socket.io/?EIO=4&transport=websocket [IP: 182.156.141.17]
2025-12-11 02:00:16 PM [info]: Received GET request on /location-branches/8f1f8375-ff7c-4b63-8061-2d7954cefa65 [IP: 182.156.141.17]
2025-12-11 02:00:16 PM [info]: Received GET request on /socket.io/?EIO=4&transport=websocket [IP: 182.156.141.17]
2025-12-11 02:00:17 PM [info]: Received GET request on /socket.io/?EIO=4&transport=websocket [IP: 182.156.141.17]
2025-12-11 02:00:19 PM [info]: Received GET request on /socket.io/?EIO=4&transport=websocket [IP: 182.156.141.17]
2025-12-11 02:00:23 PM [info]: Received GET request on /location-branches/getall/collection-center?page=1&limit=10 [IP: 182.156.141.17]
2025-12-11 02:00:24 PM [info]: Received GET request on /socket.io/?EIO=4&transport=websocket [IP: 182.156.141.17]
2025-12-11 02:00:29 PM [info]: Received GET request on /socket.io/?EIO=4&transport=websocket [IP: 182.156.141.17]
2025-12-11 02:00:34 PM [info]: Received GET request on /socket.io/?EIO=4&transport=websocket [IP: 182.156.141.17]
2025-12-11 02:00:59 PM [info]: Received GET request on /pincode/fetchAddressByPincode?pincode=422003 [IP: 182.156.141.17]
2025-12-11 02:01:34 PM [info]: Received GET request on /location-branches/getall/collection-center?page=1&limit=10 [IP: 182.156.141.17]
2025-12-11 02:01:37 PM [info]: Received GET request on /location-branches/8f1f8375-ff7c-4b63-8061-2d7954cefa65 [IP: 182.156.141.17]
2025-12-11 02:02:16 PM [info]: Received GET request on /location-branches/getall/collection-center?page=1&limit=10 [IP: 182.156.141.17]
2025-12-11 02:02:20 PM [info]: Received GET request on /employee/all/partial [IP: 182.156.141.17]
2025-12-11 02:02:20 PM [info]: Employee Getting successfully 
2025-12-11 02:02:21 PM [info]: Received GET request on /employee/?page=1&limit=10 [IP: 182.156.141.17]
2025-12-11 02:02:21 PM [info]: Getting All Employee 
2025-12-11 02:02:21 PM [info]: Employee Getting successfully 
2025-12-11 02:02:26 PM [info]: Received GET request on /document-details/ [IP: 182.156.141.17]
2025-12-11 02:02:26 PM [info]: Received GET request on /location-offices/filterData/filter/all [IP: 182.156.141.17]
2025-12-11 02:02:26 PM [info]: Received request to fetch all offices 
2025-12-11 02:02:26 PM [info]: Fetched all offices successfully 
2025-12-11 02:02:26 PM [info]: Received GET request on /company/partial/details [IP: 182.156.141.17]
2025-12-11 02:02:27 PM [info]: Received GET request on /location-branches/filterData/filter/all [IP: 182.156.141.17]
2025-12-11 02:03:17 PM [info]: Received GET request on /pincode/fetchAddressByPincode?pincode=411002 [IP: 182.156.141.17]
2025-12-11 02:06:11 PM [info]: Received POST request on /employee/ [IP: 182.156.141.17]
2025-12-11 02:06:11 PM [info]: Creating a new Employee 
2025-12-11 02:06:20 PM [info]: Received GET request on /employee/?page=1&limit=10 [IP: 182.156.141.17]
2025-12-11 02:06:20 PM [info]: Getting All Employee 
2025-12-11 02:06:20 PM [info]: Employee Getting successfully 
2025-12-11 02:06:52 PM [info]: Received GET request on /document-details/ [IP: 182.156.141.17]
2025-12-11 02:06:52 PM [info]: Received GET request on /location-offices/filterData/filter/all [IP: 182.156.141.17]
2025-12-11 02:06:52 PM [info]: Received GET request on /company/partial/details [IP: 182.156.141.17]
2025-12-11 02:06:52 PM [info]: Received GET request on /location-branches/filterData/filter/all [IP: 182.156.141.17]
2025-12-11 02:06:52 PM [info]: Received request to fetch all offices 
2025-12-11 02:06:52 PM [info]: Fetched all offices successfully 
2025-12-11 02:07:31 PM [info]: Received GET request on /pincode/fetchAddressByPincode?pincode=431105 [IP: 182.156.141.17]
2025-12-11 02:09:22 PM [info]: Received POST request on /employee/ [IP: 182.156.141.17]
2025-12-11 02:09:22 PM [info]: Creating a new Employee 
2025-12-11 02:09:27 PM [info]: Received GET request on /employee/?page=1&limit=10 [IP: 182.156.141.17]
2025-12-11 02:09:27 PM [info]: Getting All Employee 
2025-12-11 02:09:27 PM [info]: Employee Getting successfully 
2025-12-11 02:09:34 PM [info]: Received GET request on /location-branches/getall/distribution-center?page=1&limit=10 [IP: 182.156.141.17]
2025-12-11 02:10:11 PM [info]: Received GET request on /location-branches/9f64b568-dfb9-498b-9f6b-097058ec8308 [IP: 182.156.141.17]
2025-12-11 02:10:27 PM [info]: Received PATCH request on /location-branches/distribution-center/9f64b568-dfb9-498b-9f6b-097058ec8308 [IP: 182.156.141.17]
2025-12-11 02:10:50 PM [info]: Received GET request on /location-branches/getall/distribution-center?page=1&limit=10 [IP: 182.156.141.17]
2025-12-11 02:10:59 PM [info]: Received GET request on /location-branches/e96f5a06-1aa1-4827-b48d-7c10a002266a [IP: 182.156.141.17]
2025-12-11 02:11:34 PM [info]: Received GET request on /pincode/fetchAddressByPincode?pincode=411057 [IP: 182.156.141.17]
2025-12-11 02:11:47 PM [info]: Received GET request on /pincode/fetchAddressByPincode?pincode=500078 [IP: 182.156.141.17]
2025-12-11 02:12:52 PM [info]: Received PATCH request on /location-branches/distribution-center/e96f5a06-1aa1-4827-b48d-7c10a002266a [IP: 182.156.141.17]
2025-12-11 02:12:56 PM [info]: Received GET request on /location-branches/getall/distribution-center?page=1&limit=10 [IP: 182.156.141.17]
2025-12-11 02:13:24 PM [info]: Received GET request on /location-branches/d92588f3-d1a3-4d05-89a7-4a8868830ad9 [IP: 182.156.141.17]
2025-12-11 02:13:51 PM [info]: Received GET request on /pincode/fetchAddressByPincode?pincode=411057 [IP: 182.156.141.17]
2025-12-11 02:13:58 PM [info]: Received GET request on /pincode/fetchAddressByPincode?pincode=462001 [IP: 182.156.141.17]
2025-12-11 02:14:32 PM [info]: Received PATCH request on /location-branches/distribution-center/d92588f3-d1a3-4d05-89a7-4a8868830ad9 [IP: 182.156.141.17]
2025-12-11 02:14:43 PM [info]: Received GET request on /location-branches/getall/distribution-center?page=1&limit=10 [IP: 182.156.141.17]
2025-12-11 02:15:49 PM [info]: Received GET request on /location-branches/getall/seasonal-collection-center?page=1&limit=10 [IP: 182.156.141.17]
2025-12-11 02:16:00 PM [info]: Received GET request on /location-branches/aa819c3d-1d78-4c0f-81ae-6b3d35c60fc6 [IP: 182.156.141.17]
2025-12-11 02:16:27 PM [info]: Received GET request on /pincode/fetchAddressByPincode?pincode=411057 [IP: 182.156.141.17]
2025-12-11 02:16:31 PM [info]: Received GET request on /pincode/fetchAddressByPincode?pincode=422303 [IP: 182.156.141.17]
2025-12-11 02:18:13 PM [info]: Received GET request on /location-branches/getall/seasonal-collection-center?page=1&limit=10 [IP: 182.156.141.17]
2025-12-11 02:18:16 PM [info]: Received GET request on /employee/?page=1&limit=10 [IP: 182.156.141.17]
2025-12-11 02:18:16 PM [info]: Getting All Employee 
2025-12-11 02:18:16 PM [info]: Employee Getting successfully 
2025-12-11 02:18:20 PM [info]: Received GET request on /location-offices/filterData/filter/all [IP: 182.156.141.17]
2025-12-11 02:18:20 PM [info]: Received request to fetch all offices 
2025-12-11 02:18:20 PM [info]: Fetched all offices successfully 
2025-12-11 02:18:20 PM [info]: Received GET request on /document-details/ [IP: 182.156.141.17]
2025-12-11 02:18:20 PM [info]: Received GET request on /location-branches/filterData/filter/all [IP: 182.156.141.17]
2025-12-11 02:18:20 PM [info]: Received GET request on /company/partial/details [IP: 182.156.141.17]
2025-12-11 02:20:28 PM [info]: Received GET request on /pincode/fetchAddressByPincode?pincode=423102 [IP: 182.156.141.17]
2025-12-11 02:23:08 PM [info]: Received POST request on /employee/ [IP: 182.156.141.17]
2025-12-11 02:23:08 PM [info]: Creating a new Employee 
2025-12-11 02:23:11 PM [info]: Received GET request on /employee/?page=1&limit=10 [IP: 182.156.141.17]
2025-12-11 02:23:11 PM [info]: Getting All Employee 
2025-12-11 02:23:12 PM [info]: Employee Getting successfully 
2025-12-11 02:24:52 PM [info]: Received GET request on /location-offices/filterData/filter/all [IP: 182.156.141.17]
2025-12-11 02:24:52 PM [info]: Received GET request on /location-branches/filterData/filter/all [IP: 182.156.141.17]
2025-12-11 02:24:52 PM [info]: Received request to fetch all offices 
2025-12-11 02:24:52 PM [info]: Received GET request on /company/partial/details [IP: 182.156.141.17]
2025-12-11 02:24:52 PM [info]: Fetched all offices successfully 
2025-12-11 02:24:52 PM [info]: Received GET request on /document-details/ [IP: 182.156.141.17]
2025-12-11 02:26:12 PM [info]: Received GET request on /pincode/fetchAddressByPincode?pincode=382330 [IP: 182.156.141.17]
2025-12-11 02:28:12 PM [info]: Received POST request on /employee/ [IP: 182.156.141.17]
2025-12-11 02:28:12 PM [info]: Creating a new Employee 
2025-12-11 02:28:15 PM [info]: Received GET request on /employee/?page=1&limit=10 [IP: 182.156.141.17]
2025-12-11 02:28:15 PM [info]: Getting All Employee 
2025-12-11 02:28:15 PM [info]: Employee Getting successfully 
2025-12-11 02:29:17 PM [info]: Received GET request on /document-details/ [IP: 182.156.141.17]
2025-12-11 02:29:17 PM [info]: Received GET request on /company/partial/details [IP: 182.156.141.17]
2025-12-11 02:29:17 PM [info]: Received GET request on /location-offices/filterData/filter/all [IP: 182.156.141.17]
2025-12-11 02:29:17 PM [info]: Received GET request on /location-branches/filterData/filter/all [IP: 182.156.141.17]
2025-12-11 02:29:17 PM [info]: Received request to fetch all offices 
2025-12-11 02:29:17 PM [info]: Fetched all offices successfully 
2025-12-11 02:30:28 PM [info]: Received GET request on /pincode/fetchAddressByPincode?pincode=560067 [IP: 182.156.141.17]
2025-12-11 02:33:21 PM [info]: Received POST request on /employee/ [IP: 182.156.141.17]
2025-12-11 02:33:21 PM [info]: Creating a new Employee 
2025-12-11 02:33:25 PM [info]: Received GET request on /employee/?page=1&limit=10 [IP: 182.156.141.17]
2025-12-11 02:33:25 PM [info]: Getting All Employee 
2025-12-11 02:33:25 PM [info]: Employee Getting successfully 
2025-12-11 02:34:26 PM [info]: Received GET request on /document-details/ [IP: 182.156.141.17]
2025-12-11 02:34:26 PM [info]: Received GET request on /company/partial/details [IP: 182.156.141.17]
2025-12-11 02:34:26 PM [info]: Received GET request on /location-branches/filterData/filter/all [IP: 182.156.141.17]
2025-12-11 02:34:26 PM [info]: Received GET request on /location-offices/filterData/filter/all [IP: 182.156.141.17]
2025-12-11 02:34:26 PM [info]: Received request to fetch all offices 
2025-12-11 02:34:26 PM [info]: Fetched all offices successfully 
2025-12-11 02:35:23 PM [info]: Received GET request on /pincode/fetchAddressByPincode?pincode=110036 [IP: 182.156.141.17]
2025-12-11 02:38:15 PM [info]: Received POST request on /employee/ [IP: 182.156.141.17]
2025-12-11 02:38:15 PM [info]: Creating a new Employee 
2025-12-11 02:38:18 PM [info]: Received GET request on /employee/?page=1&limit=10 [IP: 182.156.141.17]
2025-12-11 02:38:18 PM [info]: Getting All Employee 
2025-12-11 02:38:18 PM [info]: Employee Getting successfully 
2025-12-11 02:38:51 PM [info]: Received GET request on /employee/?page=2&limit=10 [IP: 182.156.141.17]
2025-12-11 02:38:51 PM [info]: Getting All Employee 
2025-12-11 02:38:52 PM [info]: Employee Getting successfully 
2025-12-11 02:39:00 PM [info]: Received GET request on /document-details/ [IP: 182.156.141.17]
2025-12-11 02:39:00 PM [info]: Received GET request on /employee/3b91073f-615f-4b4b-a7a7-46642e7fe872/view [IP: 182.156.141.17]
2025-12-11 02:39:02 PM [info]: Received PATCH request on /employee/status/3b91073f-615f-4b4b-a7a7-46642e7fe872?status=ACTIVE [IP: 182.156.141.17]
2025-12-11 02:39:06 PM [info]: Received GET request on /employee/?page=1&limit=10 [IP: 182.156.141.17]
2025-12-11 02:39:06 PM [info]: Getting All Employee 
2025-12-11 02:39:07 PM [info]: Employee Getting successfully 
2025-12-11 02:39:11 PM [info]: Received GET request on /employee/c9bd1e5f-e584-49fb-9e53-aca4f8e70415/view [IP: 182.156.141.17]
2025-12-11 02:39:13 PM [info]: Received GET request on /document-details/ [IP: 182.156.141.17]
2025-12-11 02:39:13 PM [info]: Received PATCH request on /employee/status/c9bd1e5f-e584-49fb-9e53-aca4f8e70415?status=ACTIVE [IP: 182.156.141.17]
2025-12-11 02:39:15 PM [info]: Received GET request on /employee/?page=1&limit=10 [IP: 182.156.141.17]
2025-12-11 02:39:15 PM [info]: Getting All Employee 
2025-12-11 02:39:16 PM [info]: Employee Getting successfully 
2025-12-11 02:39:19 PM [info]: Received GET request on /employee/c9bd1e5f-e584-49fb-9e53-aca4f8e70415/view [IP: 182.156.141.17]
2025-12-11 02:39:19 PM [info]: Received GET request on /document-details/ [IP: 182.156.141.17]
2025-12-11 02:39:21 PM [info]: Received GET request on /employee/?page=1&limit=10 [IP: 182.156.141.17]
2025-12-11 02:39:21 PM [info]: Getting All Employee 
2025-12-11 02:39:22 PM [info]: Employee Getting successfully 
2025-12-11 02:39:25 PM [info]: Received GET request on /employee/f3899c75-f732-41cb-93bc-dcf1ab1eed91/view [IP: 182.156.141.17]
2025-12-11 02:39:25 PM [info]: Received GET request on /document-details/ [IP: 182.156.141.17]
2025-12-11 02:39:26 PM [info]: Received PATCH request on /employee/status/f3899c75-f732-41cb-93bc-dcf1ab1eed91?status=ACTIVE [IP: 182.156.141.17]
2025-12-11 02:39:29 PM [info]: Received GET request on /employee/?page=1&limit=10 [IP: 182.156.141.17]
2025-12-11 02:39:29 PM [info]: Getting All Employee 
2025-12-11 02:39:29 PM [info]: Employee Getting successfully 
2025-12-11 02:39:32 PM [info]: Received GET request on /document-details/ [IP: 182.156.141.17]
2025-12-11 02:39:32 PM [info]: Received GET request on /employee/5a21aad5-6020-4ecb-9d96-81279db74aa3/view [IP: 182.156.141.17]
2025-12-11 02:39:34 PM [info]: Received PATCH request on /employee/status/5a21aad5-6020-4ecb-9d96-81279db74aa3?status=ACTIVE [IP: 182.156.141.17]
2025-12-11 02:39:38 PM [info]: Received GET request on /employee/?page=1&limit=10 [IP: 182.156.141.17]
2025-12-11 02:39:38 PM [info]: Getting All Employee 
2025-12-11 02:39:38 PM [info]: Employee Getting successfully 
2025-12-11 02:39:45 PM [info]: Received GET request on /employee/5cd9ee35-2f65-4335-a333-dea64421806a/view [IP: 182.156.141.17]
2025-12-11 02:39:45 PM [info]: Received GET request on /document-details/ [IP: 182.156.141.17]
2025-12-11 02:39:47 PM [info]: Received PATCH request on /employee/status/5cd9ee35-2f65-4335-a333-dea64421806a?status=ACTIVE [IP: 182.156.141.17]
2025-12-11 02:39:49 PM [info]: Received GET request on /employee/?page=1&limit=10 [IP: 182.156.141.17]
2025-12-11 02:39:49 PM [info]: Getting All Employee 
2025-12-11 02:39:49 PM [info]: Employee Getting successfully 
2025-12-11 02:39:51 PM [info]: Received GET request on /employee/c32f41e9-0779-4383-878a-fe40ccad9ff1/view [IP: 182.156.141.17]
2025-12-11 02:39:52 PM [info]: Received GET request on /document-details/ [IP: 182.156.141.17]
2025-12-11 02:39:54 PM [info]: Received PATCH request on /employee/status/c32f41e9-0779-4383-878a-fe40ccad9ff1?status=ACTIVE [IP: 182.156.141.17]
2025-12-11 02:39:58 PM [info]: Received GET request on /employee/?page=1&limit=10 [IP: 182.156.141.17]
2025-12-11 02:39:58 PM [info]: Getting All Employee 
2025-12-11 02:39:59 PM [info]: Employee Getting successfully 
2025-12-11 02:40:02 PM [info]: Received GET request on /document-details/ [IP: 182.156.141.17]
2025-12-11 02:40:02 PM [info]: Received GET request on /employee/b9de0d16-9868-4240-b1d7-2e6c511d3a6c/view [IP: 182.156.141.17]
2025-12-11 02:40:04 PM [info]: Received PATCH request on /employee/status/b9de0d16-9868-4240-b1d7-2e6c511d3a6c?status=ACTIVE [IP: 182.156.141.17]
2025-12-11 02:40:06 PM [info]: Received GET request on /employee/?page=1&limit=10 [IP: 182.156.141.17]
2025-12-11 02:40:06 PM [info]: Getting All Employee 
2025-12-11 02:40:06 PM [info]: Employee Getting successfully 
2025-12-11 02:40:08 PM [info]: Received GET request on /employee/9c78a081-1a0c-433a-8b44-df9f5de5f45d/view [IP: 182.156.141.17]
2025-12-11 02:40:08 PM [info]: Received GET request on /document-details/ [IP: 182.156.141.17]
2025-12-11 02:40:10 PM [info]: Received PATCH request on /employee/status/9c78a081-1a0c-433a-8b44-df9f5de5f45d?status=ACTIVE [IP: 182.156.141.17]
2025-12-11 02:40:14 PM [info]: Received GET request on /employee/?page=1&limit=10 [IP: 182.156.141.17]
2025-12-11 02:40:14 PM [info]: Getting All Employee 
2025-12-11 02:40:15 PM [info]: Employee Getting successfully 
2025-12-11 02:40:47 PM [info]: Received GET request on /document-details/ [IP: 182.156.141.17]
2025-12-11 02:40:47 PM [info]: Received GET request on /employee/6157a41b-8d37-4ba6-9219-97af78933702/view [IP: 182.156.141.17]
2025-12-11 02:40:49 PM [info]: Received PATCH request on /employee/status/6157a41b-8d37-4ba6-9219-97af78933702?status=ACTIVE [IP: 182.156.141.17]
2025-12-11 02:40:54 PM [info]: Received GET request on /employee/?page=1&limit=10 [IP: 182.156.141.17]
2025-12-11 02:40:54 PM [info]: Getting All Employee 
2025-12-11 02:40:54 PM [info]: Employee Getting successfully 
2025-12-11 02:40:56 PM [info]: Received GET request on /employee/298e3bc6-5e0a-4001-a88f-cf734c58718a/view [IP: 182.156.141.17]
2025-12-11 02:40:56 PM [info]: Received GET request on /document-details/ [IP: 182.156.141.17]
2025-12-11 02:40:58 PM [info]: Received PATCH request on /employee/status/298e3bc6-5e0a-4001-a88f-cf734c58718a?status=ACTIVE [IP: 182.156.141.17]
2025-12-11 02:41:00 PM [info]: Received GET request on /employee/?page=1&limit=10 [IP: 182.156.141.17]
2025-12-11 02:41:00 PM [info]: Getting All Employee 
2025-12-11 02:41:00 PM [info]: Employee Getting successfully 
2025-12-11 02:41:03 PM [info]: Received GET request on /employee/d95e6acc-fce9-479a-810c-b7e0e250c314/view [IP: 182.156.141.17]
2025-12-11 02:41:03 PM [info]: Received GET request on /document-details/ [IP: 182.156.141.17]
2025-12-11 02:41:04 PM [info]: Received PATCH request on /employee/status/d95e6acc-fce9-479a-810c-b7e0e250c314?status=ACTIVE [IP: 182.156.141.17]
2025-12-11 02:41:10 PM [info]: Received GET request on /employee/?page=1&limit=10 [IP: 182.156.141.17]
2025-12-11 02:41:10 PM [info]: Getting All Employee 
2025-12-11 02:41:10 PM [info]: Employee Getting successfully 
2025-12-11 02:41:58 PM [info]: Received GET request on /employee/all/partial [IP: 182.156.141.17]
2025-12-11 02:41:58 PM [info]: Employee Getting successfully 
2025-12-11 02:42:19 PM [info]: Received GET request on /employee/all/partial [IP: 182.156.141.17]
2025-12-11 02:42:19 PM [info]: Employee Getting successfully 
2025-12-11 02:48:53 PM [info]: Received POST request on /workflow/bulk [IP: 182.156.141.17]
2025-12-11 02:49:04 PM [info]: Received GET request on /employee/all/partial [IP: 182.156.141.17]
2025-12-11 02:49:04 PM [info]: Employee Getting successfully 
2025-12-11 02:49:11 PM [info]: Received GET request on /workflow/getworkflow/operations?managerId=h [IP: 182.156.141.17]
2025-12-11 02:49:11 PM [info]: Received GET request on /workflow/getworkflow/operations?managerId=hi [IP: 182.156.141.17]
2025-12-11 02:49:11 PM [info]: Received GET request on /workflow/getworkflow/operations?managerId=hir [IP: 182.156.141.17]
2025-12-11 02:49:12 PM [info]: Received GET request on /workflow/getworkflow/operations?managerId=hir [IP: 182.156.141.17]
2025-12-11 02:49:12 PM [info]: Received GET request on /workflow/getworkflow/operations?managerId=44dc1216-c310-4b47-a797-663cf9d838b9 [IP: 182.156.141.17]
2025-12-11 02:59:08 PM [info]: Received GET request on /employee/?page=1&limit=10 [IP: 182.156.141.17]
2025-12-11 02:59:08 PM [info]: Getting All Employee 
2025-12-11 02:59:08 PM [info]: Employee Getting successfully 
2025-12-11 03:00:47 PM [info]: Received GET request on /location-branches/filterData/filter/all [IP: 182.156.141.17]
2025-12-11 03:00:47 PM [info]: Received GET request on /document-details/ [IP: 182.156.141.17]
2025-12-11 03:00:47 PM [info]: Received GET request on /location-offices/filterData/filter/all [IP: 182.156.141.17]
2025-12-11 03:00:47 PM [info]: Received GET request on /company/partial/details [IP: 182.156.141.17]
2025-12-11 03:00:47 PM [info]: Received request to fetch all offices 
2025-12-11 03:00:47 PM [info]: Fetched all offices successfully 
2025-12-11 03:01:32 PM [info]: Received GET request on /pincode/fetchAddressByPincode?pincode=422003 [IP: 182.156.141.17]
2025-12-11 03:02:03 PM [info]: Received GET request on /pincode/fetchAddressByPincode?pincode=423104 [IP: 182.156.141.17]
2025-12-11 03:04:31 PM [info]: Received POST request on /employee/ [IP: 182.156.141.17]
2025-12-11 03:04:31 PM [info]: Creating a new Employee 
2025-12-11 03:04:34 PM [info]: Received GET request on /employee/?page=1&limit=10 [IP: 182.156.141.17]
2025-12-11 03:04:34 PM [info]: Getting All Employee 
2025-12-11 03:04:35 PM [info]: Employee Getting successfully 
2025-12-11 03:04:38 PM [info]: Received GET request on /document-details/ [IP: 182.156.141.17]
2025-12-11 03:04:38 PM [info]: Received GET request on /company/partial/details [IP: 182.156.141.17]
2025-12-11 03:04:38 PM [info]: Received GET request on /location-offices/filterData/filter/all [IP: 182.156.141.17]
2025-12-11 03:04:38 PM [info]: Received GET request on /location-branches/filterData/filter/all [IP: 182.156.141.17]
2025-12-11 03:04:38 PM [info]: Received request to fetch all offices 
2025-12-11 03:04:38 PM [info]: Fetched all offices successfully 
2025-12-11 03:05:35 PM [info]: Received GET request on /pincode/fetchAddressByPincode?pincode=413307 [IP: 182.156.141.17]
2025-12-11 03:07:14 PM [info]: Received POST request on /employee/ [IP: 182.156.141.17]
2025-12-11 03:07:14 PM [info]: Creating a new Employee 
2025-12-11 03:07:19 PM [info]: Received GET request on /employee/?page=1&limit=10 [IP: 182.156.141.17]
2025-12-11 03:07:19 PM [info]: Getting All Employee 
2025-12-11 03:07:21 PM [info]: Employee Getting successfully 
2025-12-11 03:07:32 PM [info]: Received GET request on /company/partial/details [IP: 182.156.141.17]
2025-12-11 03:07:32 PM [info]: Received GET request on /location-offices/filterData/filter/all [IP: 182.156.141.17]
2025-12-11 03:07:32 PM [info]: Received request to fetch all offices 
2025-12-11 03:07:32 PM [info]: Fetched all offices successfully 
2025-12-11 03:07:33 PM [info]: Received GET request on /location-branches/filterData/filter/all [IP: 182.156.141.17]
2025-12-11 03:07:33 PM [info]: Received GET request on /document-details/ [IP: 182.156.141.17]
2025-12-11 03:08:32 PM [info]: Received GET request on /pincode/fetchAddressByPincode?pincode=416436 [IP: 182.156.141.17]
2025-12-11 03:10:50 PM [info]: Received POST request on /employee/ [IP: 182.156.141.17]
2025-12-11 03:10:50 PM [info]: Creating a new Employee 
2025-12-11 03:10:57 PM [info]: Received GET request on /employee/?page=1&limit=10 [IP: 182.156.141.17]
2025-12-11 03:10:57 PM [info]: Getting All Employee 
2025-12-11 03:10:57 PM [info]: Employee Getting successfully 
2025-12-11 03:11:03 PM [info]: Received GET request on /document-details/ [IP: 182.156.141.17]
2025-12-11 03:11:03 PM [info]: Received GET request on /location-branches/filterData/filter/all [IP: 182.156.141.17]
2025-12-11 03:11:03 PM [info]: Received GET request on /location-offices/filterData/filter/all [IP: 182.156.141.17]
2025-12-11 03:11:03 PM [info]: Received GET request on /company/partial/details [IP: 182.156.141.17]
2025-12-11 03:11:03 PM [info]: Received request to fetch all offices 
2025-12-11 03:11:03 PM [info]: Fetched all offices successfully 
2025-12-11 03:12:04 PM [info]: Received GET request on /pincode/fetchAddressByPincode?pincode=411003 [IP: 182.156.141.17]
2025-12-11 03:13:45 PM [info]: Received POST request on /employee/ [IP: 182.156.141.17]
2025-12-11 03:13:45 PM [info]: Creating a new Employee 
2025-12-11 03:13:49 PM [info]: Received GET request on /employee/?page=1&limit=10 [IP: 182.156.141.17]
2025-12-11 03:13:49 PM [info]: Getting All Employee 
2025-12-11 03:13:50 PM [info]: Employee Getting successfully 
2025-12-11 03:14:17 PM [info]: Received GET request on /document-details/ [IP: 182.156.141.17]
2025-12-11 03:14:18 PM [info]: Received GET request on /location-offices/filterData/filter/all [IP: 182.156.141.17]
2025-12-11 03:14:18 PM [info]: Received request to fetch all offices 
2025-12-11 03:14:18 PM [info]: Fetched all offices successfully 
2025-12-11 03:14:18 PM [info]: Received GET request on /company/partial/details [IP: 182.156.141.17]
2025-12-11 03:14:18 PM [info]: Received GET request on /location-branches/filterData/filter/all [IP: 182.156.141.17]
2025-12-11 03:14:47 PM [info]: Received GET request on /pincode/fetchAddressByPincode?pincode=432021 [IP: 182.156.141.17]
2025-12-11 03:14:50 PM [info]: Received GET request on /pincode/fetchAddressByPincode?pincode=432021 [IP: 182.156.141.17]
2025-12-11 03:15:23 PM [info]: Received GET request on /pincode/fetchAddressByPincode?pincode=411003 [IP: 182.156.141.17]
2025-12-11 03:21:09 PM [info]: Database connected successfully 
2025-12-11 03:22:00 PM [info]: Received POST request on /employee/ [IP: 182.156.141.17]
2025-12-11 03:22:00 PM [info]: Creating a new Employee 
2025-12-11 03:22:04 PM [info]: Received GET request on /employee/?page=1&limit=10 [IP: 182.156.141.17]
2025-12-11 03:22:04 PM [info]: Getting All Employee 
2025-12-11 03:22:06 PM [info]: Employee Getting successfully 
2025-12-11 03:22:20 PM [info]: Received GET request on /location-offices/filterData/filter/all [IP: 182.156.141.17]
2025-12-11 03:22:20 PM [info]: Received GET request on /location-branches/filterData/filter/all [IP: 182.156.141.17]
2025-12-11 03:22:20 PM [info]: Received GET request on /document-details/ [IP: 182.156.141.17]
2025-12-11 03:22:20 PM [info]: Received request to fetch all offices 
2025-12-11 03:22:20 PM [info]: Fetched all offices successfully 
2025-12-11 03:22:20 PM [info]: Received GET request on /company/partial/details [IP: 182.156.141.17]
2025-12-11 03:22:54 PM [info]: Received GET request on /pincode/fetchAddressByPincode?pincode=411052 [IP: 182.156.141.17]
2025-12-11 03:34:22 PM [info]: Database connected successfully 
2025-12-11 03:34:34 PM [info]: Received POST request on /employee/ [IP: 182.156.141.17]
2025-12-11 03:34:35 PM [info]: Creating a new Employee 
2025-12-11 03:34:38 PM [info]: Received GET request on /employee/?page=1&limit=10 [IP: 182.156.141.17]
2025-12-11 03:34:38 PM [info]: Getting All Employee 
2025-12-11 03:34:38 PM [info]: Employee Getting successfully 
2025-12-11 03:34:58 PM [info]: Received GET request on /company/partial/details [IP: 182.156.141.17]
2025-12-11 03:34:58 PM [info]: Received GET request on /document-details/ [IP: 182.156.141.17]
2025-12-11 03:34:58 PM [info]: Received GET request on /location-branches/filterData/filter/all [IP: 182.156.141.17]
2025-12-11 03:34:58 PM [info]: Received GET request on /location-offices/filterData/filter/all [IP: 182.156.141.17]
2025-12-11 03:34:58 PM [info]: Received request to fetch all offices 
2025-12-11 03:34:58 PM [info]: Fetched all offices successfully 
2025-12-11 03:35:48 PM [info]: Received GET request on /pincode/fetchAddressByPincode?pincode=422004 [IP: 182.156.141.17]
2025-12-11 03:37:35 PM [info]: Received POST request on /employee/ [IP: 182.156.141.17]
2025-12-11 03:37:35 PM [info]: Creating a new Employee 
2025-12-11 03:37:41 PM [info]: Received GET request on /employee/?page=1&limit=10 [IP: 182.156.141.17]
2025-12-11 03:37:41 PM [info]: Getting All Employee 
2025-12-11 03:37:41 PM [info]: Employee Getting successfully 
2025-12-11 03:39:07 PM [info]: Received GET request on /company/partial/details [IP: 182.156.141.17]
2025-12-11 03:39:07 PM [info]: Received GET request on /document-details/ [IP: 182.156.141.17]
2025-12-11 03:39:07 PM [info]: Received GET request on /location-offices/filterData/filter/all [IP: 182.156.141.17]
2025-12-11 03:39:07 PM [info]: Received request to fetch all offices 
2025-12-11 03:39:07 PM [info]: Fetched all offices successfully 
2025-12-11 03:39:07 PM [info]: Received GET request on /location-branches/filterData/filter/all [IP: 182.156.141.17]
2025-12-11 03:39:51 PM [info]: Received GET request on /pincode/fetchAddressByPincode?pincode=461003 [IP: 182.156.141.17]
2025-12-11 03:39:54 PM [info]: Received GET request on /pincode/fetchAddressByPincode?pincode=461003 [IP: 182.156.141.17]
2025-12-11 03:40:12 PM [info]: Received GET request on /pincode/fetchAddressByPincode?pincode=414436 [IP: 182.156.141.17]
2025-12-11 03:40:15 PM [info]: Received GET request on /pincode/fetchAddressByPincode?pincode=414436 [IP: 182.156.141.17]
2025-12-11 03:40:27 PM [info]: Received GET request on /pincode/fetchAddressByPincode?pincode=416436 [IP: 182.156.141.17]
2025-12-11 03:42:26 PM [info]: Received POST request on /employee/ [IP: 182.156.141.17]
2025-12-11 03:42:26 PM [info]: Creating a new Employee 
2025-12-11 03:42:31 PM [info]: Received GET request on /employee/?page=1&limit=10 [IP: 182.156.141.17]
2025-12-11 03:42:31 PM [info]: Getting All Employee 
2025-12-11 03:42:31 PM [info]: Employee Getting successfully 
2025-12-11 03:43:59 PM [info]: Received GET request on /location-offices/filterData/filter/all [IP: 182.156.141.17]
2025-12-11 03:43:59 PM [info]: Received GET request on /company/partial/details [IP: 182.156.141.17]
2025-12-11 03:43:59 PM [info]: Received GET request on /location-branches/filterData/filter/all [IP: 182.156.141.17]
2025-12-11 03:43:59 PM [info]: Received request to fetch all offices 
2025-12-11 03:43:59 PM [info]: Fetched all offices successfully 
2025-12-11 03:43:59 PM [info]: Received GET request on /document-details/ [IP: 182.156.141.17]
2025-12-11 03:45:00 PM [info]: Received GET request on /pincode/fetchAddressByPincode?pincode=413307 [IP: 182.156.141.17]
2025-12-11 03:45:19 PM [info]: Database connected successfully 
2025-12-11 03:47:40 PM [info]: Received POST request on /employee/ [IP: 182.156.141.17]
2025-12-11 03:47:40 PM [info]: Creating a new Employee 
2025-12-11 03:47:43 PM [info]: Received GET request on /employee/?page=1&limit=10 [IP: 182.156.141.17]
2025-12-11 03:47:43 PM [info]: Getting All Employee 
2025-12-11 03:47:43 PM [info]: Employee Getting successfully 
2025-12-11 03:48:10 PM [info]: Received GET request on /document-details/ [IP: 182.156.141.17]
2025-12-11 03:48:10 PM [info]: Received GET request on /employee/f283cddc-9cc2-4dcc-a6f5-b4ba09c8e32a/view [IP: 182.156.141.17]
2025-12-11 03:48:12 PM [info]: Received PATCH request on /employee/status/f283cddc-9cc2-4dcc-a6f5-b4ba09c8e32a?status=ACTIVE [IP: 182.156.141.17]
2025-12-11 03:48:16 PM [info]: Received GET request on /employee/?page=1&limit=10 [IP: 182.156.141.17]
2025-12-11 03:48:16 PM [info]: Getting All Employee 
2025-12-11 03:48:17 PM [info]: Employee Getting successfully 
2025-12-11 03:48:19 PM [info]: Received GET request on /employee/06f08d45-b624-4cf5-bd5d-22b8c98b7296/view [IP: 182.156.141.17]
2025-12-11 03:48:19 PM [info]: Received GET request on /document-details/ [IP: 182.156.141.17]
2025-12-11 03:48:21 PM [info]: Received PATCH request on /employee/status/06f08d45-b624-4cf5-bd5d-22b8c98b7296?status=ACTIVE [IP: 182.156.141.17]
2025-12-11 03:48:23 PM [info]: Received GET request on /employee/?page=1&limit=10 [IP: 182.156.141.17]
2025-12-11 03:48:23 PM [info]: Getting All Employee 
2025-12-11 03:48:23 PM [info]: Employee Getting successfully 
2025-12-11 03:48:26 PM [info]: Received GET request on /employee/d35e2137-f0c2-4c4f-91ad-f614555e3141/view [IP: 182.156.141.17]
2025-12-11 03:48:26 PM [info]: Received GET request on /document-details/ [IP: 182.156.141.17]
2025-12-11 03:48:27 PM [info]: Received PATCH request on /employee/status/d35e2137-f0c2-4c4f-91ad-f614555e3141?status=ACTIVE [IP: 182.156.141.17]
2025-12-11 03:48:30 PM [info]: Received GET request on /employee/?page=1&limit=10 [IP: 182.156.141.17]
2025-12-11 03:48:30 PM [info]: Getting All Employee 
2025-12-11 03:48:30 PM [info]: Employee Getting successfully 
2025-12-11 03:48:31 PM [info]: Received GET request on /employee/cf584919-7edf-4552-99e9-b8e1077404aa/view [IP: 182.156.141.17]
2025-12-11 03:48:31 PM [info]: Received GET request on /document-details/ [IP: 182.156.141.17]
2025-12-11 03:48:33 PM [info]: Received PATCH request on /employee/status/cf584919-7edf-4552-99e9-b8e1077404aa?status=ACTIVE [IP: 182.156.141.17]
2025-12-11 03:48:36 PM [info]: Received GET request on /employee/?page=1&limit=10 [IP: 182.156.141.17]
2025-12-11 03:48:36 PM [info]: Getting All Employee 
2025-12-11 03:48:37 PM [info]: Employee Getting successfully 
2025-12-11 03:48:39 PM [info]: Received GET request on /document-details/ [IP: 182.156.141.17]
2025-12-11 03:48:39 PM [info]: Received GET request on /employee/6c02fa39-535c-49cb-98d1-aaeae83546ec/view [IP: 182.156.141.17]
2025-12-11 03:48:41 PM [info]: Received PATCH request on /employee/status/6c02fa39-535c-49cb-98d1-aaeae83546ec?status=ACTIVE [IP: 182.156.141.17]
2025-12-11 03:48:43 PM [info]: Received GET request on /employee/?page=1&limit=10 [IP: 182.156.141.17]
2025-12-11 03:48:43 PM [info]: Getting All Employee 
2025-12-11 03:48:43 PM [info]: Employee Getting successfully 
2025-12-11 03:48:45 PM [info]: Received GET request on /employee/bc70d5bd-659a-45a3-92df-7885add8cfb2/view [IP: 182.156.141.17]
2025-12-11 03:48:45 PM [info]: Received GET request on /document-details/ [IP: 182.156.141.17]
2025-12-11 03:48:46 PM [info]: Received PATCH request on /employee/status/bc70d5bd-659a-45a3-92df-7885add8cfb2?status=ACTIVE [IP: 182.156.141.17]
2025-12-11 03:48:49 PM [info]: Received GET request on /employee/?page=1&limit=10 [IP: 182.156.141.17]
2025-12-11 03:48:49 PM [info]: Getting All Employee 
2025-12-11 03:48:49 PM [info]: Employee Getting successfully 
2025-12-11 03:48:51 PM [info]: Received GET request on /employee/eb4bda3a-2f62-43e9-9453-cdc556354736/view [IP: 182.156.141.17]
2025-12-11 03:48:51 PM [info]: Received GET request on /document-details/ [IP: 182.156.141.17]
2025-12-11 03:48:53 PM [info]: Received PATCH request on /employee/status/eb4bda3a-2f62-43e9-9453-cdc556354736?status=ACTIVE [IP: 182.156.141.17]
2025-12-11 03:48:55 PM [info]: Received GET request on /employee/?page=1&limit=10 [IP: 182.156.141.17]
2025-12-11 03:48:55 PM [info]: Getting All Employee 
2025-12-11 03:48:55 PM [info]: Employee Getting successfully 
2025-12-11 03:48:57 PM [info]: Received GET request on /employee/e2e86295-144d-438a-b20e-4c4bbfec05a2/view [IP: 182.156.141.17]
2025-12-11 03:48:57 PM [info]: Received GET request on /document-details/ [IP: 182.156.141.17]
2025-12-11 03:48:59 PM [info]: Received PATCH request on /employee/status/e2e86295-144d-438a-b20e-4c4bbfec05a2?status=ACTIVE [IP: 182.156.141.17]
2025-12-11 03:49:01 PM [info]: Received GET request on /employee/?page=1&limit=10 [IP: 182.156.141.17]
2025-12-11 03:49:01 PM [info]: Getting All Employee 
2025-12-11 03:49:01 PM [info]: Employee Getting successfully 
2025-12-11 03:49:03 PM [info]: Received GET request on /document-details/ [IP: 182.156.141.17]
2025-12-11 03:49:03 PM [info]: Received GET request on /employee/e37d915d-6f26-4bc2-81fe-2e655421b426/view [IP: 182.156.141.17]
2025-12-11 03:49:05 PM [info]: Received PATCH request on /employee/status/e37d915d-6f26-4bc2-81fe-2e655421b426?status=ACTIVE [IP: 182.156.141.17]
2025-12-11 03:49:07 PM [info]: Received GET request on /employee/?page=1&limit=10 [IP: 182.156.141.17]
2025-12-11 03:49:07 PM [info]: Getting All Employee 
2025-12-11 03:49:07 PM [info]: Employee Getting successfully 
2025-12-11 03:49:14 PM [info]: Received GET request on /employee/?page=2&limit=10 [IP: 182.156.141.17]
2025-12-11 03:49:14 PM [info]: Getting All Employee 
2025-12-11 03:49:14 PM [info]: Employee Getting successfully 
2025-12-11 03:49:16 PM [info]: Received GET request on /employee/?page=3&limit=10 [IP: 182.156.141.17]
2025-12-11 03:49:16 PM [info]: Getting All Employee 
2025-12-11 03:49:16 PM [info]: Employee Getting successfully 
2025-12-11 03:49:21 PM [info]: Received GET request on /employee/c3a14fe3-0f7d-4324-a9f0-5b2de53cbbe0/update [IP: 182.156.141.17]
2025-12-11 03:49:21 PM [info]: Received GET request on /company/partial/details [IP: 182.156.141.17]
2025-12-11 03:49:21 PM [info]: Received GET request on /location-offices/filterData/filter/all [IP: 182.156.141.17]
2025-12-11 03:49:21 PM [info]: Received GET request on /location-branches/filterData/filter/all [IP: 182.156.141.17]
2025-12-11 03:49:21 PM [info]: Received GET request on /document-details/ [IP: 182.156.141.17]
2025-12-11 03:49:21 PM [info]: Received request to fetch all offices 
2025-12-11 03:49:21 PM [info]: Fetched all offices successfully 
2025-12-11 03:50:29 PM [info]: Received PUT request on /employee/c3a14fe3-0f7d-4324-a9f0-5b2de53cbbe0 [IP: 182.156.141.17]
2025-12-11 03:50:32 PM [info]: Received GET request on /employee/?page=1&limit=10 [IP: 182.156.141.17]
2025-12-11 03:50:32 PM [info]: Getting All Employee 
2025-12-11 03:50:32 PM [info]: Employee Getting successfully 
2025-12-11 03:51:13 PM [info]: Received GET request on /employee/?page=2&limit=10 [IP: 182.156.141.17]
2025-12-11 03:51:13 PM [info]: Getting All Employee 
2025-12-11 03:51:13 PM [info]: Employee Getting successfully 
2025-12-11 03:51:14 PM [info]: Received GET request on /employee/?page=3&limit=10 [IP: 182.156.141.17]
2025-12-11 03:51:14 PM [info]: Getting All Employee 
2025-12-11 03:51:14 PM [info]: Employee Getting successfully 
2025-12-11 03:51:19 PM [info]: Received GET request on /employee/2fbf7e50-33cc-4590-bfc1-f7a8e8fae187/update [IP: 182.156.141.17]
2025-12-11 03:51:19 PM [info]: Received GET request on /location-branches/filterData/filter/all [IP: 182.156.141.17]
2025-12-11 03:51:19 PM [info]: Received GET request on /location-offices/filterData/filter/all [IP: 182.156.141.17]
2025-12-11 03:51:19 PM [info]: Received GET request on /company/partial/details [IP: 182.156.141.17]
2025-12-11 03:51:19 PM [info]: Received GET request on /document-details/ [IP: 182.156.141.17]
2025-12-11 03:51:19 PM [info]: Received request to fetch all offices 
2025-12-11 03:51:19 PM [info]: Fetched all offices successfully 
2025-12-11 03:52:14 PM [info]: Received PUT request on /employee/2fbf7e50-33cc-4590-bfc1-f7a8e8fae187 [IP: 182.156.141.17]
2025-12-11 03:52:18 PM [info]: Received GET request on /employee/?page=1&limit=10 [IP: 182.156.141.17]
2025-12-11 03:52:18 PM [info]: Getting All Employee 
2025-12-11 03:52:19 PM [info]: Employee Getting successfully 
2025-12-11 03:53:10 PM [info]: Database connected successfully 
2025-12-11 03:53:21 PM [info]: Received GET request on /employee/d64e0c56-bbbf-421a-9978-0ee48a7c531c/update [IP: 182.156.141.17]
2025-12-11 03:53:22 PM [info]: Received GET request on /document-details/ [IP: 182.156.141.17]
2025-12-11 03:53:22 PM [info]: Received GET request on /location-branches/filterData/filter/all [IP: 182.156.141.17]
2025-12-11 03:53:22 PM [info]: Received GET request on /company/partial/details [IP: 182.156.141.17]
2025-12-11 03:53:22 PM [info]: Received GET request on /location-offices/filterData/filter/all [IP: 182.156.141.17]
2025-12-11 03:53:22 PM [info]: Received request to fetch all offices 
2025-12-11 03:53:22 PM [info]: Fetched all offices successfully 
2025-12-11 03:54:46 PM [info]: Received PUT request on /employee/d64e0c56-bbbf-421a-9978-0ee48a7c531c [IP: 182.156.141.17]
2025-12-11 03:54:48 PM [info]: Received GET request on /employee/?page=1&limit=10 [IP: 182.156.141.17]
2025-12-11 03:54:48 PM [info]: Getting All Employee 
2025-12-11 03:54:48 PM [info]: Employee Getting successfully 
2025-12-11 03:55:04 PM [info]: Received GET request on /employee/?page=2&limit=10 [IP: 182.156.141.17]
2025-12-11 03:55:04 PM [info]: Getting All Employee 
2025-12-11 03:55:04 PM [info]: Employee Getting successfully 
2025-12-11 03:55:06 PM [info]: Received GET request on /employee/?page=3&limit=10 [IP: 182.156.141.17]
2025-12-11 03:55:06 PM [info]: Getting All Employee 
2025-12-11 03:55:06 PM [info]: Employee Getting successfully 
2025-12-11 03:56:59 PM [info]: Received GET request on /location-branches/filterData/filter/all [IP: 182.156.141.17]
2025-12-11 03:56:59 PM [info]: Received GET request on /company/partial/details [IP: 182.156.141.17]
2025-12-11 03:56:59 PM [info]: Received GET request on /document-details/ [IP: 182.156.141.17]
2025-12-11 03:56:59 PM [info]: Received GET request on /employee/ab287c3d-4c7b-47bb-b189-ff5fd92d5367/update [IP: 182.156.141.17]
2025-12-11 03:56:59 PM [info]: Received GET request on /location-offices/filterData/filter/all [IP: 182.156.141.17]
2025-12-11 03:56:59 PM [info]: Received request to fetch all offices 
2025-12-11 03:56:59 PM [info]: Fetched all offices successfully 
2025-12-11 03:57:39 PM [info]: Received GET request on /pincode/fetchAddressByPincode?pincode=412207 [IP: 182.156.141.17]
2025-12-11 03:57:43 PM [info]: Received GET request on /pincode/fetchAddressByPincode?pincode=380025 [IP: 182.156.141.17]
2025-12-11 03:57:50 PM [info]: Received GET request on /pincode/fetchAddressByPincode?pincode=380025 [IP: 182.156.141.17]
2025-12-11 03:58:18 PM [info]: Received GET request on /pincode/fetchAddressByPincode?pincode=382345 [IP: 182.156.141.17]
2025-12-11 03:59:31 PM [info]: Received PUT request on /employee/ab287c3d-4c7b-47bb-b189-ff5fd92d5367 [IP: 182.156.141.17]
2025-12-11 03:59:34 PM [info]: Received GET request on /employee/?page=1&limit=10 [IP: 182.156.141.17]
2025-12-11 03:59:34 PM [info]: Getting All Employee 
2025-12-11 03:59:36 PM [info]: Employee Getting successfully 
2025-12-11 04:00:27 PM [info]: Received GET request on /employee/?page=2&limit=10 [IP: 182.156.141.17]
2025-12-11 04:00:27 PM [info]: Getting All Employee 
2025-12-11 04:00:27 PM [info]: Employee Getting successfully 
2025-12-11 04:00:29 PM [info]: Received GET request on /employee/?page=3&limit=10 [IP: 182.156.141.17]
2025-12-11 04:00:29 PM [info]: Getting All Employee 
2025-12-11 04:00:29 PM [info]: Employee Getting successfully 
2025-12-11 04:00:32 PM [info]: Received GET request on /employee/?page=4&limit=10 [IP: 182.156.141.17]
2025-12-11 04:00:32 PM [info]: Getting All Employee 
2025-12-11 04:00:32 PM [info]: Employee Getting successfully 
2025-12-11 04:00:35 PM [info]: Received GET request on /employee/?page=3&limit=10 [IP: 182.156.141.17]
2025-12-11 04:00:35 PM [info]: Getting All Employee 
2025-12-11 04:00:35 PM [info]: Employee Getting successfully 
2025-12-11 04:00:40 PM [info]: Received GET request on /employee/?page=2&limit=10 [IP: 182.156.141.17]
2025-12-11 04:00:40 PM [info]: Getting All Employee 
2025-12-11 04:00:41 PM [info]: Employee Getting successfully 
2025-12-11 04:00:41 PM [info]: Received GET request on /employee/?page=1&limit=10 [IP: 182.156.141.17]
2025-12-11 04:00:41 PM [info]: Getting All Employee 
2025-12-11 04:00:41 PM [info]: Employee Getting successfully 
2025-12-11 04:01:04 PM [info]: Received GET request on /location-offices/filterData/filter/all [IP: 182.156.141.17]
2025-12-11 04:01:04 PM [info]: Received request to fetch all offices 
2025-12-11 04:01:04 PM [info]: Fetched all offices successfully 
2025-12-11 04:01:04 PM [info]: Received GET request on /location-branches/filterData/filter/all [IP: 182.156.141.17]
2025-12-11 04:01:07 PM [info]: Received GET request on /company/partial/details [IP: 182.156.141.17]
2025-12-11 04:01:07 PM [info]: Received GET request on /document-details/ [IP: 182.156.141.17]
2025-12-11 04:02:54 PM [info]: Received GET request on /pincode/fetchAddressByPincode?pincode=400705 [IP: 182.156.141.17]
2025-12-11 04:05:15 PM [info]: Received POST request on /employee/ [IP: 182.156.141.17]
2025-12-11 04:05:15 PM [info]: Creating a new Employee 
2025-12-11 04:05:17 PM [info]: Received GET request on /employee/?page=1&limit=10 [IP: 182.156.141.17]
2025-12-11 04:05:17 PM [info]: Getting All Employee 
2025-12-11 04:05:18 PM [info]: Employee Getting successfully 
2025-12-11 04:09:44 PM [info]: Received GET request on /document-details/ [IP: 182.156.141.17]
2025-12-11 04:09:44 PM [info]: Received GET request on /location-offices/filterData/filter/all [IP: 182.156.141.17]
2025-12-11 04:09:44 PM [info]: Received GET request on /location-branches/filterData/filter/all [IP: 182.156.141.17]
2025-12-11 04:09:44 PM [info]: Received GET request on /company/partial/details [IP: 182.156.141.17]
2025-12-11 04:09:44 PM [info]: Received request to fetch all offices 
2025-12-11 04:09:44 PM [info]: Fetched all offices successfully 
2025-12-11 04:10:26 PM [info]: Received GET request on /pincode/fetchAddressByPincode?pincode=400081 [IP: 182.156.141.17]
2025-12-11 04:12:50 PM [info]: Received POST request on /employee/ [IP: 182.156.141.17]
2025-12-11 04:12:50 PM [info]: Creating a new Employee 
2025-12-11 04:12:52 PM [info]: Received GET request on /employee/?page=1&limit=10 [IP: 182.156.141.17]
2025-12-11 04:12:52 PM [info]: Getting All Employee 
2025-12-11 04:12:54 PM [info]: Employee Getting successfully 
2025-12-11 04:13:26 PM [info]: Received GET request on /location-branches/filterData/filter/all [IP: 182.156.141.17]
2025-12-11 04:13:27 PM [info]: Received GET request on /document-details/ [IP: 182.156.141.17]
2025-12-11 04:13:27 PM [info]: Received GET request on /location-offices/filterData/filter/all [IP: 182.156.141.17]
2025-12-11 04:13:27 PM [info]: Received request to fetch all offices 
2025-12-11 04:13:27 PM [info]: Fetched all offices successfully 
2025-12-11 04:13:27 PM [info]: Received GET request on /company/partial/details [IP: 182.156.141.17]
2025-12-11 04:14:52 PM [info]: Received GET request on /pincode/fetchAddressByPincode?pincode=380010 [IP: 182.156.141.17]
2025-12-11 04:14:54 PM [info]: Received GET request on /pincode/fetchAddressByPincode?pincode=380010 [IP: 182.156.141.17]
2025-12-11 04:15:05 PM [info]: Received GET request on /pincode/fetchAddressByPincode?pincode=380015 [IP: 182.156.141.17]
2025-12-11 04:17:32 PM [info]: Received POST request on /employee/ [IP: 182.156.141.17]
2025-12-11 04:17:32 PM [info]: Creating a new Employee 
2025-12-11 04:17:36 PM [info]: Received GET request on /employee/?page=1&limit=10 [IP: 182.156.141.17]
2025-12-11 04:17:36 PM [info]: Getting All Employee 
2025-12-11 04:17:36 PM [info]: Employee Getting successfully 
2025-12-11 04:45:26 PM [info]: Received GET request on /document-details/ [IP: 182.156.141.17]
2025-12-11 04:45:26 PM [info]: Received GET request on /company/partial/details [IP: 182.156.141.17]
2025-12-11 04:45:27 PM [info]: Received GET request on /location-branches/filterData/filter/all [IP: 182.156.141.17]
2025-12-11 04:45:27 PM [info]: Received GET request on /location-offices/filterData/filter/all [IP: 182.156.141.17]
2025-12-11 04:45:27 PM [info]: Received request to fetch all offices 
2025-12-11 04:45:27 PM [info]: Fetched all offices successfully 
2025-12-11 04:46:38 PM [info]: Received GET request on /pincode/fetchAddressByPincode?pincode=400708 [IP: 182.156.141.17]
