2025-12-05 12:31:33 PM [info-sagar pagar]: Data retrieved successfully [IP: ::1]
2025-12-05 12:31:33 PM [info-sagar pagar]: Data retrieved successfully [IP: ::1]
2025-12-05 12:51:42 PM [info-sagar pagar]: Data retrieved successfully [IP: ::1]
2025-12-05 01:00:59 PM [info-sagar pagar]: RFPA list retrieved successfully [IP: ::1]
2025-12-05 01:00:59 PM [info-sagar pagar]: Data retrieved successfully [IP: ::1]
2025-12-05 01:01:01 PM [error-sagar pagar]: Error in GET /dealSlip/?page=1&limit=10: controllerLogger_1.ControllerLogger.logDealSlipData is not a function
2025-12-05 01:01:01 PM [info-sagar pagar]: Failed to retrieve data [IP: ::1]
2025-12-05 01:01:03 PM [error-sagar pagar]: Error in GET /dealSlip/?page=1&limit=10: controllerLogger_1.ControllerLogger.logDealSlipData is not a function
2025-12-05 01:01:03 PM [info-sagar pagar]: Failed to retrieve data [IP: ::1]
2025-12-05 01:03:48 PM [info-sagar pagar]: Deal Slip data retrieved successfully [IP: ::1]
2025-12-05 01:03:48 PM [info-sagar pagar]: Data retrieved successfully [IP: ::1]
2025-12-05 01:08:39 PM [info-sagar pagar]: Deal Slip data retrieved successfully [IP: ::1]
2025-12-05 01:08:55 PM [info-sagar pagar]: Data retrieved successfully [IP: ::1]
2025-12-05 01:15:00 PM [info-sagar pagar]: Data retrieved successfully [IP: ::1]
2025-12-05 01:15:00 PM [info-sagar pagar]: Data retrieved successfully [IP: ::1]
2025-12-05 01:15:00 PM [info-sagar pagar]: Data retrieved successfully [IP: ::1]
2025-12-05 01:15:00 PM [info-sagar pagar]: Data retrieved successfully [IP: ::1]
2025-12-05 01:15:00 PM [info-sagar pagar]: Data retrieved successfully [IP: ::1]
2025-12-05 01:15:00 PM [info-sagar pagar]: Data retrieved successfully [IP: ::1]
2025-12-05 01:15:00 PM [info-sagar pagar]: Data retrieved successfully [IP: ::1]
2025-12-05 01:47:27 PM [info-sagar pagar]: Data retrieved successfully [IP: ::1]
2025-12-05 01:47:27 PM [info-sagar pagar]: Data retrieved successfully [IP: ::1]
2025-12-05 01:47:28 PM [info-sagar pagar]: Data retrieved successfully [IP: ::1]
2025-12-05 01:47:28 PM [info-sagar pagar]: Data retrieved successfully [IP: ::1]
2025-12-05 01:47:28 PM [info-sagar pagar]: Data retrieved successfully [IP: ::1]
2025-12-05 01:47:28 PM [info-sagar pagar]: Data retrieved successfully [IP: ::1]
2025-12-05 01:47:28 PM [info-sagar pagar]: Data retrieved successfully [IP: ::1]
2025-12-05 05:51:11 PM [info-sagar pagar]: Data retrieved successfully [IP: ::1]
2025-12-05 05:51:11 PM [info-sagar pagar]: Data retrieved successfully [IP: ::1]
2025-12-05 05:51:11 PM [info-sagar pagar]: Data retrieved successfully [IP: ::1]
2025-12-05 05:51:11 PM [info-sagar pagar]: Data retrieved successfully [IP: ::1]
2025-12-05 05:51:11 PM [info-sagar pagar]: Data retrieved successfully [IP: ::1]
2025-12-05 05:51:11 PM [info-sagar pagar]: Data retrieved successfully [IP: ::1]
2025-12-05 05:51:11 PM [info-sagar pagar]: Data retrieved successfully [IP: ::1]
2025-12-08 11:21:58 AM [error-System]: Error in GET /products/partial/data?page=1&limit=6: You need to re-authenticate. Please log in.
2025-12-08 11:21:58 AM [info-System]: Failed to retrieve data [IP: ::1]
2025-12-08 11:21:58 AM [error-System]: Error in GET /company/partial/details: You need to re-authenticate. Please log in.
2025-12-08 11:21:58 AM [info-System]: Failed to retrieve data [IP: ::1]
2025-12-08 11:21:58 AM [error-System]: Error in GET /location-branches/filterData/filter/all: You need to re-authenticate. Please log in.
2025-12-08 11:21:58 AM [info-System]: Failed to retrieve data [IP: ::1]
2025-12-08 11:21:58 AM [error-System]: Error in GET /api/management/getGrns/management?filterType=tillDate: You need to re-authenticate. Please log in.
2025-12-08 11:21:58 AM [info-System]: Failed to retrieve data [IP: ::1]
2025-12-08 11:21:58 AM [info-System]: Failed to create record [IP: ::1]
2025-12-08 11:21:58 AM [info-System]: Failed to create record [IP: ::1]
2025-12-08 11:21:58 AM [info-System]: Failed to create record [IP: ::1]
2025-12-08 11:21:58 AM [info-System]: Failed to create record [IP: ::1]
2025-12-08 11:21:58 AM [info-sagar pagar]: Company data retrieved successfully [IP: ::1]
2025-12-08 11:21:58 AM [info-sagar pagar]: Branch data retrieved successfully [IP: ::1]
2025-12-08 11:21:59 AM [info-sagar pagar]: Data retrieved successfully [IP: ::1]
2025-12-08 11:21:59 AM [info-sagar pagar]: Data retrieved successfully [IP: ::1]
2025-12-08 11:22:04 AM [info-vaibhav ahire]: User logout successful [IP: ::1]
2025-12-08 11:22:04 AM [info-System]: User logged out successfully [IP: ::1]
2025-12-08 11:22:48 AM [info-vaibhav ahire]: User login successful [IP: ::1]
2025-12-08 11:22:48 AM [info-System]: User logged in successfully [IP: ::1]
2025-12-08 11:22:52 AM [info-Admin Admin]: Data retrieved successfully [IP: ::1]
2025-12-08 11:22:52 AM [info-Admin Admin]: Branch data retrieved successfully [IP: ::1]
2025-12-08 11:22:52 AM [info-Admin Admin]: Company data retrieved successfully [IP: ::1]
2025-12-08 11:22:52 AM [info-Admin Admin]: Data retrieved successfully [IP: ::1]
2025-12-08 11:22:52 AM [info-Admin Admin]: Data retrieved successfully [IP: ::1]
2025-12-08 11:22:52 AM [info-Admin Admin]: Data retrieved successfully [IP: ::1]
2025-12-08 11:22:52 AM [info-Admin Admin]: Data retrieved successfully [IP: ::1]
2025-12-08 11:22:52 AM [info-Admin Admin]: Data retrieved successfully [IP: ::1]
2025-12-08 11:22:52 AM [info-Admin Admin]: Data retrieved successfully [IP: ::1]
2025-12-08 11:22:52 AM [info-Admin Admin]: Data retrieved successfully [IP: ::1]
2025-12-08 11:22:52 AM [info-Admin Admin]: Data retrieved successfully [IP: ::1]
2025-12-08 11:22:58 AM [info-Admin Admin]: Data retrieved successfully [IP: ::1]
2025-12-08 11:22:58 AM [info-Admin Admin]: Data retrieved successfully [IP: ::1]
2025-12-08 11:22:58 AM [info-Admin Admin]: Data retrieved successfully [IP: ::1]
2025-12-08 11:22:58 AM [info-Admin Admin]: Company data retrieved successfully [IP: ::1]
2025-12-08 11:22:59 AM [info-Admin Admin]: Branch data retrieved successfully [IP: ::1]
2025-12-08 11:22:59 AM [info-Admin Admin]: Data retrieved successfully [IP: ::1]
2025-12-08 11:22:59 AM [info-Admin Admin]: Data retrieved successfully [IP: ::1]
2025-12-08 11:22:59 AM [info-Admin Admin]: Data retrieved successfully [IP: ::1]
2025-12-08 11:22:59 AM [info-Admin Admin]: Data retrieved successfully [IP: ::1]
2025-12-08 11:22:59 AM [info-Admin Admin]: Data retrieved successfully [IP: ::1]
2025-12-08 11:23:04 AM [info-Admin Admin]: Data retrieved successfully [IP: ::1]
2025-12-08 11:23:04 AM [info-Admin Admin]: Data retrieved successfully [IP: ::1]
2025-12-08 11:23:04 AM [info-Admin Admin]: Data retrieved successfully [IP: ::1]
2025-12-08 11:23:11 AM [info-Admin Admin]: Data retrieved successfully [IP: ::1]
2025-12-08 11:23:11 AM [info-Admin Admin]: Data retrieved successfully [IP: ::1]
2025-12-08 11:23:11 AM [info-Admin Admin]: Data retrieved successfully [IP: ::1]
2025-12-08 12:33:11 PM [error-System]: Error in GET /products/partial/data?page=1&limit=6: You need to re-authenticate. Please log in.
2025-12-08 12:33:11 PM [info-System]: Failed to retrieve data [IP: ::1]
2025-12-08 12:33:13 PM [error-System]: Error in GET /location-branches/filterData/filter/all: You need to re-authenticate. Please log in.
2025-12-08 12:33:13 PM [info-System]: Failed to retrieve data [IP: ::1]
2025-12-08 12:33:13 PM [error-System]: Error in GET /userreport/user-counts: You need to re-authenticate. Please log in.
2025-12-08 12:33:13 PM [info-System]: Failed to retrieve data [IP: ::1]
2025-12-08 12:33:13 PM [error-System]: Error in GET /customers/names/all: You need to re-authenticate. Please log in.
2025-12-08 12:33:13 PM [info-System]: Failed to retrieve data [IP: ::1]
2025-12-08 12:33:13 PM [error-System]: Error in GET /farmers/filterFarmer/all?page=1&limit=6: You need to re-authenticate. Please log in.
2025-12-08 12:33:13 PM [info-System]: Failed to retrieve data [IP: ::1]
2025-12-08 12:33:13 PM [error-System]: Error in GET /admin/dashboard/active-users: You need to re-authenticate. Please log in.
2025-12-08 12:33:13 PM [info-System]: Failed to retrieve data [IP: ::1]
2025-12-08 12:33:13 PM [error-System]: Error in GET /employee/all/partial?page=1&limit=6: You need to re-authenticate. Please log in.
2025-12-08 12:33:13 PM [info-System]: Failed to retrieve data [IP: ::1]
2025-12-08 12:33:13 PM [error-System]: Error in GET /userreport/total-sale: You need to re-authenticate. Please log in.
2025-12-08 12:33:13 PM [info-System]: Failed to retrieve data [IP: ::1]
2025-12-08 12:33:14 PM [error-System]: Error in GET /userreport/total-purchase: You need to re-authenticate. Please log in.
2025-12-08 12:33:14 PM [info-System]: Failed to retrieve data [IP: ::1]
2025-12-08 12:33:14 PM [error-System]: Error in GET /company/partial/details: You need to re-authenticate. Please log in.
2025-12-08 12:33:14 PM [info-System]: Failed to retrieve data [IP: ::1]
2025-12-08 12:33:14 PM [error-System]: Error in GET /vendors/filterVendor/all?page=1&limit=6: You need to re-authenticate. Please log in.
2025-12-08 12:33:14 PM [info-System]: Failed to retrieve data [IP: ::1]
2025-12-08 12:33:15 PM [info-System]: Failed to create record [IP: ::1]
2025-12-08 12:33:15 PM [info-System]: Failed to create record [IP: ::1]
2025-12-08 12:33:15 PM [info-System]: Failed to create record [IP: ::1]
2025-12-08 12:33:15 PM [info-System]: Failed to create record [IP: ::1]
2025-12-08 12:33:15 PM [info-System]: Failed to create record [IP: ::1]
2025-12-08 12:33:15 PM [info-System]: Failed to create record [IP: ::1]
2025-12-08 12:33:15 PM [info-System]: Failed to create record [IP: ::1]
2025-12-08 12:33:15 PM [info-System]: Failed to create record [IP: ::1]
2025-12-08 12:33:15 PM [info-System]: Failed to create record [IP: ::1]
2025-12-08 12:33:15 PM [info-System]: Failed to create record [IP: ::1]
2025-12-08 12:33:15 PM [info-System]: Failed to create record [IP: ::1]
2025-12-08 12:33:15 PM [info-Admin Admin]: Branch data retrieved successfully [IP: ::1]
2025-12-08 12:33:16 PM [info-Admin Admin]: Customer data retrieved successfully [IP: ::1]
2025-12-08 12:33:16 PM [info-Admin Admin]: Company data retrieved successfully [IP: ::1]
2025-12-08 12:33:16 PM [info-Admin Admin]: Data retrieved successfully [IP: ::1]
2025-12-08 12:33:16 PM [info-Admin Admin]: Data retrieved successfully [IP: ::1]
2025-12-08 12:33:16 PM [info-Admin Admin]: Data retrieved successfully [IP: ::1]
2025-12-08 12:33:16 PM [info-Admin Admin]: Data retrieved successfully [IP: ::1]
2025-12-08 12:33:16 PM [info-Admin Admin]: Data retrieved successfully [IP: ::1]
2025-12-08 12:33:16 PM [info-Admin Admin]: Data retrieved successfully [IP: ::1]
2025-12-08 12:33:16 PM [info-Admin Admin]: Data retrieved successfully [IP: ::1]
2025-12-08 12:33:16 PM [info-Admin Admin]: Data retrieved successfully [IP: ::1]
2025-12-09 05:30:32 PM [info-vaibhav ahire]: User login successful [IP: ::1]
2025-12-09 05:30:32 PM [info-System]: User logged in successfully [IP: ::1]
2025-12-09 05:34:25 PM [info-Admin Admin]: Failed to create record [IP: ::1]
2025-12-09 05:36:06 PM [info-Admin Admin]: Record created successfully [IP: ::1]
2025-12-09 05:37:40 PM [info-Admin Admin]: Data retrieved successfully [IP: ::1]
2025-12-09 05:48:13 PM [info-Admin Admin]: Failed to create record [IP: ::1]
2025-12-09 05:48:16 PM [info-Admin Admin]: Record created successfully [IP: ::1]
2025-12-09 05:50:04 PM [info-Admin Admin]: Data retrieved successfully [IP: ::1]
2025-12-10 10:23:20 AM [info-vaibhav ahire]: User login successful [IP: ::1]
2025-12-10 10:23:20 AM [info-System]: User logged in successfully [IP: ::1]
2025-12-10 11:04:34 AM [info-Admin Admin]: Record created successfully [IP: ::1]
2025-12-10 11:10:40 AM [info-Admin Admin]: Branch data retrieved successfully [IP: ::1]
2025-12-10 11:10:41 AM [info-Admin Admin]: Customer data retrieved successfully [IP: ::1]
2025-12-10 11:10:41 AM [info-Admin Admin]: Company data retrieved successfully [IP: ::1]
2025-12-10 11:10:41 AM [info-Admin Admin]: Data retrieved successfully [IP: ::1]
2025-12-10 11:10:41 AM [info-Admin Admin]: Farmers (filtered) list retrieved successfully [IP: ::1]
2025-12-10 11:10:41 AM [info-Admin Admin]: Data retrieved successfully [IP: ::1]
2025-12-10 11:10:41 AM [info-Admin Admin]: Data retrieved successfully [IP: ::1]
2025-12-10 11:10:41 AM [info-Admin Admin]: Data retrieved successfully [IP: ::1]
2025-12-10 11:10:41 AM [info-Admin Admin]: Data retrieved successfully [IP: ::1]
2025-12-10 11:10:41 AM [info-Admin Admin]: Data retrieved successfully [IP: ::1]
2025-12-10 11:10:41 AM [info-Admin Admin]: Data retrieved successfully [IP: ::1]
2025-12-10 11:10:41 AM [info-Admin Admin]: Data retrieved successfully [IP: ::1]
2025-12-10 11:11:06 AM [info-Admin Admin]: Data retrieved successfully [IP: ::1]
2025-12-10 11:18:09 AM [info-Admin Admin]: Data retrieved successfully [IP: ::1]
2025-12-10 11:31:31 AM [info-Admin Admin]: Data retrieved successfully [IP: ::1]
2025-12-10 11:31:53 AM [info-Admin Admin]: Data retrieved successfully [IP: ::1]
2025-12-10 11:34:27 AM [info-Admin Admin]: Data retrieved successfully [IP: ::1]
2025-12-10 11:35:42 AM [info-Admin Admin]: Data retrieved successfully [IP: ::1]
2025-12-10 11:36:02 AM [info-Admin Admin]: Data retrieved successfully [IP: ::1]
2025-12-10 11:39:22 AM [info-Admin Admin]: Data retrieved successfully [IP: ::1]
2025-12-10 11:39:34 AM [info-Admin Admin]: Data retrieved successfully [IP: ::1]
2025-12-10 11:39:54 AM [info-Admin Admin]: Data retrieved successfully [IP: ::1]
2025-12-10 11:41:13 AM [info-Admin Admin]: Data retrieved successfully [IP: ::1]
2025-12-10 12:08:02 PM [info-Admin Admin]: Company data retrieved successfully [IP: ::1]
2025-12-10 12:08:02 PM [info-Admin Admin]: Data retrieved successfully [IP: ::1]
2025-12-10 12:08:03 PM [info-Admin Admin]: Customer data retrieved successfully [IP: ::1]
2025-12-10 12:08:03 PM [info-Admin Admin]: Branch data retrieved successfully [IP: ::1]
2025-12-10 12:08:03 PM [info-Admin Admin]: Data retrieved successfully [IP: ::1]
2025-12-10 12:08:03 PM [info-Admin Admin]: Data retrieved successfully [IP: ::1]
2025-12-10 12:08:03 PM [info-Admin Admin]: Farmers (filtered) list retrieved successfully [IP: ::1]
2025-12-10 12:08:03 PM [info-Admin Admin]: Data retrieved successfully [IP: ::1]
2025-12-10 12:08:03 PM [info-Admin Admin]: Data retrieved successfully [IP: ::1]
2025-12-10 12:08:03 PM [info-Admin Admin]: Data retrieved successfully [IP: ::1]
2025-12-10 12:08:03 PM [info-Admin Admin]: Data retrieved successfully [IP: ::1]
2025-12-10 12:08:03 PM [info-Admin Admin]: Data retrieved successfully [IP: ::1]
2025-12-10 12:09:29 PM [error-System]: Error in POST /workflow/bulk: Expected ',' or ']' after array element in JSON at position 168
2025-12-10 12:09:54 PM [info-Admin Admin]: Record created successfully [IP: ::1]
2025-12-10 12:10:16 PM [info-Admin Admin]: Data retrieved successfully [IP: ::1]
2025-12-11 10:23:58 AM [info-vaibhav ahire]: User login successful [IP: ::1]
2025-12-11 10:23:58 AM [info-System]: User logged in successfully [IP: ::1]
2025-12-11 10:39:55 AM [error-System]: Error in GET /vendors/filterVendor/all?page=1&limit=6: You need to re-authenticate. Please log in.
2025-12-11 10:39:55 AM [info-System]: Failed to retrieve data [IP: ::1]
2025-12-11 10:39:55 AM [error-System]: Error in GET /userreport/total-sale: You need to re-authenticate. Please log in.
2025-12-11 10:39:55 AM [info-System]: Failed to retrieve data [IP: ::1]
2025-12-11 10:39:55 AM [error-System]: Error in GET /location-branches/filterData/filter/all: You need to re-authenticate. Please log in.
2025-12-11 10:39:55 AM [info-System]: Failed to retrieve data [IP: ::1]
2025-12-11 10:39:56 AM [error-System]: Error in GET /customers/names/all: You need to re-authenticate. Please log in.
2025-12-11 10:39:56 AM [info-System]: Failed to retrieve data [IP: ::1]
2025-12-11 10:39:56 AM [error-System]: Error in GET /userreport/user-counts: You need to re-authenticate. Please log in.
2025-12-11 10:39:56 AM [info-System]: Failed to retrieve data [IP: ::1]
2025-12-11 10:39:56 AM [error-System]: Error in GET /products/partial/data?page=1&limit=6: You need to re-authenticate. Please log in.
2025-12-11 10:39:56 AM [info-System]: Failed to retrieve data [IP: ::1]
2025-12-11 10:39:56 AM [error-System]: Error in GET /employee/all/partial?page=1&limit=6: You need to re-authenticate. Please log in.
2025-12-11 10:39:56 AM [info-System]: Failed to retrieve data [IP: ::1]
2025-12-11 10:39:56 AM [error-System]: Error in GET /company/partial/details: You need to re-authenticate. Please log in.
2025-12-11 10:39:56 AM [info-System]: Failed to retrieve data [IP: ::1]
2025-12-11 10:39:56 AM [error-System]: Error in GET /userreport/total-purchase: You need to re-authenticate. Please log in.
2025-12-11 10:39:56 AM [info-System]: Failed to retrieve data [IP: ::1]
2025-12-11 10:39:56 AM [error-System]: Error in GET /admin/dashboard/active-users: You need to re-authenticate. Please log in.
2025-12-11 10:39:56 AM [info-System]: Failed to retrieve data [IP: ::1]
2025-12-11 10:39:56 AM [error-System]: Error in GET /farmers/filterFarmer/all?page=1&limit=6: You need to re-authenticate. Please log in.
2025-12-11 10:39:56 AM [info-System]: Failed to retrieve data [IP: ::1]
2025-12-11 10:39:57 AM [info-System]: Failed to create record [IP: ::1]
2025-12-11 10:39:57 AM [info-System]: Failed to create record [IP: ::1]
2025-12-11 10:39:57 AM [info-System]: Failed to create record [IP: ::1]
2025-12-11 10:39:57 AM [info-System]: Failed to create record [IP: ::1]
2025-12-11 10:39:57 AM [info-System]: Failed to create record [IP: ::1]
2025-12-11 10:39:57 AM [info-System]: Failed to create record [IP: ::1]
2025-12-11 10:39:57 AM [info-System]: Failed to create record [IP: ::1]
2025-12-11 10:39:57 AM [info-System]: Failed to create record [IP: ::1]
2025-12-11 10:39:57 AM [info-System]: Failed to create record [IP: ::1]
2025-12-11 10:39:57 AM [info-System]: Failed to create record [IP: ::1]
2025-12-11 10:39:57 AM [info-System]: Failed to create record [IP: ::1]
2025-12-11 10:39:57 AM [info-Admin Admin]: Branch data retrieved successfully [IP: ::1]
2025-12-11 10:39:57 AM [info-Admin Admin]: Company data retrieved successfully [IP: ::1]
2025-12-11 10:39:57 AM [info-Admin Admin]: Data retrieved successfully [IP: ::1]
2025-12-11 10:39:57 AM [info-Admin Admin]: Customer data retrieved successfully [IP: ::1]
2025-12-11 10:39:57 AM [info-Admin Admin]: Data retrieved successfully [IP: ::1]
2025-12-11 10:39:58 AM [info-Admin Admin]: Data retrieved successfully [IP: ::1]
2025-12-11 10:39:58 AM [info-Admin Admin]: Data retrieved successfully [IP: ::1]
2025-12-11 10:39:58 AM [info-Admin Admin]: Farmers (filtered) list retrieved successfully [IP: ::1]
2025-12-11 10:39:58 AM [info-Admin Admin]: Data retrieved successfully [IP: ::1]
2025-12-11 10:39:58 AM [info-Admin Admin]: Data retrieved successfully [IP: ::1]
2025-12-11 10:39:58 AM [info-Admin Admin]: Data retrieved successfully [IP: ::1]
2025-12-11 10:39:58 AM [info-Admin Admin]: Data retrieved successfully [IP: ::1]
2025-12-11 11:26:48 AM [info-Admin Admin]: Data retrieved successfully [IP: ::1]
2025-12-11 11:29:19 AM [info-Admin Admin]: Data retrieved successfully [IP: ::1]
2025-12-11 11:29:23 AM [info-Admin Admin]: Data retrieved successfully [IP: ::1]
2025-12-11 11:30:43 AM [info-Admin Admin]: Record created successfully [IP: ::1]
2025-12-11 11:33:35 AM [info-Admin Admin]: Data retrieved successfully [IP: ::1]
2025-12-11 11:34:08 AM [info-Admin Admin]: Data retrieved successfully [IP: ::1]
2025-12-11 11:35:18 AM [info-Admin Admin]: Data retrieved successfully [IP: ::1]
2025-12-11 11:36:12 AM [info-Admin Admin]: Data retrieved successfully [IP: ::1]
2025-12-11 11:36:28 AM [info-Admin Admin]: Data retrieved successfully [IP: ::1]
2025-12-11 11:36:40 AM [info-Admin Admin]: Data retrieved successfully [IP: ::1]
2025-12-11 11:37:27 AM [info-Admin Admin]: Data retrieved successfully [IP: ::1]
2025-12-11 11:37:32 AM [info-Admin Admin]: Data retrieved successfully [IP: ::1]
2025-12-11 11:38:20 AM [info-Admin Admin]: Data retrieved successfully [IP: ::1]
2025-12-11 11:38:20 AM [info-Admin Admin]: Data retrieved successfully [IP: ::1]
2025-12-11 11:38:30 AM [info-Admin Admin]: Data retrieved successfully [IP: ::1]
2025-12-11 11:38:35 AM [info-Admin Admin]: Data retrieved successfully [IP: ::1]
2025-12-11 11:38:52 AM [info-Admin Admin]: Data retrieved successfully [IP: ::1]
2025-12-11 11:38:52 AM [info-Admin Admin]: Data retrieved successfully [IP: ::1]
2025-12-11 11:39:40 AM [info-Admin Admin]: Data retrieved successfully [IP: ::1]
2025-12-11 11:39:40 AM [info-Admin Admin]: Data retrieved successfully [IP: ::1]
2025-12-11 11:39:42 AM [info-Admin Admin]: Data retrieved successfully [IP: ::1]
2025-12-11 11:39:42 AM [info-Admin Admin]: Data retrieved successfully [IP: ::1]
2025-12-11 11:53:48 AM [info-Admin Admin]: Data retrieved successfully [IP: ::1]
2025-12-11 11:53:48 AM [info-Admin Admin]: Data retrieved successfully [IP: ::1]
2025-12-11 11:53:56 AM [info-Admin Admin]: Data retrieved successfully [IP: ::1]
2025-12-11 12:22:39 PM [info-Admin Admin]: Data retrieved successfully [IP: ::1]
2025-12-11 12:24:55 PM [info-Admin Admin]: Company data retrieved successfully [IP: ::1]
2025-12-11 12:24:55 PM [info-Admin Admin]: Branch data retrieved successfully [IP: ::1]
2025-12-11 12:24:55 PM [info-Admin Admin]: Document Definitions data retrieved successfully [IP: ::1]
2025-12-11 12:24:55 PM [info-Admin Admin]: Data retrieved successfully [IP: ::1]
2025-12-11 12:26:08 PM [info-System]: Data retrieved successfully [IP: ::1]
2025-12-11 12:38:45 PM [info-Admin Admin]: Record created successfully [IP: ::1]
2025-12-11 12:38:48 PM [info-Admin Admin]: Data retrieved successfully [IP: ::1]
2025-12-11 12:42:16 PM [info-Admin Admin]: Data retrieved successfully [IP: ::1]
2025-12-11 12:43:44 PM [info-Admin Admin]: Document Definitions data retrieved successfully [IP: ::1]
2025-12-11 12:43:44 PM [info-Admin Admin]: Company data retrieved successfully [IP: ::1]
2025-12-11 12:43:44 PM [info-Admin Admin]: Branch data retrieved successfully [IP: ::1]
2025-12-11 12:43:44 PM [info-Admin Admin]: Data retrieved successfully [IP: ::1]
2025-12-11 12:44:50 PM [info-System]: Data retrieved successfully [IP: ::1]
2025-12-11 12:48:07 PM [info-Admin Admin]: Record created successfully [IP: ::1]
2025-12-11 12:48:09 PM [info-Admin Admin]: Data retrieved successfully [IP: ::1]
2025-12-11 12:56:57 PM [info-Admin Admin]: Failed to update record [IP: ::1]
2025-12-11 12:57:38 PM [info-Admin Admin]: Data retrieved successfully [IP: ::1]
2025-12-11 12:57:38 PM [info-Admin Admin]: Company data retrieved successfully [IP: ::1]
2025-12-11 12:57:38 PM [info-Admin Admin]: Branch data retrieved successfully [IP: ::1]
2025-12-11 12:57:38 PM [info-Admin Admin]: Document Definitions data retrieved successfully [IP: ::1]
2025-12-11 12:57:50 PM [info-Admin Admin]: Data retrieved successfully [IP: ::1]
2025-12-11 12:58:32 PM [info-System]: Data retrieved successfully [IP: ::1]
2025-12-11 12:58:40 PM [info-Admin Admin]: Data retrieved successfully [IP: ::1]
2025-12-11 12:59:48 PM [info-Admin Admin]: Record updated successfully [IP: ::1]
2025-12-11 01:00:03 PM [info-Admin Admin]: Data retrieved successfully [IP: ::1]
2025-12-11 01:00:29 PM [info-System]: Data retrieved successfully [IP: ::1]
2025-12-11 01:00:58 PM [info-Admin Admin]: Record updated successfully [IP: ::1]
2025-12-11 01:01:04 PM [info-Admin Admin]: Data retrieved successfully [IP: ::1]
2025-12-11 01:03:15 PM [info-Admin Admin]: Record created successfully [IP: ::1]
2025-12-11 01:03:18 PM [info-Admin Admin]: Data retrieved successfully [IP: ::1]
2025-12-11 01:03:52 PM [info-Admin Admin]: Data retrieved successfully [IP: ::1]
2025-12-11 01:04:10 PM [info-Admin Admin]: Data retrieved successfully [IP: ::1]
2025-12-11 01:04:10 PM [info-Admin Admin]: Document Definitions data retrieved successfully [IP: ::1]
2025-12-11 01:04:10 PM [info-Admin Admin]: Company data retrieved successfully [IP: ::1]
2025-12-11 01:04:10 PM [info-Admin Admin]: Branch data retrieved successfully [IP: ::1]
2025-12-11 01:04:41 PM [info-System]: Failed to retrieve data [IP: ::1]
2025-12-11 01:04:42 PM [info-System]: Failed to retrieve data [IP: ::1]
2025-12-11 01:05:07 PM [info-System]: Data retrieved successfully [IP: ::1]
2025-12-11 01:07:26 PM [info-Admin Admin]: Record created successfully [IP: ::1]
2025-12-11 01:07:28 PM [info-Admin Admin]: Data retrieved successfully [IP: ::1]
2025-12-11 01:07:42 PM [info-Admin Admin]: Company data retrieved successfully [IP: ::1]
2025-12-11 01:07:42 PM [info-Admin Admin]: Branch data retrieved successfully [IP: ::1]
2025-12-11 01:07:42 PM [info-Admin Admin]: Data retrieved successfully [IP: ::1]
2025-12-11 01:07:42 PM [info-Admin Admin]: Document Definitions data retrieved successfully [IP: ::1]
2025-12-11 01:13:44 PM [info-System]: Data retrieved successfully [IP: ::1]
2025-12-11 01:15:57 PM [info-Admin Admin]: Record created successfully [IP: ::1]
2025-12-11 01:16:00 PM [info-Admin Admin]: Data retrieved successfully [IP: ::1]
2025-12-11 01:16:16 PM [info-Admin Admin]: Data retrieved successfully [IP: ::1]
2025-12-11 01:16:17 PM [info-Admin Admin]: Company data retrieved successfully [IP: ::1]
2025-12-11 01:16:17 PM [info-Admin Admin]: Branch data retrieved successfully [IP: ::1]
2025-12-11 01:16:17 PM [info-Admin Admin]: Document Definitions data retrieved successfully [IP: ::1]
2025-12-11 01:16:33 PM [info-Admin Admin]: Data retrieved successfully [IP: ::1]
2025-12-11 01:16:37 PM [info-Admin Admin]: Branch data retrieved successfully [IP: ::1]
2025-12-11 01:18:35 PM [info-Admin Admin]: Branch viewed successfully with ID: 8f1f8375-ff7c-4b63-8061-2d7954cefa65 [IP: ::1]
2025-12-11 01:18:35 PM [info-Admin Admin]: Data retrieved successfully [IP: ::1]
2025-12-11 02:00:16 PM [info-Admin Admin]: Branch viewed successfully with ID: 8f1f8375-ff7c-4b63-8061-2d7954cefa65 [IP: ::1]
2025-12-11 02:00:16 PM [info-Admin Admin]: Data retrieved successfully [IP: ::1]
2025-12-11 02:00:24 PM [info-Admin Admin]: Branch data retrieved successfully [IP: ::1]
2025-12-11 02:01:01 PM [info-System]: Data retrieved successfully [IP: ::1]
2025-12-11 02:01:34 PM [info-Admin Admin]: Branch data retrieved successfully [IP: ::1]
2025-12-11 02:01:37 PM [info-Admin Admin]: Branch viewed successfully with ID: 8f1f8375-ff7c-4b63-8061-2d7954cefa65 [IP: ::1]
2025-12-11 02:01:37 PM [info-Admin Admin]: Data retrieved successfully [IP: ::1]
2025-12-11 02:02:16 PM [info-Admin Admin]: Branch data retrieved successfully [IP: ::1]
2025-12-11 02:02:20 PM [info-Admin Admin]: Data retrieved successfully [IP: ::1]
2025-12-11 02:02:21 PM [info-Admin Admin]: Data retrieved successfully [IP: ::1]
2025-12-11 02:02:26 PM [info-Admin Admin]: Document Definitions data retrieved successfully [IP: ::1]
2025-12-11 02:02:26 PM [info-Admin Admin]: Data retrieved successfully [IP: ::1]
2025-12-11 02:02:26 PM [info-Admin Admin]: Company data retrieved successfully [IP: ::1]
2025-12-11 02:02:27 PM [info-Admin Admin]: Branch data retrieved successfully [IP: ::1]
2025-12-11 02:03:18 PM [info-System]: Data retrieved successfully [IP: ::1]
2025-12-11 02:06:18 PM [info-Admin Admin]: Record created successfully [IP: ::1]
2025-12-11 02:06:20 PM [info-Admin Admin]: Data retrieved successfully [IP: ::1]
2025-12-11 02:06:52 PM [info-Admin Admin]: Document Definitions data retrieved successfully [IP: ::1]
2025-12-11 02:06:52 PM [info-Admin Admin]: Data retrieved successfully [IP: ::1]
2025-12-11 02:06:52 PM [info-Admin Admin]: Company data retrieved successfully [IP: ::1]
2025-12-11 02:06:52 PM [info-Admin Admin]: Branch data retrieved successfully [IP: ::1]
2025-12-11 02:07:32 PM [info-System]: Data retrieved successfully [IP: ::1]
2025-12-11 02:09:24 PM [info-Admin Admin]: Record created successfully [IP: ::1]
2025-12-11 02:09:27 PM [info-Admin Admin]: Data retrieved successfully [IP: ::1]
2025-12-11 02:09:34 PM [info-Admin Admin]: Branch data retrieved successfully [IP: ::1]
2025-12-11 02:10:11 PM [info-Admin Admin]: Branch viewed successfully with ID: 9f64b568-dfb9-498b-9f6b-097058ec8308 [IP: ::1]
2025-12-11 02:10:11 PM [info-Admin Admin]: Data retrieved successfully [IP: ::1]
2025-12-11 02:10:47 PM [info-Admin Admin]: Branch updated successfully with ID: 9f64b568-dfb9-498b-9f6b-097058ec8308 [IP: ::1]
2025-12-11 02:10:47 PM [info-Admin Admin]: Record updated successfully [IP: ::1]
2025-12-11 02:10:50 PM [info-Admin Admin]: Branch data retrieved successfully [IP: ::1]
2025-12-11 02:10:59 PM [info-Admin Admin]: Branch viewed successfully with ID: e96f5a06-1aa1-4827-b48d-7c10a002266a [IP: ::1]
2025-12-11 02:10:59 PM [info-Admin Admin]: Data retrieved successfully [IP: ::1]
2025-12-11 02:11:35 PM [info-System]: Data retrieved successfully [IP: ::1]
2025-12-11 02:11:48 PM [info-System]: Data retrieved successfully [IP: ::1]
2025-12-11 02:12:53 PM [info-Admin Admin]: Branch updated successfully with ID: e96f5a06-1aa1-4827-b48d-7c10a002266a [IP: ::1]
2025-12-11 02:12:53 PM [info-Admin Admin]: Record updated successfully [IP: ::1]
2025-12-11 02:12:56 PM [info-Admin Admin]: Branch data retrieved successfully [IP: ::1]
2025-12-11 02:13:24 PM [info-Admin Admin]: Branch viewed successfully with ID: d92588f3-d1a3-4d05-89a7-4a8868830ad9 [IP: ::1]
2025-12-11 02:13:24 PM [info-Admin Admin]: Data retrieved successfully [IP: ::1]
2025-12-11 02:13:52 PM [info-System]: Data retrieved successfully [IP: ::1]
2025-12-11 02:13:59 PM [info-System]: Data retrieved successfully [IP: ::1]
2025-12-11 02:14:40 PM [info-Admin Admin]: Branch updated successfully with ID: d92588f3-d1a3-4d05-89a7-4a8868830ad9 [IP: ::1]
2025-12-11 02:14:40 PM [info-Admin Admin]: Record updated successfully [IP: ::1]
2025-12-11 02:14:43 PM [info-Admin Admin]: Branch data retrieved successfully [IP: ::1]
2025-12-11 02:15:49 PM [info-Admin Admin]: Branch data retrieved successfully [IP: ::1]
2025-12-11 02:16:00 PM [info-Admin Admin]: Branch viewed successfully with ID: aa819c3d-1d78-4c0f-81ae-6b3d35c60fc6 [IP: ::1]
2025-12-11 02:16:00 PM [info-Admin Admin]: Data retrieved successfully [IP: ::1]
2025-12-11 02:16:28 PM [info-System]: Data retrieved successfully [IP: ::1]
2025-12-11 02:16:31 PM [info-System]: Data retrieved successfully [IP: ::1]
2025-12-11 02:18:13 PM [info-Admin Admin]: Branch data retrieved successfully [IP: ::1]
2025-12-11 02:18:16 PM [info-Admin Admin]: Data retrieved successfully [IP: ::1]
2025-12-11 02:18:20 PM [info-Admin Admin]: Data retrieved successfully [IP: ::1]
2025-12-11 02:18:20 PM [info-Admin Admin]: Document Definitions data retrieved successfully [IP: ::1]
2025-12-11 02:18:20 PM [info-Admin Admin]: Branch data retrieved successfully [IP: ::1]
2025-12-11 02:18:20 PM [info-Admin Admin]: Company data retrieved successfully [IP: ::1]
2025-12-11 02:20:29 PM [info-System]: Data retrieved successfully [IP: ::1]
2025-12-11 02:23:09 PM [info-Admin Admin]: Record created successfully [IP: ::1]
2025-12-11 02:23:12 PM [info-Admin Admin]: Data retrieved successfully [IP: ::1]
2025-12-11 02:24:52 PM [info-Admin Admin]: Data retrieved successfully [IP: ::1]
2025-12-11 02:24:52 PM [info-Admin Admin]: Branch data retrieved successfully [IP: ::1]
2025-12-11 02:24:52 PM [info-Admin Admin]: Company data retrieved successfully [IP: ::1]
2025-12-11 02:24:52 PM [info-Admin Admin]: Document Definitions data retrieved successfully [IP: ::1]
2025-12-11 02:26:13 PM [info-System]: Data retrieved successfully [IP: ::1]
2025-12-11 02:28:12 PM [info-Admin Admin]: Record created successfully [IP: ::1]
2025-12-11 02:28:15 PM [info-Admin Admin]: Data retrieved successfully [IP: ::1]
2025-12-11 02:29:17 PM [info-Admin Admin]: Document Definitions data retrieved successfully [IP: ::1]
2025-12-11 02:29:17 PM [info-Admin Admin]: Company data retrieved successfully [IP: ::1]
2025-12-11 02:29:17 PM [info-Admin Admin]: Data retrieved successfully [IP: ::1]
2025-12-11 02:29:17 PM [info-Admin Admin]: Branch data retrieved successfully [IP: ::1]
2025-12-11 02:30:29 PM [info-System]: Data retrieved successfully [IP: ::1]
2025-12-11 02:33:23 PM [info-Admin Admin]: Record created successfully [IP: ::1]
2025-12-11 02:33:25 PM [info-Admin Admin]: Data retrieved successfully [IP: ::1]
2025-12-11 02:34:26 PM [info-Admin Admin]: Document Definitions data retrieved successfully [IP: ::1]
2025-12-11 02:34:26 PM [info-Admin Admin]: Company data retrieved successfully [IP: ::1]
2025-12-11 02:34:26 PM [info-Admin Admin]: Branch data retrieved successfully [IP: ::1]
2025-12-11 02:34:26 PM [info-Admin Admin]: Data retrieved successfully [IP: ::1]
2025-12-11 02:35:25 PM [info-System]: Data retrieved successfully [IP: ::1]
2025-12-11 02:38:16 PM [info-Admin Admin]: Record created successfully [IP: ::1]
2025-12-11 02:38:18 PM [info-Admin Admin]: Data retrieved successfully [IP: ::1]
2025-12-11 02:38:52 PM [info-Admin Admin]: Data retrieved successfully [IP: ::1]
2025-12-11 02:39:00 PM [info-Admin Admin]: Document Definitions data retrieved successfully [IP: ::1]
2025-12-11 02:39:00 PM [info-Admin Admin]: Data retrieved successfully [IP: ::1]
2025-12-11 02:39:04 PM [info-Admin Admin]: Record updated successfully [IP: ::1]
2025-12-11 02:39:07 PM [info-Admin Admin]: Data retrieved successfully [IP: ::1]
2025-12-11 02:39:11 PM [info-Admin Admin]: Data retrieved successfully [IP: ::1]
2025-12-11 02:39:13 PM [info-Admin Admin]: Document Definitions data retrieved successfully [IP: ::1]
2025-12-11 02:39:13 PM [info-Admin Admin]: Record updated successfully [IP: ::1]
2025-12-11 02:39:16 PM [info-Admin Admin]: Data retrieved successfully [IP: ::1]
2025-12-11 02:39:19 PM [info-Admin Admin]: Data retrieved successfully [IP: ::1]
2025-12-11 02:39:19 PM [info-Admin Admin]: Document Definitions data retrieved successfully [IP: ::1]
2025-12-11 02:39:22 PM [info-Admin Admin]: Data retrieved successfully [IP: ::1]
2025-12-11 02:39:25 PM [info-Admin Admin]: Data retrieved successfully [IP: ::1]
2025-12-11 02:39:25 PM [info-Admin Admin]: Document Definitions data retrieved successfully [IP: ::1]
2025-12-11 02:39:27 PM [info-Admin Admin]: Record updated successfully [IP: ::1]
2025-12-11 02:39:29 PM [info-Admin Admin]: Data retrieved successfully [IP: ::1]
2025-12-11 02:39:32 PM [info-Admin Admin]: Document Definitions data retrieved successfully [IP: ::1]
2025-12-11 02:39:32 PM [info-Admin Admin]: Data retrieved successfully [IP: ::1]
2025-12-11 02:39:35 PM [info-Admin Admin]: Record updated successfully [IP: ::1]
2025-12-11 02:39:38 PM [info-Admin Admin]: Data retrieved successfully [IP: ::1]
2025-12-11 02:39:45 PM [info-Admin Admin]: Data retrieved successfully [IP: ::1]
2025-12-11 02:39:45 PM [info-Admin Admin]: Document Definitions data retrieved successfully [IP: ::1]
2025-12-11 02:39:47 PM [info-Admin Admin]: Record updated successfully [IP: ::1]
2025-12-11 02:39:49 PM [info-Admin Admin]: Data retrieved successfully [IP: ::1]
2025-12-11 02:39:52 PM [info-Admin Admin]: Document Definitions data retrieved successfully [IP: ::1]
2025-12-11 02:39:52 PM [info-Admin Admin]: Data retrieved successfully [IP: ::1]
2025-12-11 02:39:56 PM [info-Admin Admin]: Record updated successfully [IP: ::1]
2025-12-11 02:39:59 PM [info-Admin Admin]: Data retrieved successfully [IP: ::1]
2025-12-11 02:40:02 PM [info-Admin Admin]: Document Definitions data retrieved successfully [IP: ::1]
2025-12-11 02:40:02 PM [info-Admin Admin]: Data retrieved successfully [IP: ::1]
2025-12-11 02:40:04 PM [info-Admin Admin]: Record updated successfully [IP: ::1]
2025-12-11 02:40:06 PM [info-Admin Admin]: Data retrieved successfully [IP: ::1]
2025-12-11 02:40:08 PM [info-Admin Admin]: Document Definitions data retrieved successfully [IP: ::1]
2025-12-11 02:40:08 PM [info-Admin Admin]: Data retrieved successfully [IP: ::1]
2025-12-11 02:40:12 PM [info-Admin Admin]: Record updated successfully [IP: ::1]
2025-12-11 02:40:15 PM [info-Admin Admin]: Data retrieved successfully [IP: ::1]
2025-12-11 02:40:47 PM [info-Admin Admin]: Document Definitions data retrieved successfully [IP: ::1]
2025-12-11 02:40:47 PM [info-Admin Admin]: Data retrieved successfully [IP: ::1]
2025-12-11 02:40:52 PM [info-Admin Admin]: Record updated successfully [IP: ::1]
2025-12-11 02:40:54 PM [info-Admin Admin]: Data retrieved successfully [IP: ::1]
2025-12-11 02:40:56 PM [info-Admin Admin]: Data retrieved successfully [IP: ::1]
2025-12-11 02:40:56 PM [info-Admin Admin]: Document Definitions data retrieved successfully [IP: ::1]
2025-12-11 02:40:58 PM [info-Admin Admin]: Record updated successfully [IP: ::1]
2025-12-11 02:41:00 PM [info-Admin Admin]: Data retrieved successfully [IP: ::1]
2025-12-11 02:41:03 PM [info-Admin Admin]: Data retrieved successfully [IP: ::1]
2025-12-11 02:41:03 PM [info-Admin Admin]: Document Definitions data retrieved successfully [IP: ::1]
2025-12-11 02:41:07 PM [info-Admin Admin]: Record updated successfully [IP: ::1]
2025-12-11 02:41:10 PM [info-Admin Admin]: Data retrieved successfully [IP: ::1]
2025-12-11 02:41:58 PM [info-Admin Admin]: Data retrieved successfully [IP: ::1]
2025-12-11 02:42:19 PM [info-Admin Admin]: Data retrieved successfully [IP: ::1]
2025-12-11 02:49:01 PM [info-Admin Admin]: Record created successfully [IP: ::1]
2025-12-11 02:49:04 PM [info-Admin Admin]: Data retrieved successfully [IP: ::1]
2025-12-11 02:49:11 PM [info-Admin Admin]: Failed to retrieve data [IP: ::1]
2025-12-11 02:49:11 PM [info-Admin Admin]: Failed to retrieve data [IP: ::1]
2025-12-11 02:49:11 PM [info-Admin Admin]: Failed to retrieve data [IP: ::1]
2025-12-11 02:49:12 PM [info-Admin Admin]: Failed to retrieve data [IP: ::1]
2025-12-11 02:49:13 PM [info-Admin Admin]: Data retrieved successfully [IP: ::1]
2025-12-11 02:59:08 PM [info-Admin Admin]: Data retrieved successfully [IP: ::1]
2025-12-11 03:00:47 PM [info-Admin Admin]: Branch data retrieved successfully [IP: ::1]
2025-12-11 03:00:47 PM [info-Admin Admin]: Document Definitions data retrieved successfully [IP: ::1]
2025-12-11 03:00:47 PM [info-Admin Admin]: Data retrieved successfully [IP: ::1]
2025-12-11 03:00:47 PM [info-Admin Admin]: Company data retrieved successfully [IP: ::1]
2025-12-11 03:01:34 PM [info-System]: Data retrieved successfully [IP: ::1]
2025-12-11 03:02:04 PM [info-System]: Data retrieved successfully [IP: ::1]
2025-12-11 03:04:31 PM [info-Admin Admin]: Record created successfully [IP: ::1]
2025-12-11 03:04:35 PM [info-Admin Admin]: Data retrieved successfully [IP: ::1]
2025-12-11 03:04:38 PM [info-Admin Admin]: Document Definitions data retrieved successfully [IP: ::1]
2025-12-11 03:04:38 PM [info-Admin Admin]: Company data retrieved successfully [IP: ::1]
2025-12-11 03:04:38 PM [info-Admin Admin]: Data retrieved successfully [IP: ::1]
2025-12-11 03:04:38 PM [info-Admin Admin]: Branch data retrieved successfully [IP: ::1]
2025-12-11 03:05:37 PM [info-System]: Data retrieved successfully [IP: ::1]
2025-12-11 03:07:17 PM [info-Admin Admin]: Record created successfully [IP: ::1]
2025-12-11 03:07:21 PM [info-Admin Admin]: Data retrieved successfully [IP: ::1]
2025-12-11 03:07:32 PM [info-Admin Admin]: Company data retrieved successfully [IP: ::1]
2025-12-11 03:07:32 PM [info-Admin Admin]: Data retrieved successfully [IP: ::1]
2025-12-11 03:07:33 PM [info-Admin Admin]: Branch data retrieved successfully [IP: ::1]
2025-12-11 03:07:33 PM [info-Admin Admin]: Document Definitions data retrieved successfully [IP: ::1]
2025-12-11 03:08:33 PM [info-System]: Data retrieved successfully [IP: ::1]
2025-12-11 03:10:51 PM [info-Admin Admin]: Record created successfully [IP: ::1]
2025-12-11 03:10:57 PM [info-Admin Admin]: Data retrieved successfully [IP: ::1]
2025-12-11 03:11:03 PM [info-Admin Admin]: Document Definitions data retrieved successfully [IP: ::1]
2025-12-11 03:11:03 PM [info-Admin Admin]: Branch data retrieved successfully [IP: ::1]
2025-12-11 03:11:03 PM [info-Admin Admin]: Data retrieved successfully [IP: ::1]
2025-12-11 03:11:03 PM [info-Admin Admin]: Company data retrieved successfully [IP: ::1]
2025-12-11 03:12:05 PM [info-System]: Data retrieved successfully [IP: ::1]
2025-12-11 03:13:47 PM [info-Admin Admin]: Record created successfully [IP: ::1]
2025-12-11 03:13:50 PM [info-Admin Admin]: Data retrieved successfully [IP: ::1]
2025-12-11 03:14:17 PM [info-Admin Admin]: Document Definitions data retrieved successfully [IP: ::1]
2025-12-11 03:14:18 PM [info-Admin Admin]: Data retrieved successfully [IP: ::1]
2025-12-11 03:14:18 PM [info-Admin Admin]: Company data retrieved successfully [IP: ::1]
2025-12-11 03:14:18 PM [info-Admin Admin]: Branch data retrieved successfully [IP: ::1]
2025-12-11 03:14:49 PM [info-System]: Failed to retrieve data [IP: ::1]
2025-12-11 03:14:51 PM [info-System]: Failed to retrieve data [IP: ::1]
2025-12-11 03:15:24 PM [info-System]: Data retrieved successfully [IP: ::1]
2025-12-11 03:22:02 PM [info-Admin Admin]: Record created successfully [IP: ::1]
2025-12-11 03:22:06 PM [info-Admin Admin]: Data retrieved successfully [IP: ::1]
2025-12-11 03:22:20 PM [info-Admin Admin]: Data retrieved successfully [IP: ::1]
2025-12-11 03:22:20 PM [info-Admin Admin]: Branch data retrieved successfully [IP: ::1]
2025-12-11 03:22:20 PM [info-Admin Admin]: Document Definitions data retrieved successfully [IP: ::1]
2025-12-11 03:22:20 PM [info-Admin Admin]: Company data retrieved successfully [IP: ::1]
2025-12-11 03:22:55 PM [info-System]: Data retrieved successfully [IP: ::1]
2025-12-11 03:34:35 PM [info-Admin Admin]: Record created successfully [IP: ::1]
2025-12-11 03:34:38 PM [info-Admin Admin]: Data retrieved successfully [IP: ::1]
2025-12-11 03:34:58 PM [info-Admin Admin]: Company data retrieved successfully [IP: ::1]
2025-12-11 03:34:58 PM [info-Admin Admin]: Document Definitions data retrieved successfully [IP: ::1]
2025-12-11 03:34:58 PM [info-Admin Admin]: Branch data retrieved successfully [IP: ::1]
2025-12-11 03:34:58 PM [info-Admin Admin]: Data retrieved successfully [IP: ::1]
2025-12-11 03:35:49 PM [info-System]: Data retrieved successfully [IP: ::1]
2025-12-11 03:37:38 PM [info-Admin Admin]: Record created successfully [IP: ::1]
2025-12-11 03:37:41 PM [info-Admin Admin]: Data retrieved successfully [IP: ::1]
2025-12-11 03:39:07 PM [info-Admin Admin]: Company data retrieved successfully [IP: ::1]
2025-12-11 03:39:07 PM [info-Admin Admin]: Document Definitions data retrieved successfully [IP: ::1]
2025-12-11 03:39:07 PM [info-Admin Admin]: Data retrieved successfully [IP: ::1]
2025-12-11 03:39:07 PM [info-Admin Admin]: Branch data retrieved successfully [IP: ::1]
2025-12-11 03:39:53 PM [info-System]: Failed to retrieve data [IP: ::1]
2025-12-11 03:39:54 PM [info-System]: Failed to retrieve data [IP: ::1]
2025-12-11 03:40:14 PM [info-System]: Failed to retrieve data [IP: ::1]
2025-12-11 03:40:15 PM [info-System]: Failed to retrieve data [IP: ::1]
2025-12-11 03:40:29 PM [info-System]: Data retrieved successfully [IP: ::1]
2025-12-11 03:42:29 PM [info-Admin Admin]: Record created successfully [IP: ::1]
2025-12-11 03:42:31 PM [info-Admin Admin]: Data retrieved successfully [IP: ::1]
2025-12-11 03:43:59 PM [info-Admin Admin]: Data retrieved successfully [IP: ::1]
2025-12-11 03:43:59 PM [info-Admin Admin]: Company data retrieved successfully [IP: ::1]
2025-12-11 03:43:59 PM [info-Admin Admin]: Branch data retrieved successfully [IP: ::1]
2025-12-11 03:43:59 PM [info-Admin Admin]: Document Definitions data retrieved successfully [IP: ::1]
2025-12-11 03:47:41 PM [info-Admin Admin]: Record created successfully [IP: ::1]
2025-12-11 03:47:43 PM [info-Admin Admin]: Data retrieved successfully [IP: ::1]
2025-12-11 03:48:10 PM [info-Admin Admin]: Document Definitions data retrieved successfully [IP: ::1]
2025-12-11 03:48:10 PM [info-Admin Admin]: Data retrieved successfully [IP: ::1]
2025-12-11 03:48:13 PM [info-Admin Admin]: Record updated successfully [IP: ::1]
2025-12-11 03:48:17 PM [info-Admin Admin]: Data retrieved successfully [IP: ::1]
2025-12-11 03:48:19 PM [info-Admin Admin]: Data retrieved successfully [IP: ::1]
2025-12-11 03:48:19 PM [info-Admin Admin]: Document Definitions data retrieved successfully [IP: ::1]
2025-12-11 03:48:21 PM [info-Admin Admin]: Record updated successfully [IP: ::1]
2025-12-11 03:48:23 PM [info-Admin Admin]: Data retrieved successfully [IP: ::1]
2025-12-11 03:48:26 PM [info-Admin Admin]: Document Definitions data retrieved successfully [IP: ::1]
2025-12-11 03:48:26 PM [info-Admin Admin]: Data retrieved successfully [IP: ::1]
2025-12-11 03:48:27 PM [info-Admin Admin]: Record updated successfully [IP: ::1]
2025-12-11 03:48:30 PM [info-Admin Admin]: Data retrieved successfully [IP: ::1]
2025-12-11 03:48:31 PM [info-Admin Admin]: Document Definitions data retrieved successfully [IP: ::1]
2025-12-11 03:48:31 PM [info-Admin Admin]: Data retrieved successfully [IP: ::1]
2025-12-11 03:48:34 PM [info-Admin Admin]: Record updated successfully [IP: ::1]
2025-12-11 03:48:37 PM [info-Admin Admin]: Data retrieved successfully [IP: ::1]
2025-12-11 03:48:39 PM [info-Admin Admin]: Document Definitions data retrieved successfully [IP: ::1]
2025-12-11 03:48:39 PM [info-Admin Admin]: Data retrieved successfully [IP: ::1]
2025-12-11 03:48:41 PM [info-Admin Admin]: Record updated successfully [IP: ::1]
2025-12-11 03:48:43 PM [info-Admin Admin]: Data retrieved successfully [IP: ::1]
2025-12-11 03:48:45 PM [info-Admin Admin]: Data retrieved successfully [IP: ::1]
2025-12-11 03:48:45 PM [info-Admin Admin]: Document Definitions data retrieved successfully [IP: ::1]
2025-12-11 03:48:46 PM [info-Admin Admin]: Record updated successfully [IP: ::1]
2025-12-11 03:48:49 PM [info-Admin Admin]: Data retrieved successfully [IP: ::1]
2025-12-11 03:48:51 PM [info-Admin Admin]: Data retrieved successfully [IP: ::1]
2025-12-11 03:48:51 PM [info-Admin Admin]: Document Definitions data retrieved successfully [IP: ::1]
2025-12-11 03:48:53 PM [info-Admin Admin]: Record updated successfully [IP: ::1]
2025-12-11 03:48:55 PM [info-Admin Admin]: Data retrieved successfully [IP: ::1]
2025-12-11 03:48:57 PM [info-Admin Admin]: Document Definitions data retrieved successfully [IP: ::1]
2025-12-11 03:48:57 PM [info-Admin Admin]: Data retrieved successfully [IP: ::1]
2025-12-11 03:48:59 PM [info-Admin Admin]: Record updated successfully [IP: ::1]
2025-12-11 03:49:01 PM [info-Admin Admin]: Data retrieved successfully [IP: ::1]
2025-12-11 03:49:03 PM [info-Admin Admin]: Document Definitions data retrieved successfully [IP: ::1]
2025-12-11 03:49:03 PM [info-Admin Admin]: Data retrieved successfully [IP: ::1]
2025-12-11 03:49:05 PM [info-Admin Admin]: Record updated successfully [IP: ::1]
2025-12-11 03:49:07 PM [info-Admin Admin]: Data retrieved successfully [IP: ::1]
2025-12-11 03:49:14 PM [info-Admin Admin]: Data retrieved successfully [IP: ::1]
2025-12-11 03:49:16 PM [info-Admin Admin]: Data retrieved successfully [IP: ::1]
2025-12-11 03:49:21 PM [info-Admin Admin]: Data retrieved successfully [IP: ::1]
2025-12-11 03:49:21 PM [info-Admin Admin]: Company data retrieved successfully [IP: ::1]
2025-12-11 03:49:21 PM [info-Admin Admin]: Data retrieved successfully [IP: ::1]
2025-12-11 03:49:21 PM [info-Admin Admin]: Branch data retrieved successfully [IP: ::1]
2025-12-11 03:49:21 PM [info-Admin Admin]: Document Definitions data retrieved successfully [IP: ::1]
2025-12-11 03:50:30 PM [info-Admin Admin]: Record updated successfully [IP: ::1]
2025-12-11 03:50:32 PM [info-Admin Admin]: Data retrieved successfully [IP: ::1]
2025-12-11 03:51:13 PM [info-Admin Admin]: Data retrieved successfully [IP: ::1]
2025-12-11 03:51:14 PM [info-Admin Admin]: Data retrieved successfully [IP: ::1]
2025-12-11 03:51:19 PM [info-Admin Admin]: Data retrieved successfully [IP: ::1]
2025-12-11 03:51:19 PM [info-Admin Admin]: Branch data retrieved successfully [IP: ::1]
2025-12-11 03:51:19 PM [info-Admin Admin]: Data retrieved successfully [IP: ::1]
2025-12-11 03:51:19 PM [info-Admin Admin]: Company data retrieved successfully [IP: ::1]
2025-12-11 03:51:19 PM [info-Admin Admin]: Document Definitions data retrieved successfully [IP: ::1]
2025-12-11 03:52:16 PM [info-Admin Admin]: Record updated successfully [IP: ::1]
2025-12-11 03:52:19 PM [info-Admin Admin]: Data retrieved successfully [IP: ::1]
2025-12-11 03:53:22 PM [info-Admin Admin]: Document Definitions data retrieved successfully [IP: ::1]
2025-12-11 03:53:22 PM [info-Admin Admin]: Branch data retrieved successfully [IP: ::1]
2025-12-11 03:53:22 PM [info-Admin Admin]: Company data retrieved successfully [IP: ::1]
2025-12-11 03:53:22 PM [info-Admin Admin]: Data retrieved successfully [IP: ::1]
2025-12-11 03:53:22 PM [info-Admin Admin]: Data retrieved successfully [IP: ::1]
2025-12-11 03:54:46 PM [info-Admin Admin]: Record updated successfully [IP: ::1]
2025-12-11 03:54:48 PM [info-Admin Admin]: Data retrieved successfully [IP: ::1]
2025-12-11 03:55:04 PM [info-Admin Admin]: Data retrieved successfully [IP: ::1]
2025-12-11 03:55:06 PM [info-Admin Admin]: Data retrieved successfully [IP: ::1]
2025-12-11 03:56:59 PM [info-Admin Admin]: Branch data retrieved successfully [IP: ::1]
2025-12-11 03:56:59 PM [info-Admin Admin]: Company data retrieved successfully [IP: ::1]
2025-12-11 03:56:59 PM [info-Admin Admin]: Document Definitions data retrieved successfully [IP: ::1]
2025-12-11 03:56:59 PM [info-Admin Admin]: Data retrieved successfully [IP: ::1]
2025-12-11 03:56:59 PM [info-Admin Admin]: Data retrieved successfully [IP: ::1]
2025-12-11 03:57:46 PM [info-System]: Data retrieved successfully [IP: ::1]
2025-12-11 03:57:49 PM [info-System]: Failed to retrieve data [IP: ::1]
2025-12-11 03:57:50 PM [info-System]: Failed to retrieve data [IP: ::1]
2025-12-11 03:58:21 PM [info-System]: Data retrieved successfully [IP: ::1]
2025-12-11 03:59:32 PM [info-Admin Admin]: Record updated successfully [IP: ::1]
2025-12-11 03:59:36 PM [info-Admin Admin]: Data retrieved successfully [IP: ::1]
2025-12-11 04:00:27 PM [info-Admin Admin]: Data retrieved successfully [IP: ::1]
2025-12-11 04:00:29 PM [info-Admin Admin]: Data retrieved successfully [IP: ::1]
2025-12-11 04:00:32 PM [info-Admin Admin]: Data retrieved successfully [IP: ::1]
2025-12-11 04:00:35 PM [info-Admin Admin]: Data retrieved successfully [IP: ::1]
2025-12-11 04:00:41 PM [info-Admin Admin]: Data retrieved successfully [IP: ::1]
2025-12-11 04:00:41 PM [info-Admin Admin]: Data retrieved successfully [IP: ::1]
2025-12-11 04:01:04 PM [info-Admin Admin]: Data retrieved successfully [IP: ::1]
2025-12-11 04:01:04 PM [info-Admin Admin]: Branch data retrieved successfully [IP: ::1]
2025-12-11 04:01:07 PM [info-Admin Admin]: Company data retrieved successfully [IP: ::1]
2025-12-11 04:01:07 PM [info-Admin Admin]: Document Definitions data retrieved successfully [IP: ::1]
2025-12-11 04:02:55 PM [info-System]: Data retrieved successfully [IP: ::1]
2025-12-11 04:05:15 PM [info-Admin Admin]: Record created successfully [IP: ::1]
2025-12-11 04:05:18 PM [info-Admin Admin]: Data retrieved successfully [IP: ::1]
2025-12-11 04:09:44 PM [info-Admin Admin]: Document Definitions data retrieved successfully [IP: ::1]
2025-12-11 04:09:44 PM [info-Admin Admin]: Data retrieved successfully [IP: ::1]
2025-12-11 04:09:44 PM [info-Admin Admin]: Branch data retrieved successfully [IP: ::1]
2025-12-11 04:09:44 PM [info-Admin Admin]: Company data retrieved successfully [IP: ::1]
2025-12-11 04:10:27 PM [info-System]: Data retrieved successfully [IP: ::1]
2025-12-11 04:12:50 PM [info-Admin Admin]: Record created successfully [IP: ::1]
2025-12-11 04:12:54 PM [info-Admin Admin]: Data retrieved successfully [IP: ::1]
2025-12-11 04:13:26 PM [info-Admin Admin]: Branch data retrieved successfully [IP: ::1]
2025-12-11 04:13:27 PM [info-Admin Admin]: Document Definitions data retrieved successfully [IP: ::1]
2025-12-11 04:13:27 PM [info-Admin Admin]: Data retrieved successfully [IP: ::1]
2025-12-11 04:13:27 PM [info-Admin Admin]: Company data retrieved successfully [IP: ::1]
2025-12-11 04:14:53 PM [info-System]: Failed to retrieve data [IP: ::1]
2025-12-11 04:14:55 PM [info-System]: Failed to retrieve data [IP: ::1]
2025-12-11 04:15:06 PM [info-System]: Data retrieved successfully [IP: ::1]
2025-12-11 04:17:33 PM [info-Admin Admin]: Record created successfully [IP: ::1]
2025-12-11 04:17:36 PM [info-Admin Admin]: Data retrieved successfully [IP: ::1]
2025-12-11 04:45:26 PM [info-Admin Admin]: Document Definitions data retrieved successfully [IP: ::1]
2025-12-11 04:45:26 PM [info-Admin Admin]: Company data retrieved successfully [IP: ::1]
2025-12-11 04:45:27 PM [info-Admin Admin]: Branch data retrieved successfully [IP: ::1]
2025-12-11 04:45:27 PM [info-Admin Admin]: Data retrieved successfully [IP: ::1]
2025-12-11 04:46:40 PM [info-System]: Data retrieved successfully [IP: ::1]
2025-12-11 04:49:34 PM [info-Admin Admin]: Record created successfully [IP: ::1]
2025-12-11 04:49:37 PM [info-Admin Admin]: Data retrieved successfully [IP: ::1]
2025-12-11 04:52:09 PM [info-Admin Admin]: Branch data retrieved successfully [IP: ::1]
2025-12-11 04:52:11 PM [info-Admin Admin]: Data retrieved successfully [IP: ::1]
2025-12-11 04:52:11 PM [info-Admin Admin]: Company data retrieved successfully [IP: ::1]
2025-12-11 04:52:11 PM [info-Admin Admin]: Document Definitions data retrieved successfully [IP: ::1]
2025-12-11 04:53:32 PM [info-System]: Data retrieved successfully [IP: ::1]
2025-12-11 04:57:03 PM [info-Admin Admin]: Record created successfully [IP: ::1]
2025-12-11 04:57:05 PM [info-Admin Admin]: Data retrieved successfully [IP: ::1]
2025-12-11 04:57:40 PM [info-Admin Admin]: Data retrieved successfully [IP: ::1]
2025-12-11 04:57:42 PM [info-Admin Admin]: Record updated successfully [IP: ::1]
2025-12-11 04:57:42 PM [info-Admin Admin]: Document Definitions data retrieved successfully [IP: ::1]
2025-12-11 04:57:44 PM [info-Admin Admin]: Data retrieved successfully [IP: ::1]
2025-12-11 04:57:46 PM [info-Admin Admin]: Document Definitions data retrieved successfully [IP: ::1]
2025-12-11 04:57:46 PM [info-Admin Admin]: Data retrieved successfully [IP: ::1]
2025-12-11 04:57:50 PM [info-Admin Admin]: Record updated successfully [IP: ::1]
2025-12-11 04:57:52 PM [info-Admin Admin]: Data retrieved successfully [IP: ::1]
2025-12-11 04:57:54 PM [info-Admin Admin]: Data retrieved successfully [IP: ::1]
2025-12-11 04:57:54 PM [info-Admin Admin]: Document Definitions data retrieved successfully [IP: ::1]
2025-12-11 04:57:56 PM [info-Admin Admin]: Record updated successfully [IP: ::1]
2025-12-11 04:57:58 PM [info-Admin Admin]: Data retrieved successfully [IP: ::1]
2025-12-11 04:58:00 PM [info-Admin Admin]: Data retrieved successfully [IP: ::1]
2025-12-11 04:58:00 PM [info-Admin Admin]: Document Definitions data retrieved successfully [IP: ::1]
2025-12-11 04:58:01 PM [info-Admin Admin]: Record updated successfully [IP: ::1]
2025-12-11 04:58:04 PM [info-Admin Admin]: Data retrieved successfully [IP: ::1]
2025-12-11 04:58:06 PM [info-Admin Admin]: Document Definitions data retrieved successfully [IP: ::1]
2025-12-11 04:58:06 PM [info-Admin Admin]: Data retrieved successfully [IP: ::1]
2025-12-11 04:58:10 PM [info-Admin Admin]: Record updated successfully [IP: ::1]
2025-12-11 04:58:12 PM [info-Admin Admin]: Data retrieved successfully [IP: ::1]
2025-12-11 04:58:28 PM [info-Admin Admin]: Data retrieved successfully [IP: ::1]
2025-12-11 04:58:32 PM [info-Admin Admin]: Data retrieved successfully [IP: ::1]
2025-12-11 05:00:18 PM [info-Admin Admin]: Data retrieved successfully [IP: ::1]
2025-12-11 05:00:21 PM [info-Admin Admin]: Data retrieved successfully [IP: ::1]
2025-12-11 05:00:21 PM [info-Admin Admin]: Data retrieved successfully [IP: ::1]
2025-12-11 05:00:21 PM [info-Admin Admin]: Company data retrieved successfully [IP: ::1]
2025-12-11 05:00:21 PM [info-Admin Admin]: Branch data retrieved successfully [IP: ::1]
2025-12-11 05:00:21 PM [info-Admin Admin]: Document Definitions data retrieved successfully [IP: ::1]
2025-12-11 05:01:48 PM [info-Admin Admin]: Record updated successfully [IP: ::1]
2025-12-11 05:01:50 PM [info-Admin Admin]: Data retrieved successfully [IP: ::1]
2025-12-11 05:02:16 PM [info-Admin Admin]: Data retrieved successfully [IP: ::1]
2025-12-11 05:02:23 PM [info-Admin Admin]: Data retrieved successfully [IP: ::1]
2025-12-11 05:03:34 PM [info-Admin Admin]: Document Definitions data retrieved successfully [IP: ::1]
2025-12-11 05:03:34 PM [info-Admin Admin]: Data retrieved successfully [IP: ::1]
2025-12-11 05:03:34 PM [info-Admin Admin]: Branch data retrieved successfully [IP: ::1]
2025-12-11 05:03:34 PM [info-Admin Admin]: Company data retrieved successfully [IP: ::1]
2025-12-11 05:05:08 PM [info-System]: Data retrieved successfully [IP: ::1]
2025-12-11 05:08:04 PM [info-Admin Admin]: Record created successfully [IP: ::1]
2025-12-11 05:08:09 PM [info-Admin Admin]: Data retrieved successfully [IP: ::1]
2025-12-11 05:08:13 PM [info-Admin Admin]: Data retrieved successfully [IP: ::1]
2025-12-11 05:08:13 PM [info-Admin Admin]: Document Definitions data retrieved successfully [IP: ::1]
2025-12-11 05:08:17 PM [info-Admin Admin]: Record updated successfully [IP: ::1]
2025-12-11 05:08:19 PM [info-Admin Admin]: Data retrieved successfully [IP: ::1]
2025-12-11 05:17:25 PM [info-Admin Admin]: Branch data retrieved successfully [IP: ::1]
2025-12-11 05:17:25 PM [info-Admin Admin]: Data retrieved successfully [IP: ::1]
2025-12-11 05:17:25 PM [info-Admin Admin]: Document Definitions data retrieved successfully [IP: ::1]
2025-12-11 05:17:25 PM [info-Admin Admin]: Company data retrieved successfully [IP: ::1]
2025-12-11 05:17:58 PM [info-System]: Data retrieved successfully [IP: ::1]
2025-12-11 05:20:51 PM [info-Admin Admin]: Record created successfully [IP: ::1]
2025-12-11 05:20:54 PM [info-Admin Admin]: Data retrieved successfully [IP: ::1]
2025-12-11 05:21:34 PM [info-Admin Admin]: Data retrieved successfully [IP: ::1]
2025-12-11 05:21:34 PM [info-Admin Admin]: Document Definitions data retrieved successfully [IP: ::1]
2025-12-11 05:21:38 PM [info-Admin Admin]: Record updated successfully [IP: ::1]
2025-12-11 05:21:40 PM [info-Admin Admin]: Data retrieved successfully [IP: ::1]
2025-12-11 05:21:49 PM [info-Admin Admin]: Document Definitions data retrieved successfully [IP: ::1]
2025-12-11 05:21:49 PM [info-Admin Admin]: Company data retrieved successfully [IP: ::1]
2025-12-11 05:21:49 PM [info-Admin Admin]: Data retrieved successfully [IP: ::1]
2025-12-11 05:21:49 PM [info-Admin Admin]: Branch data retrieved successfully [IP: ::1]
2025-12-11 05:22:34 PM [info-System]: Data retrieved successfully [IP: ::1]
2025-12-11 05:24:54 PM [info-Admin Admin]: Record created successfully [IP: ::1]
2025-12-11 05:24:56 PM [info-Admin Admin]: Data retrieved successfully [IP: ::1]
2025-12-11 05:25:31 PM [info-Admin Admin]: Document Definitions data retrieved successfully [IP: ::1]
2025-12-11 05:25:31 PM [info-Admin Admin]: Data retrieved successfully [IP: ::1]
2025-12-11 05:25:36 PM [info-Admin Admin]: Record updated successfully [IP: ::1]
2025-12-11 05:25:38 PM [info-Admin Admin]: Data retrieved successfully [IP: ::1]
2025-12-11 05:25:53 PM [info-Admin Admin]: Data retrieved successfully [IP: ::1]
2025-12-11 05:26:01 PM [info-Admin Admin]: Data retrieved successfully [IP: ::1]
2025-12-11 05:28:27 PM [info-Admin Admin]: Record created successfully [IP: ::1]
2025-12-11 05:28:29 PM [info-Admin Admin]: Data retrieved successfully [IP: ::1]
2025-12-11 05:28:42 PM [info-Admin Admin]: Failed to retrieve data [IP: ::1]
2025-12-11 05:28:42 PM [info-Admin Admin]: Failed to retrieve data [IP: ::1]
2025-12-11 05:28:42 PM [info-Admin Admin]: Failed to retrieve data [IP: ::1]
2025-12-11 05:28:43 PM [info-Admin Admin]: Failed to retrieve data [IP: ::1]
2025-12-11 05:28:43 PM [info-Admin Admin]: Data retrieved successfully [IP: ::1]
2025-12-11 05:30:45 PM [info-Admin Admin]: Failed to retrieve data [IP: ::1]
2025-12-11 05:30:46 PM [info-Admin Admin]: Failed to retrieve data [IP: ::1]
2025-12-11 05:30:47 PM [info-Admin Admin]: Failed to retrieve data [IP: ::1]
2025-12-11 05:30:47 PM [info-Admin Admin]: Data retrieved successfully [IP: ::1]
2025-12-11 05:31:00 PM [info-Admin Admin]: Failed to retrieve data [IP: ::1]
2025-12-11 05:31:01 PM [info-Admin Admin]: Failed to retrieve data [IP: ::1]
2025-12-11 05:31:01 PM [info-Admin Admin]: Failed to retrieve data [IP: ::1]
2025-12-11 05:31:01 PM [info-Admin Admin]: Failed to retrieve data [IP: ::1]
2025-12-11 05:31:02 PM [info-Admin Admin]: Failed to retrieve data [IP: ::1]
2025-12-11 05:31:02 PM [info-Admin Admin]: Data retrieved successfully [IP: ::1]
2025-12-11 05:33:03 PM [info-Admin Admin]: Data retrieved successfully [IP: ::1]
2025-12-11 05:33:27 PM [info-Admin Admin]: Data retrieved successfully [IP: ::1]
2025-12-11 05:33:29 PM [info-Admin Admin]: Data retrieved successfully [IP: ::1]
2025-12-11 05:33:32 PM [info-Admin Admin]: Data retrieved successfully [IP: ::1]
2025-12-11 05:34:04 PM [info-Admin Admin]: Data retrieved successfully [IP: ::1]
2025-12-11 05:34:06 PM [info-Admin Admin]: Data retrieved successfully [IP: ::1]
2025-12-11 05:34:07 PM [info-Admin Admin]: Data retrieved successfully [IP: ::1]
2025-12-11 05:34:25 PM [info-Admin Admin]: Data retrieved successfully [IP: ::1]
2025-12-11 05:35:02 PM [info-Admin Admin]: Document Definitions data retrieved successfully [IP: ::1]
2025-12-11 05:35:02 PM [info-Admin Admin]: Data retrieved successfully [IP: ::1]
2025-12-11 05:35:02 PM [info-Admin Admin]: Data retrieved successfully [IP: ::1]
2025-12-11 05:35:02 PM [info-Admin Admin]: Branch data retrieved successfully [IP: ::1]
2025-12-11 05:35:02 PM [info-Admin Admin]: Company data retrieved successfully [IP: ::1]
2025-12-11 05:35:47 PM [info-Admin Admin]: Record updated successfully [IP: ::1]
2025-12-11 05:35:50 PM [info-Admin Admin]: Data retrieved successfully [IP: ::1]
2025-12-11 05:36:58 PM [info-Admin Admin]: Branch data retrieved successfully [IP: ::1]
2025-12-11 05:36:58 PM [info-Admin Admin]: Company data retrieved successfully [IP: ::1]
2025-12-11 05:36:58 PM [info-Admin Admin]: Document Definitions data retrieved successfully [IP: ::1]
2025-12-11 05:37:00 PM [info-Admin Admin]: Data retrieved successfully [IP: ::1]
2025-12-11 05:37:49 PM [info-System]: Data retrieved successfully [IP: ::1]
2025-12-11 05:41:01 PM [info-Admin Admin]: Record created successfully [IP: ::1]
2025-12-11 05:41:03 PM [info-Admin Admin]: Data retrieved successfully [IP: ::1]
2025-12-11 05:42:31 PM [info-Admin Admin]: Data retrieved successfully [IP: ::1]
2025-12-11 05:42:31 PM [info-Admin Admin]: Company data retrieved successfully [IP: ::1]
2025-12-11 05:42:31 PM [info-Admin Admin]: Document Definitions data retrieved successfully [IP: ::1]
2025-12-11 05:42:33 PM [info-Admin Admin]: Branch data retrieved successfully [IP: ::1]
2025-12-11 05:43:18 PM [info-System]: Data retrieved successfully [IP: ::1]
2025-12-11 05:45:45 PM [info-Admin Admin]: Record created successfully [IP: ::1]
2025-12-11 05:45:48 PM [info-Admin Admin]: Data retrieved successfully [IP: ::1]
2025-12-11 05:47:53 PM [info-Admin Admin]: Data retrieved successfully [IP: ::1]
2025-12-11 05:47:53 PM [info-Admin Admin]: Document Definitions data retrieved successfully [IP: ::1]
2025-12-11 05:47:53 PM [info-Admin Admin]: Branch data retrieved successfully [IP: ::1]
2025-12-11 05:47:53 PM [info-Admin Admin]: Company data retrieved successfully [IP: ::1]
2025-12-11 05:49:17 PM [info-System]: Data retrieved successfully [IP: ::1]
2025-12-11 05:51:47 PM [info-Admin Admin]: Record created successfully [IP: ::1]
2025-12-11 05:51:50 PM [info-Admin Admin]: Data retrieved successfully [IP: ::1]
2025-12-11 05:52:15 PM [info-Admin Admin]: Document Definitions data retrieved successfully [IP: ::1]
2025-12-11 05:52:15 PM [info-Admin Admin]: Company data retrieved successfully [IP: ::1]
2025-12-11 05:52:15 PM [info-Admin Admin]: Data retrieved successfully [IP: ::1]
2025-12-11 05:52:15 PM [info-Admin Admin]: Branch data retrieved successfully [IP: ::1]
2025-12-11 05:53:10 PM [info-System]: Data retrieved successfully [IP: ::1]
2025-12-11 05:55:30 PM [info-Admin Admin]: Record created successfully [IP: ::1]
2025-12-11 05:55:33 PM [info-Admin Admin]: Data retrieved successfully [IP: ::1]
2025-12-11 05:55:47 PM [info-Admin Admin]: Document Definitions data retrieved successfully [IP: ::1]
2025-12-11 05:55:47 PM [info-Admin Admin]: Data retrieved successfully [IP: ::1]
2025-12-11 05:55:47 PM [info-Admin Admin]: Company data retrieved successfully [IP: ::1]
2025-12-11 05:55:49 PM [info-Admin Admin]: Branch data retrieved successfully [IP: ::1]
2025-12-11 05:57:11 PM [info-System]: Data retrieved successfully [IP: ::1]
2025-12-11 05:59:19 PM [info-Admin Admin]: Record created successfully [IP: ::1]
2025-12-11 05:59:22 PM [info-Admin Admin]: Data retrieved successfully [IP: ::1]
2025-12-11 05:59:58 PM [info-Admin Admin]: Data retrieved successfully [IP: ::1]
2025-12-11 05:59:58 PM [info-Admin Admin]: Branch data retrieved successfully [IP: ::1]
2025-12-11 05:59:58 PM [info-Admin Admin]: Company data retrieved successfully [IP: ::1]
2025-12-11 05:59:58 PM [info-Admin Admin]: Document Definitions data retrieved successfully [IP: ::1]
2025-12-12 12:16:48 PM [info-Admin Admin]: Company data retrieved successfully [IP: ::1]
2025-12-12 12:16:49 PM [info-Admin Admin]: Branch data retrieved successfully [IP: ::1]
2025-12-12 12:16:49 PM [info-Admin Admin]: Data retrieved successfully [IP: ::1]
2025-12-12 12:16:49 PM [info-Admin Admin]: Data retrieved successfully [IP: ::1]
2025-12-12 12:16:49 PM [info-Admin Admin]: Customer data retrieved successfully [IP: ::1]
2025-12-12 12:16:49 PM [info-Admin Admin]: Data retrieved successfully [IP: ::1]
2025-12-12 12:16:49 PM [info-Admin Admin]: Farmers (filtered) list retrieved successfully [IP: ::1]
2025-12-12 12:16:49 PM [info-Admin Admin]: Data retrieved successfully [IP: ::1]
2025-12-12 12:16:49 PM [info-Admin Admin]: Data retrieved successfully [IP: ::1]
2025-12-12 12:16:49 PM [info-Admin Admin]: Data retrieved successfully [IP: ::1]
2025-12-12 12:16:49 PM [info-Admin Admin]: Data retrieved successfully [IP: ::1]
2025-12-12 12:16:49 PM [info-Admin Admin]: Data retrieved successfully [IP: ::1]
2025-12-12 12:17:22 PM [info-Admin Admin]: Data retrieved successfully [IP: ::1]
2025-12-12 12:17:26 PM [info-Admin Admin]: Document Definitions data retrieved successfully [IP: ::1]
2025-12-12 12:17:26 PM [info-Admin Admin]: Company data retrieved successfully [IP: ::1]
2025-12-12 12:17:26 PM [info-Admin Admin]: Data retrieved successfully [IP: ::1]
2025-12-12 12:17:26 PM [info-Admin Admin]: Branch data retrieved successfully [IP: ::1]
2025-12-12 12:18:00 PM [info-Admin Admin]: Data retrieved successfully [IP: ::1]
2025-12-12 12:18:12 PM [info-Admin Admin]: Company data retrieved successfully [IP: ::1]
2025-12-12 12:18:12 PM [info-Admin Admin]: Branch data retrieved successfully [IP: ::1]
2025-12-12 12:18:12 PM [info-Admin Admin]: Document Definitions data retrieved successfully [IP: ::1]
2025-12-12 12:18:12 PM [info-Admin Admin]: Data retrieved successfully [IP: ::1]
2025-12-12 12:20:26 PM [info-System]: Data retrieved successfully [IP: ::1]
2025-12-12 12:21:10 PM [info-System]: Data retrieved successfully [IP: ::1]
2025-12-12 12:24:26 PM [info-Admin Admin]: Record created successfully [IP: ::1]
2025-12-12 12:24:32 PM [info-Admin Admin]: Data retrieved successfully [IP: ::1]
2025-12-12 12:24:41 PM [info-Admin Admin]: Data retrieved successfully [IP: ::1]
2025-12-12 12:24:41 PM [info-Admin Admin]: Company data retrieved successfully [IP: ::1]
2025-12-12 12:24:41 PM [info-Admin Admin]: Document Definitions data retrieved successfully [IP: ::1]
2025-12-12 12:24:41 PM [info-Admin Admin]: Branch data retrieved successfully [IP: ::1]
2025-12-12 12:26:11 PM [info-System]: Data retrieved successfully [IP: ::1]
2025-12-12 12:28:19 PM [info-Admin Admin]: Record created successfully [IP: ::1]
2025-12-12 12:28:21 PM [info-Admin Admin]: Data retrieved successfully [IP: ::1]
2025-12-12 12:28:38 PM [info-Admin Admin]: Company data retrieved successfully [IP: ::1]
2025-12-12 12:28:39 PM [info-Admin Admin]: Document Definitions data retrieved successfully [IP: ::1]
2025-12-12 12:28:39 PM [info-Admin Admin]: Data retrieved successfully [IP: ::1]
2025-12-12 12:28:39 PM [info-Admin Admin]: Branch data retrieved successfully [IP: ::1]
2025-12-12 12:29:22 PM [info-System]: Data retrieved successfully [IP: ::1]
2025-12-12 12:31:14 PM [info-Admin Admin]: Record created successfully [IP: ::1]
2025-12-12 12:31:17 PM [info-Admin Admin]: Data retrieved successfully [IP: ::1]
2025-12-12 12:31:57 PM [info-Admin Admin]: Document Definitions data retrieved successfully [IP: ::1]
2025-12-12 12:31:57 PM [info-Admin Admin]: Data retrieved successfully [IP: ::1]
2025-12-12 12:31:57 PM [info-Admin Admin]: Company data retrieved successfully [IP: ::1]
2025-12-12 12:31:57 PM [info-Admin Admin]: Branch data retrieved successfully [IP: ::1]
2025-12-12 12:33:43 PM [info-System]: Data retrieved successfully [IP: ::1]
2025-12-12 12:35:40 PM [info-Admin Admin]: Record created successfully [IP: ::1]
2025-12-12 12:35:45 PM [info-Admin Admin]: Data retrieved successfully [IP: ::1]
2025-12-12 12:36:07 PM [info-Admin Admin]: Branch data retrieved successfully [IP: ::1]
2025-12-12 12:36:07 PM [info-Admin Admin]: Company data retrieved successfully [IP: ::1]
2025-12-12 12:36:07 PM [info-Admin Admin]: Document Definitions data retrieved successfully [IP: ::1]
2025-12-12 12:36:07 PM [info-Admin Admin]: Data retrieved successfully [IP: ::1]
2025-12-12 12:37:31 PM [info-System]: Data retrieved successfully [IP: ::1]
2025-12-12 12:39:18 PM [info-Admin Admin]: Branch data retrieved successfully [IP: ::1]
2025-12-12 12:39:18 PM [info-Admin Admin]: Company data retrieved successfully [IP: ::1]
2025-12-12 12:39:18 PM [info-Admin Admin]: Document Definitions data retrieved successfully [IP: ::1]
2025-12-12 12:39:18 PM [info-Admin Admin]: Data retrieved successfully [IP: ::1]
2025-12-12 12:41:02 PM [info-Admin Admin]: Record created successfully [IP: ::1]
2025-12-12 12:41:05 PM [info-Admin Admin]: Data retrieved successfully [IP: ::1]
2025-12-12 12:41:14 PM [info-Admin Admin]: Data retrieved successfully [IP: ::1]
2025-12-12 12:41:14 PM [info-Admin Admin]: Branch data retrieved successfully [IP: ::1]
2025-12-12 12:41:14 PM [info-Admin Admin]: Document Definitions data retrieved successfully [IP: ::1]
2025-12-12 12:41:14 PM [info-Admin Admin]: Company data retrieved successfully [IP: ::1]
2025-12-12 12:42:25 PM [info-System]: Data retrieved successfully [IP: ::1]
2025-12-12 12:44:45 PM [info-Admin Admin]: Record created successfully [IP: ::1]
2025-12-12 12:44:47 PM [info-Admin Admin]: Data retrieved successfully [IP: ::1]
2025-12-12 12:45:09 PM [info-Admin Admin]: Data retrieved successfully [IP: ::1]
2025-12-12 12:45:13 PM [info-Admin Admin]: Document Definitions data retrieved successfully [IP: ::1]
2025-12-12 12:45:13 PM [info-Admin Admin]: Data retrieved successfully [IP: ::1]
2025-12-12 12:45:15 PM [info-Admin Admin]: Record updated successfully [IP: ::1]
2025-12-12 12:45:18 PM [info-Admin Admin]: Data retrieved successfully [IP: ::1]
2025-12-12 12:45:20 PM [info-Admin Admin]: Data retrieved successfully [IP: ::1]
2025-12-12 12:45:21 PM [info-Admin Admin]: Document Definitions data retrieved successfully [IP: ::1]
2025-12-12 12:45:22 PM [info-Admin Admin]: Record updated successfully [IP: ::1]
2025-12-12 12:45:24 PM [info-Admin Admin]: Data retrieved successfully [IP: ::1]
2025-12-12 12:45:27 PM [info-Admin Admin]: Document Definitions data retrieved successfully [IP: ::1]
2025-12-12 12:45:27 PM [info-Admin Admin]: Data retrieved successfully [IP: ::1]
2025-12-12 12:45:29 PM [info-Admin Admin]: Record updated successfully [IP: ::1]
2025-12-12 12:45:31 PM [info-Admin Admin]: Data retrieved successfully [IP: ::1]
2025-12-12 12:45:33 PM [info-Admin Admin]: Data retrieved successfully [IP: ::1]
2025-12-12 12:45:33 PM [info-Admin Admin]: Document Definitions data retrieved successfully [IP: ::1]
2025-12-12 12:45:35 PM [info-Admin Admin]: Record updated successfully [IP: ::1]
2025-12-12 12:45:37 PM [info-Admin Admin]: Data retrieved successfully [IP: ::1]
2025-12-12 12:45:39 PM [info-Admin Admin]: Data retrieved successfully [IP: ::1]
2025-12-12 12:45:39 PM [info-Admin Admin]: Document Definitions data retrieved successfully [IP: ::1]
2025-12-12 12:45:40 PM [info-Admin Admin]: Record updated successfully [IP: ::1]
2025-12-12 12:45:43 PM [info-Admin Admin]: Data retrieved successfully [IP: ::1]
2025-12-12 12:45:45 PM [info-Admin Admin]: Data retrieved successfully [IP: ::1]
2025-12-12 12:45:45 PM [info-Admin Admin]: Document Definitions data retrieved successfully [IP: ::1]
2025-12-12 12:45:49 PM [info-Admin Admin]: Record updated successfully [IP: ::1]
2025-12-12 12:45:51 PM [info-Admin Admin]: Data retrieved successfully [IP: ::1]
2025-12-12 12:45:53 PM [info-Admin Admin]: Data retrieved successfully [IP: ::1]
2025-12-12 12:45:53 PM [info-Admin Admin]: Document Definitions data retrieved successfully [IP: ::1]
2025-12-12 12:45:56 PM [info-Admin Admin]: Record updated successfully [IP: ::1]
2025-12-12 12:45:59 PM [info-Admin Admin]: Data retrieved successfully [IP: ::1]
2025-12-12 12:46:00 PM [info-Admin Admin]: Document Definitions data retrieved successfully [IP: ::1]
2025-12-12 12:46:00 PM [info-Admin Admin]: Data retrieved successfully [IP: ::1]
2025-12-12 12:46:02 PM [info-Admin Admin]: Record updated successfully [IP: ::1]
2025-12-12 12:46:04 PM [info-Admin Admin]: Data retrieved successfully [IP: ::1]
2025-12-12 12:46:06 PM [info-Admin Admin]: Document Definitions data retrieved successfully [IP: ::1]
2025-12-12 12:46:06 PM [info-Admin Admin]: Data retrieved successfully [IP: ::1]
2025-12-12 12:46:08 PM [info-Admin Admin]: Record updated successfully [IP: ::1]
2025-12-12 12:46:11 PM [info-Admin Admin]: Data retrieved successfully [IP: ::1]
2025-12-12 12:46:13 PM [info-Admin Admin]: Document Definitions data retrieved successfully [IP: ::1]
2025-12-12 12:46:13 PM [info-Admin Admin]: Data retrieved successfully [IP: ::1]
2025-12-12 12:46:15 PM [info-Admin Admin]: Record updated successfully [IP: ::1]
2025-12-12 12:46:17 PM [info-Admin Admin]: Data retrieved successfully [IP: ::1]
2025-12-12 12:46:20 PM [info-Admin Admin]: Document Definitions data retrieved successfully [IP: ::1]
2025-12-12 12:46:20 PM [info-Admin Admin]: Data retrieved successfully [IP: ::1]
2025-12-12 12:46:23 PM [info-Admin Admin]: Record updated successfully [IP: ::1]
2025-12-12 12:46:25 PM [info-Admin Admin]: Data retrieved successfully [IP: ::1]
2025-12-12 12:46:58 PM [info-Admin Admin]: Data retrieved successfully [IP: ::1]
2025-12-12 12:47:02 PM [info-Admin Admin]: Data retrieved successfully [IP: ::1]
2025-12-12 12:47:06 PM [info-Admin Admin]: Data retrieved successfully [IP: ::1]
2025-12-12 12:47:12 PM [info-Admin Admin]: Data retrieved successfully [IP: ::1]
2025-12-12 12:47:21 PM [info-Admin Admin]: Data retrieved successfully [IP: ::1]
2025-12-12 12:47:22 PM [info-Admin Admin]: Data retrieved successfully [IP: ::1]
2025-12-12 12:47:22 PM [info-Admin Admin]: Data retrieved successfully [IP: ::1]
2025-12-12 12:47:23 PM [info-Admin Admin]: Data retrieved successfully [IP: ::1]
2025-12-12 12:47:49 PM [info-Admin Admin]: Data retrieved successfully [IP: ::1]
2025-12-12 12:47:49 PM [info-Admin Admin]: Document Definitions data retrieved successfully [IP: ::1]
2025-12-12 12:47:49 PM [info-Admin Admin]: Company data retrieved successfully [IP: ::1]
2025-12-12 12:47:49 PM [info-Admin Admin]: Branch data retrieved successfully [IP: ::1]
2025-12-12 12:48:22 PM [info-System]: Data retrieved successfully [IP: ::1]
2025-12-12 12:48:38 PM [info-System]: Data retrieved successfully [IP: ::1]
2025-12-12 12:50:56 PM [info-Admin Admin]: Record created successfully [IP: ::1]
2025-12-12 12:50:58 PM [info-Admin Admin]: Data retrieved successfully [IP: ::1]
2025-12-12 12:51:02 PM [info-Admin Admin]: Document Definitions data retrieved successfully [IP: ::1]
2025-12-12 12:51:02 PM [info-Admin Admin]: Data retrieved successfully [IP: ::1]
2025-12-12 12:51:04 PM [info-Admin Admin]: Record updated successfully [IP: ::1]
2025-12-12 12:51:06 PM [info-Admin Admin]: Data retrieved successfully [IP: ::1]
2025-12-12 12:51:21 PM [info-Admin Admin]: Data retrieved successfully [IP: ::1]
2025-12-12 12:51:27 PM [info-Admin Admin]: Data retrieved successfully [IP: ::1]
2025-12-12 12:56:09 PM [info-Admin Admin]: Record created successfully [IP: ::1]
2025-12-12 12:56:11 PM [info-Admin Admin]: Data retrieved successfully [IP: ::1]
2025-12-12 12:56:15 PM [info-Admin Admin]: Failed to retrieve data [IP: ::1]
2025-12-12 12:56:15 PM [info-Admin Admin]: Failed to retrieve data [IP: ::1]
2025-12-12 12:56:15 PM [info-Admin Admin]: Failed to retrieve data [IP: ::1]
2025-12-12 12:56:15 PM [info-Admin Admin]: Failed to retrieve data [IP: ::1]
2025-12-12 12:56:16 PM [info-Admin Admin]: Failed to retrieve data [IP: ::1]
2025-12-12 12:56:18 PM [info-Admin Admin]: Data retrieved successfully [IP: ::1]
2025-12-12 12:59:05 PM [info-Admin Admin]: Data retrieved successfully [IP: ::1]
2025-12-12 12:59:39 PM [info-Admin Admin]: Document Definitions data retrieved successfully [IP: ::1]
2025-12-12 12:59:39 PM [info-Admin Admin]: Data retrieved successfully [IP: ::1]
2025-12-12 12:59:39 PM [info-Admin Admin]: Company data retrieved successfully [IP: ::1]
2025-12-12 12:59:39 PM [info-Admin Admin]: Branch data retrieved successfully [IP: ::1]
2025-12-12 01:00:27 PM [info-System]: Data retrieved successfully [IP: ::1]
2025-12-12 02:16:55 PM [info-Admin Admin]: Company data retrieved successfully [IP: ::1]
2025-12-12 02:16:55 PM [info-Admin Admin]: Data retrieved successfully [IP: ::1]
2025-12-12 02:16:55 PM [info-Admin Admin]: Document Definitions data retrieved successfully [IP: ::1]
2025-12-12 02:16:55 PM [info-Admin Admin]: Branch data retrieved successfully [IP: ::1]
2025-12-12 02:17:24 PM [info-System]: Data retrieved successfully [IP: ::1]
2025-12-12 02:48:15 PM [info-Admin Admin]: Document Definitions data retrieved successfully [IP: ::1]
2025-12-12 02:48:15 PM [info-Admin Admin]: Branch data retrieved successfully [IP: ::1]
2025-12-12 02:48:15 PM [info-Admin Admin]: Data retrieved successfully [IP: ::1]
2025-12-12 02:48:15 PM [info-Admin Admin]: Company data retrieved successfully [IP: ::1]
2025-12-12 02:48:50 PM [info-System]: Failed to retrieve data [IP: ::1]
2025-12-12 02:48:51 PM [info-System]: Failed to retrieve data [IP: ::1]
2025-12-12 02:49:03 PM [info-System]: Data retrieved successfully [IP: ::1]
2025-12-12 04:14:47 PM [error-System]: Error in GET /workflow/getworkflow/sale?managerId=44dc1216-c310-4b47-a797-663cf9d838b9: You need to re-authenticate. Please log in.
2025-12-12 04:14:47 PM [info-System]: Failed to retrieve data [IP: ::1]
2025-12-12 04:15:03 PM [info-Admin Admin]: User login successful [IP: ::1]
2025-12-12 04:15:03 PM [info-System]: User logged in successfully [IP: ::1]
2025-12-12 04:15:38 PM [info-Admin Admin]: Data retrieved successfully [IP: ::1]
2025-12-12 04:29:36 PM [info-Admin Admin]: Record updated successfully [IP: ::1]
2025-12-12 04:29:43 PM [info-Admin Admin]: Data retrieved successfully [IP: ::1]
2025-12-12 04:41:59 PM [info-Admin Admin]: Document Definitions data retrieved successfully [IP: ::1]
2025-12-12 04:41:59 PM [info-Admin Admin]: Data retrieved successfully [IP: ::1]
2025-12-12 04:41:59 PM [info-Admin Admin]: Branch data retrieved successfully [IP: ::1]
2025-12-12 04:41:59 PM [info-Admin Admin]: Company data retrieved successfully [IP: ::1]
2025-12-12 06:56:04 PM [info-Admin Admin]: Company data retrieved successfully [IP: ::1]
2025-12-12 06:56:04 PM [info-Admin Admin]: Data retrieved successfully [IP: ::1]
2025-12-12 06:56:04 PM [info-Admin Admin]: Branch data retrieved successfully [IP: ::1]
2025-12-12 06:56:04 PM [info-Admin Admin]: Document Definitions data retrieved successfully [IP: ::1]
2025-12-12 07:22:24 PM [info-Admin Admin]: Branch data retrieved successfully [IP: ::1]
2025-12-12 07:22:24 PM [info-Admin Admin]: Document Definitions data retrieved successfully [IP: ::1]
2025-12-12 07:22:24 PM [info-Admin Admin]: Company data retrieved successfully [IP: ::1]
2025-12-12 07:22:24 PM [info-Admin Admin]: Data retrieved successfully [IP: ::1]
2025-12-12 07:22:33 PM [info-Admin Admin]: Branch data retrieved successfully [IP: ::1]
2025-12-12 07:22:33 PM [info-Admin Admin]: Company data retrieved successfully [IP: ::1]
2025-12-12 07:22:33 PM [info-Admin Admin]: Document Definitions data retrieved successfully [IP: ::1]
2025-12-12 07:22:33 PM [info-Admin Admin]: Data retrieved successfully [IP: ::1]
2025-12-13 11:34:04 AM [info-Admin Admin]: Company data retrieved successfully [IP: ::1]
2025-12-13 11:34:04 AM [info-Admin Admin]: Customer data retrieved successfully [IP: ::1]
2025-12-13 11:34:04 AM [info-Admin Admin]: Branch data retrieved successfully [IP: ::1]
2025-12-13 11:34:04 AM [info-Admin Admin]: Data retrieved successfully [IP: ::1]
2025-12-13 11:34:04 AM [info-Admin Admin]: Data retrieved successfully [IP: ::1]
2025-12-13 11:34:04 AM [info-Admin Admin]: Farmers (filtered) list retrieved successfully [IP: ::1]
2025-12-13 11:34:04 AM [info-Admin Admin]: Data retrieved successfully [IP: ::1]
2025-12-13 11:34:04 AM [info-Admin Admin]: Data retrieved successfully [IP: ::1]
2025-12-13 11:34:04 AM [info-Admin Admin]: Data retrieved successfully [IP: ::1]
2025-12-13 11:34:04 AM [info-Admin Admin]: Data retrieved successfully [IP: ::1]
2025-12-13 11:34:04 AM [info-Admin Admin]: Data retrieved successfully [IP: ::1]
2025-12-13 11:34:05 AM [info-Admin Admin]: Data retrieved successfully [IP: ::1]
2025-12-13 11:57:15 AM [info-Admin Admin]: Customer data retrieved successfully [IP: ::1]
2025-12-13 11:57:15 AM [info-Admin Admin]: Company data retrieved successfully [IP: ::1]
2025-12-13 11:57:15 AM [info-Admin Admin]: Data retrieved successfully [IP: ::1]
2025-12-13 11:57:15 AM [info-Admin Admin]: Data retrieved successfully [IP: ::1]
2025-12-13 11:57:15 AM [info-Admin Admin]: Data retrieved successfully [IP: ::1]
2025-12-13 11:57:15 AM [info-Admin Admin]: Data retrieved successfully [IP: ::1]
2025-12-13 11:57:15 AM [info-Admin Admin]: Branch data retrieved successfully [IP: ::1]
2025-12-13 11:57:15 AM [info-Admin Admin]: Data retrieved successfully [IP: ::1]
2025-12-13 11:57:18 AM [info-Admin Admin]: Data retrieved successfully [IP: ::1]
2025-12-13 11:57:18 AM [info-Admin Admin]: Farmers (filtered) list retrieved successfully [IP: ::1]
2025-12-13 11:57:18 AM [info-Admin Admin]: Data retrieved successfully [IP: ::1]
2025-12-13 11:57:18 AM [info-Admin Admin]: Data retrieved successfully [IP: ::1]
2025-12-13 12:06:11 PM [info-Admin Admin]: Branch data retrieved successfully [IP: ::1]
2025-12-13 12:06:12 PM [info-Admin Admin]: Customer data retrieved successfully [IP: ::1]
2025-12-13 12:06:12 PM [info-Admin Admin]: Farmers (filtered) list retrieved successfully [IP: ::1]
2025-12-13 12:06:12 PM [info-Admin Admin]: Data retrieved successfully [IP: ::1]
2025-12-13 12:06:12 PM [info-Admin Admin]: Data retrieved successfully [IP: ::1]
2025-12-13 12:06:12 PM [info-Admin Admin]: Data retrieved successfully [IP: ::1]
2025-12-13 12:06:12 PM [info-Admin Admin]: Company data retrieved successfully [IP: ::1]
2025-12-13 12:06:12 PM [info-Admin Admin]: Data retrieved successfully [IP: ::1]
2025-12-13 12:06:12 PM [info-Admin Admin]: Data retrieved successfully [IP: ::1]
2025-12-13 12:06:12 PM [info-Admin Admin]: Data retrieved successfully [IP: ::1]
2025-12-13 12:06:12 PM [info-Admin Admin]: Data retrieved successfully [IP: ::1]
2025-12-13 12:06:12 PM [info-Admin Admin]: Data retrieved successfully [IP: ::1]
2025-12-13 12:20:16 PM [info-Admin Admin]: Customer data retrieved successfully [IP: ::1]
2025-12-13 12:20:16 PM [info-Admin Admin]: Data retrieved successfully [IP: ::1]
2025-12-13 12:20:16 PM [info-Admin Admin]: Branch data retrieved successfully [IP: ::1]
2025-12-13 12:20:16 PM [info-Admin Admin]: Farmers (filtered) list retrieved successfully [IP: ::1]
2025-12-13 12:20:16 PM [info-Admin Admin]: Data retrieved successfully [IP: ::1]
2025-12-13 12:20:16 PM [info-Admin Admin]: Company data retrieved successfully [IP: ::1]
2025-12-13 12:20:16 PM [info-Admin Admin]: Data retrieved successfully [IP: ::1]
2025-12-13 12:20:16 PM [info-Admin Admin]: Data retrieved successfully [IP: ::1]
2025-12-13 12:20:16 PM [info-Admin Admin]: Data retrieved successfully [IP: ::1]
2025-12-13 12:20:16 PM [info-Admin Admin]: Data retrieved successfully [IP: ::1]
2025-12-13 12:20:16 PM [info-Admin Admin]: Data retrieved successfully [IP: ::1]
2025-12-13 12:20:16 PM [info-Admin Admin]: Data retrieved successfully [IP: ::1]
2025-12-13 12:20:48 PM [info-Admin Admin]: Data retrieved successfully [IP: ::1]
2025-12-13 12:20:48 PM [info-Admin Admin]: Data retrieved successfully [IP: ::1]
2025-12-13 12:20:48 PM [info-Admin Admin]: Company data retrieved successfully [IP: ::1]
2025-12-13 12:20:49 PM [info-Admin Admin]: Farmers (filtered) list retrieved successfully [IP: ::1]
2025-12-13 12:20:49 PM [info-Admin Admin]: Data retrieved successfully [IP: ::1]
2025-12-13 12:20:50 PM [info-Admin Admin]: Customer data retrieved successfully [IP: ::1]
2025-12-13 12:20:50 PM [info-Admin Admin]: Branch data retrieved successfully [IP: ::1]
2025-12-13 12:20:52 PM [info-Admin Admin]: Data retrieved successfully [IP: ::1]
2025-12-13 12:20:52 PM [info-Admin Admin]: Data retrieved successfully [IP: ::1]
2025-12-13 12:20:52 PM [info-Admin Admin]: Data retrieved successfully [IP: ::1]
2025-12-13 12:20:52 PM [info-Admin Admin]: Data retrieved successfully [IP: ::1]
2025-12-13 12:20:52 PM [info-Admin Admin]: Data retrieved successfully [IP: ::1]
2025-12-13 12:21:09 PM [info-Admin Admin]: Data retrieved successfully [IP: ::1]
2025-12-13 12:21:09 PM [info-Admin Admin]: Data retrieved successfully [IP: ::1]
2025-12-13 12:21:09 PM [info-Admin Admin]: Data retrieved successfully [IP: ::1]
2025-12-13 12:21:09 PM [info-Admin Admin]: Company data retrieved successfully [IP: ::1]
2025-12-13 12:21:09 PM [info-Admin Admin]: Branch data retrieved successfully [IP: ::1]
2025-12-13 12:21:10 PM [info-Admin Admin]: Farmers (filtered) list retrieved successfully [IP: ::1]
2025-12-13 12:21:10 PM [info-Admin Admin]: Data retrieved successfully [IP: ::1]
2025-12-13 12:21:10 PM [info-Admin Admin]: Customer data retrieved successfully [IP: ::1]
2025-12-13 12:21:12 PM [info-Admin Admin]: Data retrieved successfully [IP: ::1]
2025-12-13 12:21:12 PM [info-Admin Admin]: Data retrieved successfully [IP: ::1]
2025-12-13 12:21:12 PM [info-Admin Admin]: Data retrieved successfully [IP: ::1]
2025-12-13 12:21:12 PM [info-Admin Admin]: Data retrieved successfully [IP: ::1]
2025-12-15 10:48:25 AM [error-System]: Error in GET /vendors/filterVendor/all?page=1&limit=6: You need to re-authenticate. Please log in.
2025-12-15 10:48:25 AM [info-System]: Failed to retrieve data [IP: ::1]
2025-12-15 10:48:25 AM [error-System]: Error in GET /userreport/user-counts: You need to re-authenticate. Please log in.
2025-12-15 10:48:25 AM [info-System]: Failed to retrieve data [IP: ::1]
2025-12-15 10:48:25 AM [error-System]: Error in GET /company/partial/details: You need to re-authenticate. Please log in.
2025-12-15 10:48:25 AM [info-System]: Failed to retrieve data [IP: ::1]
2025-12-15 10:48:25 AM [error-System]: Error in GET /admin/dashboard/active-users: You need to re-authenticate. Please log in.
2025-12-15 10:48:25 AM [info-System]: Failed to retrieve data [IP: ::1]
2025-12-15 10:48:25 AM [error-System]: Error in GET /customers/names/all: You need to re-authenticate. Please log in.
2025-12-15 10:48:25 AM [info-System]: Failed to retrieve data [IP: ::1]
2025-12-15 10:48:25 AM [error-System]: Error in GET /farmers/filterFarmer/all?page=1&limit=6: You need to re-authenticate. Please log in.
2025-12-15 10:48:25 AM [info-System]: Failed to retrieve data [IP: ::1]
2025-12-15 10:48:25 AM [error-System]: Error in GET /location-branches/filterData/filter/all: You need to re-authenticate. Please log in.
2025-12-15 10:48:25 AM [info-System]: Failed to retrieve data [IP: ::1]
2025-12-15 10:48:25 AM [error-System]: Error in GET /userreport/total-purchase: You need to re-authenticate. Please log in.
2025-12-15 10:48:25 AM [info-System]: Failed to retrieve data [IP: ::1]
2025-12-15 10:48:25 AM [error-System]: Error in GET /products/partial/data?page=1&limit=6: You need to re-authenticate. Please log in.
2025-12-15 10:48:25 AM [info-System]: Failed to retrieve data [IP: ::1]
2025-12-15 10:48:25 AM [error-System]: Error in GET /employee/all/partial?page=1&limit=6: You need to re-authenticate. Please log in.
2025-12-15 10:48:25 AM [info-System]: Failed to retrieve data [IP: ::1]
2025-12-15 10:48:25 AM [error-System]: Error in GET /userreport/total-sale: You need to re-authenticate. Please log in.
2025-12-15 10:48:25 AM [info-System]: Failed to retrieve data [IP: ::1]
2025-12-15 10:48:25 AM [error-System]: Error in POST /auth/refresh-token: You need to re-authenticate. Please log in.
2025-12-15 10:48:25 AM [info-System]: Failed to create record [IP: ::1]
2025-12-15 10:48:25 AM [error-System]: Error in POST /auth/refresh-token: You need to re-authenticate. Please log in.
2025-12-15 10:48:25 AM [info-System]: Failed to create record [IP: ::1]
2025-12-15 10:48:25 AM [error-System]: Error in POST /auth/refresh-token: You need to re-authenticate. Please log in.
2025-12-15 10:48:25 AM [info-System]: Failed to create record [IP: ::1]
2025-12-15 10:48:25 AM [error-System]: Error in POST /auth/refresh-token: You need to re-authenticate. Please log in.
2025-12-15 10:48:25 AM [info-System]: Failed to create record [IP: ::1]
2025-12-15 10:48:25 AM [error-System]: Error in POST /auth/refresh-token: You need to re-authenticate. Please log in.
2025-12-15 10:48:25 AM [info-System]: Failed to create record [IP: ::1]
2025-12-15 10:48:25 AM [error-System]: Error in POST /auth/refresh-token: You need to re-authenticate. Please log in.
2025-12-15 10:48:25 AM [info-System]: Failed to create record [IP: ::1]
2025-12-15 10:48:25 AM [error-System]: Error in POST /auth/refresh-token: You need to re-authenticate. Please log in.
2025-12-15 10:48:25 AM [info-System]: Failed to create record [IP: ::1]
2025-12-15 10:48:25 AM [error-System]: Error in POST /auth/refresh-token: You need to re-authenticate. Please log in.
2025-12-15 10:48:25 AM [info-System]: Failed to create record [IP: ::1]
2025-12-15 10:48:25 AM [error-System]: Error in POST /auth/refresh-token: You need to re-authenticate. Please log in.
2025-12-15 10:48:25 AM [info-System]: Failed to create record [IP: ::1]
2025-12-15 10:48:25 AM [error-System]: Error in POST /auth/refresh-token: You need to re-authenticate. Please log in.
2025-12-15 10:48:25 AM [info-System]: Failed to create record [IP: ::1]
2025-12-15 10:48:25 AM [error-System]: Error in POST /auth/refresh-token: You need to re-authenticate. Please log in.
2025-12-15 10:48:25 AM [info-System]: Failed to create record [IP: ::1]
2025-12-15 10:48:26 AM [error-System]: Error in GET /customers/names/all: You need to re-authenticate. Please log in.
2025-12-15 10:48:26 AM [info-System]: Failed to retrieve data [IP: ::1]
2025-12-15 10:48:26 AM [error-System]: Error in GET /vendors/filterVendor/all?page=1&limit=6: You need to re-authenticate. Please log in.
2025-12-15 10:48:26 AM [info-System]: Failed to retrieve data [IP: ::1]
2025-12-15 10:48:26 AM [error-System]: Error in GET /farmers/filterFarmer/all?page=1&limit=6: You need to re-authenticate. Please log in.
2025-12-15 10:48:26 AM [info-System]: Failed to retrieve data [IP: ::1]
2025-12-15 10:48:26 AM [error-System]: Error in GET /employee/all/partial?page=1&limit=6: You need to re-authenticate. Please log in.
2025-12-15 10:48:26 AM [info-System]: Failed to retrieve data [IP: ::1]
2025-12-15 10:48:26 AM [error-System]: Error in GET /company/partial/details: You need to re-authenticate. Please log in.
2025-12-15 10:48:26 AM [info-System]: Failed to retrieve data [IP: ::1]
2025-12-15 10:48:26 AM [error-System]: Error in GET /location-branches/filterData/filter/all: You need to re-authenticate. Please log in.
2025-12-15 10:48:26 AM [info-System]: Failed to retrieve data [IP: ::1]
2025-12-15 10:48:26 AM [error-System]: Error in GET /products/partial/data?page=1&limit=6: You need to re-authenticate. Please log in.
2025-12-15 10:48:26 AM [info-System]: Failed to retrieve data [IP: ::1]
2025-12-15 10:48:26 AM [error-System]: Error in GET /userreport/user-counts: You need to re-authenticate. Please log in.
2025-12-15 10:48:26 AM [info-System]: Failed to retrieve data [IP: ::1]
2025-12-15 10:48:26 AM [error-System]: Error in GET /userreport/total-sale: You need to re-authenticate. Please log in.
2025-12-15 10:48:26 AM [info-System]: Failed to retrieve data [IP: ::1]
2025-12-15 10:48:26 AM [error-System]: Error in GET /admin/dashboard/active-users: You need to re-authenticate. Please log in.
2025-12-15 10:48:26 AM [info-System]: Failed to retrieve data [IP: ::1]
2025-12-15 10:48:26 AM [error-System]: Error in GET /userreport/total-purchase: You need to re-authenticate. Please log in.
2025-12-15 10:48:26 AM [info-System]: Failed to retrieve data [IP: ::1]
2025-12-15 10:48:26 AM [error-System]: Error in POST /auth/refresh-token: You need to re-authenticate. Please log in.
2025-12-15 10:48:26 AM [info-System]: Failed to create record [IP: ::1]
2025-12-15 10:48:26 AM [error-System]: Error in POST /auth/refresh-token: You need to re-authenticate. Please log in.
2025-12-15 10:48:26 AM [info-System]: Failed to create record [IP: ::1]
2025-12-15 10:48:26 AM [error-System]: Error in POST /auth/refresh-token: You need to re-authenticate. Please log in.
2025-12-15 10:48:26 AM [info-System]: Failed to create record [IP: ::1]
2025-12-15 10:48:26 AM [error-System]: Error in POST /auth/refresh-token: You need to re-authenticate. Please log in.
2025-12-15 10:48:26 AM [info-System]: Failed to create record [IP: ::1]
2025-12-15 10:48:26 AM [error-System]: Error in POST /auth/refresh-token: You need to re-authenticate. Please log in.
2025-12-15 10:48:26 AM [info-System]: Failed to create record [IP: ::1]
2025-12-15 10:48:26 AM [error-System]: Error in POST /auth/refresh-token: You need to re-authenticate. Please log in.
2025-12-15 10:48:26 AM [info-System]: Failed to create record [IP: ::1]
2025-12-15 10:48:26 AM [error-System]: Error in POST /auth/refresh-token: You need to re-authenticate. Please log in.
2025-12-15 10:48:26 AM [info-System]: Failed to create record [IP: ::1]
2025-12-15 10:48:26 AM [error-System]: Error in POST /auth/refresh-token: You need to re-authenticate. Please log in.
2025-12-15 10:48:26 AM [info-System]: Failed to create record [IP: ::1]
2025-12-15 10:48:26 AM [error-System]: Error in POST /auth/refresh-token: You need to re-authenticate. Please log in.
2025-12-15 10:48:26 AM [info-System]: Failed to create record [IP: ::1]
2025-12-15 10:48:26 AM [error-System]: Error in POST /auth/refresh-token: You need to re-authenticate. Please log in.
2025-12-15 10:48:26 AM [info-System]: Failed to create record [IP: ::1]
2025-12-15 10:48:26 AM [error-System]: Error in POST /auth/refresh-token: You need to re-authenticate. Please log in.
2025-12-15 10:48:26 AM [info-System]: Failed to create record [IP: ::1]
2025-12-15 10:51:10 AM [error-System]: Error in GET /company/partial/details: You need to re-authenticate. Please log in.
2025-12-15 10:51:10 AM [info-System]: Failed to retrieve data [IP: ::1]
2025-12-15 10:51:10 AM [error-System]: Error in GET /userreport/total-purchase: You need to re-authenticate. Please log in.
2025-12-15 10:51:10 AM [info-System]: Failed to retrieve data [IP: ::1]
2025-12-15 10:51:10 AM [error-System]: Error in GET /farmers/filterFarmer/all?page=1&limit=6: You need to re-authenticate. Please log in.
2025-12-15 10:51:10 AM [info-System]: Failed to retrieve data [IP: ::1]
2025-12-15 10:51:10 AM [error-System]: Error in GET /vendors/filterVendor/all?page=1&limit=6: You need to re-authenticate. Please log in.
2025-12-15 10:51:10 AM [info-System]: Failed to retrieve data [IP: ::1]
2025-12-15 10:51:10 AM [error-System]: Error in GET /userreport/user-counts: You need to re-authenticate. Please log in.
2025-12-15 10:51:10 AM [info-System]: Failed to retrieve data [IP: ::1]
2025-12-15 10:51:10 AM [error-System]: Error in GET /location-branches/filterData/filter/all: You need to re-authenticate. Please log in.
2025-12-15 10:51:10 AM [info-System]: Failed to retrieve data [IP: ::1]
2025-12-15 10:51:10 AM [error-System]: Error in GET /customers/names/all: You need to re-authenticate. Please log in.
2025-12-15 10:51:10 AM [info-System]: Failed to retrieve data [IP: ::1]
2025-12-15 10:51:10 AM [error-System]: Error in GET /employee/all/partial?page=1&limit=6: You need to re-authenticate. Please log in.
2025-12-15 10:51:10 AM [info-System]: Failed to retrieve data [IP: ::1]
2025-12-15 10:51:10 AM [error-System]: Error in GET /userreport/total-sale: You need to re-authenticate. Please log in.
2025-12-15 10:51:10 AM [info-System]: Failed to retrieve data [IP: ::1]
2025-12-15 10:51:10 AM [error-System]: Error in GET /admin/dashboard/active-users: You need to re-authenticate. Please log in.
2025-12-15 10:51:10 AM [info-System]: Failed to retrieve data [IP: ::1]
2025-12-15 10:51:10 AM [error-System]: Error in GET /products/partial/data?page=1&limit=6: You need to re-authenticate. Please log in.
2025-12-15 10:51:10 AM [info-System]: Failed to retrieve data [IP: ::1]
2025-12-15 10:51:10 AM [error-System]: Error in POST /auth/refresh-token: You need to re-authenticate. Please log in.
2025-12-15 10:51:10 AM [info-System]: Failed to create record [IP: ::1]
2025-12-15 10:51:10 AM [error-System]: Error in POST /auth/refresh-token: You need to re-authenticate. Please log in.
2025-12-15 10:51:10 AM [info-System]: Failed to create record [IP: ::1]
2025-12-15 10:51:10 AM [error-System]: Error in POST /auth/refresh-token: You need to re-authenticate. Please log in.
2025-12-15 10:51:10 AM [info-System]: Failed to create record [IP: ::1]
2025-12-15 10:51:10 AM [error-System]: Error in POST /auth/refresh-token: You need to re-authenticate. Please log in.
2025-12-15 10:51:10 AM [info-System]: Failed to create record [IP: ::1]
2025-12-15 10:51:10 AM [error-System]: Error in POST /auth/refresh-token: You need to re-authenticate. Please log in.
2025-12-15 10:51:10 AM [info-System]: Failed to create record [IP: ::1]
2025-12-15 10:51:10 AM [error-System]: Error in POST /auth/refresh-token: You need to re-authenticate. Please log in.
2025-12-15 10:51:10 AM [info-System]: Failed to create record [IP: ::1]
2025-12-15 10:51:10 AM [error-System]: Error in POST /auth/refresh-token: You need to re-authenticate. Please log in.
2025-12-15 10:51:10 AM [info-System]: Failed to create record [IP: ::1]
2025-12-15 10:51:10 AM [error-System]: Error in POST /auth/refresh-token: You need to re-authenticate. Please log in.
2025-12-15 10:51:10 AM [info-System]: Failed to create record [IP: ::1]
2025-12-15 10:51:10 AM [error-System]: Error in POST /auth/refresh-token: You need to re-authenticate. Please log in.
2025-12-15 10:51:10 AM [info-System]: Failed to create record [IP: ::1]
2025-12-15 10:51:10 AM [error-System]: Error in POST /auth/refresh-token: You need to re-authenticate. Please log in.
2025-12-15 10:51:10 AM [info-System]: Failed to create record [IP: ::1]
2025-12-15 10:51:10 AM [error-System]: Error in POST /auth/refresh-token: You need to re-authenticate. Please log in.
2025-12-15 10:51:10 AM [info-System]: Failed to create record [IP: ::1]
2025-12-15 10:51:11 AM [error-System]: Error in GET /userreport/total-purchase: You need to re-authenticate. Please log in.
2025-12-15 10:51:11 AM [info-System]: Failed to retrieve data [IP: ::1]
2025-12-15 10:51:11 AM [error-System]: Error in GET /company/partial/details: You need to re-authenticate. Please log in.
2025-12-15 10:51:11 AM [info-System]: Failed to retrieve data [IP: ::1]
2025-12-15 10:51:11 AM [error-System]: Error in GET /location-branches/filterData/filter/all: You need to re-authenticate. Please log in.
2025-12-15 10:51:11 AM [info-System]: Failed to retrieve data [IP: ::1]
2025-12-15 10:51:11 AM [error-System]: Error in GET /farmers/filterFarmer/all?page=1&limit=6: You need to re-authenticate. Please log in.
2025-12-15 10:51:11 AM [info-System]: Failed to retrieve data [IP: ::1]
2025-12-15 10:51:11 AM [error-System]: Error in GET /userreport/user-counts: You need to re-authenticate. Please log in.
2025-12-15 10:51:11 AM [info-System]: Failed to retrieve data [IP: ::1]
2025-12-15 10:51:11 AM [error-System]: Error in POST /auth/refresh-token: You need to re-authenticate. Please log in.
2025-12-15 10:51:11 AM [info-System]: Failed to create record [IP: ::1]
2025-12-15 10:51:11 AM [error-System]: Error in POST /auth/refresh-token: You need to re-authenticate. Please log in.
2025-12-15 10:51:11 AM [info-System]: Failed to create record [IP: ::1]
2025-12-15 10:51:11 AM [error-System]: Error in GET /admin/dashboard/active-users: You need to re-authenticate. Please log in.
2025-12-15 10:51:11 AM [info-System]: Failed to retrieve data [IP: ::1]
2025-12-15 10:51:11 AM [error-System]: Error in POST /auth/refresh-token: You need to re-authenticate. Please log in.
2025-12-15 10:51:11 AM [info-System]: Failed to create record [IP: ::1]
2025-12-15 10:51:11 AM [error-System]: Error in GET /customers/names/all: You need to re-authenticate. Please log in.
2025-12-15 10:51:11 AM [info-System]: Failed to retrieve data [IP: ::1]
2025-12-15 10:51:12 AM [error-System]: Error in GET /products/partial/data?page=1&limit=6: You need to re-authenticate. Please log in.
2025-12-15 10:51:12 AM [info-System]: Failed to retrieve data [IP: ::1]
2025-12-15 10:51:12 AM [error-System]: Error in GET /userreport/total-sale: You need to re-authenticate. Please log in.
2025-12-15 10:51:12 AM [info-System]: Failed to retrieve data [IP: ::1]
2025-12-15 10:51:12 AM [error-System]: Error in GET /employee/all/partial?page=1&limit=6: You need to re-authenticate. Please log in.
2025-12-15 10:51:12 AM [info-System]: Failed to retrieve data [IP: ::1]
2025-12-15 10:51:12 AM [error-System]: Error in GET /vendors/filterVendor/all?page=1&limit=6: You need to re-authenticate. Please log in.
2025-12-15 10:51:12 AM [info-System]: Failed to retrieve data [IP: ::1]
2025-12-15 10:51:12 AM [error-System]: Error in POST /auth/refresh-token: You need to re-authenticate. Please log in.
2025-12-15 10:51:12 AM [info-System]: Failed to create record [IP: ::1]
2025-12-15 10:51:12 AM [error-System]: Error in POST /auth/refresh-token: You need to re-authenticate. Please log in.
2025-12-15 10:51:12 AM [info-System]: Failed to create record [IP: ::1]
2025-12-15 10:51:12 AM [error-System]: Error in POST /auth/refresh-token: You need to re-authenticate. Please log in.
2025-12-15 10:51:12 AM [info-System]: Failed to create record [IP: ::1]
2025-12-15 10:51:12 AM [error-System]: Error in POST /auth/refresh-token: You need to re-authenticate. Please log in.
2025-12-15 10:51:12 AM [info-System]: Failed to create record [IP: ::1]
2025-12-15 10:51:12 AM [error-System]: Error in POST /auth/refresh-token: You need to re-authenticate. Please log in.
2025-12-15 10:51:12 AM [info-System]: Failed to create record [IP: ::1]
2025-12-15 10:51:12 AM [error-System]: Error in POST /auth/refresh-token: You need to re-authenticate. Please log in.
2025-12-15 10:51:12 AM [info-System]: Failed to create record [IP: ::1]
2025-12-15 10:51:12 AM [error-System]: Error in POST /auth/refresh-token: You need to re-authenticate. Please log in.
2025-12-15 10:51:12 AM [info-System]: Failed to create record [IP: ::1]
2025-12-15 10:51:12 AM [error-System]: Error in POST /auth/refresh-token: You need to re-authenticate. Please log in.
2025-12-15 10:51:12 AM [info-System]: Failed to create record [IP: ::1]
2025-12-15 10:56:39 AM [info-Sagar Pagar]: User login successful [IP: ::1]
2025-12-15 10:56:39 AM [info-System]: User logged in successfully [IP: ::1]
2025-12-15 10:58:17 AM [info-Admin Admin]: Data retrieved successfully [IP: ::1]
2025-12-15 11:04:23 AM [error-System]: Error in GET /products/partial/data?page=1&limit=6: You need to re-authenticate. Please log in.
2025-12-15 11:04:23 AM [info-System]: Failed to retrieve data [IP: ::1]
2025-12-15 11:04:23 AM [error-System]: Error in GET /company/partial/details: You need to re-authenticate. Please log in.
2025-12-15 11:04:23 AM [info-System]: Failed to retrieve data [IP: ::1]
2025-12-15 11:04:24 AM [error-System]: Error in GET /userreport/total-sale: You need to re-authenticate. Please log in.
2025-12-15 11:04:24 AM [info-System]: Failed to retrieve data [IP: ::1]
2025-12-15 11:04:24 AM [error-System]: Error in GET /vendors/filterVendor/all?page=1&limit=6: You need to re-authenticate. Please log in.
2025-12-15 11:04:24 AM [info-System]: Failed to retrieve data [IP: ::1]
2025-12-15 11:04:24 AM [error-System]: Error in GET /admin/dashboard/active-users: You need to re-authenticate. Please log in.
2025-12-15 11:04:24 AM [info-System]: Failed to retrieve data [IP: ::1]
2025-12-15 11:04:24 AM [error-System]: Error in GET /userreport/user-counts: You need to re-authenticate. Please log in.
2025-12-15 11:04:24 AM [info-System]: Failed to retrieve data [IP: ::1]
2025-12-15 11:04:24 AM [error-System]: Error in GET /employee/all/partial?page=1&limit=6: You need to re-authenticate. Please log in.
2025-12-15 11:04:24 AM [info-System]: Failed to retrieve data [IP: ::1]
2025-12-15 11:04:24 AM [error-System]: Error in GET /customers/names/all: You need to re-authenticate. Please log in.
2025-12-15 11:04:24 AM [info-System]: Failed to retrieve data [IP: ::1]
2025-12-15 11:04:24 AM [error-System]: Error in GET /userreport/total-purchase: You need to re-authenticate. Please log in.
2025-12-15 11:04:24 AM [info-System]: Failed to retrieve data [IP: ::1]
2025-12-15 11:04:24 AM [error-System]: Error in POST /auth/refresh-token: You need to re-authenticate. Please log in.
2025-12-15 11:04:24 AM [info-System]: Failed to create record [IP: ::1]
2025-12-15 11:04:24 AM [error-System]: Error in GET /location-branches/filterData/filter/all: You need to re-authenticate. Please log in.
2025-12-15 11:04:24 AM [info-System]: Failed to retrieve data [IP: ::1]
2025-12-15 11:04:24 AM [error-System]: Error in GET /farmers/filterFarmer/all?page=1&limit=6: You need to re-authenticate. Please log in.
2025-12-15 11:04:24 AM [info-System]: Failed to retrieve data [IP: ::1]
2025-12-15 11:04:24 AM [error-System]: Error in POST /auth/refresh-token: You need to re-authenticate. Please log in.
2025-12-15 11:04:24 AM [info-System]: Failed to create record [IP: ::1]
2025-12-15 11:04:24 AM [error-System]: Error in POST /auth/refresh-token: You need to re-authenticate. Please log in.
2025-12-15 11:04:24 AM [info-System]: Failed to create record [IP: ::1]
2025-12-15 11:04:24 AM [error-System]: Error in POST /auth/refresh-token: You need to re-authenticate. Please log in.
2025-12-15 11:04:24 AM [info-System]: Failed to create record [IP: ::1]
2025-12-15 11:04:24 AM [error-System]: Error in POST /auth/refresh-token: You need to re-authenticate. Please log in.
2025-12-15 11:04:24 AM [info-System]: Failed to create record [IP: ::1]
2025-12-15 11:04:24 AM [error-System]: Error in POST /auth/refresh-token: You need to re-authenticate. Please log in.
2025-12-15 11:04:24 AM [info-System]: Failed to create record [IP: ::1]
2025-12-15 11:04:24 AM [error-System]: Error in POST /auth/refresh-token: You need to re-authenticate. Please log in.
2025-12-15 11:04:24 AM [info-System]: Failed to create record [IP: ::1]
2025-12-15 11:04:24 AM [error-System]: Error in POST /auth/refresh-token: You need to re-authenticate. Please log in.
2025-12-15 11:04:24 AM [info-System]: Failed to create record [IP: ::1]
2025-12-15 11:04:24 AM [error-System]: Error in POST /auth/refresh-token: You need to re-authenticate. Please log in.
2025-12-15 11:04:24 AM [info-System]: Failed to create record [IP: ::1]
2025-12-15 11:04:24 AM [error-System]: Error in POST /auth/refresh-token: You need to re-authenticate. Please log in.
2025-12-15 11:04:24 AM [info-System]: Failed to create record [IP: ::1]
2025-12-15 11:04:24 AM [error-System]: Error in POST /auth/refresh-token: You need to re-authenticate. Please log in.
2025-12-15 11:04:24 AM [info-System]: Failed to create record [IP: ::1]
2025-12-15 11:04:25 AM [error-System]: Error in GET /location-branches/filterData/filter/all: You need to re-authenticate. Please log in.
2025-12-15 11:04:25 AM [info-System]: Failed to retrieve data [IP: ::1]
2025-12-15 11:04:25 AM [error-System]: Error in GET /userreport/total-purchase: You need to re-authenticate. Please log in.
2025-12-15 11:04:25 AM [info-System]: Failed to retrieve data [IP: ::1]
2025-12-15 11:04:25 AM [error-System]: Error in GET /customers/names/all: You need to re-authenticate. Please log in.
2025-12-15 11:04:25 AM [info-System]: Failed to retrieve data [IP: ::1]
2025-12-15 11:04:25 AM [error-System]: Error in GET /products/partial/data?page=1&limit=6: You need to re-authenticate. Please log in.
2025-12-15 11:04:25 AM [info-System]: Failed to retrieve data [IP: ::1]
2025-12-15 11:04:25 AM [error-System]: Error in GET /admin/dashboard/active-users: You need to re-authenticate. Please log in.
2025-12-15 11:04:25 AM [info-System]: Failed to retrieve data [IP: ::1]
2025-12-15 11:04:25 AM [error-System]: Error in GET /userreport/user-counts: You need to re-authenticate. Please log in.
2025-12-15 11:04:25 AM [info-System]: Failed to retrieve data [IP: ::1]
2025-12-15 11:04:25 AM [error-System]: Error in GET /farmers/filterFarmer/all?page=1&limit=6: You need to re-authenticate. Please log in.
2025-12-15 11:04:25 AM [info-System]: Failed to retrieve data [IP: ::1]
2025-12-15 11:04:25 AM [error-System]: Error in GET /vendors/filterVendor/all?page=1&limit=6: You need to re-authenticate. Please log in.
2025-12-15 11:04:25 AM [info-System]: Failed to retrieve data [IP: ::1]
2025-12-15 11:04:25 AM [error-System]: Error in GET /employee/all/partial?page=1&limit=6: You need to re-authenticate. Please log in.
2025-12-15 11:04:25 AM [info-System]: Failed to retrieve data [IP: ::1]
2025-12-15 11:04:25 AM [error-System]: Error in GET /company/partial/details: You need to re-authenticate. Please log in.
2025-12-15 11:04:25 AM [info-System]: Failed to retrieve data [IP: ::1]
2025-12-15 11:04:25 AM [error-System]: Error in GET /userreport/total-sale: You need to re-authenticate. Please log in.
2025-12-15 11:04:25 AM [info-System]: Failed to retrieve data [IP: ::1]
2025-12-15 11:04:26 AM [error-System]: Error in POST /auth/refresh-token: You need to re-authenticate. Please log in.
2025-12-15 11:04:26 AM [info-System]: Failed to create record [IP: ::1]
2025-12-15 11:04:26 AM [error-System]: Error in POST /auth/refresh-token: You need to re-authenticate. Please log in.
2025-12-15 11:04:26 AM [info-System]: Failed to create record [IP: ::1]
2025-12-15 11:04:26 AM [error-System]: Error in POST /auth/refresh-token: You need to re-authenticate. Please log in.
2025-12-15 11:04:26 AM [info-System]: Failed to create record [IP: ::1]
2025-12-15 11:04:26 AM [error-System]: Error in POST /auth/refresh-token: You need to re-authenticate. Please log in.
2025-12-15 11:04:26 AM [info-System]: Failed to create record [IP: ::1]
2025-12-15 11:04:26 AM [error-System]: Error in POST /auth/refresh-token: You need to re-authenticate. Please log in.
2025-12-15 11:04:26 AM [info-System]: Failed to create record [IP: ::1]
2025-12-15 11:04:26 AM [error-System]: Error in POST /auth/refresh-token: You need to re-authenticate. Please log in.
2025-12-15 11:04:26 AM [info-System]: Failed to create record [IP: ::1]
2025-12-15 11:04:26 AM [error-System]: Error in POST /auth/refresh-token: You need to re-authenticate. Please log in.
2025-12-15 11:04:26 AM [info-System]: Failed to create record [IP: ::1]
2025-12-15 11:04:26 AM [error-System]: Error in POST /auth/refresh-token: You need to re-authenticate. Please log in.
2025-12-15 11:04:26 AM [info-System]: Failed to create record [IP: ::1]
2025-12-15 11:04:26 AM [error-System]: Error in POST /auth/refresh-token: You need to re-authenticate. Please log in.
2025-12-15 11:04:26 AM [info-System]: Failed to create record [IP: ::1]
2025-12-15 11:04:26 AM [error-System]: Error in POST /auth/refresh-token: You need to re-authenticate. Please log in.
2025-12-15 11:04:26 AM [info-System]: Failed to create record [IP: ::1]
2025-12-15 11:04:26 AM [error-System]: Error in POST /auth/refresh-token: You need to re-authenticate. Please log in.
2025-12-15 11:04:26 AM [info-System]: Failed to create record [IP: ::1]
2025-12-15 11:04:43 AM [error-System]: Error in GET /products/partial/data?page=1&limit=6: You need to re-authenticate. Please log in.
2025-12-15 11:04:43 AM [info-System]: Failed to retrieve data [IP: ::1]
2025-12-15 11:04:43 AM [error-System]: Error in GET /userreport/user-counts: You need to re-authenticate. Please log in.
2025-12-15 11:04:43 AM [info-System]: Failed to retrieve data [IP: ::1]
2025-12-15 11:04:43 AM [error-System]: Error in GET /userreport/total-purchase: You need to re-authenticate. Please log in.
2025-12-15 11:04:43 AM [info-System]: Failed to retrieve data [IP: ::1]
2025-12-15 11:04:43 AM [error-System]: Error in GET /vendors/filterVendor/all?page=1&limit=6: You need to re-authenticate. Please log in.
2025-12-15 11:04:43 AM [info-System]: Failed to retrieve data [IP: ::1]
2025-12-15 11:04:43 AM [error-System]: Error in GET /admin/dashboard/active-users: You need to re-authenticate. Please log in.
2025-12-15 11:04:43 AM [info-System]: Failed to retrieve data [IP: ::1]
2025-12-15 11:04:43 AM [error-System]: Error in GET /userreport/total-sale: You need to re-authenticate. Please log in.
2025-12-15 11:04:43 AM [info-System]: Failed to retrieve data [IP: ::1]
2025-12-15 11:04:43 AM [error-System]: Error in POST /auth/refresh-token: You need to re-authenticate. Please log in.
2025-12-15 11:04:43 AM [info-System]: Failed to create record [IP: ::1]
2025-12-15 11:04:43 AM [error-System]: Error in POST /auth/refresh-token: You need to re-authenticate. Please log in.
2025-12-15 11:04:43 AM [info-System]: Failed to create record [IP: ::1]
2025-12-15 11:04:43 AM [error-System]: Error in POST /auth/refresh-token: You need to re-authenticate. Please log in.
2025-12-15 11:04:43 AM [info-System]: Failed to create record [IP: ::1]
2025-12-15 11:04:43 AM [error-System]: Error in POST /auth/refresh-token: You need to re-authenticate. Please log in.
2025-12-15 11:04:43 AM [info-System]: Failed to create record [IP: ::1]
2025-12-15 11:04:43 AM [error-System]: Error in POST /auth/refresh-token: You need to re-authenticate. Please log in.
2025-12-15 11:04:43 AM [info-System]: Failed to create record [IP: ::1]
2025-12-15 11:04:43 AM [error-System]: Error in GET /location-branches/filterData/filter/all: You need to re-authenticate. Please log in.
2025-12-15 11:04:43 AM [info-System]: Failed to retrieve data [IP: ::1]
2025-12-15 11:04:43 AM [error-System]: Error in GET /employee/all/partial?page=1&limit=6: You need to re-authenticate. Please log in.
2025-12-15 11:04:43 AM [info-System]: Failed to retrieve data [IP: ::1]
2025-12-15 11:04:43 AM [error-System]: Error in GET /company/partial/details: You need to re-authenticate. Please log in.
2025-12-15 11:04:43 AM [info-System]: Failed to retrieve data [IP: ::1]
2025-12-15 11:04:43 AM [error-System]: Error in GET /farmers/filterFarmer/all?page=1&limit=6: You need to re-authenticate. Please log in.
2025-12-15 11:04:43 AM [info-System]: Failed to retrieve data [IP: ::1]
2025-12-15 11:04:43 AM [error-System]: Error in GET /customers/names/all: You need to re-authenticate. Please log in.
2025-12-15 11:04:43 AM [info-System]: Failed to retrieve data [IP: ::1]
2025-12-15 11:04:43 AM [error-System]: Error in POST /auth/refresh-token: You need to re-authenticate. Please log in.
2025-12-15 11:04:43 AM [info-System]: Failed to create record [IP: ::1]
2025-12-15 11:04:43 AM [error-System]: Error in POST /auth/refresh-token: You need to re-authenticate. Please log in.
2025-12-15 11:04:43 AM [info-System]: Failed to create record [IP: ::1]
2025-12-15 11:04:43 AM [error-System]: Error in POST /auth/refresh-token: You need to re-authenticate. Please log in.
2025-12-15 11:04:43 AM [info-System]: Failed to create record [IP: ::1]
2025-12-15 11:04:43 AM [error-System]: Error in POST /auth/refresh-token: You need to re-authenticate. Please log in.
2025-12-15 11:04:43 AM [info-System]: Failed to create record [IP: ::1]
2025-12-15 11:04:43 AM [error-System]: Error in POST /auth/refresh-token: You need to re-authenticate. Please log in.
2025-12-15 11:04:43 AM [info-System]: Failed to create record [IP: ::1]
2025-12-15 11:04:43 AM [error-System]: Error in POST /auth/refresh-token: You need to re-authenticate. Please log in.
2025-12-15 11:04:43 AM [info-System]: Failed to create record [IP: ::1]
2025-12-15 11:04:44 AM [error-System]: Error in GET /products/partial/data?page=1&limit=6: You need to re-authenticate. Please log in.
2025-12-15 11:04:44 AM [info-System]: Failed to retrieve data [IP: ::1]
2025-12-15 11:04:44 AM [error-System]: Error in GET /vendors/filterVendor/all?page=1&limit=6: You need to re-authenticate. Please log in.
2025-12-15 11:04:44 AM [info-System]: Failed to retrieve data [IP: ::1]
2025-12-15 11:04:44 AM [error-System]: Error in GET /userreport/user-counts: You need to re-authenticate. Please log in.
2025-12-15 11:04:44 AM [info-System]: Failed to retrieve data [IP: ::1]
2025-12-15 11:04:44 AM [error-System]: Error in GET /userreport/total-sale: You need to re-authenticate. Please log in.
2025-12-15 11:04:44 AM [info-System]: Failed to retrieve data [IP: ::1]
2025-12-15 11:04:44 AM [error-System]: Error in GET /admin/dashboard/active-users: You need to re-authenticate. Please log in.
2025-12-15 11:04:44 AM [info-System]: Failed to retrieve data [IP: ::1]
2025-12-15 11:04:44 AM [error-System]: Error in GET /userreport/total-purchase: You need to re-authenticate. Please log in.
2025-12-15 11:04:44 AM [info-System]: Failed to retrieve data [IP: ::1]
2025-12-15 11:04:44 AM [error-System]: Error in POST /auth/refresh-token: You need to re-authenticate. Please log in.
2025-12-15 11:04:44 AM [info-System]: Failed to create record [IP: ::1]
2025-12-15 11:04:44 AM [error-System]: Error in POST /auth/refresh-token: You need to re-authenticate. Please log in.
2025-12-15 11:04:44 AM [info-System]: Failed to create record [IP: ::1]
2025-12-15 11:04:44 AM [error-System]: Error in GET /location-branches/filterData/filter/all: You need to re-authenticate. Please log in.
2025-12-15 11:04:44 AM [info-System]: Failed to retrieve data [IP: ::1]
2025-12-15 11:04:44 AM [error-System]: Error in POST /auth/refresh-token: You need to re-authenticate. Please log in.
2025-12-15 11:04:44 AM [info-System]: Failed to create record [IP: ::1]
2025-12-15 11:04:44 AM [error-System]: Error in GET /employee/all/partial?page=1&limit=6: You need to re-authenticate. Please log in.
2025-12-15 11:04:44 AM [info-System]: Failed to retrieve data [IP: ::1]
2025-12-15 11:04:44 AM [error-System]: Error in POST /auth/refresh-token: You need to re-authenticate. Please log in.
2025-12-15 11:04:44 AM [info-System]: Failed to create record [IP: ::1]
2025-12-15 11:04:44 AM [error-System]: Error in GET /company/partial/details: You need to re-authenticate. Please log in.
2025-12-15 11:04:44 AM [info-System]: Failed to retrieve data [IP: ::1]
2025-12-15 11:04:44 AM [error-System]: Error in GET /farmers/filterFarmer/all?page=1&limit=6: You need to re-authenticate. Please log in.
2025-12-15 11:04:44 AM [info-System]: Failed to retrieve data [IP: ::1]
2025-12-15 11:04:44 AM [error-System]: Error in POST /auth/refresh-token: You need to re-authenticate. Please log in.
2025-12-15 11:04:44 AM [info-System]: Failed to create record [IP: ::1]
2025-12-15 11:04:44 AM [error-System]: Error in GET /customers/names/all: You need to re-authenticate. Please log in.
2025-12-15 11:04:44 AM [info-System]: Failed to retrieve data [IP: ::1]
2025-12-15 11:04:44 AM [error-System]: Error in POST /auth/refresh-token: You need to re-authenticate. Please log in.
2025-12-15 11:04:44 AM [info-System]: Failed to create record [IP: ::1]
2025-12-15 11:04:44 AM [error-System]: Error in POST /auth/refresh-token: You need to re-authenticate. Please log in.
2025-12-15 11:04:44 AM [info-System]: Failed to create record [IP: ::1]
2025-12-15 11:04:44 AM [error-System]: Error in POST /auth/refresh-token: You need to re-authenticate. Please log in.
2025-12-15 11:04:44 AM [info-System]: Failed to create record [IP: ::1]
2025-12-15 11:04:44 AM [error-System]: Error in POST /auth/refresh-token: You need to re-authenticate. Please log in.
2025-12-15 11:04:44 AM [info-System]: Failed to create record [IP: ::1]
2025-12-15 11:04:44 AM [error-System]: Error in POST /auth/refresh-token: You need to re-authenticate. Please log in.
2025-12-15 11:04:44 AM [info-System]: Failed to create record [IP: ::1]
2025-12-15 11:04:44 AM [error-System]: Error in POST /auth/refresh-token: You need to re-authenticate. Please log in.
2025-12-15 11:04:44 AM [info-System]: Failed to create record [IP: ::1]
2025-12-15 11:42:31 AM [error-System]: Error in GET /employee/all/partial?page=1&limit=6: You need to re-authenticate. Please log in.
2025-12-15 11:42:31 AM [info-System]: Failed to retrieve data [IP: ::1]
2025-12-15 11:42:31 AM [error-System]: Error in GET /products/partial/data?page=1&limit=6: You need to re-authenticate. Please log in.
2025-12-15 11:42:31 AM [info-System]: Failed to retrieve data [IP: ::1]
2025-12-15 11:42:31 AM [error-System]: Error in GET /company/partial/details: You need to re-authenticate. Please log in.
2025-12-15 11:42:31 AM [info-System]: Failed to retrieve data [IP: ::1]
2025-12-15 11:42:31 AM [error-System]: Error in GET /customers/names/all: You need to re-authenticate. Please log in.
2025-12-15 11:42:31 AM [info-System]: Failed to retrieve data [IP: ::1]
2025-12-15 11:42:31 AM [error-System]: Error in GET /userreport/user-counts: You need to re-authenticate. Please log in.
2025-12-15 11:42:31 AM [info-System]: Failed to retrieve data [IP: ::1]
2025-12-15 11:42:31 AM [error-System]: Error in GET /farmers/filterFarmer/all?page=1&limit=6: You need to re-authenticate. Please log in.
2025-12-15 11:42:31 AM [info-System]: Failed to retrieve data [IP: ::1]
2025-12-15 11:42:31 AM [error-System]: Error in GET /userreport/total-purchase: You need to re-authenticate. Please log in.
2025-12-15 11:42:31 AM [info-System]: Failed to retrieve data [IP: ::1]
2025-12-15 11:42:31 AM [error-System]: Error in GET /admin/dashboard/active-users: You need to re-authenticate. Please log in.
2025-12-15 11:42:31 AM [info-System]: Failed to retrieve data [IP: ::1]
2025-12-15 11:42:31 AM [error-System]: Error in GET /userreport/total-sale: You need to re-authenticate. Please log in.
2025-12-15 11:42:31 AM [info-System]: Failed to retrieve data [IP: ::1]
2025-12-15 11:42:31 AM [error-System]: Error in GET /location-branches/filterData/filter/all: You need to re-authenticate. Please log in.
2025-12-15 11:42:31 AM [info-System]: Failed to retrieve data [IP: ::1]
2025-12-15 11:42:31 AM [error-System]: Error in GET /vendors/filterVendor/all?page=1&limit=6: You need to re-authenticate. Please log in.
2025-12-15 11:42:31 AM [info-System]: Failed to retrieve data [IP: ::1]
2025-12-15 11:42:31 AM [error-System]: Error in POST /auth/refresh-token: You need to re-authenticate. Please log in.
2025-12-15 11:42:31 AM [info-System]: Failed to create record [IP: ::1]
2025-12-15 11:42:31 AM [error-System]: Error in POST /auth/refresh-token: You need to re-authenticate. Please log in.
2025-12-15 11:42:31 AM [info-System]: Failed to create record [IP: ::1]
2025-12-15 11:42:31 AM [error-System]: Error in POST /auth/refresh-token: You need to re-authenticate. Please log in.
2025-12-15 11:42:31 AM [info-System]: Failed to create record [IP: ::1]
2025-12-15 11:42:31 AM [error-System]: Error in POST /auth/refresh-token: You need to re-authenticate. Please log in.
2025-12-15 11:42:31 AM [info-System]: Failed to create record [IP: ::1]
2025-12-15 11:42:31 AM [error-System]: Error in POST /auth/refresh-token: You need to re-authenticate. Please log in.
2025-12-15 11:42:31 AM [info-System]: Failed to create record [IP: ::1]
2025-12-15 11:42:31 AM [error-System]: Error in POST /auth/refresh-token: You need to re-authenticate. Please log in.
2025-12-15 11:42:31 AM [info-System]: Failed to create record [IP: ::1]
2025-12-15 11:42:32 AM [error-System]: Error in POST /auth/refresh-token: You need to re-authenticate. Please log in.
2025-12-15 11:42:32 AM [info-System]: Failed to create record [IP: ::1]
2025-12-15 11:42:32 AM [error-System]: Error in POST /auth/refresh-token: You need to re-authenticate. Please log in.
2025-12-15 11:42:32 AM [info-System]: Failed to create record [IP: ::1]
2025-12-15 11:42:32 AM [error-System]: Error in POST /auth/refresh-token: You need to re-authenticate. Please log in.
2025-12-15 11:42:32 AM [info-System]: Failed to create record [IP: ::1]
2025-12-15 11:42:32 AM [error-System]: Error in POST /auth/refresh-token: You need to re-authenticate. Please log in.
2025-12-15 11:42:32 AM [info-System]: Failed to create record [IP: ::1]
2025-12-15 11:42:32 AM [error-System]: Error in GET /products/partial/data?page=1&limit=6: You need to re-authenticate. Please log in.
2025-12-15 11:42:32 AM [info-System]: Failed to retrieve data [IP: ::1]
2025-12-15 11:42:32 AM [error-System]: Error in POST /auth/refresh-token: You need to re-authenticate. Please log in.
2025-12-15 11:42:32 AM [info-System]: Failed to create record [IP: ::1]
2025-12-15 11:42:32 AM [error-System]: Error in GET /customers/names/all: You need to re-authenticate. Please log in.
2025-12-15 11:42:32 AM [info-System]: Failed to retrieve data [IP: ::1]
2025-12-15 11:42:32 AM [error-System]: Error in GET /userreport/user-counts: You need to re-authenticate. Please log in.
2025-12-15 11:42:32 AM [info-System]: Failed to retrieve data [IP: ::1]
2025-12-15 11:42:32 AM [error-System]: Error in GET /employee/all/partial?page=1&limit=6: You need to re-authenticate. Please log in.
2025-12-15 11:42:32 AM [info-System]: Failed to retrieve data [IP: ::1]
2025-12-15 11:42:32 AM [error-System]: Error in GET /farmers/filterFarmer/all?page=1&limit=6: You need to re-authenticate. Please log in.
2025-12-15 11:42:32 AM [info-System]: Failed to retrieve data [IP: ::1]
2025-12-15 11:42:32 AM [error-System]: Error in GET /company/partial/details: You need to re-authenticate. Please log in.
2025-12-15 11:42:32 AM [info-System]: Failed to retrieve data [IP: ::1]
2025-12-15 11:42:32 AM [error-System]: Error in POST /auth/refresh-token: You need to re-authenticate. Please log in.
2025-12-15 11:42:32 AM [info-System]: Failed to create record [IP: ::1]
2025-12-15 11:42:32 AM [error-System]: Error in POST /auth/refresh-token: You need to re-authenticate. Please log in.
2025-12-15 11:42:32 AM [info-System]: Failed to create record [IP: ::1]
2025-12-15 11:42:32 AM [error-System]: Error in POST /auth/refresh-token: You need to re-authenticate. Please log in.
2025-12-15 11:42:32 AM [info-System]: Failed to create record [IP: ::1]
2025-12-15 11:42:32 AM [error-System]: Error in POST /auth/refresh-token: You need to re-authenticate. Please log in.
2025-12-15 11:42:32 AM [info-System]: Failed to create record [IP: ::1]
2025-12-15 11:42:32 AM [error-System]: Error in POST /auth/refresh-token: You need to re-authenticate. Please log in.
2025-12-15 11:42:32 AM [info-System]: Failed to create record [IP: ::1]
2025-12-15 11:42:32 AM [error-System]: Error in POST /auth/refresh-token: You need to re-authenticate. Please log in.
2025-12-15 11:42:32 AM [info-System]: Failed to create record [IP: ::1]
2025-12-15 11:42:33 AM [error-System]: Error in GET /userreport/total-sale: You need to re-authenticate. Please log in.
2025-12-15 11:42:33 AM [info-System]: Failed to retrieve data [IP: ::1]
2025-12-15 11:42:33 AM [error-System]: Error in GET /userreport/total-purchase: You need to re-authenticate. Please log in.
2025-12-15 11:42:33 AM [info-System]: Failed to retrieve data [IP: ::1]
2025-12-15 11:42:33 AM [error-System]: Error in GET /admin/dashboard/active-users: You need to re-authenticate. Please log in.
2025-12-15 11:42:33 AM [info-System]: Failed to retrieve data [IP: ::1]
2025-12-15 11:42:33 AM [error-System]: Error in GET /vendors/filterVendor/all?page=1&limit=6: You need to re-authenticate. Please log in.
2025-12-15 11:42:33 AM [info-System]: Failed to retrieve data [IP: ::1]
2025-12-15 11:42:33 AM [error-System]: Error in GET /location-branches/filterData/filter/all: You need to re-authenticate. Please log in.
2025-12-15 11:42:33 AM [info-System]: Failed to retrieve data [IP: ::1]
2025-12-15 11:42:33 AM [error-System]: Error in POST /auth/refresh-token: You need to re-authenticate. Please log in.
2025-12-15 11:42:33 AM [info-System]: Failed to create record [IP: ::1]
2025-12-15 11:42:35 AM [error-System]: Error in POST /auth/refresh-token: You need to re-authenticate. Please log in.
2025-12-15 11:42:35 AM [info-System]: Failed to create record [IP: ::1]
2025-12-15 11:42:35 AM [error-System]: Error in POST /auth/refresh-token: You need to re-authenticate. Please log in.
2025-12-15 11:42:35 AM [info-System]: Failed to create record [IP: ::1]
2025-12-15 11:42:35 AM [error-System]: Error in POST /auth/refresh-token: You need to re-authenticate. Please log in.
2025-12-15 11:42:35 AM [info-System]: Failed to create record [IP: ::1]
2025-12-15 11:42:35 AM [error-System]: Error in POST /auth/refresh-token: You need to re-authenticate. Please log in.
2025-12-15 11:42:35 AM [info-System]: Failed to create record [IP: ::1]
2025-12-15 11:46:05 AM [error-System]: Error in GET /employee/all/partial?page=1&limit=6: You need to re-authenticate. Please log in.
2025-12-15 11:46:05 AM [info-System]: Failed to retrieve data [IP: ::1]
2025-12-15 11:46:05 AM [error-System]: Error in GET /vendors/filterVendor/all?page=1&limit=6: You need to re-authenticate. Please log in.
2025-12-15 11:46:05 AM [info-System]: Failed to retrieve data [IP: ::1]
2025-12-15 11:46:05 AM [error-System]: Error in GET /company/partial/details: You need to re-authenticate. Please log in.
2025-12-15 11:46:05 AM [info-System]: Failed to retrieve data [IP: ::1]
2025-12-15 11:46:05 AM [error-System]: Error in GET /userreport/total-sale: You need to re-authenticate. Please log in.
2025-12-15 11:46:05 AM [info-System]: Failed to retrieve data [IP: ::1]
2025-12-15 11:46:05 AM [error-System]: Error in GET /products/partial/data?page=1&limit=6: You need to re-authenticate. Please log in.
2025-12-15 11:46:05 AM [info-System]: Failed to retrieve data [IP: ::1]
2025-12-15 11:46:05 AM [error-System]: Error in GET /customers/names/all: You need to re-authenticate. Please log in.
2025-12-15 11:46:05 AM [info-System]: Failed to retrieve data [IP: ::1]
2025-12-15 11:46:05 AM [error-System]: Error in GET /userreport/user-counts: You need to re-authenticate. Please log in.
2025-12-15 11:46:05 AM [info-System]: Failed to retrieve data [IP: ::1]
2025-12-15 11:46:05 AM [error-System]: Error in GET /farmers/filterFarmer/all?page=1&limit=6: You need to re-authenticate. Please log in.
2025-12-15 11:46:05 AM [info-System]: Failed to retrieve data [IP: ::1]
2025-12-15 11:46:06 AM [error-System]: Error in POST /auth/refresh-token: You need to re-authenticate. Please log in.
2025-12-15 11:46:06 AM [info-System]: Failed to create record [IP: ::1]
2025-12-15 11:46:06 AM [error-System]: Error in POST /auth/refresh-token: You need to re-authenticate. Please log in.
2025-12-15 11:46:06 AM [info-System]: Failed to create record [IP: ::1]
2025-12-15 11:46:06 AM [error-System]: Error in POST /auth/refresh-token: You need to re-authenticate. Please log in.
2025-12-15 11:46:06 AM [info-System]: Failed to create record [IP: ::1]
2025-12-15 11:46:06 AM [error-System]: Error in POST /auth/refresh-token: You need to re-authenticate. Please log in.
2025-12-15 11:46:06 AM [info-System]: Failed to create record [IP: ::1]
2025-12-15 11:46:06 AM [error-System]: Error in POST /auth/refresh-token: You need to re-authenticate. Please log in.
2025-12-15 11:46:06 AM [info-System]: Failed to create record [IP: ::1]
2025-12-15 11:46:06 AM [error-System]: Error in POST /auth/refresh-token: You need to re-authenticate. Please log in.
2025-12-15 11:46:06 AM [info-System]: Failed to create record [IP: ::1]
2025-12-15 11:46:06 AM [error-System]: Error in POST /auth/refresh-token: You need to re-authenticate. Please log in.
2025-12-15 11:46:06 AM [info-System]: Failed to create record [IP: ::1]
2025-12-15 11:46:06 AM [error-System]: Error in POST /auth/refresh-token: You need to re-authenticate. Please log in.
2025-12-15 11:46:06 AM [info-System]: Failed to create record [IP: ::1]
2025-12-15 11:46:06 AM [error-System]: Error in GET /userreport/total-purchase: You need to re-authenticate. Please log in.
2025-12-15 11:46:06 AM [info-System]: Failed to retrieve data [IP: ::1]
2025-12-15 11:46:06 AM [error-System]: Error in GET /admin/dashboard/active-users: You need to re-authenticate. Please log in.
2025-12-15 11:46:06 AM [info-System]: Failed to retrieve data [IP: ::1]
2025-12-15 11:46:06 AM [error-System]: Error in GET /location-branches/filterData/filter/all: You need to re-authenticate. Please log in.
2025-12-15 11:46:06 AM [info-System]: Failed to retrieve data [IP: ::1]
2025-12-15 11:46:07 AM [error-System]: Error in POST /auth/refresh-token: You need to re-authenticate. Please log in.
2025-12-15 11:46:07 AM [info-System]: Failed to create record [IP: ::1]
2025-12-15 11:46:07 AM [error-System]: Error in POST /auth/refresh-token: You need to re-authenticate. Please log in.
2025-12-15 11:46:07 AM [info-System]: Failed to create record [IP: ::1]
2025-12-15 11:46:07 AM [error-System]: Error in POST /auth/refresh-token: You need to re-authenticate. Please log in.
2025-12-15 11:46:07 AM [info-System]: Failed to create record [IP: ::1]
2025-12-15 11:46:08 AM [error-System]: Error in GET /userreport/total-sale: You need to re-authenticate. Please log in.
2025-12-15 11:46:08 AM [info-System]: Failed to retrieve data [IP: ::1]
2025-12-15 11:46:08 AM [error-System]: Error in GET /userreport/user-counts: You need to re-authenticate. Please log in.
2025-12-15 11:46:08 AM [info-System]: Failed to retrieve data [IP: ::1]
2025-12-15 11:46:08 AM [error-System]: Error in GET /employee/all/partial?page=1&limit=6: You need to re-authenticate. Please log in.
2025-12-15 11:46:08 AM [info-System]: Failed to retrieve data [IP: ::1]
2025-12-15 11:46:08 AM [error-System]: Error in GET /customers/names/all: You need to re-authenticate. Please log in.
2025-12-15 11:46:08 AM [info-System]: Failed to retrieve data [IP: ::1]
2025-12-15 11:46:08 AM [error-System]: Error in GET /products/partial/data?page=1&limit=6: You need to re-authenticate. Please log in.
2025-12-15 11:46:08 AM [info-System]: Failed to retrieve data [IP: ::1]
2025-12-15 11:46:08 AM [error-System]: Error in GET /farmers/filterFarmer/all?page=1&limit=6: You need to re-authenticate. Please log in.
2025-12-15 11:46:08 AM [info-System]: Failed to retrieve data [IP: ::1]
2025-12-15 11:46:08 AM [error-System]: Error in GET /company/partial/details: You need to re-authenticate. Please log in.
2025-12-15 11:46:08 AM [info-System]: Failed to retrieve data [IP: ::1]
2025-12-15 11:46:08 AM [error-System]: Error in GET /vendors/filterVendor/all?page=1&limit=6: You need to re-authenticate. Please log in.
2025-12-15 11:46:08 AM [info-System]: Failed to retrieve data [IP: ::1]
2025-12-15 11:46:08 AM [error-System]: Error in GET /admin/dashboard/active-users: You need to re-authenticate. Please log in.
2025-12-15 11:46:08 AM [info-System]: Failed to retrieve data [IP: ::1]
2025-12-15 11:46:08 AM [error-System]: Error in GET /location-branches/filterData/filter/all: You need to re-authenticate. Please log in.
2025-12-15 11:46:08 AM [info-System]: Failed to retrieve data [IP: ::1]
2025-12-15 11:46:08 AM [error-System]: Error in GET /userreport/total-purchase: You need to re-authenticate. Please log in.
2025-12-15 11:46:08 AM [info-System]: Failed to retrieve data [IP: ::1]
2025-12-15 11:46:08 AM [error-System]: Error in POST /auth/refresh-token: You need to re-authenticate. Please log in.
2025-12-15 11:46:08 AM [info-System]: Failed to create record [IP: ::1]
2025-12-15 11:46:08 AM [error-System]: Error in POST /auth/refresh-token: You need to re-authenticate. Please log in.
2025-12-15 11:46:08 AM [info-System]: Failed to create record [IP: ::1]
2025-12-15 11:46:08 AM [error-System]: Error in POST /auth/refresh-token: You need to re-authenticate. Please log in.
2025-12-15 11:46:08 AM [info-System]: Failed to create record [IP: ::1]
2025-12-15 11:46:08 AM [error-System]: Error in POST /auth/refresh-token: You need to re-authenticate. Please log in.
2025-12-15 11:46:08 AM [info-System]: Failed to create record [IP: ::1]
2025-12-15 11:46:08 AM [error-System]: Error in POST /auth/refresh-token: You need to re-authenticate. Please log in.
2025-12-15 11:46:08 AM [info-System]: Failed to create record [IP: ::1]
2025-12-15 11:46:08 AM [error-System]: Error in POST /auth/refresh-token: You need to re-authenticate. Please log in.
2025-12-15 11:46:08 AM [info-System]: Failed to create record [IP: ::1]
2025-12-15 11:46:08 AM [error-System]: Error in POST /auth/refresh-token: You need to re-authenticate. Please log in.
2025-12-15 11:46:08 AM [info-System]: Failed to create record [IP: ::1]
2025-12-15 11:46:08 AM [error-System]: Error in POST /auth/refresh-token: You need to re-authenticate. Please log in.
2025-12-15 11:46:08 AM [info-System]: Failed to create record [IP: ::1]
2025-12-15 11:46:08 AM [error-System]: Error in POST /auth/refresh-token: You need to re-authenticate. Please log in.
2025-12-15 11:46:08 AM [info-System]: Failed to create record [IP: ::1]
2025-12-15 11:46:08 AM [error-System]: Error in POST /auth/refresh-token: You need to re-authenticate. Please log in.
2025-12-15 11:46:08 AM [info-System]: Failed to create record [IP: ::1]
2025-12-15 11:46:08 AM [error-System]: Error in POST /auth/refresh-token: You need to re-authenticate. Please log in.
2025-12-15 11:46:08 AM [info-System]: Failed to create record [IP: ::1]
2025-12-15 11:46:41 AM [error-System]: Error in GET /employee/all/partial: You need to re-authenticate. Please log in.
2025-12-15 11:46:41 AM [info-System]: Failed to retrieve data [IP: ::1]
2025-12-15 11:46:41 AM [error-System]: Error in POST /auth/refresh-token: You need to re-authenticate. Please log in.
2025-12-15 11:46:41 AM [info-System]: Failed to create record [IP: ::1]
2025-12-15 11:46:42 AM [error-System]: Error in GET /employee/all/partial: You need to re-authenticate. Please log in.
2025-12-15 11:46:42 AM [info-System]: Failed to retrieve data [IP: ::1]
2025-12-15 11:46:42 AM [error-System]: Error in POST /auth/refresh-token: You need to re-authenticate. Please log in.
2025-12-15 11:46:42 AM [info-System]: Failed to create record [IP: ::1]
2025-12-15 11:46:47 AM [error-System]: Error in GET /workflow/getworkflow/sale?managerId=h: You need to re-authenticate. Please log in.
2025-12-15 11:46:47 AM [info-System]: Failed to retrieve data [IP: ::1]
2025-12-15 11:46:47 AM [error-System]: Error in POST /auth/refresh-token: You need to re-authenticate. Please log in.
2025-12-15 11:46:47 AM [info-System]: Failed to create record [IP: ::1]
2025-12-15 11:46:47 AM [error-System]: Error in GET /workflow/getworkflow/sale?managerId=hi: You need to re-authenticate. Please log in.
2025-12-15 11:46:47 AM [info-System]: Failed to retrieve data [IP: ::1]
2025-12-15 11:46:47 AM [error-System]: Error in POST /auth/refresh-token: You need to re-authenticate. Please log in.
2025-12-15 11:46:47 AM [info-System]: Failed to create record [IP: ::1]
2025-12-15 11:46:47 AM [error-System]: Error in GET /workflow/getworkflow/sale?managerId=hir: You need to re-authenticate. Please log in.
2025-12-15 11:46:47 AM [info-System]: Failed to retrieve data [IP: ::1]
2025-12-15 11:46:47 AM [error-System]: Error in POST /auth/refresh-token: You need to re-authenticate. Please log in.
2025-12-15 11:46:47 AM [info-System]: Failed to create record [IP: ::1]
2025-12-15 11:46:47 AM [error-System]: Error in GET /workflow/getworkflow/sale?managerId=hire: You need to re-authenticate. Please log in.
2025-12-15 11:46:47 AM [info-System]: Failed to retrieve data [IP: ::1]
2025-12-15 11:46:47 AM [error-System]: Error in POST /auth/refresh-token: You need to re-authenticate. Please log in.
2025-12-15 11:46:47 AM [info-System]: Failed to create record [IP: ::1]
2025-12-15 11:46:47 AM [error-System]: Error in GET /workflow/getworkflow/sale?managerId=hiren: You need to re-authenticate. Please log in.
2025-12-15 11:46:47 AM [info-System]: Failed to retrieve data [IP: ::1]
2025-12-15 11:46:47 AM [error-System]: Error in POST /auth/refresh-token: You need to re-authenticate. Please log in.
2025-12-15 11:46:47 AM [info-System]: Failed to create record [IP: ::1]
2025-12-15 11:46:48 AM [error-System]: Error in GET /workflow/getworkflow/sale?managerId=hiren: You need to re-authenticate. Please log in.
2025-12-15 11:46:48 AM [info-System]: Failed to retrieve data [IP: ::1]
2025-12-15 11:46:48 AM [error-System]: Error in POST /auth/refresh-token: You need to re-authenticate. Please log in.
2025-12-15 11:46:48 AM [info-System]: Failed to create record [IP: ::1]
2025-12-15 11:46:55 AM [info-Sagar Pagar]: User logout successful [IP: ::1]
2025-12-15 11:46:55 AM [info-System]: User logged out successfully [IP: ::1]
2025-12-15 11:48:48 AM [info-Vaibhav Ahire]: User login successful [IP: ::1]
2025-12-15 11:48:48 AM [info-System]: User logged in successfully [IP: ::1]
2025-12-15 11:48:51 AM [info-Admin Admin]: Data retrieved successfully [IP: ::1]
2025-12-15 11:48:51 AM [info-Admin Admin]: Branch data retrieved successfully [IP: ::1]
2025-12-15 11:48:51 AM [info-Admin Admin]: Company data retrieved successfully [IP: ::1]
2025-12-15 11:48:51 AM [info-Admin Admin]: Data retrieved successfully [IP: ::1]
2025-12-15 11:48:51 AM [info-Admin Admin]: Data retrieved successfully [IP: ::1]
2025-12-15 11:48:51 AM [info-Admin Admin]: Data retrieved successfully [IP: ::1]
2025-12-15 11:48:51 AM [info-Admin Admin]: Farmers (filtered) list retrieved successfully [IP: ::1]
2025-12-15 11:48:51 AM [info-Admin Admin]: Data retrieved successfully [IP: ::1]
2025-12-15 11:48:51 AM [info-Admin Admin]: Customer data retrieved successfully [IP: ::1]
2025-12-15 11:48:51 AM [info-Admin Admin]: Data retrieved successfully [IP: ::1]
2025-12-15 11:48:51 AM [info-Admin Admin]: Data retrieved successfully [IP: ::1]
2025-12-15 11:48:51 AM [info-Admin Admin]: Data retrieved successfully [IP: ::1]
2025-12-15 11:50:55 AM [error-System]: Error in GET /workflow/getworkflow/sale?managerId=44dc1216-c310-4b47-a797-663cf9d838b9: Unexpected token 's', ..."partment":sale
    "... is not valid JSON
2025-12-15 11:51:05 AM [info-Admin Admin]: Data retrieved successfully [IP: ::1]
2025-12-15 11:52:16 AM [info-Admin Admin]: Data retrieved successfully [IP: ::1]
2025-12-15 11:52:20 AM [info-Admin Admin]: Failed to retrieve data [IP: ::1]
2025-12-15 11:52:20 AM [info-Admin Admin]: Failed to retrieve data [IP: ::1]
2025-12-15 11:52:20 AM [info-Admin Admin]: Failed to retrieve data [IP: ::1]
2025-12-15 11:52:20 AM [info-Admin Admin]: Failed to retrieve data [IP: ::1]
2025-12-15 11:52:21 AM [info-Admin Admin]: Failed to retrieve data [IP: ::1]
2025-12-15 11:52:21 AM [info-Admin Admin]: Data retrieved successfully [IP: ::1]
2025-12-15 11:52:46 AM [info-Admin Admin]: Failed to retrieve data [IP: ::1]
2025-12-15 11:52:46 AM [info-Admin Admin]: Failed to retrieve data [IP: ::1]
2025-12-15 11:52:46 AM [info-Admin Admin]: Failed to retrieve data [IP: ::1]
2025-12-15 11:52:46 AM [info-Admin Admin]: Failed to retrieve data [IP: ::1]
2025-12-15 11:52:47 AM [info-Admin Admin]: Failed to retrieve data [IP: ::1]
2025-12-15 11:52:48 AM [info-Admin Admin]: Data retrieved successfully [IP: ::1]
2025-12-15 11:53:21 AM [info-Admin Admin]: Data retrieved successfully [IP: ::1]
2025-12-15 11:53:39 AM [info-Admin Admin]: Data retrieved successfully [IP: ::1]
2025-12-15 11:53:53 AM [info-Admin Admin]: Data retrieved successfully [IP: ::1]
2025-12-15 12:34:08 PM [info-Admin Admin]: Data retrieved successfully [IP: ::1]
2025-12-15 12:36:10 PM [info-Admin Admin]: Data retrieved successfully [IP: ::1]
2025-12-15 12:42:20 PM [info-Admin Admin]: Record updated successfully [IP: ::1]
2025-12-15 12:58:18 PM [info-Admin Admin]: Record updated successfully [IP: ::1]
2025-12-15 01:03:44 PM [error-System]: Error in GET /workflow/getworkflow/sale: You need to re-authenticate. Please log in.
2025-12-15 01:03:44 PM [info-System]: Failed to retrieve data [IP: ::1]
2025-12-15 01:04:21 PM [info-Admin Admin]: Data retrieved successfully [IP: ::1]
2025-12-15 02:07:43 PM [info-Admin Admin]: Data retrieved successfully [IP: ::1]
2025-12-15 02:07:52 PM [info-Admin Admin]: Data retrieved successfully [IP: ::1]
2025-12-15 02:14:11 PM [error-System]: Error in GET /customers/names/all: You need to re-authenticate. Please log in.
2025-12-15 02:14:11 PM [info-System]: Failed to retrieve data [IP: ::1]
2025-12-15 02:14:11 PM [error-System]: Error in GET /admin/dashboard/active-users: You need to re-authenticate. Please log in.
2025-12-15 02:14:11 PM [info-System]: Failed to retrieve data [IP: ::1]
2025-12-15 02:14:11 PM [error-System]: Error in GET /employee/all/partial?page=1&limit=6: You need to re-authenticate. Please log in.
2025-12-15 02:14:11 PM [info-System]: Failed to retrieve data [IP: ::1]
2025-12-15 02:14:11 PM [error-System]: Error in GET /farmers/filterFarmer/all?page=1&limit=6: You need to re-authenticate. Please log in.
2025-12-15 02:14:11 PM [info-System]: Failed to retrieve data [IP: ::1]
2025-12-15 02:14:11 PM [error-System]: Error in GET /location-branches/filterData/filter/all: You need to re-authenticate. Please log in.
2025-12-15 02:14:11 PM [info-System]: Failed to retrieve data [IP: ::1]
2025-12-15 02:14:11 PM [error-System]: Error in GET /userreport/total-purchase: You need to re-authenticate. Please log in.
2025-12-15 02:14:11 PM [info-System]: Failed to retrieve data [IP: ::1]
2025-12-15 02:14:11 PM [error-System]: Error in GET /vendors/filterVendor/all?page=1&limit=6: You need to re-authenticate. Please log in.
2025-12-15 02:14:11 PM [info-System]: Failed to retrieve data [IP: ::1]
2025-12-15 02:14:11 PM [error-System]: Error in GET /products/partial/data?page=1&limit=6: You need to re-authenticate. Please log in.
2025-12-15 02:14:11 PM [info-System]: Failed to retrieve data [IP: ::1]
2025-12-15 02:14:11 PM [error-System]: Error in GET /userreport/total-sale: You need to re-authenticate. Please log in.
2025-12-15 02:14:11 PM [info-System]: Failed to retrieve data [IP: ::1]
2025-12-15 02:14:11 PM [error-System]: Error in GET /company/partial/details: You need to re-authenticate. Please log in.
2025-12-15 02:14:11 PM [info-System]: Failed to retrieve data [IP: ::1]
2025-12-15 02:14:11 PM [error-System]: Error in GET /userreport/user-counts: You need to re-authenticate. Please log in.
2025-12-15 02:14:11 PM [info-System]: Failed to retrieve data [IP: ::1]
2025-12-15 02:14:12 PM [info-System]: Failed to create record [IP: ::1]
2025-12-15 02:14:12 PM [info-System]: Failed to create record [IP: ::1]
2025-12-15 02:14:12 PM [info-System]: Failed to create record [IP: ::1]
2025-12-15 02:14:12 PM [info-System]: Failed to create record [IP: ::1]
2025-12-15 02:14:12 PM [info-System]: Failed to create record [IP: ::1]
2025-12-15 02:14:12 PM [info-System]: Failed to create record [IP: ::1]
2025-12-15 02:14:12 PM [info-System]: Failed to create record [IP: ::1]
2025-12-15 02:14:12 PM [info-System]: Failed to create record [IP: ::1]
2025-12-15 02:14:12 PM [info-System]: Failed to create record [IP: ::1]
2025-12-15 02:14:12 PM [info-System]: Failed to create record [IP: ::1]
2025-12-15 02:14:12 PM [info-System]: Failed to create record [IP: ::1]
2025-12-15 02:14:13 PM [info-Admin Admin]: Branch data retrieved successfully [IP: ::1]
2025-12-15 02:14:13 PM [info-Admin Admin]: Data retrieved successfully [IP: ::1]
2025-12-15 02:14:13 PM [info-Admin Admin]: Company data retrieved successfully [IP: ::1]
2025-12-15 02:14:13 PM [info-Admin Admin]: Data retrieved successfully [IP: ::1]
2025-12-15 02:14:13 PM [info-Admin Admin]: Customer data retrieved successfully [IP: ::1]
2025-12-15 02:14:13 PM [info-Admin Admin]: Farmers (filtered) list retrieved successfully [IP: ::1]
2025-12-15 02:14:13 PM [info-Admin Admin]: Data retrieved successfully [IP: ::1]
2025-12-15 02:14:13 PM [info-Admin Admin]: Data retrieved successfully [IP: ::1]
2025-12-15 02:14:13 PM [info-Admin Admin]: Data retrieved successfully [IP: ::1]
2025-12-15 02:14:13 PM [info-Admin Admin]: Data retrieved successfully [IP: ::1]
2025-12-15 02:14:13 PM [info-Admin Admin]: Data retrieved successfully [IP: ::1]
2025-12-15 02:14:13 PM [info-Admin Admin]: Data retrieved successfully [IP: ::1]
2025-12-15 02:15:28 PM [info-Admin Admin]: Data retrieved successfully [IP: ::1]
2025-12-15 02:15:38 PM [info-Admin Admin]: Data retrieved successfully [IP: ::1]
2025-12-15 02:16:14 PM [info-Admin Admin]: Failed to retrieve data [IP: ::1]
2025-12-15 02:16:14 PM [info-Admin Admin]: Failed to retrieve data [IP: ::1]
2025-12-15 02:16:16 PM [info-Admin Admin]: Failed to retrieve data [IP: ::1]
2025-12-15 02:16:16 PM [info-Admin Admin]: Failed to retrieve data [IP: ::1]
2025-12-15 02:16:16 PM [info-Admin Admin]: Failed to retrieve data [IP: ::1]
2025-12-15 02:16:17 PM [info-Admin Admin]: Failed to retrieve data [IP: ::1]
2025-12-15 02:16:18 PM [info-Admin Admin]: Data retrieved successfully [IP: ::1]
2025-12-15 02:17:35 PM [info-Admin Admin]: Data retrieved successfully [IP: ::1]
2025-12-15 02:17:40 PM [info-Admin Admin]: Data retrieved successfully [IP: ::1]
2025-12-15 02:17:42 PM [info-Admin Admin]: Data retrieved successfully [IP: ::1]
2025-12-15 02:17:45 PM [info-Admin Admin]: Data retrieved successfully [IP: ::1]
2025-12-15 02:17:49 PM [info-Admin Admin]: Data retrieved successfully [IP: ::1]
2025-12-15 02:21:43 PM [info-Admin Admin]: Record created successfully [IP: ::1]
2025-12-15 02:21:46 PM [info-Admin Admin]: Data retrieved successfully [IP: ::1]
2025-12-15 02:21:53 PM [info-Admin Admin]: Failed to retrieve data [IP: ::1]
2025-12-15 02:21:53 PM [info-Admin Admin]: Failed to retrieve data [IP: ::1]
2025-12-15 02:21:54 PM [info-Admin Admin]: Failed to retrieve data [IP: ::1]
2025-12-15 02:21:55 PM [info-Admin Admin]: Failed to retrieve data [IP: ::1]
2025-12-15 02:21:55 PM [info-Admin Admin]: Data retrieved successfully [IP: ::1]
2025-12-15 02:25:29 PM [info-Admin Admin]: Data retrieved successfully [IP: ::1]
2025-12-15 02:25:34 PM [info-Admin Admin]: Data retrieved successfully [IP: ::1]
2025-12-15 02:25:40 PM [info-Admin Admin]: Data retrieved successfully [IP: ::1]
2025-12-15 02:26:57 PM [info-Admin Admin]: Record created successfully [IP: ::1]
2025-12-15 02:27:00 PM [info-Admin Admin]: Data retrieved successfully [IP: ::1]
2025-12-15 02:27:07 PM [info-Admin Admin]: Failed to retrieve data [IP: ::1]
2025-12-15 02:27:07 PM [info-Admin Admin]: Failed to retrieve data [IP: ::1]
2025-12-15 02:27:08 PM [info-Admin Admin]: Failed to retrieve data [IP: ::1]
2025-12-15 02:27:10 PM [info-Admin Admin]: Data retrieved successfully [IP: ::1]
2025-12-15 02:28:24 PM [info-Admin Admin]: Data retrieved successfully [IP: ::1]
2025-12-15 02:28:48 PM [info-Admin Admin]: Data retrieved successfully [IP: ::1]
2025-12-15 02:28:51 PM [info-Admin Admin]: Document Definitions data retrieved successfully [IP: ::1]
2025-12-15 02:28:52 PM [info-Admin Admin]: Data retrieved successfully [IP: ::1]
2025-12-15 02:28:52 PM [info-Admin Admin]: Company data retrieved successfully [IP: ::1]
2025-12-15 02:28:52 PM [info-Admin Admin]: Branch data retrieved successfully [IP: ::1]
2025-12-15 02:29:02 PM [info-Admin Admin]: Data retrieved successfully [IP: ::1]
2025-12-15 02:29:34 PM [info-Admin Admin]: Data retrieved successfully [IP: ::1]
2025-12-15 02:30:56 PM [info-Admin Admin]: Data retrieved successfully [IP: ::1]
2025-12-15 02:31:33 PM [info-Admin Admin]: Data retrieved successfully [IP: ::1]
2025-12-15 02:31:50 PM [info-Admin Admin]: Data retrieved successfully [IP: ::1]
2025-12-15 02:32:47 PM [info-Admin Admin]: Data retrieved successfully [IP: ::1]
2025-12-15 02:34:31 PM [info-Admin Admin]: Data retrieved successfully [IP: ::1]
2025-12-15 02:34:46 PM [info-Admin Admin]: Data retrieved successfully [IP: ::1]
2025-12-15 02:34:54 PM [info-Admin Admin]: Data retrieved successfully [IP: ::1]
2025-12-15 02:36:06 PM [info-Admin Admin]: Data retrieved successfully [IP: ::1]
2025-12-15 02:36:16 PM [info-Admin Admin]: Failed to retrieve data [IP: ::1]
2025-12-15 02:36:17 PM [info-Admin Admin]: Failed to retrieve data [IP: ::1]
2025-12-15 02:36:17 PM [info-Admin Admin]: Failed to retrieve data [IP: ::1]
2025-12-15 02:36:17 PM [info-Admin Admin]: Failed to retrieve data [IP: ::1]
2025-12-15 02:36:19 PM [info-Admin Admin]: Failed to retrieve data [IP: ::1]
2025-12-15 02:36:30 PM [info-Admin Admin]: Data retrieved successfully [IP: ::1]
2025-12-15 02:43:00 PM [info-Admin Admin]: Data retrieved successfully [IP: ::1]
2025-12-15 02:43:09 PM [info-Admin Admin]: Data retrieved successfully [IP: ::1]
2025-12-15 05:39:59 PM [info-Admin Admin]: Record updated successfully [IP: ::1]
2025-12-15 05:41:50 PM [info-Admin Admin]: Record updated successfully [IP: ::1]
2025-12-15 05:41:53 PM [info-Admin Admin]: Record updated successfully [IP: ::1]
2025-12-15 06:13:15 PM [info-Admin Admin]: Data retrieved successfully [IP: ::1]
2025-12-15 06:13:27 PM [info-Admin Admin]: Data retrieved successfully [IP: ::1]
2025-12-15 06:19:35 PM [info-Admin Admin]: Data retrieved successfully [IP: ::1]
2025-12-15 06:19:35 PM [info-Admin Admin]: Data retrieved successfully [IP: ::1]
2025-12-15 06:19:48 PM [info-Admin Admin]: Data retrieved successfully [IP: ::1]
2025-12-15 06:19:48 PM [info-Admin Admin]: Data retrieved successfully [IP: ::1]
2025-12-16 11:17:41 AM [info-Admin Admin]: Branch data retrieved successfully [IP: ::1]
2025-12-16 11:17:41 AM [info-Admin Admin]: Customer data retrieved successfully [IP: ::1]
2025-12-16 11:17:41 AM [info-Admin Admin]: Company data retrieved successfully [IP: ::1]
2025-12-16 11:17:41 AM [info-Admin Admin]: Data retrieved successfully [IP: ::1]
2025-12-16 11:17:41 AM [info-Admin Admin]: Data retrieved successfully [IP: ::1]
2025-12-16 11:17:41 AM [info-Admin Admin]: Data retrieved successfully [IP: ::1]
2025-12-16 11:17:41 AM [info-Admin Admin]: Data retrieved successfully [IP: ::1]
2025-12-16 11:17:41 AM [info-Admin Admin]: Farmers (filtered) list retrieved successfully [IP: ::1]
2025-12-16 11:17:41 AM [info-Admin Admin]: Data retrieved successfully [IP: ::1]
2025-12-16 11:17:41 AM [info-Admin Admin]: Data retrieved successfully [IP: ::1]
2025-12-16 11:17:41 AM [info-Admin Admin]: Data retrieved successfully [IP: ::1]
2025-12-16 11:17:41 AM [info-Admin Admin]: Data retrieved successfully [IP: ::1]
2025-12-16 11:17:42 AM [info-Admin Admin]: Data retrieved successfully [IP: ::1]
2025-12-16 11:57:53 AM [info-Admin Admin]: Data retrieved successfully [IP: ::1]
2025-12-16 11:58:51 AM [info-Admin Admin]: Data retrieved successfully [IP: ::1]
2025-12-16 11:58:52 AM [info-Admin Admin]: Data retrieved successfully [IP: ::1]
2025-12-16 12:08:40 PM [info-Admin Admin]: Data retrieved successfully [IP: ::1]
2025-12-16 12:11:49 PM [info-Admin Admin]: Data retrieved successfully [IP: ::1]
2025-12-16 02:33:40 PM [info-Admin Admin]: Data retrieved successfully [IP: ::1]
2025-12-16 02:33:48 PM [info-Admin Admin]: Failed to retrieve data [IP: ::1]
2025-12-16 02:33:48 PM [info-Admin Admin]: Failed to retrieve data [IP: ::1]
2025-12-16 02:33:49 PM [info-Admin Admin]: Failed to retrieve data [IP: ::1]
2025-12-16 02:33:49 PM [info-Admin Admin]: Failed to retrieve data [IP: ::1]
2025-12-16 02:33:49 PM [info-Admin Admin]: Failed to retrieve data [IP: ::1]
2025-12-16 02:33:50 PM [info-Admin Admin]: Failed to retrieve data [IP: ::1]
2025-12-16 02:33:50 PM [info-Admin Admin]: Data retrieved successfully [IP: ::1]
2025-12-16 02:34:05 PM [info-Admin Admin]: Data retrieved successfully [IP: ::1]
2025-12-16 02:34:51 PM [info-Admin Admin]: Data retrieved successfully [IP: ::1]
2025-12-16 02:34:51 PM [info-Admin Admin]: Data retrieved successfully [IP: ::1]
2025-12-16 02:35:00 PM [info-Admin Admin]: Data retrieved successfully [IP: ::1]
2025-12-16 02:38:28 PM [info-Admin Admin]: Data retrieved successfully [IP: ::1]
2025-12-16 02:38:28 PM [info-Admin Admin]: Data retrieved successfully [IP: ::1]
2025-12-16 02:38:32 PM [info-Admin Admin]: Data retrieved successfully [IP: ::1]
2025-12-16 02:38:55 PM [info-Admin Admin]: Data retrieved successfully [IP: ::1]
2025-12-16 02:43:36 PM [info-Admin Admin]: Data retrieved successfully [IP: ::1]
2025-12-16 05:21:02 PM [info-Admin Admin]: Data retrieved successfully [IP: ::1]
2025-12-16 05:21:08 PM [info-Admin Admin]: Data retrieved successfully [IP: ::1]
2025-12-16 05:21:14 PM [info-Admin Admin]: Failed to retrieve data [IP: ::1]
2025-12-16 05:21:14 PM [info-Admin Admin]: Failed to retrieve data [IP: ::1]
2025-12-16 05:21:14 PM [info-Admin Admin]: Failed to retrieve data [IP: ::1]
2025-12-16 05:21:14 PM [info-Admin Admin]: Failed to retrieve data [IP: ::1]
2025-12-16 05:21:15 PM [info-Admin Admin]: Data retrieved successfully [IP: ::1]
2025-12-16 05:22:41 PM [info-Admin Admin]: Data retrieved successfully [IP: ::1]
2025-12-16 05:22:41 PM [info-Admin Admin]: Data retrieved successfully [IP: ::1]
2025-12-16 05:23:00 PM [info-Admin Admin]: Data retrieved successfully [IP: ::1]
2025-12-16 05:23:11 PM [info-Admin Admin]: Failed to retrieve data [IP: ::1]
2025-12-16 05:23:12 PM [info-Admin Admin]: Failed to retrieve data [IP: ::1]
2025-12-16 05:23:12 PM [info-Admin Admin]: Failed to retrieve data [IP: ::1]
2025-12-16 05:23:12 PM [info-Admin Admin]: Failed to retrieve data [IP: ::1]
2025-12-16 05:23:12 PM [info-Admin Admin]: Failed to retrieve data [IP: ::1]
2025-12-16 05:23:13 PM [info-Admin Admin]: Failed to retrieve data [IP: ::1]
2025-12-16 05:23:14 PM [info-Admin Admin]: Data retrieved successfully [IP: ::1]
2025-12-16 05:24:18 PM [info-Admin Admin]: Data retrieved successfully [IP: ::1]
2025-12-16 05:24:18 PM [info-Admin Admin]: Data retrieved successfully [IP: ::1]
2025-12-16 05:26:56 PM [info-Admin Admin]: Data retrieved successfully [IP: ::1]
2025-12-16 05:26:56 PM [info-Admin Admin]: Data retrieved successfully [IP: ::1]
2025-12-16 05:28:01 PM [info-Admin Admin]: Data retrieved successfully [IP: ::1]
2025-12-16 05:28:01 PM [info-Admin Admin]: Data retrieved successfully [IP: ::1]
2025-12-16 05:29:34 PM [info-Admin Admin]: Data retrieved successfully [IP: ::1]
2025-12-16 05:29:34 PM [info-Admin Admin]: Data retrieved successfully [IP: ::1]
2025-12-16 05:34:33 PM [info-Admin Admin]: Data retrieved successfully [IP: ::1]
2025-12-16 05:34:33 PM [info-Admin Admin]: Data retrieved successfully [IP: ::1]
2025-12-16 05:36:22 PM [info-Admin Admin]: Data retrieved successfully [IP: ::1]
2025-12-16 05:36:22 PM [info-Admin Admin]: Data retrieved successfully [IP: ::1]
2025-12-16 05:36:47 PM [info-Admin Admin]: Record created successfully [IP: ::1]
2025-12-16 05:37:18 PM [info-Admin Admin]: Data retrieved successfully [IP: ::1]
2025-12-16 05:37:29 PM [info-Admin Admin]: Data retrieved successfully [IP: ::1]
2025-12-16 05:38:51 PM [info-Admin Admin]: Record updated successfully [IP: ::1]
2025-12-16 05:44:08 PM [info-Admin Admin]: Data retrieved successfully [IP: ::1]
2025-12-16 05:44:21 PM [info-Admin Admin]: Data retrieved successfully [IP: ::1]
2025-12-16 05:44:45 PM [info-Admin Admin]: Record created successfully [IP: ::1]
2025-12-16 05:44:45 PM [info-Admin Admin]: Data retrieved successfully [IP: ::1]
2025-12-16 05:45:40 PM [info-Admin Admin]: Record created successfully [IP: ::1]
2025-12-16 05:45:40 PM [info-Admin Admin]: Data retrieved successfully [IP: ::1]
2025-12-16 05:46:08 PM [info-Admin Admin]: Record updated successfully [IP: ::1]
2025-12-16 05:46:08 PM [info-Admin Admin]: Data retrieved successfully [IP: ::1]
2025-12-18 03:52:29 PM [info-Vaibhav Ahire]: User login successful [IP: ::1]
2025-12-18 03:52:29 PM [info-System]: User logged in successfully [IP: ::1]
2025-12-18 03:52:34 PM [info-Admin Admin]: Employee (partial) list retrieved successfully [IP: ::1]
2025-12-18 03:52:34 PM [info-Admin Admin]: Data retrieved successfully [IP: ::1]
2025-12-18 03:52:34 PM [info-Admin Admin]: Branch data retrieved successfully [IP: ::1]
2025-12-18 03:52:34 PM [info-Admin Admin]: Company data retrieved successfully [IP: ::1]
2025-12-18 03:52:34 PM [info-Admin Admin]: Data retrieved successfully [IP: ::1]
2025-12-18 03:52:34 PM [info-Admin Admin]: Data retrieved successfully [IP: ::1]
2025-12-18 03:52:34 PM [info-Admin Admin]: Customer data retrieved successfully [IP: ::1]
2025-12-18 03:52:34 PM [info-Admin Admin]: Data retrieved successfully [IP: ::1]
2025-12-18 03:52:34 PM [info-Admin Admin]: Farmers (filtered) list retrieved successfully [IP: ::1]
2025-12-18 03:52:34 PM [info-Admin Admin]: Data retrieved successfully [IP: ::1]
2025-12-18 03:52:34 PM [info-Admin Admin]: Data retrieved successfully [IP: ::1]
2025-12-18 03:52:34 PM [info-Admin Admin]: User counts report list retrieved successfully [IP: ::1]
2025-12-18 03:52:34 PM [info-Admin Admin]: Data retrieved successfully [IP: ::1]
2025-12-18 03:52:34 PM [info-Admin Admin]: Data retrieved successfully [IP: ::1]
2025-12-18 05:04:59 PM [info-Vaibhav Ahire]: User login successful [IP: ::1]
2025-12-18 05:04:59 PM [info-System]: User logged in successfully [IP: ::1]
2025-12-18 05:05:54 PM [error-System]: Error in GET /employee/?page=1&limit=10: You need to re-authenticate. Please log in.
2025-12-18 05:05:54 PM [info-System]: Failed to retrieve data [IP: ::1]
2025-12-18 05:05:54 PM [info-System]: Failed to create record [IP: ::1]
2025-12-18 05:05:55 PM [info-Admin Admin]: Employee list retrieved successfully [IP: ::1]
2025-12-18 05:05:55 PM [info-Admin Admin]: Data retrieved successfully [IP: ::1]
2025-12-18 05:06:04 PM [info-Admin Admin]: Employee list retrieved successfully [IP: ::1]
2025-12-18 05:06:04 PM [info-Admin Admin]: Data retrieved successfully [IP: ::1]
2025-12-18 05:06:04 PM [info-Admin Admin]: Employee list retrieved successfully [IP: ::1]
2025-12-18 05:06:04 PM [info-Admin Admin]: Data retrieved successfully [IP: ::1]
2025-12-18 05:06:09 PM [info-Admin Admin]: Employee list retrieved successfully [IP: ::1]
2025-12-18 05:06:09 PM [info-Admin Admin]: Data retrieved successfully [IP: ::1]
2025-12-18 05:06:17 PM [info-Admin Admin]: Employee list retrieved successfully [IP: ::1]
2025-12-18 05:06:17 PM [info-Admin Admin]: Data retrieved successfully [IP: ::1]
2025-12-18 05:06:17 PM [info-Admin Admin]: Employee list retrieved successfully [IP: ::1]
2025-12-18 05:06:17 PM [info-Admin Admin]: Data retrieved successfully [IP: ::1]
2025-12-18 05:06:44 PM [error-System]: Error in GET /company/partial/details: You need to re-authenticate. Please log in.
2025-12-18 05:06:44 PM [info-System]: Failed to retrieve data [IP: ::1]
2025-12-18 05:06:44 PM [error-System]: Error in GET /location-branches/filterData/filter/all: You need to re-authenticate. Please log in.
2025-12-18 05:06:44 PM [info-System]: Failed to retrieve data [IP: ::1]
2025-12-18 05:06:44 PM [error-System]: Error in GET /products/partial/data?page=1&limit=6: You need to re-authenticate. Please log in.
2025-12-18 05:06:44 PM [info-System]: Failed to retrieve data [IP: ::1]
2025-12-18 05:06:44 PM [error-System]: Error in GET /api/management/getGrns/management?filterType=tillDate: You need to re-authenticate. Please log in.
2025-12-18 05:06:44 PM [info-System]: Failed to retrieve data [IP: ::1]
2025-12-18 05:06:45 PM [error-System]: Error in POST /auth/refresh-token: You need to re-authenticate. Please log in.
2025-12-18 05:06:45 PM [info-System]: Failed to create record [IP: ::1]
2025-12-18 05:06:45 PM [error-System]: Error in POST /auth/refresh-token: You need to re-authenticate. Please log in.
2025-12-18 05:06:45 PM [info-System]: Failed to create record [IP: ::1]
2025-12-18 05:06:45 PM [error-System]: Error in POST /auth/refresh-token: You need to re-authenticate. Please log in.
2025-12-18 05:06:45 PM [info-System]: Failed to create record [IP: ::1]
2025-12-18 05:06:45 PM [error-System]: Error in POST /auth/refresh-token: You need to re-authenticate. Please log in.
2025-12-18 05:06:45 PM [info-System]: Failed to create record [IP: ::1]
2025-12-18 05:06:46 PM [error-System]: Error in GET /company/partial/details: You need to re-authenticate. Please log in.
2025-12-18 05:06:46 PM [info-System]: Failed to retrieve data [IP: ::1]
2025-12-18 05:06:46 PM [error-System]: Error in GET /api/management/getGrns/management?filterType=tillDate: You need to re-authenticate. Please log in.
2025-12-18 05:06:46 PM [info-System]: Failed to retrieve data [IP: ::1]
2025-12-18 05:06:46 PM [error-System]: Error in GET /products/partial/data?page=1&limit=6: You need to re-authenticate. Please log in.
2025-12-18 05:06:46 PM [info-System]: Failed to retrieve data [IP: ::1]
2025-12-18 05:06:46 PM [error-System]: Error in GET /location-branches/filterData/filter/all: You need to re-authenticate. Please log in.
2025-12-18 05:06:46 PM [info-System]: Failed to retrieve data [IP: ::1]
2025-12-18 05:06:46 PM [error-System]: Error in POST /auth/refresh-token: You need to re-authenticate. Please log in.
2025-12-18 05:06:46 PM [info-System]: Failed to create record [IP: ::1]
2025-12-18 05:06:46 PM [error-System]: Error in POST /auth/refresh-token: You need to re-authenticate. Please log in.
2025-12-18 05:06:46 PM [info-System]: Failed to create record [IP: ::1]
2025-12-18 05:06:46 PM [error-System]: Error in POST /auth/refresh-token: You need to re-authenticate. Please log in.
2025-12-18 05:06:46 PM [info-System]: Failed to create record [IP: ::1]
2025-12-18 05:06:46 PM [error-System]: Error in POST /auth/refresh-token: You need to re-authenticate. Please log in.
2025-12-18 05:06:46 PM [info-System]: Failed to create record [IP: ::1]
2025-12-18 05:06:54 PM [error-System]: Error in GET /location-branches/filterData/filter/all: You need to re-authenticate. Please log in.
2025-12-18 05:06:54 PM [info-System]: Failed to retrieve data [IP: ::1]
2025-12-18 05:06:54 PM [error-System]: Error in GET /inventoryStock/stock/locationwise-companywise?page=1&limit=10: You need to re-authenticate. Please log in.
2025-12-18 05:06:54 PM [info-System]: Failed to retrieve data [IP: ::1]
2025-12-18 05:06:54 PM [error-System]: Error in GET /company/partial/details: You need to re-authenticate. Please log in.
2025-12-18 05:06:54 PM [info-System]: Failed to retrieve data [IP: ::1]
2025-12-18 05:06:54 PM [error-System]: Error in POST /auth/refresh-token: You need to re-authenticate. Please log in.
2025-12-18 05:06:54 PM [info-System]: Failed to create record [IP: ::1]
2025-12-18 05:06:54 PM [error-System]: Error in POST /auth/refresh-token: You need to re-authenticate. Please log in.
2025-12-18 05:06:54 PM [info-System]: Failed to create record [IP: ::1]
2025-12-18 05:06:54 PM [error-System]: Error in POST /auth/refresh-token: You need to re-authenticate. Please log in.
2025-12-18 05:06:54 PM [info-System]: Failed to create record [IP: ::1]
2025-12-18 05:06:55 PM [error-System]: Error in GET /location-branches/filterData/filter/all: You need to re-authenticate. Please log in.
2025-12-18 05:06:55 PM [info-System]: Failed to retrieve data [IP: ::1]
2025-12-18 05:06:55 PM [error-System]: Error in GET /inventoryStock/stock/locationwise-companywise?page=1&limit=10: You need to re-authenticate. Please log in.
2025-12-18 05:06:55 PM [info-System]: Failed to retrieve data [IP: ::1]
2025-12-18 05:06:55 PM [error-System]: Error in GET /company/partial/details: You need to re-authenticate. Please log in.
2025-12-18 05:06:55 PM [info-System]: Failed to retrieve data [IP: ::1]
2025-12-18 05:06:55 PM [error-System]: Error in POST /auth/refresh-token: You need to re-authenticate. Please log in.
2025-12-18 05:06:55 PM [info-System]: Failed to create record [IP: ::1]
2025-12-18 05:06:55 PM [error-System]: Error in POST /auth/refresh-token: You need to re-authenticate. Please log in.
2025-12-18 05:06:55 PM [info-System]: Failed to create record [IP: ::1]
2025-12-18 05:06:56 PM [error-System]: Error in POST /auth/refresh-token: You need to re-authenticate. Please log in.
2025-12-18 05:06:56 PM [info-System]: Failed to create record [IP: ::1]
2025-12-18 05:07:03 PM [info-Vaibhav Ahire]: User logout successful [IP: ::1]
2025-12-18 05:07:03 PM [info-System]: User logged out successfully [IP: ::1]
2025-12-18 05:07:22 PM [info-Prashil Vora]: User login successful [IP: ::1]
2025-12-18 05:07:22 PM [info-System]: User logged in successfully [IP: ::1]
2025-12-18 05:07:25 PM [info-Sagar Pagar]: Data retrieved successfully [IP: ::1]
2025-12-18 05:07:25 PM [info-Sagar Pagar]: Branch data retrieved successfully [IP: ::1]
2025-12-18 05:07:25 PM [info-Sagar Pagar]: Company data retrieved successfully [IP: ::1]
2025-12-18 05:07:25 PM [info-Sagar Pagar]: Data retrieved successfully [IP: ::1]
2025-12-18 05:18:07 PM [info-Admin Admin]: My Activity Logs list retrieved successfully [IP: ::1]
2025-12-18 05:18:07 PM [info-Admin Admin]: Data retrieved successfully [IP: ::1]
2025-12-18 05:26:07 PM [info-Admin Admin]: Employee list retrieved successfully [IP: ::1]
2025-12-18 05:26:07 PM [info-Admin Admin]: Data retrieved successfully [IP: ::1]
2025-12-18 05:26:07 PM [info-Sagar Pagar]: Data retrieved successfully [IP: ::1]
2025-12-18 05:26:08 PM [info-Sagar Pagar]: Company data retrieved successfully [IP: ::1]
2025-12-18 05:26:08 PM [info-Sagar Pagar]: Data retrieved successfully [IP: ::1]
2025-12-18 05:26:08 PM [info-Sagar Pagar]: Branch data retrieved successfully [IP: ::1]
2025-12-19 01:15:46 PM [info-Sagar Pagar]: Data retrieved successfully [IP: ::1]
2025-12-19 01:16:02 PM [info-Sagar Pagar]: Data retrieved successfully [IP: ::1]
2025-12-19 01:16:15 PM [info-Sagar Pagar]: Data retrieved successfully [IP: ::1]
2025-12-19 01:16:31 PM [info-Sagar Pagar]: Data retrieved successfully [IP: ::1]
2025-12-19 01:16:43 PM [info-Sagar Pagar]: Data retrieved successfully [IP: ::1]
2025-12-19 01:17:29 PM [info-Sagar Pagar]: Data retrieved successfully [IP: ::1]
2025-12-19 01:17:45 PM [info-Sagar Pagar]: Data retrieved successfully [IP: ::1]
2025-12-19 01:18:04 PM [info-Sagar Pagar]: Data retrieved successfully [IP: ::1]
2025-12-19 01:19:22 PM [info-Sagar Pagar]: Data retrieved successfully [IP: ::1]
2025-12-19 02:06:50 PM [info-Sagar Pagar]: Data retrieved successfully [IP: ::1]
2025-12-19 02:07:15 PM [info-Sagar Pagar]: Data retrieved successfully [IP: ::1]
2025-12-19 02:08:07 PM [info-Sagar Pagar]: Data retrieved successfully [IP: ::1]
2025-12-19 02:08:25 PM [info-Sagar Pagar]: Data retrieved successfully [IP: ::1]
2025-12-19 02:09:33 PM [info-Sagar Pagar]: Data retrieved successfully [IP: ::1]
2025-12-19 02:10:11 PM [info-Sagar Pagar]: Data retrieved successfully [IP: ::1]
2025-12-19 02:10:30 PM [info-Sagar Pagar]: Data retrieved successfully [IP: ::1]
2025-12-19 02:12:30 PM [info-Sagar Pagar]: Data retrieved successfully [IP: ::1]
2025-12-19 02:13:26 PM [info-Sagar Pagar]: Data retrieved successfully [IP: ::1]
2025-12-19 02:24:02 PM [info-Sagar Pagar]: Data retrieved successfully [IP: ::1]
2025-12-19 02:24:29 PM [info-Sagar Pagar]: Data retrieved successfully [IP: ::1]
2025-12-19 02:26:20 PM [info-Sagar Pagar]: Data retrieved successfully [IP: ::1]
2025-12-19 02:26:54 PM [info-Sagar Pagar]: Data retrieved successfully [IP: ::1]
2025-12-19 02:27:28 PM [info-Sagar Pagar]: Data retrieved successfully [IP: ::1]
2025-12-19 02:30:21 PM [info-Sagar Pagar]: Data retrieved successfully [IP: ::1]
2025-12-19 02:31:39 PM [info-Sagar Pagar]: Data retrieved successfully [IP: ::1]
2025-12-19 02:37:45 PM [info-Sagar Pagar]: Data retrieved successfully [IP: ::1]
2025-12-19 02:38:00 PM [info-Sagar Pagar]: Data retrieved successfully [IP: ::1]
2025-12-19 02:38:19 PM [info-Sagar Pagar]: Data retrieved successfully [IP: ::1]
2025-12-19 02:39:17 PM [info-Sagar Pagar]: Data retrieved successfully [IP: ::1]
2025-12-19 02:44:16 PM [info-Sagar Pagar]: Data retrieved successfully [IP: ::1]
2025-12-19 03:15:55 PM [info-Sagar Pagar]: Data retrieved successfully [IP: ::1]
2025-12-19 03:15:58 PM [info-Sagar Pagar]: Data retrieved successfully [IP: ::1]
2025-12-19 03:58:54 PM [info-Sagar Pagar]: Data retrieved successfully [IP: ::1]
2025-12-19 03:58:57 PM [info-Sagar Pagar]: Data retrieved successfully [IP: ::1]
2025-12-19 03:58:57 PM [info-Sagar Pagar]: Customer data retrieved successfully [IP: ::1]
2025-12-19 03:59:08 PM [info-Sagar Pagar]: Data retrieved successfully [IP: ::1]
2025-12-19 03:59:10 PM [info-Sagar Pagar]: Customer data retrieved successfully [IP: ::1]
2025-12-19 04:07:13 PM [info-Sagar Pagar]: Data retrieved successfully [IP: ::1]
2025-12-19 04:07:13 PM [info-Sagar Pagar]: Customer data retrieved successfully [IP: ::1]
2025-12-19 04:10:55 PM [info-Sagar Pagar]: Data retrieved successfully [IP: ::1]
2025-12-19 04:10:56 PM [info-Sagar Pagar]: Customer data retrieved successfully [IP: ::1]
2025-12-19 04:15:00 PM [info-Sagar Pagar]: Data retrieved successfully [IP: ::1]
2025-12-19 04:15:01 PM [info-Sagar Pagar]: Customer data retrieved successfully [IP: ::1]
2025-12-19 04:41:13 PM [info-Sagar Pagar]: Data retrieved successfully [IP: ::1]
2025-12-19 04:41:13 PM [info-Sagar Pagar]: Customer data retrieved successfully [IP: ::1]
2025-12-19 04:43:24 PM [info-Sagar Pagar]: Data retrieved successfully [IP: ::1]
2025-12-19 04:43:24 PM [info-Sagar Pagar]: Customer data retrieved successfully [IP: ::1]
2025-12-19 04:43:52 PM [info-Sagar Pagar]: Data retrieved successfully [IP: ::1]
2025-12-19 04:43:52 PM [info-Sagar Pagar]: Customer data retrieved successfully [IP: ::1]
2025-12-19 04:52:57 PM [info-Prashil Vora]: User login successful [IP: ::1]
2025-12-19 04:52:57 PM [info-System]: User logged in successfully [IP: ::1]
2025-12-19 04:53:01 PM [info-Sagar Pagar]: Data retrieved successfully [IP: ::1]
2025-12-19 04:53:01 PM [info-Sagar Pagar]: Data retrieved successfully [IP: ::1]
2025-12-19 04:53:01 PM [info-Sagar Pagar]: Company data retrieved successfully [IP: ::1]
2025-12-19 04:53:01 PM [info-Sagar Pagar]: Branch data retrieved successfully [IP: ::1]
2025-12-19 04:53:23 PM [info-Sagar Pagar]: Data retrieved successfully [IP: ::1]
2025-12-19 04:53:28 PM [info-Sagar Pagar]: Data retrieved successfully [IP: ::1]
2025-12-19 04:54:53 PM [info-Sagar Pagar]: Data retrieved successfully [IP: ::1]
2025-12-19 04:54:53 PM [info-Sagar Pagar]: Customer data retrieved successfully [IP: ::1]
2025-12-19 05:11:48 PM [info-Sagar Pagar]: Data retrieved successfully [IP: ::1]
2025-12-19 05:11:48 PM [info-Sagar Pagar]: Customer data retrieved successfully [IP: ::1]
2025-12-19 05:11:51 PM [info-Sagar Pagar]: Data retrieved successfully [IP: ::1]
2025-12-19 05:11:51 PM [info-Sagar Pagar]: Customer data retrieved successfully [IP: ::1]
2025-12-19 05:12:38 PM [info-Sagar Pagar]: Data retrieved successfully [IP: ::1]
2025-12-19 05:12:38 PM [info-Sagar Pagar]: Customer data retrieved successfully [IP: ::1]
2025-12-19 05:12:39 PM [info-Sagar Pagar]: Data retrieved successfully [IP: ::1]
2025-12-19 05:12:41 PM [info-Sagar Pagar]: Customer data retrieved successfully [IP: ::1]
2025-12-19 05:13:12 PM [info-Sagar Pagar]: Data retrieved successfully [IP: ::1]
2025-12-19 05:13:13 PM [info-Sagar Pagar]: Customer data retrieved successfully [IP: ::1]
2025-12-19 05:13:13 PM [info-Sagar Pagar]: Data retrieved successfully [IP: ::1]
2025-12-19 05:13:14 PM [info-Sagar Pagar]: Customer data retrieved successfully [IP: ::1]
2025-12-19 05:21:26 PM [info-Sagar Pagar]: Data retrieved successfully [IP: ::1]
2025-12-19 05:21:26 PM [info-Sagar Pagar]: Customer data retrieved successfully [IP: ::1]
2025-12-19 05:21:27 PM [info-Sagar Pagar]: Data retrieved successfully [IP: ::1]
2025-12-19 05:21:27 PM [info-Sagar Pagar]: Customer data retrieved successfully [IP: ::1]
2025-12-19 05:21:58 PM [info-Sagar Pagar]: Data retrieved successfully [IP: ::1]
2025-12-19 05:21:58 PM [info-Sagar Pagar]: Customer data retrieved successfully [IP: ::1]
2025-12-19 05:21:59 PM [info-Sagar Pagar]: Data retrieved successfully [IP: ::1]
2025-12-19 05:21:59 PM [info-Sagar Pagar]: Customer data retrieved successfully [IP: ::1]
2025-12-19 05:26:26 PM [info-Sagar Pagar]: Data retrieved successfully [IP: ::1]
2025-12-19 05:26:26 PM [info-Sagar Pagar]: Data retrieved successfully [IP: ::1]
2025-12-19 05:26:28 PM [info-Sagar Pagar]: Customer data retrieved successfully [IP: ::1]
2025-12-19 05:26:28 PM [info-Sagar Pagar]: Customer data retrieved successfully [IP: ::1]
2025-12-19 05:27:44 PM [info-Sagar Pagar]: Data retrieved successfully [IP: ::1]
2025-12-19 05:27:44 PM [info-Sagar Pagar]: Customer data retrieved successfully [IP: ::1]
2025-12-19 05:27:44 PM [info-Sagar Pagar]: Data retrieved successfully [IP: ::1]
2025-12-19 05:27:45 PM [info-Sagar Pagar]: Customer data retrieved successfully [IP: ::1]
2025-12-19 05:28:15 PM [info-Sagar Pagar]: Data retrieved successfully [IP: ::1]
2025-12-19 05:28:15 PM [info-Sagar Pagar]: Data retrieved successfully [IP: ::1]
2025-12-19 05:28:17 PM [info-Sagar Pagar]: Customer data retrieved successfully [IP: ::1]
2025-12-19 05:28:17 PM [info-Sagar Pagar]: Customer data retrieved successfully [IP: ::1]
2025-12-19 05:28:49 PM [info-Sagar Pagar]: Data retrieved successfully [IP: ::1]
2025-12-19 05:28:51 PM [info-Sagar Pagar]: Customer data retrieved successfully [IP: ::1]
2025-12-19 05:28:51 PM [info-Sagar Pagar]: Data retrieved successfully [IP: ::1]
2025-12-19 05:28:51 PM [info-Sagar Pagar]: Customer data retrieved successfully [IP: ::1]
2025-12-19 05:29:26 PM [info-Sagar Pagar]: Data retrieved successfully [IP: ::1]
2025-12-19 05:29:26 PM [info-Sagar Pagar]: Customer data retrieved successfully [IP: ::1]
2025-12-19 05:29:26 PM [info-Sagar Pagar]: Data retrieved successfully [IP: ::1]
2025-12-19 05:29:27 PM [info-Sagar Pagar]: Customer data retrieved successfully [IP: ::1]
2025-12-19 05:29:59 PM [info-Sagar Pagar]: Data retrieved successfully [IP: ::1]
2025-12-19 05:29:59 PM [info-Sagar Pagar]: Data retrieved successfully [IP: ::1]
2025-12-19 05:29:59 PM [info-Sagar Pagar]: Customer data retrieved successfully [IP: ::1]
2025-12-19 05:29:59 PM [info-Sagar Pagar]: Customer data retrieved successfully [IP: ::1]
2025-12-19 05:30:57 PM [info-Sagar Pagar]: Data retrieved successfully [IP: ::1]
2025-12-19 05:30:57 PM [info-Sagar Pagar]: Data retrieved successfully [IP: ::1]
2025-12-19 05:30:57 PM [info-Sagar Pagar]: Customer data retrieved successfully [IP: ::1]
2025-12-19 05:30:57 PM [info-Sagar Pagar]: Customer data retrieved successfully [IP: ::1]
2025-12-19 05:31:12 PM [info-Sagar Pagar]: Data retrieved successfully [IP: ::1]
2025-12-19 05:31:13 PM [info-Sagar Pagar]: Data retrieved successfully [IP: ::1]
2025-12-19 05:31:14 PM [info-Sagar Pagar]: Customer data retrieved successfully [IP: ::1]
2025-12-19 05:31:14 PM [info-Sagar Pagar]: Customer data retrieved successfully [IP: ::1]
2025-12-19 05:33:01 PM [info-Sagar Pagar]: Data retrieved successfully [IP: ::1]
2025-12-19 05:33:02 PM [info-Sagar Pagar]: Customer data retrieved successfully [IP: ::1]
2025-12-19 05:33:02 PM [info-Sagar Pagar]: Data retrieved successfully [IP: ::1]
2025-12-19 05:33:04 PM [info-Sagar Pagar]: Customer data retrieved successfully [IP: ::1]
2025-12-19 05:34:21 PM [info-Sagar Pagar]: Data retrieved successfully [IP: ::1]
2025-12-19 05:34:23 PM [info-Sagar Pagar]: Customer data retrieved successfully [IP: ::1]
2025-12-19 05:34:23 PM [info-Sagar Pagar]: Data retrieved successfully [IP: ::1]
2025-12-19 05:34:23 PM [info-Sagar Pagar]: Customer data retrieved successfully [IP: ::1]
2025-12-19 05:35:47 PM [info-Sagar Pagar]: Data retrieved successfully [IP: ::1]
2025-12-19 05:35:48 PM [info-Sagar Pagar]: Customer data retrieved successfully [IP: ::1]
2025-12-19 05:35:48 PM [info-Sagar Pagar]: Data retrieved successfully [IP: ::1]
2025-12-19 05:35:48 PM [info-Sagar Pagar]: Customer data retrieved successfully [IP: ::1]
2025-12-19 05:36:43 PM [info-Sagar Pagar]: Data retrieved successfully [IP: ::1]
2025-12-19 05:36:43 PM [info-Sagar Pagar]: Data retrieved successfully [IP: ::1]
2025-12-19 05:36:44 PM [info-Sagar Pagar]: Customer data retrieved successfully [IP: ::1]
2025-12-19 05:36:45 PM [info-Sagar Pagar]: Customer data retrieved successfully [IP: ::1]
2025-12-19 05:41:01 PM [info-Sagar Pagar]: Data retrieved successfully [IP: ::1]
2025-12-19 05:41:01 PM [info-Sagar Pagar]: Customer data retrieved successfully [IP: ::1]
2025-12-19 05:41:01 PM [info-Sagar Pagar]: Data retrieved successfully [IP: ::1]
2025-12-19 05:41:01 PM [info-Sagar Pagar]: Customer data retrieved successfully [IP: ::1]
2025-12-19 05:43:22 PM [info-Sagar Pagar]: Data retrieved successfully [IP: ::1]
2025-12-19 05:43:23 PM [info-Sagar Pagar]: Data retrieved successfully [IP: ::1]
2025-12-19 05:43:24 PM [info-Sagar Pagar]: Customer data retrieved successfully [IP: ::1]
2025-12-19 05:43:24 PM [info-Sagar Pagar]: Customer data retrieved successfully [IP: ::1]
2025-12-19 05:45:24 PM [info-Sagar Pagar]: Data retrieved successfully [IP: ::1]
2025-12-19 05:45:25 PM [info-Sagar Pagar]: Data retrieved successfully [IP: ::1]
2025-12-19 05:45:26 PM [info-Sagar Pagar]: Customer data retrieved successfully [IP: ::1]
2025-12-19 05:45:26 PM [info-Sagar Pagar]: Customer data retrieved successfully [IP: ::1]
2025-12-19 05:47:52 PM [info-Sagar Pagar]: Data retrieved successfully [IP: ::1]
2025-12-19 05:47:52 PM [info-Sagar Pagar]: Data retrieved successfully [IP: ::1]
2025-12-19 05:47:52 PM [info-Sagar Pagar]: Customer data retrieved successfully [IP: ::1]
2025-12-19 05:47:52 PM [info-Sagar Pagar]: Customer data retrieved successfully [IP: ::1]
2025-12-19 05:48:01 PM [info-Sagar Pagar]: Data retrieved successfully [IP: ::1]
2025-12-19 05:48:01 PM [info-Sagar Pagar]: Data retrieved successfully [IP: ::1]
2025-12-19 05:48:02 PM [info-Sagar Pagar]: Customer data retrieved successfully [IP: ::1]
2025-12-19 05:48:02 PM [info-Sagar Pagar]: Customer data retrieved successfully [IP: ::1]
2025-12-19 05:49:23 PM [info-Sagar Pagar]: Data retrieved successfully [IP: ::1]
2025-12-19 05:49:24 PM [info-Sagar Pagar]: Data retrieved successfully [IP: ::1]
2025-12-19 05:49:26 PM [info-Sagar Pagar]: Customer data retrieved successfully [IP: ::1]
2025-12-19 05:49:26 PM [info-Sagar Pagar]: Customer data retrieved successfully [IP: ::1]
2025-12-22 12:45:08 PM [error-System]: Error in GET /products/partial/data?page=1&limit=10: You need to re-authenticate. Please log in.
2025-12-22 12:45:08 PM [info-System]: Failed to retrieve data [IP: ::1]
2025-12-22 12:45:09 PM [info-System]: Failed to create record [IP: ::1]
2025-12-22 12:45:10 PM [info-Sagar Pagar]: Data retrieved successfully [IP: ::1]
2025-12-22 12:48:52 PM [info-Sagar Pagar]: Data retrieved successfully [IP: ::1]
2025-12-22 02:20:46 PM [info-Sagar Pagar]: Data retrieved successfully [IP: ::1]
2025-12-22 02:22:18 PM [info-Sagar Pagar]: Data retrieved successfully [IP: ::1]
2025-12-22 02:23:57 PM [info-Sagar Pagar]: Data retrieved successfully [IP: ::1]
2025-12-22 02:27:18 PM [info-Sagar Pagar]: Data retrieved successfully [IP: ::1]
2025-12-22 02:27:18 PM [info-Sagar Pagar]: Customer data retrieved successfully [IP: ::1]
2025-12-22 02:54:36 PM [info-Sagar Pagar]: Data retrieved successfully [IP: ::1]
2025-12-23 02:26:21 PM [info-Prashil Vora]: User login successful [IP: ::1]
2025-12-23 02:26:21 PM [info-System]: User logged in successfully [IP: ::1]
2025-12-23 03:23:12 PM [info-Admin Admin]: User login successful [IP: ::1]
2025-12-23 03:23:12 PM [info-System]: User logged in successfully [IP: ::1]
2025-12-23 03:47:54 PM [error-System]: Error in GET /farmers/view/7729f7ad-a472-4fa8-bafd-803093044aa2: You need to re-authenticate. Please log in.
2025-12-23 03:47:54 PM [info-System]: Failed to retrieve data [IP: ::1]
2025-12-24 10:02:43 AM [info-Admin Admin]: User login successful [IP: ::1]
2025-12-24 10:02:43 AM [info-System]: User logged in successfully [IP: ::1]
2025-12-24 10:03:39 AM [info-Admin Admin]: User login successful [IP: ::1]
2025-12-24 10:03:39 AM [info-System]: User logged in successfully [IP: ::1]
2025-12-24 10:04:28 AM [info-Admin Admin]: GRN list retrieved successfully [IP: ::1]
2025-12-24 10:04:28 AM [info-Admin Admin]: GRN retrieved successfully [IP: ::1]
2025-12-24 10:39:10 AM [info-Prashil Vora]: User login successful [IP: ::1]
2025-12-24 10:39:10 AM [info-System]: User logged in successfully [IP: ::1]
2025-12-24 02:03:31 PM [info-Prashil Vora]: User login successful [IP: ::1]
2025-12-24 02:03:31 PM [info-System]: User logged in successfully [IP: ::1]
2025-12-24 02:36:45 PM [info-Prashil Vora]: User login successful [IP: ::1]
2025-12-24 02:36:45 PM [info-System]: User logged in successfully [IP: ::1]
2025-12-24 02:43:05 PM [info-Prashil Vora]: User login successful [IP: ::1]
2025-12-24 02:43:05 PM [info-System]: User logged in successfully [IP: ::1]
2025-12-24 03:31:14 PM [info-Prashil Vora]: User login successful [IP: ::1]
2025-12-24 03:31:14 PM [info-System]: User logged in successfully [IP: ::1]
2025-12-26 09:57:54 AM [info-Prashil Vora]: User login successful [IP: ::1]
2025-12-26 09:57:54 AM [info-System]: User logged in successfully [IP: ::1]
2025-12-26 11:08:59 AM [info-Prashil Vora]: User login successful [IP: ::1]
2025-12-26 11:08:59 AM [info-System]: User logged in successfully [IP: ::1]
2025-12-26 11:09:07 AM [info-Prashil Vora]: User login successful [IP: ::1]
2025-12-26 11:09:07 AM [info-System]: User logged in successfully [IP: ::1]
2025-12-26 11:09:15 AM [info-Prashil Vora]: User login successful [IP: ::1]
2025-12-26 11:09:15 AM [info-System]: User logged in successfully [IP: ::1]
2025-12-26 11:09:19 AM [info-Prashil Vora]: User login successful [IP: ::1]
2025-12-26 11:09:19 AM [info-System]: User logged in successfully [IP: ::1]
2025-12-26 11:12:11 AM [info-Prashil Vora]: User login successful [IP: ::1]
2025-12-26 11:12:11 AM [info-System]: User logged in successfully [IP: ::1]
2025-12-26 11:21:50 AM [info-Admin Admin]: Workflow tree list retrieved successfully [IP: ::1]
2025-12-26 11:21:51 AM [info-Admin Admin]: Data retrieved successfully [IP: ::1]
2025-12-26 11:32:39 AM [info-System]: Record created successfully [IP: ::1]
2025-12-26 11:56:37 AM [info-System]: Record created successfully [IP: ::1]
2025-12-26 02:39:33 PM [info-System]: Failed to retrieve data [IP: ::1]
2025-12-26 02:39:35 PM [info-System]: Failed to retrieve data [IP: ::1]
2025-12-26 02:43:07 PM [info-System]: Failed to retrieve data [IP: ::1]
2025-12-26 02:43:16 PM [info-System]: Failed to retrieve data [IP: ::1]
2025-12-26 02:43:20 PM [info-System]: Failed to retrieve data [IP: ::1]
2025-12-26 02:43:27 PM [info-System]: Failed to retrieve data [IP: ::1]
2025-12-26 02:44:07 PM [info-System]: Failed to retrieve data [IP: ::1]
2025-12-26 02:45:32 PM [info-System]: Failed to retrieve data [IP: ::1]
2025-12-26 02:45:34 PM [info-System]: Failed to retrieve data [IP: ::1]
2025-12-26 02:45:56 PM [info-System]: Failed to retrieve data [IP: ::1]
2025-12-26 02:47:15 PM [info-System]: Failed to retrieve data [IP: ::1]
2025-12-26 02:49:55 PM [info-System]: Failed to retrieve data [IP: ::1]
2025-12-26 02:50:07 PM [info-System]: Data retrieved successfully [IP: ::1]
2025-12-26 03:33:08 PM [info-System]: Data retrieved successfully [IP: ::1]
2025-12-26 03:33:12 PM [info-System]: Data retrieved successfully [IP: ::1]
2025-12-26 03:36:20 PM [info-System]: Data retrieved successfully [IP: ::1]
2025-12-26 04:41:18 PM [info-System]: Record created successfully [IP: ::1]
2025-12-26 04:50:30 PM [info-System]: Record created successfully [IP: ::1]
2025-12-26 05:29:25 PM [info-System]: Record created successfully [IP: ::1]
2025-12-27 10:39:23 AM [error-System]: Error in GET /employee/all/partial: You need to re-authenticate. Please log in.
2025-12-27 10:39:23 AM [info-System]: Failed to retrieve data [IP: ::1]
2025-12-27 10:39:23 AM [error-System]: Error in GET /customers/names/all: You need to re-authenticate. Please log in.
2025-12-27 10:39:23 AM [info-System]: Failed to retrieve data [IP: ::1]
2025-12-27 10:39:25 AM [info-System]: Failed to create record [IP: ::1]
2025-12-27 10:39:25 AM [info-System]: Failed to create record [IP: ::1]
2025-12-27 10:39:25 AM [info-Sagar Pagar]: Employee (partial) list retrieved successfully [IP: ::1]
2025-12-27 10:39:25 AM [info-Sagar Pagar]: Data retrieved successfully [IP: ::1]
2025-12-27 10:39:25 AM [info-Sagar Pagar]: Customer data retrieved successfully [IP: ::1]
2025-12-27 10:39:29 AM [info-Sagar Pagar]: Data retrieved successfully [IP: ::1]
2025-12-27 10:39:29 AM [info-Sagar Pagar]: Customer data retrieved successfully [IP: ::1]
2025-12-27 10:53:01 AM [info-Sagar Pagar]: Employee (partial) list retrieved successfully [IP: ::1]
2025-12-27 10:53:01 AM [info-Sagar Pagar]: Data retrieved successfully [IP: ::1]
2025-12-27 10:53:01 AM [info-Sagar Pagar]: Data retrieved successfully [IP: ::1]
2025-12-27 10:53:01 AM [info-Sagar Pagar]: Customer data retrieved successfully [IP: ::1]
2025-12-27 10:57:36 AM [info-Sagar Pagar]: Employee (partial) list retrieved successfully [IP: ::1]
2025-12-27 10:57:36 AM [info-Sagar Pagar]: Data retrieved successfully [IP: ::1]
2025-12-27 10:57:36 AM [info-Sagar Pagar]: Data retrieved successfully [IP: ::1]
2025-12-27 10:57:37 AM [info-Sagar Pagar]: Customer data retrieved successfully [IP: ::1]
2025-12-27 10:58:08 AM [info-Sagar Pagar]: Data retrieved successfully [IP: ::1]
2025-12-27 10:58:08 AM [info-Sagar Pagar]: Employee (partial) list retrieved successfully [IP: ::1]
2025-12-27 10:58:08 AM [info-Sagar Pagar]: Data retrieved successfully [IP: ::1]
2025-12-27 10:58:08 AM [info-Sagar Pagar]: Customer data retrieved successfully [IP: ::1]
2025-12-27 11:01:27 AM [info-Sagar Pagar]: Employee (partial) list retrieved successfully [IP: ::1]
2025-12-27 11:01:27 AM [info-Sagar Pagar]: Data retrieved successfully [IP: ::1]
2025-12-27 11:01:27 AM [info-Sagar Pagar]: Data retrieved successfully [IP: ::1]
2025-12-27 11:01:27 AM [info-Sagar Pagar]: Customer data retrieved successfully [IP: ::1]
2025-12-27 11:01:34 AM [info-Sagar Pagar]: Employee (partial) list retrieved successfully [IP: ::1]
2025-12-27 11:01:34 AM [info-Sagar Pagar]: Data retrieved successfully [IP: ::1]
2025-12-27 11:01:34 AM [info-Sagar Pagar]: Data retrieved successfully [IP: ::1]
2025-12-27 11:01:34 AM [info-Sagar Pagar]: Customer data retrieved successfully [IP: ::1]
2025-12-27 11:09:52 AM [info-Prashil Vora]: User login successful [IP: ::1]
2025-12-27 11:09:52 AM [info-System]: User logged in successfully [IP: ::1]
2025-12-27 11:12:43 AM [info-Sama Prasanna]: Employee (partial) list retrieved successfully [IP: ::1]
2025-12-27 11:12:43 AM [info-Sama Prasanna]: Data retrieved successfully [IP: ::1]
2025-12-27 11:12:48 AM [info-Sama Prasanna]: Employee (partial) list retrieved successfully [IP: ::1]
2025-12-27 11:12:48 AM [info-Sama Prasanna]: Data retrieved successfully [IP: ::1]
2025-12-27 11:12:51 AM [info-Sama Prasanna]: Customer data retrieved successfully [IP: ::1]
2025-12-27 11:12:55 AM [info-Sama Prasanna]: Customer Delivery Challans data retrieved successfully [IP: ::1]
2025-12-27 11:13:08 AM [info-Sama Prasanna]: UOM (partial) list retrieved successfully [IP: ::1]
2025-12-27 11:13:08 AM [info-Sama Prasanna]: Data retrieved successfully [IP: ::1]
2025-12-27 11:13:09 AM [info-Sama Prasanna]: Data retrieved successfully [IP: ::1]
2025-12-27 11:13:09 AM [info-Sama Prasanna]: Branch data retrieved successfully [IP: ::1]
2025-12-27 11:13:09 AM [info-Sama Prasanna]: Company data retrieved successfully [IP: ::1]
2025-12-27 11:13:09 AM [info-Sama Prasanna]: Data retrieved successfully [IP: ::1]
2025-12-27 11:13:09 AM [info-Sama Prasanna]: Packing Material list retrieved successfully [IP: ::1]
2025-12-27 11:13:09 AM [info-Sama Prasanna]: Customer data retrieved successfully [IP: ::1]
2025-12-27 11:13:09 AM [info-Sama Prasanna]: Data retrieved successfully [IP: ::1]
2025-12-27 11:13:09 AM [info-Sama Prasanna]: GRN Numbers list retrieved successfully [IP: ::1]
2025-12-27 11:13:09 AM [info-Sama Prasanna]: GRN retrieved successfully [IP: ::1]
2025-12-27 11:15:36 AM [info-Sagar Pagar]: Employee (partial) list retrieved successfully [IP: ::1]
2025-12-27 11:15:36 AM [info-Sagar Pagar]: Data retrieved successfully [IP: ::1]
2025-12-27 11:15:36 AM [info-Sagar Pagar]: Data retrieved successfully [IP: ::1]
2025-12-27 11:15:36 AM [info-Sagar Pagar]: Customer data retrieved successfully [IP: ::1]
2025-12-27 11:15:46 AM [info-Sama Prasanna]: UOM (partial) list retrieved successfully [IP: ::1]
2025-12-27 11:15:46 AM [info-Sama Prasanna]: Data retrieved successfully [IP: ::1]
2025-12-27 11:15:46 AM [info-Sama Prasanna]: Data retrieved successfully [IP: ::1]
2025-12-27 11:15:48 AM [info-Sama Prasanna]: Data retrieved successfully [IP: ::1]
2025-12-27 11:15:48 AM [info-Sama Prasanna]: Packing Material list retrieved successfully [IP: ::1]
2025-12-27 11:15:49 AM [info-Sama Prasanna]: Branch data retrieved successfully [IP: ::1]
2025-12-27 11:15:49 AM [info-Sama Prasanna]: Company data retrieved successfully [IP: ::1]
2025-12-27 11:15:49 AM [info-Sama Prasanna]: GRN Numbers list retrieved successfully [IP: ::1]
2025-12-27 11:15:49 AM [info-Sama Prasanna]: GRN retrieved successfully [IP: ::1]
2025-12-27 11:15:49 AM [info-Sama Prasanna]: Customer data retrieved successfully [IP: ::1]
2025-12-27 11:15:49 AM [info-Sama Prasanna]: Data retrieved successfully [IP: ::1]
2025-12-27 11:17:46 AM [info-Sagar Pagar]: Data retrieved successfully [IP: ::1]
2025-12-27 11:17:46 AM [info-Sagar Pagar]: Employee (partial) list retrieved successfully [IP: ::1]
2025-12-27 11:17:46 AM [info-Sagar Pagar]: Data retrieved successfully [IP: ::1]
2025-12-27 11:17:48 AM [info-Sagar Pagar]: Customer data retrieved successfully [IP: ::1]
2025-12-27 11:17:59 AM [info-Sama Prasanna]: UOM (partial) list retrieved successfully [IP: ::1]
2025-12-27 11:17:59 AM [info-Sama Prasanna]: Data retrieved successfully [IP: ::1]
2025-12-27 11:17:59 AM [info-Sama Prasanna]: Company data retrieved successfully [IP: ::1]
2025-12-27 11:17:59 AM [info-Sama Prasanna]: Data retrieved successfully [IP: ::1]
2025-12-27 11:17:59 AM [info-Sama Prasanna]: Data retrieved successfully [IP: ::1]
2025-12-27 11:17:59 AM [info-Sama Prasanna]: Packing Material list retrieved successfully [IP: ::1]
2025-12-27 11:17:59 AM [info-Sama Prasanna]: Branch data retrieved successfully [IP: ::1]
2025-12-27 11:18:00 AM [info-Sama Prasanna]: GRN Numbers list retrieved successfully [IP: ::1]
2025-12-27 11:18:00 AM [info-Sama Prasanna]: GRN retrieved successfully [IP: ::1]
2025-12-27 11:18:00 AM [info-Sama Prasanna]: Customer data retrieved successfully [IP: ::1]
2025-12-27 11:18:00 AM [info-Sama Prasanna]: Data retrieved successfully [IP: ::1]
2025-12-27 11:23:07 AM [info-Sagar Pagar]: Employee (partial) list retrieved successfully [IP: ::1]
2025-12-27 11:23:07 AM [info-Sagar Pagar]: Data retrieved successfully [IP: ::1]
2025-12-27 11:23:07 AM [info-Sagar Pagar]: Data retrieved successfully [IP: ::1]
2025-12-27 11:23:07 AM [info-Sagar Pagar]: Customer data retrieved successfully [IP: ::1]
2025-12-27 11:23:17 AM [info-Sama Prasanna]: UOM (partial) list retrieved successfully [IP: ::1]
2025-12-27 11:23:17 AM [info-Sama Prasanna]: Data retrieved successfully [IP: ::1]
2025-12-27 11:23:17 AM [info-Sama Prasanna]: Data retrieved successfully [IP: ::1]
2025-12-27 11:23:17 AM [info-Sama Prasanna]: Packing Material list retrieved successfully [IP: ::1]
2025-12-27 11:23:17 AM [info-Sama Prasanna]: Data retrieved successfully [IP: ::1]
2025-12-27 11:23:17 AM [info-Sama Prasanna]: Branch data retrieved successfully [IP: ::1]
2025-12-27 11:23:17 AM [info-Sama Prasanna]: Customer data retrieved successfully [IP: ::1]
2025-12-27 11:23:17 AM [info-Sama Prasanna]: GRN Numbers list retrieved successfully [IP: ::1]
2025-12-27 11:23:17 AM [info-Sama Prasanna]: GRN retrieved successfully [IP: ::1]
2025-12-27 11:23:17 AM [info-Sama Prasanna]: Company data retrieved successfully [IP: ::1]
2025-12-27 11:23:17 AM [info-Sama Prasanna]: Data retrieved successfully [IP: ::1]
2025-12-27 11:25:10 AM [info-Sagar Pagar]: Employee (partial) list retrieved successfully [IP: ::1]
2025-12-27 11:25:10 AM [info-Sagar Pagar]: Data retrieved successfully [IP: ::1]
2025-12-27 11:25:10 AM [info-Sagar Pagar]: Data retrieved successfully [IP: ::1]
2025-12-27 11:25:10 AM [info-Sagar Pagar]: Customer data retrieved successfully [IP: ::1]
2025-12-27 11:25:34 AM [info-Sama Prasanna]: UOM (partial) list retrieved successfully [IP: ::1]
2025-12-27 11:25:34 AM [info-Sama Prasanna]: Data retrieved successfully [IP: ::1]
2025-12-27 11:25:34 AM [info-Sama Prasanna]: Data retrieved successfully [IP: ::1]
2025-12-27 11:25:34 AM [info-Sama Prasanna]: Packing Material list retrieved successfully [IP: ::1]
2025-12-27 11:25:37 AM [info-Sama Prasanna]: Customer data retrieved successfully [IP: ::1]
2025-12-27 11:25:37 AM [info-Sama Prasanna]: Data retrieved successfully [IP: ::1]
2025-12-27 11:25:37 AM [info-Sama Prasanna]: Data retrieved successfully [IP: ::1]
2025-12-27 11:25:37 AM [info-Sama Prasanna]: GRN Numbers list retrieved successfully [IP: ::1]
2025-12-27 11:25:37 AM [info-Sama Prasanna]: GRN retrieved successfully [IP: ::1]
2025-12-27 11:25:37 AM [info-Sama Prasanna]: Branch data retrieved successfully [IP: ::1]
2025-12-27 11:25:37 AM [info-Sama Prasanna]: Company data retrieved successfully [IP: ::1]
2025-12-27 11:30:05 AM [info-Sagar Pagar]: Data retrieved successfully [IP: ::1]
2025-12-27 11:30:05 AM [info-Sagar Pagar]: Employee (partial) list retrieved successfully [IP: ::1]
2025-12-27 11:30:05 AM [info-Sagar Pagar]: Data retrieved successfully [IP: ::1]
2025-12-27 11:30:05 AM [info-Sagar Pagar]: Customer data retrieved successfully [IP: ::1]
2025-12-27 11:30:23 AM [info-Sama Prasanna]: UOM (partial) list retrieved successfully [IP: ::1]
2025-12-27 11:30:23 AM [info-Sama Prasanna]: Data retrieved successfully [IP: ::1]
2025-12-27 11:30:23 AM [info-Sama Prasanna]: Data retrieved successfully [IP: ::1]
2025-12-27 11:30:23 AM [info-Sama Prasanna]: Data retrieved successfully [IP: ::1]
2025-12-27 11:30:23 AM [info-Sama Prasanna]: Packing Material list retrieved successfully [IP: ::1]
2025-12-27 11:30:24 AM [info-Sama Prasanna]: Customer data retrieved successfully [IP: ::1]
2025-12-27 11:30:24 AM [info-Sama Prasanna]: Company data retrieved successfully [IP: ::1]
2025-12-27 11:30:24 AM [info-Sama Prasanna]: Data retrieved successfully [IP: ::1]
2025-12-27 11:30:24 AM [info-Sama Prasanna]: GRN Numbers list retrieved successfully [IP: ::1]
2025-12-27 11:30:24 AM [info-Sama Prasanna]: GRN retrieved successfully [IP: ::1]
2025-12-27 11:30:24 AM [info-Sama Prasanna]: Branch data retrieved successfully [IP: ::1]
2025-12-27 11:31:38 AM [info-Sagar Pagar]: Data retrieved successfully [IP: ::1]
2025-12-27 11:31:40 AM [info-Sagar Pagar]: Employee (partial) list retrieved successfully [IP: ::1]
2025-12-27 11:31:40 AM [info-Sagar Pagar]: Data retrieved successfully [IP: ::1]
2025-12-27 11:31:40 AM [info-Sagar Pagar]: Customer data retrieved successfully [IP: ::1]
2025-12-27 11:31:46 AM [info-Sama Prasanna]: UOM (partial) list retrieved successfully [IP: ::1]
2025-12-27 11:31:46 AM [info-Sama Prasanna]: Data retrieved successfully [IP: ::1]
2025-12-27 11:31:46 AM [info-Sama Prasanna]: Data retrieved successfully [IP: ::1]
2025-12-27 11:31:46 AM [info-Sama Prasanna]: Packing Material list retrieved successfully [IP: ::1]
2025-12-27 11:31:46 AM [info-Sama Prasanna]: Company data retrieved successfully [IP: ::1]
2025-12-27 11:31:46 AM [info-Sama Prasanna]: GRN Numbers list retrieved successfully [IP: ::1]
2025-12-27 11:31:46 AM [info-Sama Prasanna]: GRN retrieved successfully [IP: ::1]
2025-12-27 11:31:46 AM [info-Sama Prasanna]: Data retrieved successfully [IP: ::1]
2025-12-27 11:31:46 AM [info-Sama Prasanna]: Branch data retrieved successfully [IP: ::1]
2025-12-27 11:31:46 AM [info-Sama Prasanna]: Data retrieved successfully [IP: ::1]
2025-12-27 11:31:46 AM [info-Sama Prasanna]: Customer data retrieved successfully [IP: ::1]
2025-12-27 11:34:54 AM [info-Sama Prasanna]: UOM (partial) list retrieved successfully [IP: ::1]
2025-12-27 11:34:54 AM [info-Sama Prasanna]: Data retrieved successfully [IP: ::1]
2025-12-27 11:34:54 AM [info-Sama Prasanna]: Data retrieved successfully [IP: ::1]
2025-12-27 11:34:54 AM [info-Sama Prasanna]: Data retrieved successfully [IP: ::1]
2025-12-27 11:34:55 AM [info-Sama Prasanna]: Branch data retrieved successfully [IP: ::1]
2025-12-27 11:34:55 AM [info-Sama Prasanna]: Packing Material list retrieved successfully [IP: ::1]
2025-12-27 11:34:55 AM [info-Sama Prasanna]: Company data retrieved successfully [IP: ::1]
2025-12-27 11:34:55 AM [info-Sama Prasanna]: Customer data retrieved successfully [IP: ::1]
2025-12-27 11:34:55 AM [info-Sama Prasanna]: Data retrieved successfully [IP: ::1]
2025-12-27 11:34:55 AM [info-Sama Prasanna]: GRN Numbers list retrieved successfully [IP: ::1]
2025-12-27 11:34:55 AM [info-Sama Prasanna]: GRN retrieved successfully [IP: ::1]
2025-12-27 12:18:26 PM [info-Sagar Pagar]: Data retrieved successfully [IP: ::1]
2025-12-27 12:18:26 PM [info-Sagar Pagar]: Employee (partial) list retrieved successfully [IP: ::1]
2025-12-27 12:18:26 PM [info-Sagar Pagar]: Data retrieved successfully [IP: ::1]
2025-12-27 12:18:26 PM [info-Sagar Pagar]: Customer data retrieved successfully [IP: ::1]
2025-12-27 12:39:38 PM [info-Sagar Pagar]: Employee (partial) list retrieved successfully [IP: ::1]
2025-12-27 12:39:38 PM [info-Sagar Pagar]: Data retrieved successfully [IP: ::1]
2025-12-27 12:39:39 PM [info-Sagar Pagar]: Customer data retrieved successfully [IP: ::1]
2025-12-27 12:39:40 PM [info-Sagar Pagar]: Employee (partial) list retrieved successfully [IP: ::1]
2025-12-27 12:39:40 PM [info-Sagar Pagar]: Data retrieved successfully [IP: ::1]
2025-12-27 12:39:40 PM [info-Sagar Pagar]: Data retrieved successfully [IP: ::1]
2025-12-27 12:39:42 PM [info-Sagar Pagar]: Customer data retrieved successfully [IP: ::1]
2025-12-27 12:40:38 PM [info-System]: Record created successfully [IP: ::1]
2025-12-27 12:41:33 PM [info-Sagar Pagar]: Data retrieved successfully [IP: ::1]
2025-12-27 12:41:35 PM [info-Sagar Pagar]: Employee (partial) list retrieved successfully [IP: ::1]
2025-12-27 12:41:35 PM [info-Sagar Pagar]: Data retrieved successfully [IP: ::1]
2025-12-27 12:41:35 PM [info-Sagar Pagar]: Customer data retrieved successfully [IP: ::1]
2025-12-27 12:42:15 PM [info-Sagar Pagar]: Customer data retrieved successfully [IP: ::1]
2025-12-27 12:42:15 PM [info-Sagar Pagar]: Employee (partial) list retrieved successfully [IP: ::1]
2025-12-27 12:42:15 PM [info-Sagar Pagar]: Data retrieved successfully [IP: ::1]
2025-12-27 12:42:15 PM [info-Sagar Pagar]: Data retrieved successfully [IP: ::1]
2025-12-27 12:42:18 PM [info-Sagar Pagar]: Employee (partial) list retrieved successfully [IP: ::1]
2025-12-27 12:42:18 PM [info-Sagar Pagar]: Data retrieved successfully [IP: ::1]
2025-12-27 12:42:19 PM [info-Sagar Pagar]: Data retrieved successfully [IP: ::1]
2025-12-27 12:42:21 PM [info-Sagar Pagar]: Customer data retrieved successfully [IP: ::1]
2025-12-27 12:42:30 PM [info-Sagar Pagar]: Employee (partial) list retrieved successfully [IP: ::1]
2025-12-27 12:42:30 PM [info-Sagar Pagar]: Data retrieved successfully [IP: ::1]
2025-12-27 12:42:31 PM [info-Sagar Pagar]: Customer data retrieved successfully [IP: ::1]
2025-12-27 12:54:40 PM [info-Sagar Pagar]: Data retrieved successfully [IP: ::1]
2025-12-27 12:54:40 PM [info-Sagar Pagar]: Employee (partial) list retrieved successfully [IP: ::1]
2025-12-27 12:54:40 PM [info-Sagar Pagar]: Data retrieved successfully [IP: ::1]
2025-12-27 12:54:40 PM [info-Sagar Pagar]: Customer data retrieved successfully [IP: ::1]
2025-12-27 02:31:14 PM [info-Sagar Pagar]: Data retrieved successfully [IP: ::1]
2025-12-27 02:45:46 PM [info-Prashil Vora]: User login successful [IP: ::1]
2025-12-27 02:45:46 PM [info-System]: User logged in successfully [IP: ::1]
2025-12-27 03:02:40 PM [info-Malav Patel]: User login successful [IP: ::1]
2025-12-27 03:02:40 PM [info-System]: User logged in successfully [IP: ::1]
2025-12-27 03:03:52 PM [info-System]: Data retrieved successfully [IP: ::1]
2025-12-27 03:08:40 PM [info-Sagar Pagar]: Employee (partial) list retrieved successfully [IP: ::1]
2025-12-27 03:08:40 PM [info-Sagar Pagar]: Data retrieved successfully [IP: ::1]
2025-12-27 03:08:40 PM [info-Sagar Pagar]: Customer data retrieved successfully [IP: ::1]
2025-12-27 03:08:40 PM [info-Sagar Pagar]: Employee (partial) list retrieved successfully [IP: ::1]
2025-12-27 03:08:40 PM [info-Sagar Pagar]: Data retrieved successfully [IP: ::1]
2025-12-27 03:08:40 PM [info-Sagar Pagar]: Data retrieved successfully [IP: ::1]
2025-12-27 03:08:40 PM [info-Sagar Pagar]: Customer data retrieved successfully [IP: ::1]
2025-12-27 03:21:00 PM [info-Malav Patel]: User logout successful [IP: ::1]
2025-12-27 03:21:00 PM [info-System]: User logged out successfully [IP: ::1]
2025-12-27 03:27:58 PM [info-Malav Patel]: User login successful [IP: ::1]
2025-12-27 03:27:58 PM [info-System]: User logged in successfully [IP: ::1]
2025-12-27 03:28:05 PM [info-Admin Admin]: Data retrieved successfully [IP: ::1]
2025-12-27 03:28:05 PM [info-Admin Admin]: Data retrieved successfully [IP: ::1]
2025-12-27 03:28:05 PM [info-Admin Admin]: Farmers (filtered) list retrieved successfully [IP: ::1]
2025-12-27 03:28:05 PM [info-Admin Admin]: Data retrieved successfully [IP: ::1]
2025-12-27 03:28:05 PM [info-Admin Admin]: Employee (partial) list retrieved successfully [IP: ::1]
2025-12-27 03:28:05 PM [info-Admin Admin]: Data retrieved successfully [IP: ::1]
2025-12-27 03:28:05 PM [info-Admin Admin]: Customer data retrieved successfully [IP: ::1]
2025-12-27 03:28:05 PM [info-Admin Admin]: Data retrieved successfully [IP: ::1]
2025-12-27 03:28:05 PM [info-Admin Admin]: Branch data retrieved successfully [IP: ::1]
2025-12-27 03:28:05 PM [info-Admin Admin]: User counts report list retrieved successfully [IP: ::1]
2025-12-27 03:28:05 PM [info-Admin Admin]: Data retrieved successfully [IP: ::1]
2025-12-27 03:28:06 PM [info-Admin Admin]: Company data retrieved successfully [IP: ::1]
2025-12-27 03:28:06 PM [info-Admin Admin]: Data retrieved successfully [IP: ::1]
2025-12-27 03:28:06 PM [info-Admin Admin]: Data retrieved successfully [IP: ::1]
2025-12-27 03:28:17 PM [info-Admin Admin]: Employee (partial) list retrieved successfully [IP: ::1]
2025-12-27 03:28:17 PM [info-Admin Admin]: Data retrieved successfully [IP: ::1]
2025-12-27 03:28:29 PM [info-Admin Admin]: Employee (partial) list retrieved successfully [IP: ::1]
2025-12-27 03:28:29 PM [info-Admin Admin]: Data retrieved successfully [IP: ::1]
2025-12-27 03:32:41 PM [info-Admin Admin]: Bulk workflow relations added successfully with ID: 3 relations [IP: ::1]
2025-12-27 03:32:41 PM [info-Admin Admin]: Record created successfully [IP: ::1]
2025-12-27 03:32:44 PM [info-Admin Admin]: Employee (partial) list retrieved successfully [IP: ::1]
2025-12-27 03:32:44 PM [info-Admin Admin]: Data retrieved successfully [IP: ::1]
2025-12-27 03:33:02 PM [info-Admin Admin]: Employee (partial) list retrieved successfully [IP: ::1]
2025-12-27 03:33:02 PM [info-Admin Admin]: Data retrieved successfully [IP: ::1]
2025-12-27 03:33:12 PM [error-Admin Admin]: Workflow tree retrieval failed: invalid input syntax for type uuid: "d" [IP: ::1]
2025-12-27 03:33:12 PM [info-Admin Admin]: Failed to retrieve data [IP: ::1]
2025-12-27 03:33:12 PM [error-Admin Admin]: Workflow tree retrieval failed: invalid input syntax for type uuid: "s" [IP: ::1]
2025-12-27 03:33:12 PM [info-Admin Admin]: Failed to retrieve data [IP: ::1]
2025-12-27 03:33:12 PM [error-Admin Admin]: Workflow tree retrieval failed: invalid input syntax for type uuid: "sa" [IP: ::1]
2025-12-27 03:33:12 PM [info-Admin Admin]: Failed to retrieve data [IP: ::1]
2025-12-27 03:33:13 PM [error-Admin Admin]: Workflow tree retrieval failed: invalid input syntax for type uuid: "sag" [IP: ::1]
2025-12-27 03:33:13 PM [info-Admin Admin]: Failed to retrieve data [IP: ::1]
2025-12-27 03:33:13 PM [error-Admin Admin]: Workflow tree retrieval failed: invalid input syntax for type uuid: "saga" [IP: ::1]
2025-12-27 03:33:13 PM [info-Admin Admin]: Failed to retrieve data [IP: ::1]
2025-12-27 03:33:13 PM [error-Admin Admin]: Workflow tree retrieval failed: invalid input syntax for type uuid: "sagar" [IP: ::1]
2025-12-27 03:33:13 PM [info-Admin Admin]: Failed to retrieve data [IP: ::1]
2025-12-27 03:33:14 PM [error-Admin Admin]: Workflow tree retrieval failed: invalid input syntax for type uuid: "sagar" [IP: ::1]
2025-12-27 03:33:14 PM [info-Admin Admin]: Failed to retrieve data [IP: ::1]
2025-12-27 03:33:14 PM [info-Admin Admin]: Workflow tree list retrieved successfully [IP: ::1]
2025-12-27 03:33:15 PM [info-Admin Admin]: Data retrieved successfully [IP: ::1]
2025-12-27 03:36:49 PM [info-Admin Admin]: User login successful [IP: ::1]
2025-12-27 03:36:49 PM [info-System]: User logged in successfully [IP: ::1]
2025-12-27 03:37:52 PM [info-System]: Data retrieved successfully [IP: ::1]
2025-12-27 03:39:38 PM [info-System]: Data retrieved successfully [IP: ::1]
2025-12-27 03:40:39 PM [info-System]: Data retrieved successfully [IP: ::1]
2025-12-27 03:41:45 PM [info-System]: Data retrieved successfully [IP: ::1]
2025-12-27 03:43:27 PM [info-Sagar Pagar]: Data retrieved successfully [IP: ::1]
2025-12-27 03:43:38 PM [info-Sagar Pagar]: Data retrieved successfully [IP: ::1]
2025-12-27 03:44:22 PM [info-Sagar Pagar]: Data retrieved successfully [IP: ::1]
2025-12-27 03:46:31 PM [info-Sagar Pagar]: Data retrieved successfully [IP: ::1]
2025-12-27 03:46:31 PM [info-Sagar Pagar]: Customer data retrieved successfully [IP: ::1]
2025-12-27 03:46:31 PM [info-Sagar Pagar]: Employee (partial) list retrieved successfully [IP: ::1]
2025-12-27 03:46:31 PM [info-Sagar Pagar]: Data retrieved successfully [IP: ::1]
2025-12-27 03:54:19 PM [info-Sagar Pagar]: Data retrieved successfully [IP: ::1]
2025-12-27 03:54:41 PM [info-Sagar Pagar]: Data retrieved successfully [IP: ::1]
2025-12-27 03:54:42 PM [info-Sagar Pagar]: Employee (partial) list retrieved successfully [IP: ::1]
2025-12-27 03:54:42 PM [info-Sagar Pagar]: Data retrieved successfully [IP: ::1]
2025-12-27 03:54:42 PM [info-Sagar Pagar]: Customer data retrieved successfully [IP: ::1]
2025-12-27 03:59:49 PM [info-Sagar Pagar]: Data retrieved successfully [IP: ::1]
2025-12-27 03:59:49 PM [info-Sagar Pagar]: Employee (partial) list retrieved successfully [IP: ::1]
2025-12-27 03:59:49 PM [info-Sagar Pagar]: Data retrieved successfully [IP: ::1]
2025-12-27 03:59:49 PM [info-Sagar Pagar]: Customer data retrieved successfully [IP: ::1]
2025-12-27 04:01:54 PM [info-Sagar Pagar]: Employee (partial) list retrieved successfully [IP: ::1]
2025-12-27 04:01:54 PM [info-Sagar Pagar]: Data retrieved successfully [IP: ::1]
2025-12-27 04:01:54 PM [info-Sagar Pagar]: Data retrieved successfully [IP: ::1]
2025-12-27 04:01:54 PM [info-Sagar Pagar]: Customer data retrieved successfully [IP: ::1]
2025-12-27 04:05:41 PM [info-Sagar Pagar]: Data retrieved successfully [IP: ::1]
2025-12-27 04:30:39 PM [info-Sagar Pagar]: Data retrieved successfully [IP: ::1]
2025-12-27 04:36:38 PM [error-Admin Admin]: Error in POST /procurement-target/create/monthly-plan: Cannot read properties of undefined (reading 'map')
2025-12-27 04:36:38 PM [info-Admin Admin]: Failed to create record [IP: ::1]
2025-12-27 04:37:13 PM [error-Sagar Pagar]: Error in POST /procurement-target/create/monthly-plan: Cannot read properties of undefined (reading 'map')
2025-12-27 04:37:13 PM [info-Sagar Pagar]: Failed to create record [IP: ::1]
2025-12-27 04:37:18 PM [error-Sagar Pagar]: Error in POST /procurement-target/create/monthly-plan: Cannot read properties of undefined (reading 'map')
2025-12-27 04:37:18 PM [info-Sagar Pagar]: Failed to create record [IP: ::1]
2025-12-27 04:37:32 PM [info-Admin Admin]: User login successful [IP: ::1]
2025-12-27 04:37:32 PM [info-System]: User logged in successfully [IP: ::1]
2025-12-27 04:38:55 PM [error-Admin Admin]: Error in POST /procurement-target/create/monthly-plan: Cannot read properties of undefined (reading 'map')
2025-12-27 04:38:55 PM [info-Admin Admin]: Failed to create record [IP: ::1]
2025-12-27 04:40:31 PM [info-Admin Admin]: Record created successfully [IP: ::1]
2025-12-27 04:40:41 PM [info-Sagar Pagar]: Data retrieved successfully [IP: ::1]
2025-12-27 04:46:01 PM [info-Sagar Pagar]: Data retrieved successfully [IP: ::1]
2025-12-27 05:08:16 PM [info-Sagar Pagar]: Employee (partial) list retrieved successfully [IP: ::1]
2025-12-27 05:08:16 PM [info-Sagar Pagar]: Data retrieved successfully [IP: ::1]
2025-12-27 05:08:46 PM [info-Sagar Pagar]: Employee (partial) list retrieved successfully [IP: ::1]
2025-12-27 05:08:46 PM [info-Sagar Pagar]: Data retrieved successfully [IP: ::1]
2025-12-27 05:08:46 PM [info-Sagar Pagar]: Data retrieved successfully [IP: ::1]
2025-12-27 05:08:46 PM [info-Sagar Pagar]: Customer data retrieved successfully [IP: ::1]
2025-12-27 05:11:40 PM [error-System]: Error in POST /procurement-target/create/monthly-plan: Cannot read properties of undefined (reading 'access_token')
2025-12-27 05:11:40 PM [info-System]: Failed to create record [IP: ::1]
2025-12-27 05:12:55 PM [info-Sagar Pagar]: Record created successfully [IP: ::1]
2025-12-27 05:19:47 PM [error-Sagar Pagar]: Error in GET /procurement-target/getAll: target.startDate.getFullYear is not a function
2025-12-27 05:19:47 PM [info-Sagar Pagar]: Failed to retrieve data [IP: ::1]
2025-12-27 05:22:39 PM [info-Sagar Pagar]: Data retrieved successfully [IP: ::1]
2025-12-27 05:23:30 PM [info-Sagar Pagar]: Data retrieved successfully [IP: ::1]
2025-12-27 05:23:54 PM [info-Admin Admin]: Employee (partial) list retrieved successfully [IP: ::1]
2025-12-27 05:23:54 PM [info-Admin Admin]: Data retrieved successfully [IP: ::1]
2025-12-27 05:25:31 PM [info-Admin Admin]: Bulk workflow relations added successfully with ID: 3 relations [IP: ::1]
2025-12-27 05:25:31 PM [info-Admin Admin]: Record created successfully [IP: ::1]
2025-12-27 05:25:35 PM [info-Admin Admin]: Employee (partial) list retrieved successfully [IP: ::1]
2025-12-27 05:25:35 PM [info-Admin Admin]: Data retrieved successfully [IP: ::1]
2025-12-27 05:25:49 PM [error-Admin Admin]: Workflow tree retrieval failed: invalid input syntax for type uuid: "s" [IP: ::1]
2025-12-27 05:25:49 PM [info-Admin Admin]: Failed to retrieve data [IP: ::1]
2025-12-27 05:25:49 PM [error-Admin Admin]: Workflow tree retrieval failed: invalid input syntax for type uuid: "sa" [IP: ::1]
2025-12-27 05:25:49 PM [info-Admin Admin]: Failed to retrieve data [IP: ::1]
2025-12-27 05:25:49 PM [error-Admin Admin]: Workflow tree retrieval failed: invalid input syntax for type uuid: "saga" [IP: ::1]
2025-12-27 05:25:49 PM [info-Admin Admin]: Failed to retrieve data [IP: ::1]
2025-12-27 05:25:49 PM [error-Admin Admin]: Workflow tree retrieval failed: invalid input syntax for type uuid: "sagar" [IP: ::1]
2025-12-27 05:25:49 PM [info-Admin Admin]: Failed to retrieve data [IP: ::1]
2025-12-27 05:25:49 PM [error-Admin Admin]: Workflow tree retrieval failed: invalid input syntax for type uuid: "sag" [IP: ::1]
2025-12-27 05:25:49 PM [info-Admin Admin]: Failed to retrieve data [IP: ::1]
2025-12-27 05:25:53 PM [info-Admin Admin]: Workflow tree list retrieved successfully [IP: ::1]
2025-12-27 05:25:53 PM [info-Admin Admin]: Data retrieved successfully [IP: ::1]
2025-12-27 05:25:58 PM [info-Sagar Pagar]: Data retrieved successfully [IP: ::1]
2025-12-27 05:29:03 PM [info-Sagar Pagar]: Record created successfully [IP: ::1]
2025-12-27 05:29:21 PM [info-Sagar Pagar]: Data retrieved successfully [IP: ::1]
2025-12-27 05:30:35 PM [info-Sagar Pagar]: Data retrieved successfully [IP: ::1]
2025-12-27 05:30:46 PM [info-Admin Admin]: Workflow tree list retrieved successfully [IP: ::1]
2025-12-27 05:30:46 PM [info-Admin Admin]: Employee (partial) list retrieved successfully [IP: ::1]
2025-12-27 05:30:46 PM [info-Admin Admin]: Data retrieved successfully [IP: ::1]
2025-12-27 05:30:46 PM [info-Admin Admin]: Data retrieved successfully [IP: ::1]
2025-12-27 05:31:56 PM [info-Admin Admin]: Workflow tree list retrieved successfully [IP: ::1]
2025-12-27 05:31:56 PM [info-Admin Admin]: Employee (partial) list retrieved successfully [IP: ::1]
2025-12-27 05:31:56 PM [info-Admin Admin]: Data retrieved successfully [IP: ::1]
2025-12-27 05:31:56 PM [info-Admin Admin]: Data retrieved successfully [IP: ::1]
2025-12-27 05:32:55 PM [info-Admin Admin]: Employee (partial) list retrieved successfully [IP: ::1]
2025-12-27 05:32:55 PM [info-Admin Admin]: Data retrieved successfully [IP: ::1]
2025-12-27 05:32:55 PM [info-Admin Admin]: Workflow tree list retrieved successfully [IP: ::1]
2025-12-27 05:32:55 PM [info-Admin Admin]: Data retrieved successfully [IP: ::1]
2025-12-27 05:33:22 PM [info-Sagar Pagar]: Data retrieved successfully [IP: ::1]
2025-12-27 05:33:45 PM [info-Admin Admin]: Workflow tree list retrieved successfully [IP: ::1]
2025-12-27 05:33:45 PM [info-Admin Admin]: Employee (partial) list retrieved successfully [IP: ::1]
2025-12-27 05:33:45 PM [info-Admin Admin]: Data retrieved successfully [IP: ::1]
2025-12-27 05:33:46 PM [info-Admin Admin]: Data retrieved successfully [IP: ::1]
2025-12-27 05:33:52 PM [info-Sagar Pagar]: Data retrieved successfully [IP: ::1]
2025-12-27 05:38:49 PM [info-Sagar Pagar]: Data retrieved successfully [IP: ::1]
2025-12-27 05:46:15 PM [info-Sagar Pagar]: Data retrieved successfully [IP: ::1]
2025-12-27 05:52:46 PM [info-Sagar Pagar]: Data retrieved successfully [IP: ::1]
2025-12-27 05:52:47 PM [info-Sagar Pagar]: Data retrieved successfully [IP: ::1]
2025-12-27 05:58:34 PM [info-Sagar Pagar]: Data retrieved successfully [IP: ::1]
2025-12-29 10:15:38 AM [info-Sagar Pagar]: Data retrieved successfully [IP: ::1]
2025-12-29 10:35:51 AM [info-Sagar Pagar]: Data retrieved successfully [IP: ::1]
2025-12-29 10:36:16 AM [info-Sagar Pagar]: User login successful [IP: ::1]
2025-12-29 10:36:16 AM [info-System]: User logged in successfully [IP: ::1]
2025-12-29 10:38:07 AM [info-Sagar Pagar]: Data retrieved successfully [IP: ::1]
2025-12-29 10:44:13 AM [info-Admin Admin]: User login successful [IP: ::1]
2025-12-29 10:44:13 AM [info-System]: User logged in successfully [IP: ::1]
2025-12-29 10:45:10 AM [error-Jeetsingh Sisodia]: Error in GET /procurement-target/getAll: target.startDate.getFullYear is not a function
2025-12-29 10:45:10 AM [info-Jeetsingh Sisodia]: Failed to retrieve data [IP: ::1]
2025-12-29 10:46:42 AM [info-Jeetsingh Sisodia]: Data retrieved successfully [IP: ::1]
2025-12-29 11:05:29 AM [error-System]: Error in GET /sales-target/monthly-plan-view?employee=ca87d4d6-bb2f-4702-94da-947240629068&startDate=%202025-12-01&endDate=2025-12-31: Cannot read properties of undefined (reading 'access_token')
2025-12-29 11:05:29 AM [info-System]: Failed to retrieve data [IP: ::1]
2025-12-29 11:06:20 AM [info-Jeetsingh Sisodia]: Data retrieved successfully [IP: ::1]
2025-12-29 11:06:52 AM [error-System]: Error in GET /sales-target/monthly-plan-view?employee=ca87d4d6-bb2f-4702-94da-947240629068&startDate=2025-12-01&endDate=%202025-12-31: You need to re-authenticate. Please log in.
2025-12-29 11:06:52 AM [info-System]: Failed to retrieve data [IP: ::1]
2025-12-29 11:07:13 AM [info-Sagar Pagar]: Data retrieved successfully [IP: ::1]
2025-12-29 11:09:25 AM [info-Sagar Pagar]: Data retrieved successfully [IP: ::1]
2025-12-29 11:18:53 AM [info-Admin Admin]: Record created successfully [IP: ::1]
2025-12-29 11:19:08 AM [info-Jeetsingh Sisodia]: Data retrieved successfully [IP: ::1]
2025-12-29 11:21:29 AM [info-Jeetsingh Sisodia]: Data retrieved successfully [IP: ::1]
2025-12-29 11:24:16 AM [info-Jeetsingh Sisodia]: Failed to retrieve data [IP: ::1]
2025-12-29 11:27:07 AM [info-Jeetsingh Sisodia]: Data retrieved successfully [IP: ::1]
2025-12-29 12:40:11 PM [info-Admin Admin]: Record created successfully [IP: ::1]
2025-12-29 12:40:20 PM [info-Sagar Pagar]: Data retrieved successfully [IP: ::1]
2025-12-29 12:40:38 PM [info-Jeetsingh Sisodia]: Data retrieved successfully [IP: ::1]
2025-12-29 12:41:56 PM [info-Jeetsingh Sisodia]: Data retrieved successfully [IP: ::1]
2025-12-29 02:44:18 PM [info-Jeetsingh Sisodia]: Data retrieved successfully [IP: ::1]
2025-12-29 03:17:53 PM [info-Admin Admin]: User login successful [IP: ::1]
2025-12-29 03:17:53 PM [info-System]: User logged in successfully [IP: ::1]
2025-12-29 03:18:12 PM [info-Sagar Pagar]: User login successful [IP: ::1]
2025-12-29 03:18:12 PM [info-System]: User logged in successfully [IP: ::1]
2025-12-29 03:22:31 PM [info-Sagar Pagar]: User login successful [IP: ::1]
2025-12-29 03:22:31 PM [info-System]: User logged in successfully [IP: ::1]
2025-12-29 03:25:58 PM [info-Sagar Pagar]: User login successful [IP: ::1]
2025-12-29 03:25:58 PM [info-System]: User logged in successfully [IP: ::1]
2025-12-29 03:26:18 PM [info-Sagar Pagar]: User login successful [IP: ::1]
2025-12-29 03:26:18 PM [info-System]: User logged in successfully [IP: ::1]
2025-12-29 03:33:14 PM [info-Sagar Pagar]: User login successful [IP: ::1]
2025-12-29 03:33:14 PM [info-System]: User logged in successfully [IP: ::1]
2025-12-29 04:00:36 PM [info-Sagar Pagar]: User login successful [IP: ::1]
2025-12-29 04:00:36 PM [info-System]: User logged in successfully [IP: ::1]
2025-12-29 04:07:36 PM [info-Sagar Pagar]: User login successful [IP: ::1]
2025-12-29 04:07:36 PM [info-System]: User logged in successfully [IP: ::1]
2025-12-29 04:45:38 PM [info-Jeetsingh Sisodia]: Data retrieved successfully [IP: ::1]
2025-12-29 05:59:26 PM [info-Jeetsingh Sisodia]: Data retrieved successfully [IP: ::1]
2025-12-30 09:58:28 AM [info-Sagar Pagar]: User login successful [IP: ::1]
2025-12-30 09:58:28 AM [info-System]: User logged in successfully [IP: ::1]
2025-12-30 10:00:06 AM [info-Sagar Pagar]: User login successful [IP: ::1]
2025-12-30 10:00:06 AM [info-System]: User logged in successfully [IP: ::1]
2025-12-30 10:00:57 AM [info-Sagar Pagar]: User login successful [IP: ::1]
2025-12-30 10:00:57 AM [info-System]: User logged in successfully [IP: ::1]
2025-12-30 10:29:34 AM [info-Sagar Pagar]: User login successful [IP: ::1]
2025-12-30 10:29:34 AM [info-System]: User logged in successfully [IP: ::1]
2025-12-30 10:29:51 AM [info-Malav Patel]: User login successful [IP: ::1]
2025-12-30 10:29:51 AM [info-System]: User logged in successfully [IP: ::1]
2025-12-30 10:31:42 AM [info-Sagar Pagar]: User login successful [IP: ::1]
2025-12-30 10:31:42 AM [info-System]: User logged in successfully [IP: ::1]
2025-12-30 10:33:22 AM [info-Sagar Pagar]: User login successful [IP: ::1]
2025-12-30 10:33:22 AM [info-System]: User logged in successfully [IP: ::1]
2025-12-30 11:25:12 AM [info-Sagar Pagar]: User login successful [IP: ::1]
2025-12-30 11:25:12 AM [info-System]: User logged in successfully [IP: ::1]
2025-12-30 11:41:00 AM [info-Sagar Pagar]: Record created successfully [IP: ::1]
2025-12-30 11:49:13 AM [info-Sagar Pagar]: Data retrieved successfully [IP: ::1]
2025-12-30 11:58:47 AM [error-System]: Error in GET /employee/all/partial: You need to re-authenticate. Please log in.
2025-12-30 11:58:47 AM [info-System]: Failed to retrieve data [IP: ::1]
2025-12-30 11:58:47 AM [error-System]: Error in GET /customers/names/all: You need to re-authenticate. Please log in.
2025-12-30 11:58:47 AM [info-System]: Failed to retrieve data [IP: ::1]
2025-12-30 11:58:48 AM [info-System]: Failed to create record [IP: ::1]
2025-12-30 11:58:48 AM [info-System]: Failed to create record [IP: ::1]
2025-12-30 11:58:48 AM [info-Sagar Pagar]: Employee (partial) list retrieved successfully [IP: ::1]
2025-12-30 11:58:48 AM [info-Sagar Pagar]: Data retrieved successfully [IP: ::1]
2025-12-30 11:58:48 AM [info-Sagar Pagar]: Customer data retrieved successfully [IP: ::1]
2025-12-30 12:04:11 PM [info-Sagar Pagar]: User login successful [IP: ::1]
2025-12-30 12:04:11 PM [info-System]: User logged in successfully [IP: ::1]
2025-12-30 12:04:15 PM [info-Admin Admin]: Employee (partial) list retrieved successfully [IP: ::1]
2025-12-30 12:04:15 PM [info-Admin Admin]: Data retrieved successfully [IP: ::1]
2025-12-30 12:04:16 PM [info-Admin Admin]: Company data retrieved successfully [IP: ::1]
2025-12-30 12:04:16 PM [info-Admin Admin]: Data retrieved successfully [IP: ::1]
2025-12-30 12:04:16 PM [info-Admin Admin]: Branch data retrieved successfully [IP: ::1]
2025-12-30 12:04:16 PM [info-Admin Admin]: Farmers (filtered) list retrieved successfully [IP: ::1]
2025-12-30 12:04:16 PM [info-Admin Admin]: Data retrieved successfully [IP: ::1]
2025-12-30 12:04:16 PM [info-Admin Admin]: Customer data retrieved successfully [IP: ::1]
2025-12-30 12:04:16 PM [info-Admin Admin]: User counts report list retrieved successfully [IP: ::1]
2025-12-30 12:04:16 PM [info-Admin Admin]: Data retrieved successfully [IP: ::1]
2025-12-30 12:04:16 PM [info-Admin Admin]: Data retrieved successfully [IP: ::1]
2025-12-30 12:04:16 PM [info-Admin Admin]: Data retrieved successfully [IP: ::1]
2025-12-30 12:04:17 PM [info-Admin Admin]: Data retrieved successfully [IP: ::1]
2025-12-30 12:04:17 PM [info-Admin Admin]: Data retrieved successfully [IP: ::1]
2025-12-30 12:08:39 PM [info-Sagar Pagar]: Record created successfully [IP: ::1]
2025-12-30 12:09:18 PM [info-Sagar Pagar]: Data retrieved successfully [IP: ::1]
2025-12-30 12:09:47 PM [info-Jeetsingh Sisodia]: Data retrieved successfully [IP: ::1]
2025-12-30 12:11:58 PM [info-Admin Admin]: Employee (partial) list retrieved successfully [IP: ::1]
2025-12-30 12:11:58 PM [info-Admin Admin]: Data retrieved successfully [IP: ::1]
2025-12-30 12:12:03 PM [error-Admin Admin]: Workflow tree retrieval failed: invalid input syntax for type uuid: "j" [IP: ::1]
2025-12-30 12:12:03 PM [info-Admin Admin]: Failed to retrieve data [IP: ::1]
2025-12-30 12:12:03 PM [error-Admin Admin]: Workflow tree retrieval failed: invalid input syntax for type uuid: "je" [IP: ::1]
2025-12-30 12:12:03 PM [info-Admin Admin]: Failed to retrieve data [IP: ::1]
2025-12-30 12:12:03 PM [error-Admin Admin]: Workflow tree retrieval failed: invalid input syntax for type uuid: "jee" [IP: ::1]
2025-12-30 12:12:03 PM [info-Admin Admin]: Failed to retrieve data [IP: ::1]
2025-12-30 12:12:04 PM [error-Admin Admin]: Workflow tree retrieval failed: invalid input syntax for type uuid: "jee" [IP: ::1]
2025-12-30 12:12:04 PM [info-Admin Admin]: Failed to retrieve data [IP: ::1]
2025-12-30 12:12:05 PM [info-Admin Admin]: Workflow tree list retrieved successfully [IP: ::1]
2025-12-30 12:12:05 PM [info-Admin Admin]: Data retrieved successfully [IP: ::1]
2025-12-30 12:12:19 PM [info-Admin Admin]: Employee (partial) list retrieved successfully [IP: ::1]
2025-12-30 12:12:19 PM [info-Admin Admin]: Data retrieved successfully [IP: ::1]
2025-12-30 12:13:17 PM [info-Admin Admin]: Bulk workflow relations added successfully with ID: 2 relations [IP: ::1]
2025-12-30 12:13:17 PM [info-Admin Admin]: Record created successfully [IP: ::1]
2025-12-30 12:13:19 PM [info-Admin Admin]: Employee (partial) list retrieved successfully [IP: ::1]
2025-12-30 12:13:19 PM [info-Admin Admin]: Data retrieved successfully [IP: ::1]
2025-12-30 12:13:29 PM [info-Jeetsingh Sisodia]: Data retrieved successfully [IP: ::1]
2025-12-30 12:13:45 PM [info-Sagar Pagar]: Data retrieved successfully [IP: ::1]
2025-12-30 12:16:20 PM [info-Sagar Pagar]: Employee (partial) list retrieved successfully [IP: ::1]
2025-12-30 12:16:20 PM [info-Sagar Pagar]: Data retrieved successfully [IP: ::1]
2025-12-30 12:16:22 PM [info-Sagar Pagar]: Customer data retrieved successfully [IP: ::1]
2025-12-30 12:35:24 PM [info-Jeetsingh Sisodia]: Data retrieved successfully [IP: ::1]
2025-12-30 12:36:44 PM [info-Sagar Pagar]: Employee (partial) list retrieved successfully [IP: ::1]
2025-12-30 12:36:44 PM [info-Sagar Pagar]: Data retrieved successfully [IP: ::1]
2025-12-30 12:36:44 PM [info-Sagar Pagar]: Customer data retrieved successfully [IP: ::1]
2025-12-30 12:51:59 PM [info-Jeetsingh Sisodia]: Data retrieved successfully [IP: ::1]
2025-12-30 01:03:14 PM [info-Jeetsingh Sisodia]: Data retrieved successfully [IP: ::1]
2025-12-30 01:03:41 PM [info-Jeetsingh Sisodia]: Data retrieved successfully [IP: ::1]
2025-12-30 01:06:21 PM [info-Sagar Pagar]: Data retrieved successfully [IP: ::1]
2025-12-30 01:07:42 PM [info-Sagar Pagar]: Data retrieved successfully [IP: ::1]
2025-12-30 01:07:45 PM [info-Sagar Pagar]: Data retrieved successfully [IP: ::1]
2025-12-30 01:07:55 PM [info-Sagar Pagar]: Data retrieved successfully [IP: ::1]
2025-12-30 01:12:25 PM [info-Jeetsingh Sisodia]: Data retrieved successfully [IP: ::1]
2025-12-30 01:14:12 PM [info-Jeetsingh Sisodia]: Data retrieved successfully [IP: ::1]
2025-12-30 01:14:52 PM [info-Jeetsingh Sisodia]: Data retrieved successfully [IP: ::1]
2025-12-30 02:16:22 PM [info-Jeetsingh Sisodia]: Data retrieved successfully [IP: ::1]
2025-12-30 02:48:19 PM [info-Admin Admin]: Employee (partial) list retrieved successfully [IP: ::ffff:127.0.0.1]
2025-12-30 02:48:19 PM [info-Admin Admin]: Data retrieved successfully [IP: ::ffff:127.0.0.1]
2025-12-30 02:51:09 PM [error-Admin Admin]: Workflow tree retrieval failed: invalid input syntax for type uuid: "s" [IP: ::1]
2025-12-30 02:51:09 PM [info-Admin Admin]: Failed to retrieve data [IP: ::1]
2025-12-30 02:51:10 PM [error-Admin Admin]: Workflow tree retrieval failed: invalid input syntax for type uuid: "sag" [IP: ::1]
2025-12-30 02:51:10 PM [info-Admin Admin]: Failed to retrieve data [IP: ::1]
2025-12-30 02:51:10 PM [error-Admin Admin]: Workflow tree retrieval failed: invalid input syntax for type uuid: "sa" [IP: ::1]
2025-12-30 02:51:10 PM [info-Admin Admin]: Failed to retrieve data [IP: ::1]
2025-12-30 02:51:10 PM [error-Admin Admin]: Workflow tree retrieval failed: invalid input syntax for type uuid: "saga" [IP: ::1]
2025-12-30 02:51:10 PM [info-Admin Admin]: Failed to retrieve data [IP: ::1]
2025-12-30 02:51:10 PM [error-Admin Admin]: Workflow tree retrieval failed: invalid input syntax for type uuid: "sagar" [IP: ::1]
2025-12-30 02:51:10 PM [info-Admin Admin]: Failed to retrieve data [IP: ::1]
2025-12-30 02:51:11 PM [error-Admin Admin]: Workflow tree retrieval failed: invalid input syntax for type uuid: "sagar" [IP: ::1]
2025-12-30 02:51:11 PM [info-Admin Admin]: Failed to retrieve data [IP: ::1]
2025-12-30 02:51:12 PM [info-Admin Admin]: Workflow tree list retrieved successfully [IP: ::1]
2025-12-30 02:51:13 PM [info-Admin Admin]: Data retrieved successfully [IP: ::1]
2025-12-30 02:51:13 PM [error-Admin Admin]: Workflow tree retrieval failed: Converting circular structure to JSON
    --> starting at object with constructor 'Object'
    |     property 'children' -> object with constructor 'Array'
    |     index 0 -> object with constructor 'Object'
    |     property 'children' -> object with constructor 'Array'
    --- index 1 closes the circle [IP: ::1]
2025-12-30 02:51:13 PM [info-Admin Admin]: Failed to retrieve data [IP: ::1]
2025-12-30 02:51:14 PM [info-Admin Admin]: Workflow tree list retrieved successfully [IP: ::1]
2025-12-30 02:51:14 PM [info-Admin Admin]: Data retrieved successfully [IP: ::1]
2025-12-30 02:51:14 PM [error-Admin Admin]: Workflow tree retrieval failed: Converting circular structure to JSON
    --> starting at object with constructor 'Object'
    |     property 'children' -> object with constructor 'Array'
    |     index 0 -> object with constructor 'Object'
    |     property 'children' -> object with constructor 'Array'
    --- index 1 closes the circle [IP: ::1]
2025-12-30 02:51:14 PM [info-Admin Admin]: Failed to retrieve data [IP: ::1]
2025-12-30 02:51:24 PM [info-Admin Admin]: Workflow tree list retrieved successfully [IP: ::1]
2025-12-30 02:51:24 PM [info-Admin Admin]: Data retrieved successfully [IP: ::1]
2025-12-30 02:51:31 PM [error-Admin Admin]: Workflow tree retrieval failed: invalid input value for enum workflow_hierarchy_department_enum: "null" [IP: ::1]
2025-12-30 02:51:31 PM [info-Admin Admin]: Failed to retrieve data [IP: ::1]
2025-12-30 02:51:32 PM [error-Admin Admin]: Workflow tree retrieval failed: invalid input value for enum workflow_hierarchy_department_enum: "null" [IP: ::1]
2025-12-30 02:51:32 PM [info-Admin Admin]: Failed to retrieve data [IP: ::1]
2025-12-30 02:51:33 PM [error-Admin Admin]: Workflow tree retrieval failed: invalid input value for enum workflow_hierarchy_department_enum: "s" [IP: ::1]
2025-12-30 02:51:33 PM [info-Admin Admin]: Failed to retrieve data [IP: ::1]
2025-12-30 02:51:34 PM [error-Admin Admin]: Workflow tree retrieval failed: invalid input value for enum workflow_hierarchy_department_enum: "sa" [IP: ::1]
2025-12-30 02:51:34 PM [info-Admin Admin]: Failed to retrieve data [IP: ::1]
2025-12-30 02:51:34 PM [error-Admin Admin]: Workflow tree retrieval failed: invalid input value for enum workflow_hierarchy_department_enum: "sal" [IP: ::1]
2025-12-30 02:51:34 PM [info-Admin Admin]: Failed to retrieve data [IP: ::1]
2025-12-30 02:51:34 PM [info-Admin Admin]: Workflow tree list retrieved successfully [IP: ::1]
2025-12-30 02:51:34 PM [info-Admin Admin]: Data retrieved successfully [IP: ::1]
2025-12-30 02:51:34 PM [error-Admin Admin]: Workflow tree retrieval failed: Converting circular structure to JSON
    --> starting at object with constructor 'Object'
    |     property 'children' -> object with constructor 'Array'
    |     index 0 -> object with constructor 'Object'
    |     property 'children' -> object with constructor 'Array'
    --- index 1 closes the circle [IP: ::1]
2025-12-30 02:51:34 PM [info-Admin Admin]: Failed to retrieve data [IP: ::1]
2025-12-30 02:51:35 PM [info-Admin Admin]: Workflow tree list retrieved successfully [IP: ::1]
2025-12-30 02:51:36 PM [info-Admin Admin]: Data retrieved successfully [IP: ::1]
2025-12-30 02:51:36 PM [error-Admin Admin]: Workflow tree retrieval failed: Converting circular structure to JSON
    --> starting at object with constructor 'Object'
    |     property 'children' -> object with constructor 'Array'
    |     index 0 -> object with constructor 'Object'
    |     property 'children' -> object with constructor 'Array'
    --- index 1 closes the circle [IP: ::1]
2025-12-30 02:51:36 PM [info-Admin Admin]: Failed to retrieve data [IP: ::1]
2025-12-30 02:51:47 PM [info-Admin Admin]: Workflow tree list retrieved successfully [IP: ::1]
2025-12-30 02:51:47 PM [info-Admin Admin]: Data retrieved successfully [IP: ::1]
2025-12-30 02:51:47 PM [error-Admin Admin]: Workflow tree retrieval failed: Converting circular structure to JSON
    --> starting at object with constructor 'Object'
    |     property 'children' -> object with constructor 'Array'
    |     index 0 -> object with constructor 'Object'
    |     property 'children' -> object with constructor 'Array'
    --- index 1 closes the circle [IP: ::1]
2025-12-30 02:51:47 PM [info-Admin Admin]: Failed to retrieve data [IP: ::1]
2025-12-30 02:51:48 PM [info-Admin Admin]: Workflow tree list retrieved successfully [IP: ::1]
2025-12-30 02:51:48 PM [info-Admin Admin]: Data retrieved successfully [IP: ::1]
2025-12-30 02:51:48 PM [error-Admin Admin]: Workflow tree retrieval failed: Converting circular structure to JSON
    --> starting at object with constructor 'Object'
    |     property 'children' -> object with constructor 'Array'
    |     index 0 -> object with constructor 'Object'
    |     property 'children' -> object with constructor 'Array'
    --- index 1 closes the circle [IP: ::1]
2025-12-30 02:51:48 PM [info-Admin Admin]: Failed to retrieve data [IP: ::1]
2025-12-30 02:52:25 PM [info-Admin Admin]: Workflow tree list retrieved successfully [IP: ::1]
2025-12-30 02:52:25 PM [info-Admin Admin]: Data retrieved successfully [IP: ::1]
2025-12-30 02:52:25 PM [error-Admin Admin]: Workflow tree retrieval failed: Converting circular structure to JSON
    --> starting at object with constructor 'Object'
    |     property 'children' -> object with constructor 'Array'
    |     index 1 -> object with constructor 'Object'
    |     property 'children' -> object with constructor 'Array'
    --- index 0 closes the circle [IP: ::1]
2025-12-30 02:52:25 PM [info-Admin Admin]: Failed to retrieve data [IP: ::1]
2025-12-30 02:52:26 PM [info-Admin Admin]: Workflow tree list retrieved successfully [IP: ::1]
2025-12-30 02:52:26 PM [info-Admin Admin]: Data retrieved successfully [IP: ::1]
2025-12-30 02:52:26 PM [error-Admin Admin]: Workflow tree retrieval failed: Converting circular structure to JSON
    --> starting at object with constructor 'Object'
    |     property 'children' -> object with constructor 'Array'
    |     index 1 -> object with constructor 'Object'
    |     property 'children' -> object with constructor 'Array'
    --- index 0 closes the circle [IP: ::1]
2025-12-30 02:52:26 PM [info-Admin Admin]: Failed to retrieve data [IP: ::1]
2025-12-30 02:52:30 PM [error-Admin Admin]: Workflow tree retrieval failed: invalid input syntax for type uuid: "Ashok  Kor" [IP: ::1]
2025-12-30 02:52:30 PM [info-Admin Admin]: Failed to retrieve data [IP: ::1]
2025-12-30 02:52:31 PM [error-Admin Admin]: Workflow tree retrieval failed: invalid input syntax for type uuid: "Ashok  Kor" [IP: ::1]
2025-12-30 02:52:31 PM [info-Admin Admin]: Failed to retrieve data [IP: ::1]
2025-12-30 02:52:33 PM [info-Admin Admin]: Workflow tree list retrieved successfully [IP: ::1]
2025-12-30 02:52:33 PM [info-Admin Admin]: Data retrieved successfully [IP: ::1]
2025-12-30 02:52:33 PM [error-Admin Admin]: Workflow tree retrieval failed: Converting circular structure to JSON
    --> starting at object with constructor 'Object'
    |     property 'children' -> object with constructor 'Array'
    |     index 1 -> object with constructor 'Object'
    |     property 'children' -> object with constructor 'Array'
    --- index 0 closes the circle [IP: ::1]
2025-12-30 02:52:33 PM [info-Admin Admin]: Failed to retrieve data [IP: ::1]
2025-12-30 02:52:34 PM [info-Admin Admin]: Workflow tree list retrieved successfully [IP: ::1]
2025-12-30 02:52:37 PM [info-Admin Admin]: Data retrieved successfully [IP: ::1]
2025-12-30 02:52:37 PM [error-Admin Admin]: Workflow tree retrieval failed: Converting circular structure to JSON
    --> starting at object with constructor 'Object'
    |     property 'children' -> object with constructor 'Array'
    |     index 1 -> object with constructor 'Object'
    |     property 'children' -> object with constructor 'Array'
    --- index 0 closes the circle [IP: ::1]
2025-12-30 02:52:37 PM [info-Admin Admin]: Failed to retrieve data [IP: ::1]
2025-12-30 02:53:10 PM [info-Admin Admin]: Employee (partial) list retrieved successfully [IP: ::1]
2025-12-30 02:53:10 PM [info-Admin Admin]: Data retrieved successfully [IP: ::1]
2025-12-30 02:53:43 PM [info-Admin Admin]: Bulk workflow relations added successfully with ID: 2 relations [IP: ::1]
2025-12-30 02:53:43 PM [info-Admin Admin]: Record created successfully [IP: ::1]
2025-12-30 02:53:46 PM [info-Admin Admin]: Employee (partial) list retrieved successfully [IP: ::1]
2025-12-30 02:53:46 PM [info-Admin Admin]: Data retrieved successfully [IP: ::1]
2025-12-30 02:53:50 PM [info-Admin Admin]: Workflow tree list retrieved successfully [IP: ::1]
2025-12-30 02:53:50 PM [info-Admin Admin]: Data retrieved successfully [IP: ::1]
2025-12-30 02:53:50 PM [error-Admin Admin]: Workflow tree retrieval failed: Converting circular structure to JSON
    --> starting at object with constructor 'Object'
    |     property 'children' -> object with constructor 'Array'
    |     index 2 -> object with constructor 'Object'
    |     property 'children' -> object with constructor 'Array'
    --- index 0 closes the circle [IP: ::1]
2025-12-30 02:53:50 PM [info-Admin Admin]: Failed to retrieve data [IP: ::1]
2025-12-30 02:53:51 PM [info-Admin Admin]: Workflow tree list retrieved successfully [IP: ::1]
2025-12-30 02:53:51 PM [info-Admin Admin]: Data retrieved successfully [IP: ::1]
2025-12-30 02:53:51 PM [error-Admin Admin]: Workflow tree retrieval failed: Converting circular structure to JSON
    --> starting at object with constructor 'Object'
    |     property 'children' -> object with constructor 'Array'
    |     index 2 -> object with constructor 'Object'
    |     property 'children' -> object with constructor 'Array'
    --- index 0 closes the circle [IP: ::1]
2025-12-30 02:53:51 PM [info-Admin Admin]: Failed to retrieve data [IP: ::1]
2025-12-30 02:54:49 PM [info-Admin Admin]: Employee list retrieved successfully [IP: ::1]
2025-12-30 02:54:49 PM [info-Admin Admin]: Data retrieved successfully [IP: ::1]
2025-12-30 02:55:36 PM [error-System]: Error in GET /employee/?page=1&limit=10: You need to re-authenticate. Please log in.
2025-12-30 02:55:36 PM [info-System]: Failed to retrieve data [IP: ::1]
2025-12-30 02:55:41 PM [error-System]: Error in GET /farmers/filterFarmer/all?page=1&limit=6: You need to re-authenticate. Please log in.
2025-12-30 02:55:41 PM [info-System]: Failed to retrieve data [IP: ::1]
2025-12-30 02:55:41 PM [error-System]: Error in GET /products/partial/data?page=1&limit=6: You need to re-authenticate. Please log in.
2025-12-30 02:55:41 PM [info-System]: Failed to retrieve data [IP: ::1]
2025-12-30 02:55:41 PM [error-System]: Error in GET /location-branches/filterData/filter/all: You need to re-authenticate. Please log in.
2025-12-30 02:55:41 PM [info-System]: Failed to retrieve data [IP: ::1]
2025-12-30 02:55:41 PM [error-System]: Error in GET /employee/all/partial?page=1&limit=6: You need to re-authenticate. Please log in.
2025-12-30 02:55:41 PM [info-System]: Failed to retrieve data [IP: ::1]
2025-12-30 02:55:41 PM [error-System]: Error in GET /company/partial/details: You need to re-authenticate. Please log in.
2025-12-30 02:55:41 PM [info-System]: Failed to retrieve data [IP: ::1]
2025-12-30 02:55:41 PM [error-System]: Error in GET /userreport/total-sale: You need to re-authenticate. Please log in.
2025-12-30 02:55:41 PM [info-System]: Failed to retrieve data [IP: ::1]
2025-12-30 02:55:41 PM [error-System]: Error in GET /vendors/filterVendor/all?page=1&limit=6: You need to re-authenticate. Please log in.
2025-12-30 02:55:41 PM [info-System]: Failed to retrieve data [IP: ::1]
2025-12-30 02:55:41 PM [error-System]: Error in GET /userreport/total-purchase: You need to re-authenticate. Please log in.
2025-12-30 02:55:41 PM [info-System]: Failed to retrieve data [IP: ::1]
2025-12-30 02:55:41 PM [error-System]: Error in GET /customers/names/all: You need to re-authenticate. Please log in.
2025-12-30 02:55:41 PM [info-System]: Failed to retrieve data [IP: ::1]
2025-12-30 02:55:41 PM [error-System]: Error in GET /userreport/user-counts: You need to re-authenticate. Please log in.
2025-12-30 02:55:41 PM [info-System]: Failed to retrieve data [IP: ::1]
2025-12-30 02:55:41 PM [error-System]: Error in GET /admin/dashboard/active-users: You need to re-authenticate. Please log in.
2025-12-30 02:55:41 PM [info-System]: Failed to retrieve data [IP: ::1]
2025-12-30 02:55:42 PM [info-System]: Failed to create record [IP: ::1]
2025-12-30 02:55:42 PM [info-System]: Failed to create record [IP: ::1]
2025-12-30 02:55:42 PM [info-Admin Admin]: Farmers (filtered) list retrieved successfully [IP: ::1]
2025-12-30 02:55:42 PM [info-Admin Admin]: Data retrieved successfully [IP: ::1]
2025-12-30 02:55:42 PM [info-Admin Admin]: Employee (partial) list retrieved successfully [IP: ::1]
2025-12-30 02:55:42 PM [info-Admin Admin]: Data retrieved successfully [IP: ::1]
2025-12-30 02:55:42 PM [info-System]: Failed to create record [IP: ::1]
2025-12-30 02:55:42 PM [info-System]: Failed to create record [IP: ::1]
2025-12-30 02:55:42 PM [info-System]: Failed to create record [IP: ::1]
2025-12-30 02:55:42 PM [info-System]: Failed to create record [IP: ::1]
2025-12-30 02:55:42 PM [info-System]: Failed to create record [IP: ::1]
2025-12-30 02:55:42 PM [info-System]: Failed to create record [IP: ::1]
2025-12-30 02:55:42 PM [info-System]: Failed to create record [IP: ::1]
2025-12-30 02:55:42 PM [info-System]: Failed to create record [IP: ::1]
2025-12-30 02:55:42 PM [info-System]: Failed to create record [IP: ::1]
2025-12-30 02:55:42 PM [info-Admin Admin]: Data retrieved successfully [IP: ::1]
2025-12-30 02:55:43 PM [info-Admin Admin]: Company data retrieved successfully [IP: ::1]
2025-12-30 02:55:43 PM [info-Admin Admin]: Data retrieved successfully [IP: ::1]
2025-12-30 02:55:43 PM [info-Admin Admin]: Branch data retrieved successfully [IP: ::1]
2025-12-30 02:55:43 PM [info-Admin Admin]: User counts report list retrieved successfully [IP: ::1]
2025-12-30 02:55:43 PM [info-Admin Admin]: Data retrieved successfully [IP: ::1]
2025-12-30 02:55:43 PM [info-Admin Admin]: Customer data retrieved successfully [IP: ::1]
2025-12-30 02:55:43 PM [info-Admin Admin]: Data retrieved successfully [IP: ::1]
2025-12-30 02:55:43 PM [info-Admin Admin]: Data retrieved successfully [IP: ::1]
2025-12-30 02:55:43 PM [info-Admin Admin]: Data retrieved successfully [IP: ::1]
2025-12-30 02:57:40 PM [info-Sagar Pagar]: User login successful [IP: ::1]
2025-12-30 02:57:40 PM [info-System]: User logged in successfully [IP: ::1]
2025-12-30 02:57:56 PM [info-Jeetsingh Sisodia]: Employee (partial) list retrieved successfully [IP: ::1]
2025-12-30 02:57:56 PM [info-Jeetsingh Sisodia]: Data retrieved successfully [IP: ::1]
2025-12-30 02:57:56 PM [info-Jeetsingh Sisodia]: Customer data retrieved successfully [IP: ::1]
2025-12-30 02:58:03 PM [info-Jeetsingh Sisodia]: Data retrieved successfully [IP: ::1]
2025-12-30 02:58:03 PM [info-Jeetsingh Sisodia]: Employee (partial) list retrieved successfully [IP: ::1]
2025-12-30 02:58:03 PM [info-Jeetsingh Sisodia]: Data retrieved successfully [IP: ::1]
2025-12-30 02:58:03 PM [info-Jeetsingh Sisodia]: Customer data retrieved successfully [IP: ::1]
2025-12-30 02:58:11 PM [info-Jeetsingh Sisodia]: Employee (partial) list retrieved successfully [IP: ::1]
2025-12-30 02:58:11 PM [info-Jeetsingh Sisodia]: Data retrieved successfully [IP: ::1]
2025-12-30 02:58:16 PM [info-Jeetsingh Sisodia]: Employee (partial) list retrieved successfully [IP: ::1]
2025-12-30 02:58:16 PM [info-Jeetsingh Sisodia]: Data retrieved successfully [IP: ::1]
2025-12-30 03:01:50 PM [info-Jeetsingh Sisodia]: Record created successfully [IP: ::1]
2025-12-30 03:03:42 PM [info-Sagar Pagar]: Data retrieved successfully [IP: ::1]
2025-12-30 03:18:34 PM [info-Admin Admin]: Employee list retrieved successfully [IP: ::1]
2025-12-30 03:18:35 PM [info-Admin Admin]: Data retrieved successfully [IP: ::1]
2025-12-30 03:18:41 PM [info-Jeetsingh Sisodia]: Employee (partial) list retrieved successfully [IP: ::1]
2025-12-30 03:18:41 PM [info-Jeetsingh Sisodia]: Data retrieved successfully [IP: ::1]
2025-12-30 03:18:41 PM [info-Jeetsingh Sisodia]: Customer data retrieved successfully [IP: ::1]
2025-12-30 03:18:42 PM [info-Jeetsingh Sisodia]: Data retrieved successfully [IP: ::1]
2025-12-30 03:21:34 PM [info-Jeetsingh Sisodia]: Data retrieved successfully [IP: ::1]
2025-12-30 03:59:08 PM [info-Sagar Pagar]: Record created successfully [IP: ::1]
2025-12-30 03:59:30 PM [info-Admin Admin]: Employee list retrieved successfully [IP: ::1]
2025-12-30 03:59:30 PM [info-Admin Admin]: Data retrieved successfully [IP: ::1]
2025-12-30 04:00:59 PM [info-Sagar Pagar]: User login successful [IP: ::1]
2025-12-30 04:00:59 PM [info-System]: User logged in successfully [IP: ::1]
2025-12-30 04:02:48 PM [info-Sagar Pagar]: User logout successful [IP: ::1]
2025-12-30 04:02:48 PM [info-System]: User logged out successfully [IP: ::1]
2025-12-30 04:02:56 PM [info-Malav Patel]: User login successful [IP: ::1]
2025-12-30 04:02:56 PM [info-System]: User logged in successfully [IP: ::1]
2025-12-30 04:07:03 PM [error-System]: Error in GET /sse/test: Cannot read properties of undefined (reading 'access_token')
2025-12-30 04:07:03 PM [info-System]: Failed to retrieve data [IP: ::1]
2025-12-30 04:07:22 PM [info-Sagar Pagar]: Data retrieved successfully [IP: ::1]
2025-12-30 04:17:50 PM [info-Admin Admin]: Farmers (filtered) list retrieved successfully [IP: ::1]
2025-12-30 04:17:50 PM [info-Admin Admin]: Data retrieved successfully [IP: ::1]
2025-12-30 04:17:50 PM [info-Admin Admin]: Company data retrieved successfully [IP: ::1]
2025-12-30 04:17:50 PM [info-Admin Admin]: Data retrieved successfully [IP: ::1]
2025-12-30 04:17:50 PM [info-Admin Admin]: Data retrieved successfully [IP: ::1]
2025-12-30 04:17:50 PM [info-Admin Admin]: Employee (partial) list retrieved successfully [IP: ::1]
2025-12-30 04:17:50 PM [info-Admin Admin]: Data retrieved successfully [IP: ::1]
2025-12-30 04:17:50 PM [info-Admin Admin]: Customer data retrieved successfully [IP: ::1]
2025-12-30 04:17:50 PM [info-Admin Admin]: Data retrieved successfully [IP: ::1]
2025-12-30 04:17:50 PM [info-Admin Admin]: Data retrieved successfully [IP: ::1]
2025-12-30 04:17:50 PM [info-Admin Admin]: Branch data retrieved successfully [IP: ::1]
2025-12-30 04:17:50 PM [info-Admin Admin]: User counts report list retrieved successfully [IP: ::1]
2025-12-30 04:17:50 PM [info-Admin Admin]: Data retrieved successfully [IP: ::1]
2025-12-30 04:17:50 PM [info-Admin Admin]: Data retrieved successfully [IP: ::1]
2025-12-30 05:02:04 PM [info-System]: Failed to retrieve data [IP: ::1]
2025-12-30 05:25:31 PM [info-Sagar Pagar]: GRN list retrieved successfully [IP: ::1]
2025-12-30 05:25:31 PM [info-Sagar Pagar]: GRN retrieved successfully [IP: ::1]
2025-12-30 05:43:32 PM [info-Sagar Pagar]: GRN list retrieved successfully [IP: ::1]
2025-12-30 05:43:32 PM [info-Sagar Pagar]: GRN retrieved successfully [IP: ::1]
2025-12-30 05:45:02 PM [info-Sagar Pagar]: GRN list retrieved successfully [IP: ::1]
2025-12-30 05:45:02 PM [info-Sagar Pagar]: GRN retrieved successfully [IP: ::1]
2025-12-30 06:02:23 PM [info-Admin Admin]: Employee (partial) list retrieved successfully [IP: ::1]
2025-12-30 06:02:23 PM [info-Admin Admin]: Data retrieved successfully [IP: ::1]
2025-12-30 06:02:23 PM [info-Admin Admin]: Data retrieved successfully [IP: ::1]
2025-12-30 06:02:23 PM [info-Admin Admin]: Data retrieved successfully [IP: ::1]
2025-12-30 06:02:23 PM [info-Admin Admin]: Data retrieved successfully [IP: ::1]
2025-12-30 06:02:23 PM [info-Admin Admin]: Farmers (filtered) list retrieved successfully [IP: ::1]
2025-12-30 06:02:23 PM [info-Admin Admin]: Data retrieved successfully [IP: ::1]
2025-12-30 06:02:23 PM [info-Admin Admin]: Data retrieved successfully [IP: ::1]
2025-12-30 06:02:23 PM [info-Admin Admin]: Data retrieved successfully [IP: ::1]
2025-12-30 06:02:23 PM [info-Admin Admin]: User counts report list retrieved successfully [IP: ::1]
2025-12-30 06:02:23 PM [info-Admin Admin]: Data retrieved successfully [IP: ::1]
2025-12-30 06:02:23 PM [info-Admin Admin]: Employee list retrieved successfully [IP: ::1]
2025-12-30 06:02:24 PM [info-Admin Admin]: Company data retrieved successfully [IP: ::1]
2025-12-30 06:02:24 PM [info-Admin Admin]: Branch data retrieved successfully [IP: ::1]
2025-12-30 06:02:24 PM [info-Admin Admin]: Data retrieved successfully [IP: ::1]
2025-12-30 06:02:24 PM [info-Admin Admin]: Customer data retrieved successfully [IP: ::1]
2025-12-31 09:43:35 AM [info-Admin Admin]: Employee list retrieved successfully [IP: ::1]
2025-12-31 09:43:37 AM [info-Admin Admin]: Data retrieved successfully [IP: ::1]
2026-01-02 09:54:07 AM [info-Malav Patel]: User login successful [IP: ::1]
2026-01-02 09:54:07 AM [info-System]: User logged in successfully [IP: ::1]
2026-01-02 10:56:16 AM [error-System]: Error in GET /products/partial/data?page=1&limit=6: You need to re-authenticate. Please log in.
2026-01-02 10:56:16 AM [info-System]: Failed to retrieve data [IP: ::1]
2026-01-02 10:56:17 AM [error-System]: Error in GET /employee/all/partial?page=1&limit=6: You need to re-authenticate. Please log in.
2026-01-02 10:56:17 AM [info-System]: Failed to retrieve data [IP: ::1]
2026-01-02 10:56:17 AM [error-System]: Error in GET /customers/names/all: You need to re-authenticate. Please log in.
2026-01-02 10:56:17 AM [info-System]: Failed to retrieve data [IP: ::1]
2026-01-02 10:56:17 AM [error-System]: Error in GET /userreport/user-counts: You need to re-authenticate. Please log in.
2026-01-02 10:56:17 AM [info-System]: Failed to retrieve data [IP: ::1]
2026-01-02 10:56:17 AM [error-System]: Error in GET /userreport/total-sale: You need to re-authenticate. Please log in.
2026-01-02 10:56:17 AM [info-System]: Failed to retrieve data [IP: ::1]
2026-01-02 10:56:17 AM [error-System]: Error in GET /userreport/total-purchase: You need to re-authenticate. Please log in.
2026-01-02 10:56:17 AM [info-System]: Failed to retrieve data [IP: ::1]
2026-01-02 10:56:17 AM [error-System]: Error in GET /vendors/filterVendor/all?page=1&limit=6: You need to re-authenticate. Please log in.
2026-01-02 10:56:17 AM [info-System]: Failed to retrieve data [IP: ::1]
2026-01-02 10:56:17 AM [error-System]: Error in GET /location-branches/filterData/filter/all: You need to re-authenticate. Please log in.
2026-01-02 10:56:17 AM [info-System]: Failed to retrieve data [IP: ::1]
2026-01-02 10:56:17 AM [error-System]: Error in GET /admin/dashboard/active-users: You need to re-authenticate. Please log in.
2026-01-02 10:56:17 AM [info-System]: Failed to retrieve data [IP: ::1]
2026-01-02 10:56:17 AM [error-System]: Error in GET /farmers/filterFarmer/all?page=1&limit=6: You need to re-authenticate. Please log in.
2026-01-02 10:56:17 AM [info-System]: Failed to retrieve data [IP: ::1]
2026-01-02 10:56:17 AM [error-System]: Error in GET /company/partial/details: You need to re-authenticate. Please log in.
2026-01-02 10:56:17 AM [info-System]: Failed to retrieve data [IP: ::1]
2026-01-02 10:56:18 AM [info-System]: Failed to create record [IP: ::1]
2026-01-02 10:56:18 AM [info-System]: Failed to create record [IP: ::1]
2026-01-02 10:56:18 AM [info-System]: Failed to create record [IP: ::1]
2026-01-02 10:56:18 AM [info-System]: Failed to create record [IP: ::1]
2026-01-02 10:56:18 AM [info-System]: Failed to create record [IP: ::1]
2026-01-02 10:56:18 AM [info-System]: Failed to create record [IP: ::1]
2026-01-02 10:56:18 AM [info-System]: Failed to create record [IP: ::1]
2026-01-02 10:56:18 AM [info-System]: Failed to create record [IP: ::1]
2026-01-02 10:56:18 AM [info-System]: Failed to create record [IP: ::1]
2026-01-02 10:56:18 AM [info-System]: Failed to create record [IP: ::1]
2026-01-02 10:56:18 AM [info-System]: Failed to create record [IP: ::1]
2026-01-02 10:56:18 AM [info-Admin Admin]: Employee (partial) list retrieved successfully [IP: ::1]
2026-01-02 10:56:18 AM [info-Admin Admin]: Data retrieved successfully [IP: ::1]
2026-01-02 10:56:18 AM [info-Admin Admin]: Data retrieved successfully [IP: ::1]
2026-01-02 10:56:18 AM [info-Admin Admin]: Company data retrieved successfully [IP: ::1]
2026-01-02 10:56:18 AM [info-Admin Admin]: Branch data retrieved successfully [IP: ::1]
2026-01-02 10:56:18 AM [info-Admin Admin]: Farmers (filtered) list retrieved successfully [IP: ::1]
2026-01-02 10:56:18 AM [info-Admin Admin]: Data retrieved successfully [IP: ::1]
2026-01-02 10:56:18 AM [info-Admin Admin]: Data retrieved successfully [IP: ::1]
2026-01-02 10:56:18 AM [info-Admin Admin]: Data retrieved successfully [IP: ::1]
2026-01-02 10:56:18 AM [info-Admin Admin]: Data retrieved successfully [IP: ::1]
2026-01-02 10:56:18 AM [info-Admin Admin]: Data retrieved successfully [IP: ::1]
2026-01-02 10:56:18 AM [info-Admin Admin]: User counts report list retrieved successfully [IP: ::1]
2026-01-02 10:56:18 AM [info-Admin Admin]: Data retrieved successfully [IP: ::1]
2026-01-02 10:56:18 AM [info-Admin Admin]: Customer data retrieved successfully [IP: ::1]
2026-01-02 10:57:12 AM [info-Admin Admin]: Data retrieved successfully [IP: ::1]
2026-01-02 10:57:12 AM [info-Admin Admin]: Data retrieved successfully [IP: ::1]
2026-01-02 10:57:12 AM [info-Admin Admin]: Farmers (filtered) list retrieved successfully [IP: ::1]
2026-01-02 10:57:12 AM [info-Admin Admin]: Data retrieved successfully [IP: ::1]
2026-01-02 10:57:12 AM [info-Admin Admin]: Data retrieved successfully [IP: ::1]
2026-01-02 10:57:12 AM [info-Admin Admin]: Data retrieved successfully [IP: ::1]
2026-01-02 10:57:12 AM [info-Admin Admin]: Employee (partial) list retrieved successfully [IP: ::1]
2026-01-02 10:57:12 AM [info-Admin Admin]: Data retrieved successfully [IP: ::1]
2026-01-02 10:57:12 AM [info-Admin Admin]: Data retrieved successfully [IP: ::1]
2026-01-02 10:57:12 AM [info-Admin Admin]: User counts report list retrieved successfully [IP: ::1]
2026-01-02 10:57:12 AM [info-Admin Admin]: Data retrieved successfully [IP: ::1]
2026-01-02 10:57:12 AM [info-Admin Admin]: Customer data retrieved successfully [IP: ::1]
2026-01-02 10:57:12 AM [info-Admin Admin]: Company data retrieved successfully [IP: ::1]
2026-01-02 10:57:12 AM [info-Admin Admin]: Branch data retrieved successfully [IP: ::1]
2026-01-02 10:58:44 AM [error-System]: Error in OPTIONS /userreport/user-counts: CORS blocked: http://192.168.1.60:5173
2026-01-02 10:58:44 AM [error-System]: Error in OPTIONS /company/partial/details: CORS blocked: http://192.168.1.60:5173
2026-01-02 10:58:44 AM [error-System]: Error in OPTIONS /farmers/filterFarmer/all?page=1&limit=6: CORS blocked: http://192.168.1.60:5173
2026-01-02 10:58:44 AM [error-System]: Error in OPTIONS /location-branches/filterData/filter/all: CORS blocked: http://192.168.1.60:5173
2026-01-02 10:58:44 AM [error-System]: Error in OPTIONS /admin/dashboard/active-users: CORS blocked: http://192.168.1.60:5173
2026-01-02 10:58:44 AM [error-System]: Error in OPTIONS /vendors/filterVendor/all?page=1&limit=6: CORS blocked: http://192.168.1.60:5173
2026-01-02 10:58:44 AM [error-System]: Error in OPTIONS /products/partial/data?page=1&limit=6: CORS blocked: http://192.168.1.60:5173
2026-01-02 10:58:44 AM [error-System]: Error in OPTIONS /customers/names/all: CORS blocked: http://192.168.1.60:5173
2026-01-02 10:58:44 AM [error-System]: Error in OPTIONS /employee/all/partial?page=1&limit=6: CORS blocked: http://192.168.1.60:5173
2026-01-02 10:58:44 AM [error-System]: Error in OPTIONS /userreport/total-sale: CORS blocked: http://192.168.1.60:5173
2026-01-02 10:58:44 AM [error-System]: Error in OPTIONS /userreport/total-purchase: CORS blocked: http://192.168.1.60:5173
2026-01-02 10:58:45 AM [error-System]: Error in OPTIONS /userreport/user-counts: CORS blocked: http://192.168.1.60:5173
2026-01-02 10:58:45 AM [error-System]: Error in OPTIONS /company/partial/details: CORS blocked: http://192.168.1.60:5173
2026-01-02 10:58:45 AM [error-System]: Error in OPTIONS /farmers/filterFarmer/all?page=1&limit=6: CORS blocked: http://192.168.1.60:5173
2026-01-02 10:58:45 AM [error-System]: Error in OPTIONS /location-branches/filterData/filter/all: CORS blocked: http://192.168.1.60:5173
2026-01-02 10:58:46 AM [error-System]: Error in OPTIONS /admin/dashboard/active-users: CORS blocked: http://192.168.1.60:5173
2026-01-02 10:58:46 AM [error-System]: Error in OPTIONS /vendors/filterVendor/all?page=1&limit=6: CORS blocked: http://192.168.1.60:5173
2026-01-02 10:58:46 AM [error-System]: Error in OPTIONS /products/partial/data?page=1&limit=6: CORS blocked: http://192.168.1.60:5173
2026-01-02 10:58:46 AM [error-System]: Error in OPTIONS /employee/all/partial?page=1&limit=6: CORS blocked: http://192.168.1.60:5173
2026-01-02 10:58:46 AM [error-System]: Error in OPTIONS /userreport/total-purchase: CORS blocked: http://192.168.1.60:5173
2026-01-02 10:58:46 AM [error-System]: Error in OPTIONS /customers/names/all: CORS blocked: http://192.168.1.60:5173
2026-01-02 10:58:46 AM [error-System]: Error in OPTIONS /userreport/total-sale: CORS blocked: http://192.168.1.60:5173
2026-01-02 11:03:30 AM [info-Admin Admin]: Employee (partial) list retrieved successfully [IP: ::1]
2026-01-02 11:03:30 AM [info-Admin Admin]: Data retrieved successfully [IP: ::1]
2026-01-02 11:03:30 AM [info-Admin Admin]: Farmers (filtered) list retrieved successfully [IP: ::1]
2026-01-02 11:03:30 AM [info-Admin Admin]: Data retrieved successfully [IP: ::1]
2026-01-02 11:03:30 AM [info-Admin Admin]: Data retrieved successfully [IP: ::1]
2026-01-02 11:03:30 AM [info-Admin Admin]: Data retrieved successfully [IP: ::1]
2026-01-02 11:03:31 AM [info-Admin Admin]: Data retrieved successfully [IP: ::1]
2026-01-02 11:03:31 AM [info-Admin Admin]: User counts report list retrieved successfully [IP: ::1]
2026-01-02 11:03:31 AM [info-Admin Admin]: Data retrieved successfully [IP: ::1]
2026-01-02 11:03:31 AM [info-Admin Admin]: Data retrieved successfully [IP: ::1]
2026-01-02 11:03:31 AM [info-Admin Admin]: Company data retrieved successfully [IP: ::1]
2026-01-02 11:03:31 AM [info-Admin Admin]: Data retrieved successfully [IP: ::1]
2026-01-02 11:03:31 AM [info-Admin Admin]: Branch data retrieved successfully [IP: ::1]
2026-01-02 11:03:31 AM [info-Admin Admin]: Customer data retrieved successfully [IP: ::1]
2026-01-02 11:05:16 AM [info-Admin Admin]: Data retrieved successfully [IP: ::1]
2026-01-02 11:05:18 AM [info-Admin Admin]: Employee (partial) list retrieved successfully [IP: ::1]
2026-01-02 11:05:18 AM [info-Admin Admin]: Data retrieved successfully [IP: ::1]
2026-01-02 11:05:18 AM [info-Admin Admin]: Farmers (filtered) list retrieved successfully [IP: ::1]
2026-01-02 11:05:18 AM [info-Admin Admin]: Data retrieved successfully [IP: ::1]
2026-01-02 11:05:18 AM [info-Admin Admin]: Data retrieved successfully [IP: ::1]
2026-01-02 11:05:18 AM [info-Admin Admin]: Data retrieved successfully [IP: ::1]
2026-01-02 11:05:18 AM [info-Admin Admin]: Data retrieved successfully [IP: ::1]
2026-01-02 11:05:18 AM [info-Admin Admin]: Data retrieved successfully [IP: ::1]
2026-01-02 11:05:18 AM [info-Admin Admin]: User counts report list retrieved successfully [IP: ::1]
2026-01-02 11:05:18 AM [info-Admin Admin]: Data retrieved successfully [IP: ::1]
2026-01-02 11:05:18 AM [info-Admin Admin]: Customer data retrieved successfully [IP: ::1]
2026-01-02 11:05:18 AM [info-Admin Admin]: Company data retrieved successfully [IP: ::1]
2026-01-02 11:05:18 AM [info-Admin Admin]: Branch data retrieved successfully [IP: ::1]
2026-01-02 11:10:21 AM [info-Admin Admin]: Data retrieved successfully [IP: ::1]
2026-01-02 11:10:21 AM [info-Admin Admin]: Employee (partial) list retrieved successfully [IP: ::1]
2026-01-02 11:10:21 AM [info-Admin Admin]: Data retrieved successfully [IP: ::1]
2026-01-02 11:10:21 AM [info-Admin Admin]: Data retrieved successfully [IP: ::1]
2026-01-02 11:10:21 AM [info-Admin Admin]: Data retrieved successfully [IP: ::1]
2026-01-02 11:10:21 AM [info-Admin Admin]: Data retrieved successfully [IP: ::1]
2026-01-02 11:10:21 AM [info-Admin Admin]: Data retrieved successfully [IP: ::1]
2026-01-02 11:10:21 AM [info-Admin Admin]: Branch data retrieved successfully [IP: ::1]
2026-01-02 11:10:21 AM [info-Admin Admin]: Farmers (filtered) list retrieved successfully [IP: ::1]
2026-01-02 11:10:21 AM [info-Admin Admin]: Data retrieved successfully [IP: ::1]
2026-01-02 11:10:21 AM [info-Admin Admin]: Company data retrieved successfully [IP: ::1]
2026-01-02 11:10:21 AM [info-Admin Admin]: User counts report list retrieved successfully [IP: ::1]
2026-01-02 11:10:21 AM [info-Admin Admin]: Data retrieved successfully [IP: ::1]
2026-01-02 11:10:21 AM [info-Admin Admin]: Customer data retrieved successfully [IP: ::1]
2026-01-02 11:25:55 AM [info-Admin Admin]: Employee list retrieved successfully [IP: ::1]
2026-01-02 11:25:55 AM [info-Admin Admin]: Data retrieved successfully [IP: ::1]
2026-01-02 11:29:20 AM [info-Admin Admin]: Employee list retrieved successfully [IP: ::1]
2026-01-02 11:29:20 AM [info-Admin Admin]: Data retrieved successfully [IP: ::1]
2026-01-02 11:31:55 AM [info-Admin Admin]: Employee list retrieved successfully [IP: ::1]
2026-01-02 11:31:55 AM [info-Admin Admin]: Data retrieved successfully [IP: ::1]
2026-01-02 11:45:19 AM [info-Admin Admin]: Employee list retrieved successfully [IP: ::1]
2026-01-02 11:45:19 AM [info-Admin Admin]: Data retrieved successfully [IP: ::1]
2026-01-02 12:06:49 PM [info-Admin Admin]: Employee list retrieved successfully [IP: ::1]
2026-01-02 12:06:50 PM [info-Admin Admin]: Data retrieved successfully [IP: ::1]
2026-01-02 12:33:02 PM [info-Admin Admin]: Employee list retrieved successfully [IP: ::1]
2026-01-02 12:33:03 PM [info-Admin Admin]: Data retrieved successfully [IP: ::1]
2026-01-02 12:47:59 PM [info-Admin Admin]: Employee list retrieved successfully [IP: ::1]
2026-01-02 12:47:59 PM [info-Admin Admin]: Data retrieved successfully [IP: ::1]
2026-01-02 12:57:32 PM [info-Admin Admin]: Employee list retrieved successfully [IP: ::1]
2026-01-02 12:57:32 PM [info-Admin Admin]: Data retrieved successfully [IP: ::1]
2026-01-02 12:58:34 PM [info-Admin Admin]: Farmers data retrieved successfully [IP: ::1]
2026-01-02 12:59:01 PM [info-Admin Admin]: Vendor list retrieved successfully [IP: ::1]
2026-01-02 12:59:01 PM [info-Admin Admin]: Data retrieved successfully [IP: ::1]
2026-01-02 12:59:19 PM [info-Admin Admin]: Farmers data retrieved successfully [IP: ::1]
2026-01-02 12:59:32 PM [info-Admin Admin]: Customer data retrieved successfully [IP: ::1]
2026-01-02 12:59:40 PM [info-Malav Patel]: User logout successful [IP: ::1]
2026-01-02 12:59:40 PM [info-System]: User logged out successfully [IP: ::1]
2026-01-02 12:59:45 PM [info-Sagar Pagar]: User login successful [IP: ::1]
2026-01-02 12:59:45 PM [info-System]: User logged in successfully [IP: ::1]
2026-01-02 12:59:52 PM [info-Admin Admin]: Customer data retrieved successfully [IP: ::1]
2026-01-02 01:00:18 PM [error-System]: Error in GET /userreport/total-purchase: You need to re-authenticate. Please log in.
2026-01-02 01:00:18 PM [info-System]: Failed to retrieve data [IP: ::1]
2026-01-02 01:00:18 PM [error-System]: Error in GET /customers/names/all: You need to re-authenticate. Please log in.
2026-01-02 01:00:18 PM [info-System]: Failed to retrieve data [IP: ::1]
2026-01-02 01:00:18 PM [error-System]: Error in GET /company/partial/details: You need to re-authenticate. Please log in.
2026-01-02 01:00:18 PM [info-System]: Failed to retrieve data [IP: ::1]
2026-01-02 01:00:18 PM [error-System]: Error in GET /admin/dashboard/active-users: You need to re-authenticate. Please log in.
2026-01-02 01:00:18 PM [info-System]: Failed to retrieve data [IP: ::1]
2026-01-02 01:00:18 PM [error-System]: Error in GET /userreport/user-counts: You need to re-authenticate. Please log in.
2026-01-02 01:00:18 PM [info-System]: Failed to retrieve data [IP: ::1]
2026-01-02 01:00:18 PM [error-System]: Error in GET /location-branches/filterData/filter/all: You need to re-authenticate. Please log in.
2026-01-02 01:00:18 PM [info-System]: Failed to retrieve data [IP: ::1]
2026-01-02 01:00:18 PM [error-System]: Error in GET /products/partial/data?page=1&limit=6: You need to re-authenticate. Please log in.
2026-01-02 01:00:18 PM [info-System]: Failed to retrieve data [IP: ::1]
2026-01-02 01:00:18 PM [error-System]: Error in GET /userreport/total-sale: You need to re-authenticate. Please log in.
2026-01-02 01:00:18 PM [info-System]: Failed to retrieve data [IP: ::1]
2026-01-02 01:00:18 PM [error-System]: Error in GET /farmers/filterFarmer/all?page=1&limit=6: You need to re-authenticate. Please log in.
2026-01-02 01:00:18 PM [info-System]: Failed to retrieve data [IP: ::1]
2026-01-02 01:00:18 PM [error-System]: Error in GET /employee/all/partial?page=1&limit=6: You need to re-authenticate. Please log in.
2026-01-02 01:00:18 PM [info-System]: Failed to retrieve data [IP: ::1]
2026-01-02 01:00:18 PM [error-System]: Error in POST /auth/refresh-token: You need to re-authenticate. Please log in.
2026-01-02 01:00:18 PM [info-System]: Failed to create record [IP: ::1]
2026-01-02 01:00:18 PM [error-System]: Error in POST /auth/refresh-token: You need to re-authenticate. Please log in.
2026-01-02 01:00:18 PM [info-System]: Failed to create record [IP: ::1]
2026-01-02 01:00:19 PM [error-System]: Error in POST /auth/refresh-token: You need to re-authenticate. Please log in.
2026-01-02 01:00:19 PM [info-System]: Failed to create record [IP: ::1]
2026-01-02 01:00:19 PM [error-System]: Error in POST /auth/refresh-token: You need to re-authenticate. Please log in.
2026-01-02 01:00:19 PM [info-System]: Failed to create record [IP: ::1]
2026-01-02 01:00:19 PM [error-System]: Error in POST /auth/refresh-token: You need to re-authenticate. Please log in.
2026-01-02 01:00:19 PM [info-System]: Failed to create record [IP: ::1]
2026-01-02 01:00:19 PM [error-System]: Error in POST /auth/refresh-token: You need to re-authenticate. Please log in.
2026-01-02 01:00:19 PM [info-System]: Failed to create record [IP: ::1]
2026-01-02 01:00:19 PM [error-System]: Error in POST /auth/refresh-token: You need to re-authenticate. Please log in.
2026-01-02 01:00:19 PM [info-System]: Failed to create record [IP: ::1]
2026-01-02 01:00:19 PM [error-System]: Error in POST /auth/refresh-token: You need to re-authenticate. Please log in.
2026-01-02 01:00:19 PM [info-System]: Failed to create record [IP: ::1]
2026-01-02 01:00:19 PM [error-System]: Error in POST /auth/refresh-token: You need to re-authenticate. Please log in.
2026-01-02 01:00:19 PM [info-System]: Failed to create record [IP: ::1]
2026-01-02 01:00:19 PM [error-System]: Error in POST /auth/refresh-token: You need to re-authenticate. Please log in.
2026-01-02 01:00:19 PM [info-System]: Failed to create record [IP: ::1]
2026-01-02 01:00:19 PM [error-System]: Error in GET /vendors/filterVendor/all?page=1&limit=6: You need to re-authenticate. Please log in.
2026-01-02 01:00:19 PM [info-System]: Failed to retrieve data [IP: ::1]
2026-01-02 01:00:19 PM [error-System]: Error in POST /auth/refresh-token: You need to re-authenticate. Please log in.
2026-01-02 01:00:19 PM [info-System]: Failed to create record [IP: ::1]
2026-01-02 01:00:19 PM [error-System]: Error in GET /customers/names/all: You need to re-authenticate. Please log in.
2026-01-02 01:00:19 PM [info-System]: Failed to retrieve data [IP: ::1]
2026-01-02 01:00:19 PM [error-System]: Error in POST /auth/refresh-token: You need to re-authenticate. Please log in.
2026-01-02 01:00:19 PM [info-System]: Failed to create record [IP: ::1]
2026-01-02 01:00:19 PM [error-System]: Error in GET /userreport/total-purchase: You need to re-authenticate. Please log in.
2026-01-02 01:00:19 PM [info-System]: Failed to retrieve data [IP: ::1]
2026-01-02 01:00:21 PM [error-System]: Error in POST /auth/refresh-token: You need to re-authenticate. Please log in.
2026-01-02 01:00:21 PM [info-System]: Failed to create record [IP: ::1]
2026-01-02 01:00:21 PM [error-System]: Error in GET /userreport/user-counts: You need to re-authenticate. Please log in.
2026-01-02 01:00:21 PM [info-System]: Failed to retrieve data [IP: ::1]
2026-01-02 01:00:21 PM [error-System]: Error in GET /farmers/filterFarmer/all?page=1&limit=6: You need to re-authenticate. Please log in.
2026-01-02 01:00:21 PM [info-System]: Failed to retrieve data [IP: ::1]
2026-01-02 01:00:21 PM [error-System]: Error in GET /company/partial/details: You need to re-authenticate. Please log in.
2026-01-02 01:00:21 PM [info-System]: Failed to retrieve data [IP: ::1]
2026-01-02 01:00:21 PM [error-System]: Error in GET /products/partial/data?page=1&limit=6: You need to re-authenticate. Please log in.
2026-01-02 01:00:21 PM [info-System]: Failed to retrieve data [IP: ::1]
2026-01-02 01:00:21 PM [error-System]: Error in GET /admin/dashboard/active-users: You need to re-authenticate. Please log in.
2026-01-02 01:00:21 PM [info-System]: Failed to retrieve data [IP: ::1]
2026-01-02 01:00:21 PM [error-System]: Error in GET /userreport/total-sale: You need to re-authenticate. Please log in.
2026-01-02 01:00:21 PM [info-System]: Failed to retrieve data [IP: ::1]
2026-01-02 01:00:21 PM [error-System]: Error in GET /employee/all/partial?page=1&limit=6: You need to re-authenticate. Please log in.
2026-01-02 01:00:21 PM [info-System]: Failed to retrieve data [IP: ::1]
2026-01-02 01:00:21 PM [error-System]: Error in GET /location-branches/filterData/filter/all: You need to re-authenticate. Please log in.
2026-01-02 01:00:21 PM [info-System]: Failed to retrieve data [IP: ::1]
2026-01-02 01:00:21 PM [error-System]: Error in GET /vendors/filterVendor/all?page=1&limit=6: You need to re-authenticate. Please log in.
2026-01-02 01:00:21 PM [info-System]: Failed to retrieve data [IP: ::1]
2026-01-02 01:00:22 PM [error-System]: Error in POST /auth/refresh-token: You need to re-authenticate. Please log in.
2026-01-02 01:00:22 PM [info-System]: Failed to create record [IP: ::1]
2026-01-02 01:00:22 PM [error-System]: Error in POST /auth/refresh-token: You need to re-authenticate. Please log in.
2026-01-02 01:00:22 PM [info-System]: Failed to create record [IP: ::1]
2026-01-02 01:00:22 PM [error-System]: Error in POST /auth/refresh-token: You need to re-authenticate. Please log in.
2026-01-02 01:00:22 PM [info-System]: Failed to create record [IP: ::1]
2026-01-02 01:00:22 PM [error-System]: Error in POST /auth/refresh-token: You need to re-authenticate. Please log in.
2026-01-02 01:00:22 PM [info-System]: Failed to create record [IP: ::1]
2026-01-02 01:00:22 PM [error-System]: Error in POST /auth/refresh-token: You need to re-authenticate. Please log in.
2026-01-02 01:00:22 PM [info-System]: Failed to create record [IP: ::1]
2026-01-02 01:00:22 PM [error-System]: Error in POST /auth/refresh-token: You need to re-authenticate. Please log in.
2026-01-02 01:00:22 PM [info-System]: Failed to create record [IP: ::1]
2026-01-02 01:00:22 PM [error-System]: Error in POST /auth/refresh-token: You need to re-authenticate. Please log in.
2026-01-02 01:00:22 PM [info-System]: Failed to create record [IP: ::1]
2026-01-02 01:00:22 PM [error-System]: Error in POST /auth/refresh-token: You need to re-authenticate. Please log in.
2026-01-02 01:00:22 PM [info-System]: Failed to create record [IP: ::1]
2026-01-02 01:00:22 PM [error-System]: Error in POST /auth/refresh-token: You need to re-authenticate. Please log in.
2026-01-02 01:00:22 PM [info-System]: Failed to create record [IP: ::1]
2026-01-02 01:00:27 PM [error-System]: Error in GET /employee/?page=1&limit=10: You need to re-authenticate. Please log in.
2026-01-02 01:00:27 PM [info-System]: Failed to retrieve data [IP: ::1]
2026-01-02 01:00:27 PM [error-System]: Error in POST /auth/refresh-token: You need to re-authenticate. Please log in.
2026-01-02 01:00:27 PM [info-System]: Failed to create record [IP: ::1]
2026-01-02 01:00:28 PM [error-System]: Error in GET /employee/?page=1&limit=10: You need to re-authenticate. Please log in.
2026-01-02 01:00:28 PM [info-System]: Failed to retrieve data [IP: ::1]
2026-01-02 01:00:28 PM [error-System]: Error in POST /auth/refresh-token: You need to re-authenticate. Please log in.
2026-01-02 01:00:28 PM [info-System]: Failed to create record [IP: ::1]
2026-01-02 01:00:33 PM [info-Admin Admin]: User logout successful [IP: ::1]
2026-01-02 01:00:33 PM [info-System]: User logged out successfully [IP: ::1]
2026-01-02 01:00:51 PM [info-Malav Patel]: User login successful [IP: ::1]
2026-01-02 01:00:51 PM [info-System]: User logged in successfully [IP: ::1]
2026-01-02 01:00:53 PM [info-Admin Admin]: Data retrieved successfully [IP: ::1]
2026-01-02 01:00:54 PM [info-Admin Admin]: Employee (partial) list retrieved successfully [IP: ::1]
2026-01-02 01:00:54 PM [info-Admin Admin]: Data retrieved successfully [IP: ::1]
2026-01-02 01:00:54 PM [info-Admin Admin]: Farmers (filtered) list retrieved successfully [IP: ::1]
2026-01-02 01:00:54 PM [info-Admin Admin]: Data retrieved successfully [IP: ::1]
2026-01-02 01:00:54 PM [info-Admin Admin]: Data retrieved successfully [IP: ::1]
2026-01-02 01:00:54 PM [info-Admin Admin]: Data retrieved successfully [IP: ::1]
2026-01-02 01:00:54 PM [info-Admin Admin]: Data retrieved successfully [IP: ::1]
2026-01-02 01:00:54 PM [info-Admin Admin]: Branch data retrieved successfully [IP: ::1]
2026-01-02 01:00:54 PM [info-Admin Admin]: Data retrieved successfully [IP: ::1]
2026-01-02 01:00:54 PM [info-Admin Admin]: Company data retrieved successfully [IP: ::1]
2026-01-02 01:00:54 PM [info-Admin Admin]: User counts report list retrieved successfully [IP: ::1]
2026-01-02 01:00:54 PM [info-Admin Admin]: Data retrieved successfully [IP: ::1]
2026-01-02 01:00:54 PM [info-Admin Admin]: Customer data retrieved successfully [IP: ::1]
2026-01-02 01:01:26 PM [info-Admin Admin]: Employee (partial) list retrieved successfully [IP: ::1]
2026-01-02 01:01:26 PM [info-Admin Admin]: Data retrieved successfully [IP: ::1]
2026-01-02 01:01:26 PM [info-Admin Admin]: Data retrieved successfully [IP: ::1]
2026-01-02 01:01:26 PM [info-Admin Admin]: Data retrieved successfully [IP: ::1]
2026-01-02 01:01:26 PM [info-Admin Admin]: Data retrieved successfully [IP: ::1]
2026-01-02 01:01:26 PM [info-Admin Admin]: Company data retrieved successfully [IP: ::1]
2026-01-02 01:01:26 PM [info-Admin Admin]: Farmers (filtered) list retrieved successfully [IP: ::1]
2026-01-02 01:01:26 PM [info-Admin Admin]: Data retrieved successfully [IP: ::1]
2026-01-02 01:01:26 PM [info-Admin Admin]: Data retrieved successfully [IP: ::1]
2026-01-02 01:01:26 PM [info-Admin Admin]: Data retrieved successfully [IP: ::1]
2026-01-02 01:01:26 PM [info-Admin Admin]: User counts report list retrieved successfully [IP: ::1]
2026-01-02 01:01:26 PM [info-Admin Admin]: Data retrieved successfully [IP: ::1]
2026-01-02 01:01:26 PM [info-Admin Admin]: Branch data retrieved successfully [IP: ::1]
2026-01-02 01:01:26 PM [info-Admin Admin]: Customer data retrieved successfully [IP: ::1]
2026-01-02 01:06:43 PM [info-Admin Admin]: Customer data retrieved successfully [IP: ::1]
2026-01-02 01:07:20 PM [info-Admin Admin]: Customer data retrieved successfully [IP: ::1]
2026-01-02 01:07:48 PM [info-Admin Admin]: Customer data retrieved successfully [IP: ::1]
2026-01-02 02:12:29 PM [info-Malav Patel]: User login successful [IP: ::1]
2026-01-02 02:12:29 PM [info-System]: User logged in successfully [IP: ::1]
2026-01-02 02:37:37 PM [info-Admin Admin]: Employee list retrieved successfully [IP: ::1]
2026-01-02 02:37:37 PM [info-Admin Admin]: Data retrieved successfully [IP: ::1]
2026-01-02 02:37:47 PM [info-Admin Admin]: Employee (partial) list retrieved successfully [IP: ::1]
2026-01-02 02:37:47 PM [info-Admin Admin]: Data retrieved successfully [IP: ::1]
2026-01-02 02:37:54 PM [error-Admin Admin]: Workflow tree retrieval failed: invalid input syntax for type uuid: "s" [IP: ::1]
2026-01-02 02:37:54 PM [info-Admin Admin]: Failed to retrieve data [IP: ::1]
2026-01-02 02:37:54 PM [error-Admin Admin]: Workflow tree retrieval failed: invalid input syntax for type uuid: "saga" [IP: ::1]
2026-01-02 02:37:54 PM [info-Admin Admin]: Failed to retrieve data [IP: ::1]
2026-01-02 02:37:54 PM [error-Admin Admin]: Workflow tree retrieval failed: invalid input syntax for type uuid: "sa" [IP: ::1]
2026-01-02 02:37:54 PM [info-Admin Admin]: Failed to retrieve data [IP: ::1]
2026-01-02 02:37:54 PM [error-Admin Admin]: Workflow tree retrieval failed: invalid input syntax for type uuid: "sag" [IP: ::1]
2026-01-02 02:37:54 PM [info-Admin Admin]: Failed to retrieve data [IP: ::1]
2026-01-02 02:37:54 PM [error-Admin Admin]: Workflow tree retrieval failed: invalid input syntax for type uuid: "sagar" [IP: ::1]
2026-01-02 02:37:54 PM [info-Admin Admin]: Failed to retrieve data [IP: ::1]
2026-01-02 02:37:57 PM [error-Admin Admin]: Workflow tree retrieval failed: invalid input syntax for type uuid: "sagar" [IP: ::1]
2026-01-02 02:37:57 PM [info-Admin Admin]: Failed to retrieve data [IP: ::1]
2026-01-02 02:37:57 PM [info-Admin Admin]: Workflow tree list retrieved successfully [IP: ::1]
2026-01-02 02:37:57 PM [info-Admin Admin]: Data retrieved successfully [IP: ::1]
2026-01-02 02:37:57 PM [error-Admin Admin]: Workflow tree retrieval failed: Converting circular structure to JSON
    --> starting at object with constructor 'Object'
    |     property 'children' -> object with constructor 'Array'
    |     index 0 -> object with constructor 'Object'
    |     property 'children' -> object with constructor 'Array'
    --- index 2 closes the circle [IP: ::1]
2026-01-02 02:37:57 PM [info-Admin Admin]: Failed to retrieve data [IP: ::1]
2026-01-02 02:37:59 PM [info-Admin Admin]: Workflow tree list retrieved successfully [IP: ::1]
2026-01-02 02:37:59 PM [info-Admin Admin]: Data retrieved successfully [IP: ::1]
2026-01-02 02:37:59 PM [error-Admin Admin]: Workflow tree retrieval failed: Converting circular structure to JSON
    --> starting at object with constructor 'Object'
    |     property 'children' -> object with constructor 'Array'
    |     index 0 -> object with constructor 'Object'
    |     property 'children' -> object with constructor 'Array'
    --- index 2 closes the circle [IP: ::1]
2026-01-02 02:37:59 PM [info-Admin Admin]: Failed to retrieve data [IP: ::1]
2026-01-02 02:38:11 PM [info-Admin Admin]: Employee (partial) list retrieved successfully [IP: ::1]
2026-01-02 02:38:11 PM [info-Admin Admin]: Data retrieved successfully [IP: ::1]
2026-01-02 02:39:03 PM [info-Admin Admin]: Bulk workflow relations added successfully with ID: 3 relations [IP: ::1]
2026-01-02 02:39:03 PM [info-Admin Admin]: Record created successfully [IP: ::1]
2026-01-02 02:39:05 PM [info-Admin Admin]: Employee (partial) list retrieved successfully [IP: ::1]
2026-01-02 02:39:05 PM [info-Admin Admin]: Data retrieved successfully [IP: ::1]
2026-01-02 02:39:08 PM [error-Admin Admin]: Workflow tree retrieval failed: invalid input syntax for type uuid: "s" [IP: ::1]
2026-01-02 02:39:08 PM [info-Admin Admin]: Failed to retrieve data [IP: ::1]
2026-01-02 02:39:08 PM [error-Admin Admin]: Workflow tree retrieval failed: invalid input syntax for type uuid: "sa" [IP: ::1]
2026-01-02 02:39:08 PM [info-Admin Admin]: Failed to retrieve data [IP: ::1]
2026-01-02 02:39:08 PM [error-Admin Admin]: Workflow tree retrieval failed: invalid input syntax for type uuid: "sag" [IP: ::1]
2026-01-02 02:39:08 PM [info-Admin Admin]: Failed to retrieve data [IP: ::1]
2026-01-02 02:39:08 PM [error-Admin Admin]: Workflow tree retrieval failed: invalid input syntax for type uuid: "saga" [IP: ::1]
2026-01-02 02:39:08 PM [info-Admin Admin]: Failed to retrieve data [IP: ::1]
2026-01-02 02:39:08 PM [error-Admin Admin]: Workflow tree retrieval failed: invalid input syntax for type uuid: "sagar" [IP: ::1]
2026-01-02 02:39:08 PM [info-Admin Admin]: Failed to retrieve data [IP: ::1]
2026-01-02 02:39:10 PM [error-Admin Admin]: Workflow tree retrieval failed: invalid input syntax for type uuid: "sagar" [IP: ::1]
2026-01-02 02:39:10 PM [info-Admin Admin]: Failed to retrieve data [IP: ::1]
2026-01-02 02:39:10 PM [info-Admin Admin]: Workflow tree list retrieved successfully [IP: ::1]
2026-01-02 02:39:10 PM [info-Admin Admin]: Data retrieved successfully [IP: ::1]
2026-01-02 02:39:10 PM [error-Admin Admin]: Workflow tree retrieval failed: Converting circular structure to JSON
    --> starting at object with constructor 'Object'
    |     property 'children' -> object with constructor 'Array'
    |     index 0 -> object with constructor 'Object'
    |     property 'children' -> object with constructor 'Array'
    --- index 2 closes the circle [IP: ::1]
2026-01-02 02:39:10 PM [info-Admin Admin]: Failed to retrieve data [IP: ::1]
2026-01-02 02:39:11 PM [info-Admin Admin]: Workflow tree list retrieved successfully [IP: ::1]
2026-01-02 02:39:11 PM [info-Admin Admin]: Data retrieved successfully [IP: ::1]
2026-01-02 02:39:11 PM [error-Admin Admin]: Workflow tree retrieval failed: Converting circular structure to JSON
    --> starting at object with constructor 'Object'
    |     property 'children' -> object with constructor 'Array'
    |     index 0 -> object with constructor 'Object'
    |     property 'children' -> object with constructor 'Array'
    --- index 2 closes the circle [IP: ::1]
2026-01-02 02:39:11 PM [info-Admin Admin]: Failed to retrieve data [IP: ::1]
2026-01-02 02:44:18 PM [error-Admin Admin]: Workflow tree retrieval failed: invalid input value for enum workflow_hierarchy_department_enum: "null" [IP: ::1]
2026-01-02 02:44:18 PM [info-Admin Admin]: Failed to retrieve data [IP: ::1]
2026-01-02 02:44:18 PM [error-Admin Admin]: Workflow tree retrieval failed: invalid input value for enum workflow_hierarchy_department_enum: "s" [IP: ::1]
2026-01-02 02:44:18 PM [info-Admin Admin]: Failed to retrieve data [IP: ::1]
2026-01-02 02:44:18 PM [error-Admin Admin]: Workflow tree retrieval failed: invalid input value for enum workflow_hierarchy_department_enum: "sa" [IP: ::1]
2026-01-02 02:44:18 PM [info-Admin Admin]: Failed to retrieve data [IP: ::1]
2026-01-02 02:44:19 PM [error-Admin Admin]: Workflow tree retrieval failed: invalid input value for enum workflow_hierarchy_department_enum: "sa" [IP: ::1]
2026-01-02 02:44:19 PM [info-Admin Admin]: Failed to retrieve data [IP: ::1]
2026-01-02 02:44:20 PM [info-Admin Admin]: Workflow tree list retrieved successfully [IP: ::1]
2026-01-02 02:44:20 PM [info-Admin Admin]: Data retrieved successfully [IP: ::1]
2026-01-02 02:45:18 PM [info-Admin Admin]: Employee (partial) list retrieved successfully [IP: ::1]
2026-01-02 02:45:18 PM [info-Admin Admin]: Data retrieved successfully [IP: ::1]
2026-01-02 02:45:18 PM [info-Admin Admin]: Data retrieved successfully [IP: ::1]
2026-01-02 02:45:18 PM [info-Admin Admin]: Data retrieved successfully [IP: ::1]
2026-01-02 02:45:18 PM [info-Admin Admin]: Farmers (filtered) list retrieved successfully [IP: ::1]
2026-01-02 02:45:18 PM [info-Admin Admin]: Data retrieved successfully [IP: ::1]
2026-01-02 02:45:18 PM [info-Admin Admin]: Customer data retrieved successfully [IP: ::1]
2026-01-02 02:45:18 PM [info-Admin Admin]: Company data retrieved successfully [IP: ::1]
2026-01-02 02:45:18 PM [info-Admin Admin]: Data retrieved successfully [IP: ::1]
2026-01-02 02:45:19 PM [info-Admin Admin]: Branch data retrieved successfully [IP: ::1]
2026-01-02 02:45:19 PM [info-Admin Admin]: Data retrieved successfully [IP: ::1]
2026-01-02 02:45:19 PM [info-Admin Admin]: Data retrieved successfully [IP: ::1]
2026-01-02 02:45:19 PM [info-Admin Admin]: User counts report list retrieved successfully [IP: ::1]
2026-01-02 02:45:19 PM [info-Admin Admin]: Data retrieved successfully [IP: ::1]
2026-01-02 02:45:25 PM [info-Admin Admin]: Employee list retrieved successfully [IP: ::1]
2026-01-02 02:45:25 PM [info-Admin Admin]: Data retrieved successfully [IP: ::1]
2026-01-02 02:45:49 PM [info-Admin Admin]: Employee list retrieved successfully [IP: ::1]
2026-01-02 02:45:49 PM [info-Admin Admin]: Data retrieved successfully [IP: ::1]
2026-01-02 02:46:04 PM [info-Admin Admin]: Employee list retrieved successfully [IP: ::1]
2026-01-02 02:46:04 PM [info-Admin Admin]: Data retrieved successfully [IP: ::1]
2026-01-02 02:46:08 PM [info-Admin Admin]: Employee list retrieved successfully [IP: ::1]
2026-01-02 02:46:09 PM [info-Admin Admin]: Data retrieved successfully [IP: ::1]
2026-01-02 03:01:01 PM [info-Admin Admin]: Data retrieved successfully [IP: ::1]
2026-01-02 03:04:02 PM [info-Admin Admin]: Failed to retrieve data [IP: ::1]
2026-01-02 03:07:04 PM [info-Admin Admin]: Failed to retrieve data [IP: ::1]
2026-01-02 03:08:33 PM [info-Admin Admin]: Failed to retrieve data [IP: ::1]
2026-01-05 10:21:15 AM [error-System]: Error in GET /sales-target/monthly-plan-excel/5ee452e5-ba4e-4176-be0f-ac707a6cabb0: You need to re-authenticate. Please log in.
2026-01-05 10:21:15 AM [info-System]: Failed to retrieve data [IP: ::1]
2026-01-05 10:22:26 AM [info-Malav Patel]: User login successful [IP: ::1]
2026-01-05 10:22:26 AM [info-System]: User logged in successfully [IP: ::1]
2026-01-05 02:21:20 PM [info-Admin Admin]: User login successful [IP: ::1]
2026-01-05 02:21:20 PM [info-System]: User logged in successfully [IP: ::1]
2026-01-05 02:39:08 PM [info-Admin Admin]: User login successful [IP: ::1]
2026-01-05 02:39:08 PM [info-System]: User logged in successfully [IP: ::1]
2026-01-05 03:04:18 PM [info-Admin Admin]: User login successful [IP: ::1]
2026-01-05 03:04:18 PM [info-System]: User logged in successfully [IP: ::1]
2026-01-05 03:35:08 PM [info-Admin Admin]: User login successful [IP: ::1]
2026-01-05 03:35:08 PM [info-System]: User logged in successfully [IP: ::1]
2026-01-05 05:03:44 PM [info-Admin Admin]: User login successful [IP: ::1]
2026-01-05 05:03:44 PM [info-System]: User logged in successfully [IP: ::1]
2026-01-05 05:06:25 PM [info-Admin Admin]: User login successful [IP: ::1]
2026-01-05 05:06:25 PM [info-System]: User logged in successfully [IP: ::1]
2026-01-06 09:50:36 AM [info-Admin Admin]: User login successful [IP: ::1]
2026-01-06 09:50:36 AM [info-System]: User logged in successfully [IP: ::1]
2026-01-06 09:59:04 AM [info-Admin Admin]: Data retrieved successfully [IP: ::1]
2026-01-06 09:59:55 AM [error-System]: Error in GET /sales-target/monthly-plan-excel/5ee452e5-ba4e-4176-be0f-ac707a6cabb0: Cannot read properties of undefined (reading 'access_token')
2026-01-06 09:59:55 AM [info-System]: Failed to retrieve data [IP: ::1]
2026-01-06 10:16:08 AM [error-System]: Error in GET /sales-target/monthly-plan-excel/5ee452e5-ba4e-4176-be0f-ac707a6cabb0: Cannot read properties of undefined (reading 'access_token')
2026-01-06 10:16:08 AM [info-System]: Failed to retrieve data [IP: ::1]
2026-01-06 10:16:08 AM [error-System]: Error in GET /sales-target/monthly-plan-excel/5ee452e5-ba4e-4176-be0f-ac707a6cabb0: Cannot read properties of undefined (reading 'access_token')
2026-01-06 10:16:08 AM [info-System]: Failed to retrieve data [IP: ::1]
2026-01-06 10:16:10 AM [error-System]: Error in GET /sales-target/monthly-plan-excel/5ee452e5-ba4e-4176-be0f-ac707a6cabb0: Cannot read properties of undefined (reading 'access_token')
2026-01-06 10:16:10 AM [info-System]: Failed to retrieve data [IP: ::1]
2026-01-06 10:16:11 AM [error-System]: Error in GET /sales-target/monthly-plan-excel/5ee452e5-ba4e-4176-be0f-ac707a6cabb0: Cannot read properties of undefined (reading 'access_token')
2026-01-06 10:16:11 AM [info-System]: Failed to retrieve data [IP: ::1]
2026-01-06 10:18:26 AM [info-Admin Admin]: Failed to retrieve data [IP: ::1]
2026-01-06 10:18:46 AM [info-Admin Admin]: Failed to retrieve data [IP: ::1]
2026-01-06 10:47:10 AM [error-System]: Error in GET /sales-target/monthly-plan-excel-info/get/5ee452e5-ba4e-4176-be0f-ac707a6cabb0: Cannot read properties of undefined (reading 'access_token')
2026-01-06 10:47:10 AM [info-System]: Failed to retrieve data [IP: ::ffff:127.0.0.1]
2026-01-06 11:06:51 AM [info-Admin Admin]: Data retrieved successfully [IP: ::ffff:127.0.0.1]
2026-01-06 11:21:50 AM [error-System]: Error in GET /sales-target/monthly-plan-excel-info/get/5ee452e5-ba4e-4176-be0f-ac707a6cabb0: Cannot read properties of undefined (reading 'access_token')
2026-01-06 11:21:50 AM [info-System]: Failed to retrieve data [IP: ::ffff:127.0.0.1]
2026-01-06 11:41:53 AM [info-Admin Admin]: Failed to retrieve data [IP: ::1]
2026-01-06 11:42:13 AM [info-Admin Admin]: Failed to retrieve data [IP: ::1]
2026-01-06 11:42:36 AM [info-Admin Admin]: Failed to retrieve data [IP: ::1]
2026-01-06 11:42:39 AM [info-Admin Admin]: Failed to retrieve data [IP: ::1]
2026-01-06 12:41:00 PM [info-Admin Admin]: Data retrieved successfully [IP: ::1]
2026-01-06 12:52:25 PM [info-Admin Admin]: Data retrieved successfully [IP: ::1]
2026-01-06 12:52:45 PM [error-System]: Error in POST /procurement-target/create/monthly-plan: You need to re-authenticate. Please log in.
2026-01-06 12:52:45 PM [info-System]: Failed to create record [IP: ::1]
2026-01-06 12:53:06 PM [error-Admin Admin]: Error in POST /procurement-target/create/monthly-plan: Target already exists for this period
2026-01-06 12:53:06 PM [info-Admin Admin]: Failed to create record [IP: ::1]
2026-01-06 12:53:08 PM [error-Admin Admin]: Error in POST /procurement-target/create/monthly-plan: Target already exists for this period
2026-01-06 12:53:08 PM [info-Admin Admin]: Failed to create record [IP: ::1]
2026-01-06 12:53:26 PM [info-Admin Admin]: Data retrieved successfully [IP: ::1]
2026-01-06 12:53:50 PM [info-Admin Admin]: Record created successfully [IP: ::1]
2026-01-06 12:53:56 PM [info-Admin Admin]: Data retrieved successfully [IP: ::1]
2026-01-06 12:55:10 PM [info-Admin Admin]: Data retrieved successfully [IP: ::1]
2026-01-06 12:57:46 PM [info-Admin Admin]: Data retrieved successfully [IP: ::1]
2026-01-06 12:58:32 PM [info-Admin Admin]: Data retrieved successfully [IP: ::1]
2026-01-06 12:59:21 PM [info-Admin Admin]: Failed to retrieve data [IP: ::1]
2026-01-06 01:01:09 PM [info-Admin Admin]: Data retrieved successfully [IP: ::1]
2026-01-06 01:08:46 PM [info-Admin Admin]: Data retrieved successfully [IP: ::1]
2026-01-06 01:09:06 PM [info-Admin Admin]: Data retrieved successfully [IP: ::1]
2026-01-06 01:13:17 PM [error-System]: Error in GET /employee/all/partial: You need to re-authenticate. Please log in.
2026-01-06 01:13:17 PM [info-System]: Failed to retrieve data [IP: ::1]
2026-01-06 01:13:20 PM [info-System]: Failed to create record [IP: ::1]
2026-01-06 01:13:24 PM [error-System]: Error in GET /employee/all/partial: You need to re-authenticate. Please log in.
2026-01-06 01:13:24 PM [info-System]: Failed to retrieve data [IP: ::1]
2026-01-06 01:13:28 PM [info-System]: Failed to create record [IP: ::1]
2026-01-06 01:13:28 PM [info-Admin Admin]: Employee (partial) list retrieved successfully [IP: ::1]
2026-01-06 01:13:28 PM [info-Admin Admin]: Data retrieved successfully [IP: ::1]
2026-01-06 01:13:38 PM [info-Admin Admin]: Employee (partial) list retrieved successfully [IP: ::1]
2026-01-06 01:13:38 PM [info-Admin Admin]: Data retrieved successfully [IP: ::1]
2026-01-06 01:13:46 PM [error-Admin Admin]: Workflow tree retrieval failed: invalid input syntax for type uuid: "j" [IP: ::1]
2026-01-06 01:13:46 PM [info-Admin Admin]: Failed to retrieve data [IP: ::1]
2026-01-06 01:13:47 PM [error-Admin Admin]: Workflow tree retrieval failed: invalid input syntax for type uuid: "je" [IP: ::1]
2026-01-06 01:13:47 PM [info-Admin Admin]: Failed to retrieve data [IP: ::1]
2026-01-06 01:13:47 PM [error-Admin Admin]: Workflow tree retrieval failed: invalid input syntax for type uuid: "jett" [IP: ::1]
2026-01-06 01:13:47 PM [info-Admin Admin]: Failed to retrieve data [IP: ::1]
2026-01-06 01:13:47 PM [error-Admin Admin]: Workflow tree retrieval failed: invalid input syntax for type uuid: "jet" [IP: ::1]
2026-01-06 01:13:47 PM [info-Admin Admin]: Failed to retrieve data [IP: ::1]
2026-01-06 01:13:48 PM [error-Admin Admin]: Workflow tree retrieval failed: invalid input syntax for type uuid: "jet" [IP: ::1]
2026-01-06 01:13:48 PM [info-Admin Admin]: Failed to retrieve data [IP: ::1]
2026-01-06 01:13:48 PM [error-Admin Admin]: Workflow tree retrieval failed: invalid input syntax for type uuid: "je" [IP: ::1]
2026-01-06 01:13:48 PM [info-Admin Admin]: Failed to retrieve data [IP: ::1]
2026-01-06 01:13:49 PM [error-Admin Admin]: Workflow tree retrieval failed: invalid input syntax for type uuid: "je" [IP: ::1]
2026-01-06 01:13:49 PM [info-Admin Admin]: Failed to retrieve data [IP: ::1]
2026-01-06 01:13:51 PM [info-Admin Admin]: Workflow tree list retrieved successfully [IP: ::1]
2026-01-06 01:13:51 PM [info-Admin Admin]: Data retrieved successfully [IP: ::1]
2026-01-06 01:14:19 PM [error-Admin Admin]: Workflow tree retrieval failed: invalid input syntax for type uuid: "s" [IP: ::1]
2026-01-06 01:14:19 PM [info-Admin Admin]: Failed to retrieve data [IP: ::1]
2026-01-06 01:14:19 PM [error-Admin Admin]: Workflow tree retrieval failed: invalid input syntax for type uuid: "sa" [IP: ::1]
2026-01-06 01:14:19 PM [info-Admin Admin]: Failed to retrieve data [IP: ::1]
2026-01-06 01:14:19 PM [error-Admin Admin]: Workflow tree retrieval failed: invalid input syntax for type uuid: "sag" [IP: ::1]
2026-01-06 01:14:19 PM [info-Admin Admin]: Failed to retrieve data [IP: ::1]
2026-01-06 01:14:19 PM [error-Admin Admin]: Workflow tree retrieval failed: invalid input syntax for type uuid: "saga" [IP: ::1]
2026-01-06 01:14:19 PM [info-Admin Admin]: Failed to retrieve data [IP: ::1]
2026-01-06 01:14:23 PM [error-Admin Admin]: Workflow tree retrieval failed: invalid input syntax for type uuid: "sagar" [IP: ::1]
2026-01-06 01:14:23 PM [info-Admin Admin]: Failed to retrieve data [IP: ::1]
2026-01-06 01:14:23 PM [info-Admin Admin]: Workflow tree list retrieved successfully [IP: ::1]
2026-01-06 01:14:24 PM [info-Admin Admin]: Data retrieved successfully [IP: ::1]
2026-01-06 01:15:31 PM [info-Admin Admin]: Workflow relation added successfully with ID: c3a14fe3-0f7d-4324-a9f0-5b2de53cbbe0 -> ca87d4d6-bb2f-4702-94da-947240629068 [IP: ::1]
2026-01-06 01:15:31 PM [info-Admin Admin]: Record created successfully [IP: ::1]
2026-01-06 01:15:31 PM [info-Admin Admin]: Workflow tree list retrieved successfully [IP: ::1]
2026-01-06 01:15:31 PM [info-Admin Admin]: Data retrieved successfully [IP: ::1]
2026-01-06 01:15:45 PM [info-Admin Admin]: Employee list retrieved successfully [IP: ::1]
2026-01-06 01:15:45 PM [info-Admin Admin]: Data retrieved successfully [IP: ::1]
2026-01-06 02:01:54 PM [info-Admin Admin]: Employee list retrieved successfully [IP: ::1]
2026-01-06 02:01:54 PM [info-Admin Admin]: Data retrieved successfully [IP: ::1]
2026-01-06 02:02:09 PM [info-Admin Admin]: Employee list retrieved successfully [IP: ::1]
2026-01-06 02:02:09 PM [info-Admin Admin]: Data retrieved successfully [IP: ::1]
2026-01-06 02:02:10 PM [info-Admin Admin]: Employee list retrieved successfully [IP: ::1]
2026-01-06 02:02:13 PM [info-Admin Admin]: Data retrieved successfully [IP: ::1]
2026-01-06 02:02:13 PM [info-Admin Admin]: Employee list retrieved successfully [IP: ::1]
2026-01-06 02:02:16 PM [info-Admin Admin]: Data retrieved successfully [IP: ::1]
2026-01-06 02:05:33 PM [info-Admin Admin]: User login successful [IP: ::1]
2026-01-06 02:05:33 PM [info-System]: User logged in successfully [IP: ::1]
2026-01-06 02:06:34 PM [error-Sagar Pagar]: Error in GET /procurement-target/getAll: target.startDate.getFullYear is not a function
2026-01-06 02:06:34 PM [info-Sagar Pagar]: Failed to retrieve data [IP: ::1]
2026-01-06 02:07:26 PM [info-Admin Admin]: Employee list retrieved successfully [IP: ::1]
2026-01-06 02:07:26 PM [info-Admin Admin]: Data retrieved successfully [IP: ::1]
2026-01-06 02:09:14 PM [error-Sagar Pagar]: Error in GET /procurement-target/getAll: target.startDate.getFullYear is not a function
2026-01-06 02:09:14 PM [info-Sagar Pagar]: Failed to retrieve data [IP: ::1]
2026-01-06 02:11:32 PM [info-Sagar Pagar]: Data retrieved successfully [IP: ::1]
2026-01-06 02:16:14 PM [info-Sagar Pagar]: Data retrieved successfully [IP: ::1]
2026-01-06 02:23:57 PM [error-System]: Error in GET /sales-target/getall: You need to re-authenticate. Please log in.
2026-01-06 02:23:57 PM [info-System]: Failed to retrieve data [IP: ::1]
2026-01-06 02:24:27 PM [error-Sagar Pagar]: Error in GET /sales-target/getall: AppDataSource is not defined
2026-01-06 02:24:27 PM [info-Sagar Pagar]: Failed to retrieve data [IP: ::1]
2026-01-06 02:25:12 PM [info-Sagar Pagar]: Data retrieved successfully [IP: ::1]
2026-01-06 02:26:43 PM [info-Admin Admin]: Employee list retrieved successfully [IP: ::1]
2026-01-06 02:26:43 PM [info-Admin Admin]: Data retrieved successfully [IP: ::1]
2026-01-06 02:28:13 PM [info-Admin Admin]: Employee list retrieved successfully [IP: ::1]
2026-01-06 02:28:13 PM [info-Admin Admin]: Data retrieved successfully [IP: ::1]
2026-01-06 02:32:18 PM [error-System]: Error in GET /company/partial/details: You need to re-authenticate. Please log in.
2026-01-06 02:32:18 PM [info-System]: Failed to retrieve data [IP: ::1]
2026-01-06 02:32:18 PM [error-System]: Error in GET /userreport/total-purchase: You need to re-authenticate. Please log in.
2026-01-06 02:32:18 PM [info-System]: Failed to retrieve data [IP: ::1]
2026-01-06 02:32:18 PM [error-System]: Error in GET /customers/names/all: You need to re-authenticate. Please log in.
2026-01-06 02:32:18 PM [info-System]: Failed to retrieve data [IP: ::1]
2026-01-06 02:32:18 PM [error-System]: Error in GET /location-branches/filterData/filter/all: You need to re-authenticate. Please log in.
2026-01-06 02:32:18 PM [info-System]: Failed to retrieve data [IP: ::1]
2026-01-06 02:32:18 PM [error-System]: Error in GET /userreport/user-counts: You need to re-authenticate. Please log in.
2026-01-06 02:32:18 PM [info-System]: Failed to retrieve data [IP: ::1]
2026-01-06 02:32:18 PM [error-System]: Error in GET /products/partial/data?page=1&limit=6: You need to re-authenticate. Please log in.
2026-01-06 02:32:18 PM [info-System]: Failed to retrieve data [IP: ::1]
2026-01-06 02:32:18 PM [error-System]: Error in GET /farmers/filterFarmer/all?page=1&limit=6: You need to re-authenticate. Please log in.
2026-01-06 02:32:18 PM [info-System]: Failed to retrieve data [IP: ::1]
2026-01-06 02:32:18 PM [error-System]: Error in GET /userreport/total-sale: You need to re-authenticate. Please log in.
2026-01-06 02:32:18 PM [info-System]: Failed to retrieve data [IP: ::1]
2026-01-06 02:32:18 PM [error-System]: Error in GET /employee/?page=1&limit=6: You need to re-authenticate. Please log in.
2026-01-06 02:32:18 PM [info-System]: Failed to retrieve data [IP: ::1]
2026-01-06 02:32:18 PM [error-System]: Error in GET /vendors/filterVendor/all?page=1&limit=6: You need to re-authenticate. Please log in.
2026-01-06 02:32:18 PM [info-System]: Failed to retrieve data [IP: ::1]
2026-01-06 02:32:21 PM [info-System]: Failed to create record [IP: ::1]
2026-01-06 02:32:21 PM [info-System]: Failed to create record [IP: ::1]
2026-01-06 02:32:21 PM [info-System]: Failed to create record [IP: ::1]
2026-01-06 02:32:21 PM [info-System]: Failed to create record [IP: ::1]
2026-01-06 02:32:21 PM [info-System]: Failed to create record [IP: ::1]
2026-01-06 02:32:21 PM [info-System]: Failed to create record [IP: ::1]
2026-01-06 02:32:21 PM [info-System]: Failed to create record [IP: ::1]
2026-01-06 02:32:21 PM [info-System]: Failed to create record [IP: ::1]
2026-01-06 02:32:21 PM [info-System]: Failed to create record [IP: ::1]
2026-01-06 02:32:21 PM [info-System]: Failed to create record [IP: ::1]
2026-01-06 02:32:21 PM [info-Sagar Pagar]: Employee list retrieved successfully [IP: ::1]
2026-01-06 02:32:22 PM [info-Sagar Pagar]: Farmers (filtered) list retrieved successfully [IP: ::1]
2026-01-06 02:32:22 PM [info-Sagar Pagar]: Data retrieved successfully [IP: ::1]
2026-01-06 02:32:22 PM [info-Sagar Pagar]: Data retrieved successfully [IP: ::1]
2026-01-06 02:32:22 PM [info-Sagar Pagar]: Data retrieved successfully [IP: ::1]
2026-01-06 02:32:22 PM [info-Sagar Pagar]: Data retrieved successfully [IP: ::1]
2026-01-06 02:32:22 PM [info-Sagar Pagar]: Data retrieved successfully [IP: ::1]
2026-01-06 02:32:22 PM [info-Sagar Pagar]: Customer data retrieved successfully [IP: ::1]
2026-01-06 02:32:22 PM [info-Sagar Pagar]: Company data retrieved successfully [IP: ::1]
2026-01-06 02:32:22 PM [info-Sagar Pagar]: Branch data retrieved successfully [IP: ::1]
2026-01-06 02:32:22 PM [info-Sagar Pagar]: Data retrieved successfully [IP: ::1]
2026-01-06 02:32:22 PM [info-Sagar Pagar]: User counts report list retrieved successfully [IP: ::1]
2026-01-06 02:32:22 PM [info-Sagar Pagar]: Data retrieved successfully [IP: ::1]
2026-01-06 02:32:23 PM [info-Sagar Pagar]: Employee (partial) list retrieved successfully [IP: ::1]
2026-01-06 02:32:23 PM [info-Sagar Pagar]: Data retrieved successfully [IP: ::1]
2026-01-06 02:32:23 PM [info-Sagar Pagar]: Data retrieved successfully [IP: ::1]
2026-01-06 02:33:49 PM [info-Admin Admin]: Employee list retrieved successfully [IP: ::1]
2026-01-06 02:33:49 PM [info-Admin Admin]: Data retrieved successfully [IP: ::1]
2026-01-06 02:37:21 PM [info-Sagar Pagar]: Employee (partial) list retrieved successfully [IP: ::1]
2026-01-06 02:37:21 PM [info-Sagar Pagar]: Data retrieved successfully [IP: ::1]
2026-01-06 02:37:21 PM [info-Sagar Pagar]: Data retrieved successfully [IP: ::1]
2026-01-06 02:37:50 PM [info-Sagar Pagar]: Employee (partial) list retrieved successfully [IP: ::1]
2026-01-06 02:37:50 PM [info-Sagar Pagar]: Data retrieved successfully [IP: ::1]
2026-01-06 02:37:50 PM [info-Sagar Pagar]: Data retrieved successfully [IP: ::1]
2026-01-06 02:43:37 PM [info-Sagar Pagar]: Employee (partial) list retrieved successfully [IP: ::1]
2026-01-06 02:43:37 PM [info-Sagar Pagar]: Data retrieved successfully [IP: ::1]
2026-01-06 02:43:37 PM [info-Sagar Pagar]: Customer data retrieved successfully [IP: ::1]
2026-01-06 02:43:37 PM [info-Sagar Pagar]: Data retrieved successfully [IP: ::1]
2026-01-06 02:53:09 PM [info-Sagar Pagar]: Employee (partial) list retrieved successfully [IP: ::1]
2026-01-06 02:53:09 PM [info-Sagar Pagar]: Data retrieved successfully [IP: ::1]
2026-01-06 02:53:09 PM [info-Sagar Pagar]: Customer data retrieved successfully [IP: ::1]
2026-01-06 02:53:09 PM [info-Sagar Pagar]: Data retrieved successfully [IP: ::1]
2026-01-06 02:53:17 PM [info-Admin Admin]: Employee list retrieved successfully [IP: ::1]
2026-01-06 02:53:17 PM [info-Admin Admin]: Data retrieved successfully [IP: ::1]
2026-01-06 02:59:26 PM [info-Sagar Pagar]: Employee (partial) list retrieved successfully [IP: ::1]
2026-01-06 02:59:26 PM [info-Sagar Pagar]: Data retrieved successfully [IP: ::1]
2026-01-06 02:59:28 PM [info-Sagar Pagar]: Data retrieved successfully [IP: ::1]
2026-01-06 03:00:16 PM [info-Sagar Pagar]: Employee (partial) list retrieved successfully [IP: ::1]
2026-01-06 03:00:16 PM [info-Sagar Pagar]: Data retrieved successfully [IP: ::1]
2026-01-06 03:00:16 PM [info-Sagar Pagar]: Data retrieved successfully [IP: ::1]
2026-01-06 03:04:26 PM [info-Sagar Pagar]: GRN list retrieved successfully [IP: ::1]
2026-01-06 03:04:26 PM [info-Sagar Pagar]: GRN retrieved successfully [IP: ::1]
2026-01-06 03:04:33 PM [info-Sagar Pagar]: Employee (partial) list retrieved successfully [IP: ::1]
2026-01-06 03:04:33 PM [info-Sagar Pagar]: Data retrieved successfully [IP: ::1]
2026-01-06 03:04:33 PM [info-Sagar Pagar]: Data retrieved successfully [IP: ::1]
2026-01-06 03:15:56 PM [info-Sagar Pagar]: Employee (partial) list retrieved successfully [IP: ::1]
2026-01-06 03:15:56 PM [info-Sagar Pagar]: Data retrieved successfully [IP: ::1]
2026-01-06 03:15:56 PM [info-Sagar Pagar]: Data retrieved successfully [IP: ::1]
2026-01-06 03:20:07 PM [error-System]: Error in GET /employee/all/partial: You need to re-authenticate. Please log in.
2026-01-06 03:20:07 PM [info-System]: Failed to retrieve data [IP: ::1]
2026-01-06 03:20:07 PM [error-System]: Error in GET /procurement-target/getall: You need to re-authenticate. Please log in.
2026-01-06 03:20:07 PM [info-System]: Failed to retrieve data [IP: ::1]
2026-01-06 03:20:07 PM [info-System]: Failed to create record [IP: ::1]
2026-01-06 03:20:07 PM [info-System]: Failed to create record [IP: ::1]
2026-01-06 03:20:07 PM [info-Jeetsingh Sisodia]: Employee (partial) list retrieved successfully [IP: ::1]
2026-01-06 03:20:07 PM [info-Jeetsingh Sisodia]: Data retrieved successfully [IP: ::1]
2026-01-06 03:20:08 PM [info-Jeetsingh Sisodia]: Data retrieved successfully [IP: ::1]
2026-01-06 03:20:09 PM [info-Jeetsingh Sisodia]: Employee (partial) list retrieved successfully [IP: ::1]
2026-01-06 03:20:09 PM [info-Jeetsingh Sisodia]: Data retrieved successfully [IP: ::1]
2026-01-06 03:20:09 PM [info-Jeetsingh Sisodia]: Data retrieved successfully [IP: ::1]
2026-01-06 03:20:12 PM [info-Jeetsingh Sisodia]: Employee (partial) list retrieved successfully [IP: ::1]
2026-01-06 03:20:12 PM [info-Jeetsingh Sisodia]: Data retrieved successfully [IP: ::1]
2026-01-06 03:20:13 PM [info-Jeetsingh Sisodia]: Data retrieved successfully [IP: ::1]
2026-01-06 03:20:13 PM [info-Jeetsingh Sisodia]: Employee (partial) list retrieved successfully [IP: ::1]
2026-01-06 03:20:13 PM [info-Jeetsingh Sisodia]: Data retrieved successfully [IP: ::1]
2026-01-06 03:20:14 PM [info-Jeetsingh Sisodia]: Data retrieved successfully [IP: ::1]
2026-01-06 03:24:28 PM [info-Admin Admin]: Failed to retrieve data [IP: ::1]
2026-01-06 03:25:45 PM [info-Admin Admin]: Failed to retrieve data [IP: ::1]
2026-01-06 03:33:27 PM [info-Admin Admin]: Data retrieved successfully [IP: ::1]
2026-01-06 03:36:42 PM [info-Sagar Pagar]: Employee (partial) list retrieved successfully [IP: ::1]
2026-01-06 03:36:42 PM [info-Sagar Pagar]: Data retrieved successfully [IP: ::1]
2026-01-06 03:36:43 PM [info-Sagar Pagar]: Customer data retrieved successfully [IP: ::1]
2026-01-06 03:36:43 PM [info-Sagar Pagar]: Data retrieved successfully [IP: ::1]
2026-01-06 03:39:13 PM [info-Sagar Pagar]: Employee (partial) list retrieved successfully [IP: ::1]
2026-01-06 03:39:13 PM [info-Sagar Pagar]: Data retrieved successfully [IP: ::1]
2026-01-06 03:39:14 PM [info-Sagar Pagar]: Data retrieved successfully [IP: ::1]
2026-01-06 03:45:45 PM [info-Admin Admin]: Data retrieved successfully [IP: ::1]
2026-01-06 03:46:41 PM [error-System]: Error in GET /sales-target/view-plan-excel/5ee452e5-ba4e-4176-be0f-ac707a6cabb0: Cannot read properties of undefined (reading 'access_token')
2026-01-06 03:46:41 PM [info-System]: Failed to retrieve data [IP: ::1]
2026-01-06 05:13:50 PM [info-Admin Admin]: Employee list retrieved successfully [IP: ::1]
2026-01-06 05:13:51 PM [info-Admin Admin]: Data retrieved successfully [IP: ::1]
2026-01-06 05:24:09 PM [info-Admin Admin]: Data retrieved successfully [IP: ::ffff:127.0.0.1]
2026-01-06 05:24:16 PM [info-Sagar Pagar]: Employee (partial) list retrieved successfully [IP: ::1]
2026-01-06 05:24:16 PM [info-Sagar Pagar]: Data retrieved successfully [IP: ::1]
2026-01-06 05:24:18 PM [info-Sagar Pagar]: Employee (partial) list retrieved successfully [IP: ::1]
2026-01-06 05:24:18 PM [info-Sagar Pagar]: Data retrieved successfully [IP: ::1]
2026-01-06 05:24:18 PM [info-Sagar Pagar]: Data retrieved successfully [IP: ::1]
2026-01-06 05:24:19 PM [info-Sagar Pagar]: Data retrieved successfully [IP: ::1]
2026-01-06 05:24:19 PM [info-Sagar Pagar]: Customer data retrieved successfully [IP: ::1]
2026-01-06 05:24:24 PM [info-Sagar Pagar]: Employee (partial) list retrieved successfully [IP: ::1]
2026-01-06 05:24:24 PM [info-Sagar Pagar]: Data retrieved successfully [IP: ::1]
2026-01-06 05:24:24 PM [info-Sagar Pagar]: Data retrieved successfully [IP: ::1]
2026-01-06 05:24:26 PM [info-Sagar Pagar]: Customer data retrieved successfully [IP: ::1]
2026-01-06 05:24:27 PM [info-Sagar Pagar]: Employee (partial) list retrieved successfully [IP: ::1]
2026-01-06 05:24:27 PM [info-Sagar Pagar]: Data retrieved successfully [IP: ::1]
2026-01-06 05:24:27 PM [info-Sagar Pagar]: Customer data retrieved successfully [IP: ::1]
2026-01-06 05:24:27 PM [info-Sagar Pagar]: Data retrieved successfully [IP: ::1]
2026-01-06 05:28:04 PM [info-Sagar Pagar]: Employee (partial) list retrieved successfully [IP: ::1]
2026-01-06 05:28:04 PM [info-Sagar Pagar]: Data retrieved successfully [IP: ::1]
2026-01-06 05:28:05 PM [info-Sagar Pagar]: Customer data retrieved successfully [IP: ::1]
2026-01-06 05:28:05 PM [info-Sagar Pagar]: Data retrieved successfully [IP: ::1]
2026-01-06 05:37:13 PM [info-Admin Admin]: Data retrieved successfully [IP: ::ffff:127.0.0.1]
2026-01-06 05:38:30 PM [info-Admin Admin]: User login successful [IP: ::ffff:127.0.0.1]
2026-01-06 05:38:30 PM [info-System]: User logged in successfully [IP: ::ffff:127.0.0.1]
2026-01-06 05:39:06 PM [info-Jeetsingh Sisodia]: Data retrieved successfully [IP: ::ffff:127.0.0.1]
2026-01-06 05:40:30 PM [info-Jeetsingh Sisodia]: Employee (partial) list retrieved successfully [IP: ::1]
2026-01-06 05:40:30 PM [info-Jeetsingh Sisodia]: Data retrieved successfully [IP: ::1]
2026-01-06 05:40:31 PM [info-Jeetsingh Sisodia]: Data retrieved successfully [IP: ::1]
2026-01-06 05:41:21 PM [info-Sagar Pagar]: Employee (partial) list retrieved successfully [IP: ::1]
2026-01-06 05:41:21 PM [info-Sagar Pagar]: Data retrieved successfully [IP: ::1]
2026-01-06 05:41:21 PM [info-Sagar Pagar]: Customer data retrieved successfully [IP: ::1]
2026-01-06 05:41:21 PM [info-Sagar Pagar]: Data retrieved successfully [IP: ::1]
2026-01-06 05:42:35 PM [info-Sagar Pagar]: Employee (partial) list retrieved successfully [IP: ::1]
2026-01-06 05:42:35 PM [info-Sagar Pagar]: Data retrieved successfully [IP: ::1]
2026-01-06 05:42:35 PM [info-Sagar Pagar]: Data retrieved successfully [IP: ::1]
2026-01-07 11:08:15 AM [info-Admin Admin]: User login successful [IP: ::1]
2026-01-07 11:08:15 AM [info-System]: User logged in successfully [IP: ::1]
2026-01-07 11:09:43 AM [info-Admin Admin]: Data retrieved successfully [IP: ::1]
2026-01-07 11:10:43 AM [info-Admin Admin]: Data retrieved successfully [IP: ::1]
2026-01-07 11:34:34 AM [info-Sagar Pagar]: Employee (partial) list retrieved successfully [IP: ::ffff:127.0.0.1]
2026-01-07 11:34:34 AM [info-Sagar Pagar]: Data retrieved successfully [IP: ::ffff:127.0.0.1]
2026-01-07 11:34:35 AM [info-Sagar Pagar]: Data retrieved successfully [IP: ::ffff:127.0.0.1]
2026-01-07 11:36:26 AM [info-Admin Admin]: Employee (partial) list retrieved successfully [IP: ::ffff:127.0.0.1]
2026-01-07 11:36:26 AM [info-Admin Admin]: Data retrieved successfully [IP: ::ffff:127.0.0.1]
2026-01-07 11:36:27 AM [info-Admin Admin]: Data retrieved successfully [IP: ::ffff:127.0.0.1]
2026-01-07 11:36:27 AM [info-Admin Admin]: Data retrieved successfully [IP: ::ffff:127.0.0.1]
2026-01-07 11:36:27 AM [info-Admin Admin]: Farmers (filtered) list retrieved successfully [IP: ::ffff:127.0.0.1]
2026-01-07 11:36:27 AM [info-Admin Admin]: Data retrieved successfully [IP: ::ffff:127.0.0.1]
2026-01-07 11:36:27 AM [info-Admin Admin]: Data retrieved successfully [IP: ::ffff:127.0.0.1]
2026-01-07 11:36:27 AM [info-Admin Admin]: Customer data retrieved successfully [IP: ::ffff:127.0.0.1]
2026-01-07 11:36:27 AM [info-Admin Admin]: Data retrieved successfully [IP: ::ffff:127.0.0.1]
2026-01-07 11:36:27 AM [info-Admin Admin]: User counts report list retrieved successfully [IP: ::ffff:127.0.0.1]
2026-01-07 11:36:27 AM [info-Admin Admin]: Data retrieved successfully [IP: ::ffff:127.0.0.1]
2026-01-07 11:36:27 AM [info-Admin Admin]: Data retrieved successfully [IP: ::ffff:127.0.0.1]
2026-01-07 11:36:27 AM [info-Admin Admin]: Branch data retrieved successfully [IP: ::ffff:127.0.0.1]
2026-01-07 11:36:27 AM [info-Admin Admin]: Company data retrieved successfully [IP: ::ffff:127.0.0.1]
2026-01-07 11:36:37 AM [info-Admin Admin]: Employee list retrieved successfully [IP: ::ffff:127.0.0.1]
2026-01-07 11:36:37 AM [info-Admin Admin]: Data retrieved successfully [IP: ::ffff:127.0.0.1]
2026-01-07 11:36:50 AM [info-Admin Admin]: Farmers data retrieved successfully [IP: ::ffff:127.0.0.1]
2026-01-07 11:38:50 AM [info-Admin Admin]: Farmer viewed successfully with ID: 7d853fdc-abe0-462f-afe0-a3fba3e18e99 [IP: ::ffff:127.0.0.1]
2026-01-07 11:38:50 AM [info-Admin Admin]: Data retrieved successfully [IP: ::ffff:127.0.0.1]
2026-01-07 11:38:55 AM [info-Admin Admin]: Farmers data retrieved successfully [IP: ::ffff:127.0.0.1]
2026-01-07 12:04:21 PM [info-Sagar Pagar]: Employee (partial) list retrieved successfully [IP: ::ffff:127.0.0.1]
2026-01-07 12:04:21 PM [info-Sagar Pagar]: Data retrieved successfully [IP: ::ffff:127.0.0.1]
2026-01-07 12:04:22 PM [info-Sagar Pagar]: Data retrieved successfully [IP: ::ffff:127.0.0.1]
2026-01-07 12:07:52 PM [info-Sagar Pagar]: Employee (partial) list retrieved successfully [IP: ::ffff:127.0.0.1]
2026-01-07 12:07:52 PM [info-Sagar Pagar]: Data retrieved successfully [IP: ::ffff:127.0.0.1]
2026-01-07 12:07:52 PM [info-Sagar Pagar]: Data retrieved successfully [IP: ::ffff:127.0.0.1]
2026-01-07 12:07:55 PM [info-Sagar Pagar]: Employee (partial) list retrieved successfully [IP: ::ffff:127.0.0.1]
2026-01-07 12:07:55 PM [info-Sagar Pagar]: Data retrieved successfully [IP: ::ffff:127.0.0.1]
2026-01-07 12:07:56 PM [info-Admin Admin]: Farmers data retrieved successfully [IP: ::ffff:127.0.0.1]
2026-01-07 12:07:56 PM [info-Sagar Pagar]: Data retrieved successfully [IP: ::ffff:127.0.0.1]
2026-01-07 12:08:01 PM [info-Admin Admin]: Farmers data retrieved successfully [IP: ::ffff:127.0.0.1]
2026-01-07 12:13:56 PM [info-Sagar Pagar]: Employee (partial) list retrieved successfully [IP: ::ffff:127.0.0.1]
2026-01-07 12:13:56 PM [info-Sagar Pagar]: Data retrieved successfully [IP: ::ffff:127.0.0.1]
2026-01-07 12:13:56 PM [info-Sagar Pagar]: Data retrieved successfully [IP: ::ffff:127.0.0.1]
2026-01-07 12:14:04 PM [info-Admin Admin]: Farmers data retrieved successfully [IP: ::ffff:127.0.0.1]
2026-01-07 12:18:37 PM [info-Sagar Pagar]: Failed to retrieve data [IP: ::ffff:127.0.0.1]
2026-01-07 12:18:38 PM [info-Sagar Pagar]: Failed to retrieve data [IP: ::ffff:127.0.0.1]
2026-01-07 12:18:46 PM [info-Sagar Pagar]: Employee (partial) list retrieved successfully [IP: ::ffff:127.0.0.1]
2026-01-07 12:18:46 PM [info-Sagar Pagar]: Data retrieved successfully [IP: ::ffff:127.0.0.1]
2026-01-07 12:18:47 PM [info-Sagar Pagar]: Data retrieved successfully [IP: ::ffff:127.0.0.1]
2026-01-07 12:18:49 PM [info-Sagar Pagar]: Employee (partial) list retrieved successfully [IP: ::ffff:127.0.0.1]
2026-01-07 12:18:49 PM [info-Sagar Pagar]: Data retrieved successfully [IP: ::ffff:127.0.0.1]
2026-01-07 12:18:51 PM [info-Sagar Pagar]: Customer data retrieved successfully [IP: ::ffff:127.0.0.1]
2026-01-07 12:18:52 PM [info-Sagar Pagar]: Data retrieved successfully [IP: ::ffff:127.0.0.1]
2026-01-07 12:18:58 PM [info-Sagar Pagar]: Data retrieved successfully [IP: ::ffff:127.0.0.1]
2026-01-07 12:22:15 PM [info-Sagar Pagar]: Employee (partial) list retrieved successfully [IP: ::ffff:127.0.0.1]
2026-01-07 12:22:15 PM [info-Sagar Pagar]: Data retrieved successfully [IP: ::ffff:127.0.0.1]
2026-01-07 12:22:15 PM [info-Sagar Pagar]: Customer data retrieved successfully [IP: ::ffff:127.0.0.1]
2026-01-07 12:22:15 PM [info-Sagar Pagar]: Data retrieved successfully [IP: ::ffff:127.0.0.1]
2026-01-07 12:22:16 PM [info-Sagar Pagar]: Employee (partial) list retrieved successfully [IP: ::ffff:127.0.0.1]
2026-01-07 12:22:16 PM [info-Sagar Pagar]: Data retrieved successfully [IP: ::ffff:127.0.0.1]
2026-01-07 12:22:16 PM [info-Sagar Pagar]: Data retrieved successfully [IP: ::ffff:127.0.0.1]
2026-01-07 12:22:20 PM [info-Sagar Pagar]: Data retrieved successfully [IP: ::ffff:127.0.0.1]
2026-01-07 12:50:24 PM [info-Sagar Pagar]: Data retrieved successfully [IP: ::ffff:127.0.0.1]
2026-01-07 12:55:10 PM [info-Sagar Pagar]: Data retrieved successfully [IP: ::ffff:127.0.0.1]
2026-01-07 12:56:43 PM [info-Sagar Pagar]: Data retrieved successfully [IP: ::ffff:127.0.0.1]
2026-01-07 12:58:19 PM [info-Sagar Pagar]: Data retrieved successfully [IP: ::ffff:127.0.0.1]
2026-01-07 12:58:32 PM [info-Sagar Pagar]: Data retrieved successfully [IP: ::ffff:127.0.0.1]
2026-01-07 01:00:23 PM [info-Sagar Pagar]: Data retrieved successfully [IP: ::ffff:127.0.0.1]
2026-01-07 01:03:25 PM [info-Sagar Pagar]: Data retrieved successfully [IP: ::ffff:127.0.0.1]
2026-01-07 01:03:29 PM [info-Sagar Pagar]: Employee (partial) list retrieved successfully [IP: ::ffff:127.0.0.1]
2026-01-07 01:03:29 PM [info-Sagar Pagar]: Data retrieved successfully [IP: ::ffff:127.0.0.1]
2026-01-07 01:03:30 PM [info-Sagar Pagar]: Data retrieved successfully [IP: ::ffff:127.0.0.1]
2026-01-07 01:03:33 PM [info-Sagar Pagar]: Employee (partial) list retrieved successfully [IP: ::ffff:127.0.0.1]
2026-01-07 01:03:33 PM [info-Sagar Pagar]: Data retrieved successfully [IP: ::ffff:127.0.0.1]
2026-01-07 01:03:34 PM [info-Sagar Pagar]: Customer data retrieved successfully [IP: ::ffff:127.0.0.1]
2026-01-07 01:03:34 PM [info-Sagar Pagar]: Data retrieved successfully [IP: ::ffff:127.0.0.1]
2026-01-07 01:03:40 PM [info-Sagar Pagar]: Data retrieved successfully [IP: ::ffff:127.0.0.1]
2026-01-07 02:19:18 PM [info-Sagar Pagar]: Data retrieved successfully [IP: ::ffff:127.0.0.1]
2026-01-07 02:19:30 PM [info-Sagar Pagar]: Data retrieved successfully [IP: ::ffff:127.0.0.1]
2026-01-07 02:30:16 PM [info-Sagar Pagar]: Employee (partial) list retrieved successfully [IP: ::ffff:127.0.0.1]
2026-01-07 02:30:16 PM [info-Sagar Pagar]: Data retrieved successfully [IP: ::ffff:127.0.0.1]
2026-01-07 02:30:16 PM [info-Sagar Pagar]: Data retrieved successfully [IP: ::ffff:127.0.0.1]
2026-01-07 02:30:22 PM [info-Sagar Pagar]: Data retrieved successfully [IP: ::ffff:127.0.0.1]
2026-01-07 02:33:04 PM [info-Sagar Pagar]: Data retrieved successfully [IP: ::ffff:127.0.0.1]
2026-01-07 02:47:54 PM [info-Sagar Pagar]: Data retrieved successfully [IP: ::ffff:127.0.0.1]
2026-01-07 02:58:11 PM [info-Sagar Pagar]: Data retrieved successfully [IP: ::ffff:127.0.0.1]
2026-01-07 03:03:57 PM [info-Sagar Pagar]: Employee (partial) list retrieved successfully [IP: ::ffff:127.0.0.1]
2026-01-07 03:03:57 PM [info-Sagar Pagar]: Data retrieved successfully [IP: ::ffff:127.0.0.1]
2026-01-07 03:03:58 PM [info-Sagar Pagar]: Data retrieved successfully [IP: ::ffff:127.0.0.1]
2026-01-07 03:39:24 PM [info-Admin Admin]: Farmers data retrieved successfully [IP: ::ffff:127.0.0.1]
2026-01-08 09:57:53 AM [info-Sagar Pagar]: User login successful [IP: ::1]
2026-01-08 09:57:53 AM [info-System]: User logged in successfully [IP: ::1]
2026-01-08 09:59:25 AM [info-Sagar Pagar]: User login successful [IP: ::1]
2026-01-08 09:59:25 AM [info-System]: User logged in successfully [IP: ::1]
2026-01-08 01:58:20 PM [info-Sagar Pagar]: Employee (partial) list retrieved successfully [IP: ::ffff:127.0.0.1]
2026-01-08 01:58:20 PM [info-Sagar Pagar]: Data retrieved successfully [IP: ::ffff:127.0.0.1]
2026-01-08 01:58:20 PM [info-Sagar Pagar]: Data retrieved successfully [IP: ::ffff:127.0.0.1]
2026-01-08 01:59:20 PM [info-Sagar Pagar]: Employee (partial) list retrieved successfully [IP: ::ffff:127.0.0.1]
2026-01-08 01:59:20 PM [info-Sagar Pagar]: Data retrieved successfully [IP: ::ffff:127.0.0.1]
2026-01-08 01:59:20 PM [info-Sagar Pagar]: Data retrieved successfully [IP: ::ffff:127.0.0.1]
2026-01-08 02:01:36 PM [info-Sagar Pagar]: Employee (partial) list retrieved successfully [IP: ::ffff:127.0.0.1]
2026-01-08 02:01:36 PM [info-Sagar Pagar]: Data retrieved successfully [IP: ::ffff:127.0.0.1]
2026-01-08 02:01:36 PM [info-Sagar Pagar]: Data retrieved successfully [IP: ::ffff:127.0.0.1]
2026-01-08 02:13:19 PM [info-Sagar Pagar]: Data retrieved successfully [IP: ::ffff:127.0.0.1]
2026-01-08 02:13:19 PM [info-Sagar Pagar]: Employee (partial) list retrieved successfully [IP: ::ffff:127.0.0.1]
2026-01-08 02:13:19 PM [info-Sagar Pagar]: Data retrieved successfully [IP: ::ffff:127.0.0.1]
2026-01-08 02:18:42 PM [info-Sagar Pagar]: Employee (partial) list retrieved successfully [IP: ::ffff:127.0.0.1]
2026-01-08 02:18:42 PM [info-Sagar Pagar]: Data retrieved successfully [IP: ::ffff:127.0.0.1]
2026-01-08 02:18:43 PM [info-Sagar Pagar]: Data retrieved successfully [IP: ::ffff:127.0.0.1]
2026-01-08 02:19:42 PM [info-Sagar Pagar]: Data retrieved successfully [IP: ::ffff:127.0.0.1]
2026-01-08 02:19:42 PM [info-Sagar Pagar]: Employee (partial) list retrieved successfully [IP: ::ffff:127.0.0.1]
2026-01-08 02:19:42 PM [info-Sagar Pagar]: Data retrieved successfully [IP: ::ffff:127.0.0.1]
2026-01-08 02:19:54 PM [info-Sagar Pagar]: Employee (partial) list retrieved successfully [IP: ::ffff:127.0.0.1]
2026-01-08 02:19:54 PM [info-Sagar Pagar]: Data retrieved successfully [IP: ::ffff:127.0.0.1]
2026-01-08 02:19:54 PM [info-Sagar Pagar]: Data retrieved successfully [IP: ::ffff:127.0.0.1]
2026-01-08 02:20:04 PM [info-Sagar Pagar]: Employee (partial) list retrieved successfully [IP: ::ffff:127.0.0.1]
2026-01-08 02:20:04 PM [info-Sagar Pagar]: Data retrieved successfully [IP: ::ffff:127.0.0.1]
2026-01-08 02:20:04 PM [info-Sagar Pagar]: Data retrieved successfully [IP: ::ffff:127.0.0.1]
2026-01-08 02:52:57 PM [info-Sagar Pagar]: Employee (partial) list retrieved successfully [IP: ::ffff:127.0.0.1]
2026-01-08 02:52:57 PM [info-Sagar Pagar]: Data retrieved successfully [IP: ::ffff:127.0.0.1]
2026-01-08 02:52:57 PM [info-Sagar Pagar]: Data retrieved successfully [IP: ::ffff:127.0.0.1]
2026-01-08 02:54:51 PM [info-Sagar Pagar]: Data retrieved successfully [IP: ::ffff:127.0.0.1]
2026-01-08 02:54:51 PM [info-Sagar Pagar]: Employee (partial) list retrieved successfully [IP: ::ffff:127.0.0.1]
2026-01-08 02:54:51 PM [info-Sagar Pagar]: Data retrieved successfully [IP: ::ffff:127.0.0.1]
2026-01-08 02:55:18 PM [info-Sagar Pagar]: Employee (partial) list retrieved successfully [IP: ::ffff:127.0.0.1]
2026-01-08 02:55:18 PM [info-Sagar Pagar]: Data retrieved successfully [IP: ::ffff:127.0.0.1]
2026-01-08 02:55:18 PM [info-Sagar Pagar]: Data retrieved successfully [IP: ::ffff:127.0.0.1]
2026-01-08 02:55:34 PM [info-Sagar Pagar]: Employee (partial) list retrieved successfully [IP: ::ffff:127.0.0.1]
2026-01-08 02:55:34 PM [info-Sagar Pagar]: Data retrieved successfully [IP: ::ffff:127.0.0.1]
2026-01-08 02:55:34 PM [info-Sagar Pagar]: Data retrieved successfully [IP: ::ffff:127.0.0.1]
2026-01-08 02:57:33 PM [info-Sagar Pagar]: Employee (partial) list retrieved successfully [IP: ::ffff:127.0.0.1]
2026-01-08 02:57:33 PM [info-Sagar Pagar]: Data retrieved successfully [IP: ::ffff:127.0.0.1]
2026-01-08 02:57:33 PM [info-Sagar Pagar]: Data retrieved successfully [IP: ::ffff:127.0.0.1]
2026-01-08 02:57:41 PM [info-Sagar Pagar]: Employee (partial) list retrieved successfully [IP: ::ffff:127.0.0.1]
2026-01-08 02:57:41 PM [info-Sagar Pagar]: Data retrieved successfully [IP: ::ffff:127.0.0.1]
2026-01-08 02:57:41 PM [info-Sagar Pagar]: Data retrieved successfully [IP: ::ffff:127.0.0.1]
2026-01-08 02:58:35 PM [info-Sagar Pagar]: Employee (partial) list retrieved successfully [IP: ::ffff:127.0.0.1]
2026-01-08 02:58:35 PM [info-Sagar Pagar]: Data retrieved successfully [IP: ::ffff:127.0.0.1]
2026-01-08 02:58:35 PM [info-Sagar Pagar]: Data retrieved successfully [IP: ::ffff:127.0.0.1]
2026-01-08 03:01:01 PM [info-Sagar Pagar]: Employee (partial) list retrieved successfully [IP: ::ffff:127.0.0.1]
2026-01-08 03:01:01 PM [info-Sagar Pagar]: Data retrieved successfully [IP: ::ffff:127.0.0.1]
2026-01-08 03:01:01 PM [info-Sagar Pagar]: Data retrieved successfully [IP: ::ffff:127.0.0.1]
2026-01-08 03:03:05 PM [info-Sagar Pagar]: Employee (partial) list retrieved successfully [IP: ::ffff:127.0.0.1]
2026-01-08 03:03:05 PM [info-Sagar Pagar]: Data retrieved successfully [IP: ::ffff:127.0.0.1]
2026-01-08 03:03:06 PM [info-Sagar Pagar]: Data retrieved successfully [IP: ::ffff:127.0.0.1]
2026-01-08 03:03:13 PM [info-Sagar Pagar]: Employee (partial) list retrieved successfully [IP: ::ffff:127.0.0.1]
2026-01-08 03:03:13 PM [info-Sagar Pagar]: Data retrieved successfully [IP: ::ffff:127.0.0.1]
2026-01-08 03:03:13 PM [info-Sagar Pagar]: Data retrieved successfully [IP: ::ffff:127.0.0.1]
2026-01-08 03:04:03 PM [info-Sagar Pagar]: Employee (partial) list retrieved successfully [IP: ::ffff:127.0.0.1]
2026-01-08 03:04:03 PM [info-Sagar Pagar]: Data retrieved successfully [IP: ::ffff:127.0.0.1]
2026-01-08 03:04:03 PM [info-Sagar Pagar]: Data retrieved successfully [IP: ::ffff:127.0.0.1]
2026-01-08 03:04:18 PM [info-Sagar Pagar]: Employee (partial) list retrieved successfully [IP: ::ffff:127.0.0.1]
2026-01-08 03:04:18 PM [info-Sagar Pagar]: Data retrieved successfully [IP: ::ffff:127.0.0.1]
2026-01-08 03:04:18 PM [info-Sagar Pagar]: Data retrieved successfully [IP: ::ffff:127.0.0.1]
2026-01-08 03:06:58 PM [info-Sagar Pagar]: Data retrieved successfully [IP: ::ffff:127.0.0.1]
2026-01-08 03:06:58 PM [info-Sagar Pagar]: Employee (partial) list retrieved successfully [IP: ::ffff:127.0.0.1]
2026-01-08 03:06:58 PM [info-Sagar Pagar]: Data retrieved successfully [IP: ::ffff:127.0.0.1]
2026-01-08 03:07:11 PM [info-Sagar Pagar]: Employee (partial) list retrieved successfully [IP: ::ffff:127.0.0.1]
2026-01-08 03:07:11 PM [info-Sagar Pagar]: Data retrieved successfully [IP: ::ffff:127.0.0.1]
2026-01-08 03:07:11 PM [info-Sagar Pagar]: Data retrieved successfully [IP: ::ffff:127.0.0.1]
2026-01-08 03:08:11 PM [info-Sagar Pagar]: Data retrieved successfully [IP: ::ffff:127.0.0.1]
2026-01-08 03:08:11 PM [info-Sagar Pagar]: Employee (partial) list retrieved successfully [IP: ::ffff:127.0.0.1]
2026-01-08 03:08:11 PM [info-Sagar Pagar]: Data retrieved successfully [IP: ::ffff:127.0.0.1]
2026-01-08 03:21:47 PM [info-Sagar Pagar]: User login successful [IP: ::1]
2026-01-08 03:21:47 PM [info-System]: User logged in successfully [IP: ::1]
2026-01-08 03:23:03 PM [info-Sagar Pagar]: Employee (partial) list retrieved successfully [IP: ::ffff:127.0.0.1]
2026-01-08 03:23:03 PM [info-Sagar Pagar]: Data retrieved successfully [IP: ::ffff:127.0.0.1]
2026-01-08 03:23:03 PM [info-Sagar Pagar]: Data retrieved successfully [IP: ::ffff:127.0.0.1]
2026-01-08 03:23:33 PM [info-Sagar Pagar]: Employee (partial) list retrieved successfully [IP: ::ffff:127.0.0.1]
2026-01-08 03:23:33 PM [info-Sagar Pagar]: Data retrieved successfully [IP: ::ffff:127.0.0.1]
2026-01-08 03:23:34 PM [info-Sagar Pagar]: Data retrieved successfully [IP: ::ffff:127.0.0.1]
2026-01-08 03:23:37 PM [info-Sagar Pagar]: Employee (partial) list retrieved successfully [IP: ::ffff:127.0.0.1]
2026-01-08 03:23:37 PM [info-Sagar Pagar]: Data retrieved successfully [IP: ::ffff:127.0.0.1]
2026-01-08 03:23:37 PM [info-Sagar Pagar]: Data retrieved successfully [IP: ::ffff:127.0.0.1]
2026-01-08 03:24:38 PM [error-System]: Error in GET /location-branches/filterData/filter/all: You need to re-authenticate. Please log in.
2026-01-08 03:24:38 PM [info-System]: Failed to retrieve data [IP: ::ffff:127.0.0.1]
2026-01-08 03:24:38 PM [error-System]: Error in GET /company/partial/details: You need to re-authenticate. Please log in.
2026-01-08 03:24:38 PM [info-System]: Failed to retrieve data [IP: ::ffff:127.0.0.1]
2026-01-08 03:24:38 PM [error-System]: Error in GET /farmers/filterFarmer/all?page=1&limit=6: You need to re-authenticate. Please log in.
2026-01-08 03:24:38 PM [info-System]: Failed to retrieve data [IP: ::ffff:127.0.0.1]
2026-01-08 03:24:38 PM [error-System]: Error in GET /customers/names/all: You need to re-authenticate. Please log in.
2026-01-08 03:24:38 PM [info-System]: Failed to retrieve data [IP: ::ffff:127.0.0.1]
2026-01-08 03:24:38 PM [error-System]: Error in GET /products/partial/data?page=1&limit=6: You need to re-authenticate. Please log in.
2026-01-08 03:24:38 PM [info-System]: Failed to retrieve data [IP: ::ffff:127.0.0.1]
2026-01-08 03:24:38 PM [error-System]: Error in GET /employee/all/partial?page=1&limit=6: You need to re-authenticate. Please log in.
2026-01-08 03:24:38 PM [info-System]: Failed to retrieve data [IP: ::ffff:127.0.0.1]
2026-01-08 03:24:38 PM [error-System]: Error in GET /vendors/filterVendor/all?page=1&limit=6: You need to re-authenticate. Please log in.
2026-01-08 03:24:38 PM [info-System]: Failed to retrieve data [IP: ::ffff:127.0.0.1]
2026-01-08 03:24:38 PM [error-System]: Error in GET /admin/dashboard/active-users: You need to re-authenticate. Please log in.
2026-01-08 03:24:38 PM [info-System]: Failed to retrieve data [IP: ::ffff:127.0.0.1]
2026-01-08 03:24:38 PM [error-System]: Error in GET /userreport/total-sale: You need to re-authenticate. Please log in.
2026-01-08 03:24:38 PM [info-System]: Failed to retrieve data [IP: ::ffff:127.0.0.1]
2026-01-08 03:24:38 PM [error-System]: Error in GET /userreport/user-counts: You need to re-authenticate. Please log in.
2026-01-08 03:24:38 PM [info-System]: Failed to retrieve data [IP: ::ffff:127.0.0.1]
2026-01-08 03:24:38 PM [error-System]: Error in GET /userreport/total-purchase: You need to re-authenticate. Please log in.
2026-01-08 03:24:38 PM [info-System]: Failed to retrieve data [IP: ::ffff:127.0.0.1]
2026-01-08 03:24:39 PM [info-System]: Failed to create record [IP: ::ffff:127.0.0.1]
2026-01-08 03:24:39 PM [info-System]: Failed to create record [IP: ::ffff:127.0.0.1]
2026-01-08 03:24:39 PM [info-System]: Failed to create record [IP: ::ffff:127.0.0.1]
2026-01-08 03:24:39 PM [info-System]: Failed to create record [IP: ::ffff:127.0.0.1]
2026-01-08 03:24:39 PM [info-System]: Failed to create record [IP: ::ffff:127.0.0.1]
2026-01-08 03:24:39 PM [info-System]: Failed to create record [IP: ::ffff:127.0.0.1]
2026-01-08 03:24:41 PM [info-System]: Failed to create record [IP: ::ffff:127.0.0.1]
2026-01-08 03:24:41 PM [info-System]: Failed to create record [IP: ::ffff:127.0.0.1]
2026-01-08 03:24:41 PM [info-System]: Failed to create record [IP: ::ffff:127.0.0.1]
2026-01-08 03:24:41 PM [info-System]: Failed to create record [IP: ::ffff:127.0.0.1]
2026-01-08 03:24:41 PM [info-System]: Failed to create record [IP: ::ffff:127.0.0.1]
2026-01-08 03:24:41 PM [info-Admin Admin]: Farmers (filtered) list retrieved successfully [IP: ::ffff:127.0.0.1]
2026-01-08 03:24:41 PM [info-Admin Admin]: Data retrieved successfully [IP: ::ffff:127.0.0.1]
2026-01-08 03:24:41 PM [info-Admin Admin]: Employee (partial) list retrieved successfully [IP: ::ffff:127.0.0.1]
2026-01-08 03:24:41 PM [info-Admin Admin]: Data retrieved successfully [IP: ::ffff:127.0.0.1]
2026-01-08 03:24:42 PM [info-Admin Admin]: Data retrieved successfully [IP: ::ffff:127.0.0.1]
2026-01-08 03:24:42 PM [info-Admin Admin]: Data retrieved successfully [IP: ::ffff:127.0.0.1]
2026-01-08 03:24:42 PM [info-Admin Admin]: Company data retrieved successfully [IP: ::ffff:127.0.0.1]
2026-01-08 03:24:42 PM [info-Admin Admin]: Branch data retrieved successfully [IP: ::ffff:127.0.0.1]
2026-01-08 03:24:42 PM [info-Admin Admin]: User counts report list retrieved successfully [IP: ::ffff:127.0.0.1]
2026-01-08 03:24:42 PM [info-Admin Admin]: Data retrieved successfully [IP: ::ffff:127.0.0.1]
2026-01-08 03:24:42 PM [info-Admin Admin]: Data retrieved successfully [IP: ::ffff:127.0.0.1]
2026-01-08 03:24:42 PM [info-Admin Admin]: Data retrieved successfully [IP: ::ffff:127.0.0.1]
2026-01-08 03:24:42 PM [info-Admin Admin]: Customer data retrieved successfully [IP: ::ffff:127.0.0.1]
2026-01-08 03:24:42 PM [info-Admin Admin]: Data retrieved successfully [IP: ::ffff:127.0.0.1]
2026-01-08 03:24:42 PM [info-Admin Admin]: Employee (partial) list retrieved successfully [IP: ::ffff:127.0.0.1]
2026-01-08 03:24:42 PM [info-Admin Admin]: Data retrieved successfully [IP: ::ffff:127.0.0.1]
2026-01-08 03:24:47 PM [error-Admin Admin]: Workflow tree retrieval failed: invalid input syntax for type uuid: "s" [IP: ::ffff:127.0.0.1]
2026-01-08 03:24:47 PM [info-Admin Admin]: Failed to retrieve data [IP: ::ffff:127.0.0.1]
2026-01-08 03:25:01 PM [error-Admin Admin]: Workflow tree retrieval failed: invalid input syntax for type uuid: "p" [IP: ::ffff:127.0.0.1]
2026-01-08 03:25:01 PM [info-Admin Admin]: Failed to retrieve data [IP: ::ffff:127.0.0.1]
2026-01-08 03:25:01 PM [error-Admin Admin]: Workflow tree retrieval failed: invalid input syntax for type uuid: "pa" [IP: ::ffff:127.0.0.1]
2026-01-08 03:25:01 PM [info-Admin Admin]: Failed to retrieve data [IP: ::ffff:127.0.0.1]
2026-01-08 03:25:02 PM [error-Admin Admin]: Workflow tree retrieval failed: invalid input syntax for type uuid: "pag" [IP: ::ffff:127.0.0.1]
2026-01-08 03:25:02 PM [info-Admin Admin]: Failed to retrieve data [IP: ::ffff:127.0.0.1]
2026-01-08 03:25:02 PM [error-Admin Admin]: Workflow tree retrieval failed: invalid input syntax for type uuid: "paga" [IP: ::ffff:127.0.0.1]
2026-01-08 03:25:02 PM [info-Admin Admin]: Failed to retrieve data [IP: ::ffff:127.0.0.1]
2026-01-08 03:25:02 PM [error-Admin Admin]: Workflow tree retrieval failed: invalid input syntax for type uuid: "pagar" [IP: ::ffff:127.0.0.1]
2026-01-08 03:25:02 PM [info-Admin Admin]: Failed to retrieve data [IP: ::ffff:127.0.0.1]
2026-01-08 03:25:03 PM [error-Admin Admin]: Workflow tree retrieval failed: invalid input syntax for type uuid: "pagar" [IP: ::ffff:127.0.0.1]
2026-01-08 03:25:03 PM [info-Admin Admin]: Failed to retrieve data [IP: ::ffff:127.0.0.1]
2026-01-08 03:25:03 PM [info-Admin Admin]: Workflow tree list retrieved successfully [IP: ::ffff:127.0.0.1]
2026-01-08 03:25:04 PM [info-Admin Admin]: Data retrieved successfully [IP: ::ffff:127.0.0.1]
2026-01-08 03:25:27 PM [info-Sagar Pagar]: Employee (partial) list retrieved successfully [IP: ::ffff:127.0.0.1]
2026-01-08 03:25:27 PM [info-Sagar Pagar]: Data retrieved successfully [IP: ::ffff:127.0.0.1]
2026-01-08 03:25:33 PM [info-Sagar Pagar]: Employee (partial) list retrieved successfully [IP: ::ffff:127.0.0.1]
2026-01-08 03:25:33 PM [info-Sagar Pagar]: Data retrieved successfully [IP: ::ffff:127.0.0.1]
2026-01-08 03:25:35 PM [info-Sagar Pagar]: Employee (partial) list retrieved successfully [IP: ::ffff:127.0.0.1]
2026-01-08 03:25:35 PM [info-Sagar Pagar]: Data retrieved successfully [IP: ::ffff:127.0.0.1]
2026-01-08 03:50:43 PM [info-Sagar Pagar]: Data retrieved successfully [IP: ::ffff:127.0.0.1]
2026-01-08 03:50:43 PM [info-Sagar Pagar]: Employee (partial) list retrieved successfully [IP: ::ffff:127.0.0.1]
2026-01-08 03:50:43 PM [info-Sagar Pagar]: Data retrieved successfully [IP: ::ffff:127.0.0.1]
2026-01-08 03:53:11 PM [info-Sagar Pagar]: Employee (partial) list retrieved successfully [IP: ::ffff:127.0.0.1]
2026-01-08 03:53:11 PM [info-Sagar Pagar]: Data retrieved successfully [IP: ::ffff:127.0.0.1]
2026-01-08 03:53:11 PM [info-Sagar Pagar]: Data retrieved successfully [IP: ::ffff:127.0.0.1]
2026-01-08 03:53:12 PM [info-Admin Admin]: Employee (partial) list retrieved successfully [IP: ::ffff:127.0.0.1]
2026-01-08 03:53:12 PM [info-Admin Admin]: Data retrieved successfully [IP: ::ffff:127.0.0.1]
2026-01-08 03:53:12 PM [info-Admin Admin]: Workflow tree list retrieved successfully [IP: ::ffff:127.0.0.1]
2026-01-08 03:53:13 PM [info-Sagar Pagar]: Employee (partial) list retrieved successfully [IP: ::ffff:127.0.0.1]
2026-01-08 03:53:13 PM [info-Sagar Pagar]: Data retrieved successfully [IP: ::ffff:127.0.0.1]
2026-01-08 03:53:13 PM [info-Sagar Pagar]: Data retrieved successfully [IP: ::ffff:127.0.0.1]
2026-01-08 03:53:14 PM [info-Admin Admin]: Data retrieved successfully [IP: ::ffff:127.0.0.1]
2026-01-08 03:53:24 PM [info-Sagar Pagar]: Employee (partial) list retrieved successfully [IP: ::ffff:127.0.0.1]
2026-01-08 03:53:24 PM [info-Sagar Pagar]: Data retrieved successfully [IP: ::ffff:127.0.0.1]
2026-01-08 03:54:23 PM [error-Sagar Pagar]: Error in POST /procurement-target/create/monthly-plan: Cannot read properties of undefined (reading 'map')
2026-01-08 03:54:23 PM [info-Sagar Pagar]: Failed to create record [IP: ::ffff:127.0.0.1]
2026-01-08 03:56:49 PM [error-Sagar Pagar]: Error in POST /procurement-target/create/monthly-plan: procurementTargetPlane is required and must be an array
2026-01-08 03:56:49 PM [info-Sagar Pagar]: Failed to create record [IP: ::ffff:127.0.0.1]
2026-01-08 03:57:58 PM [info-Sagar Pagar]: Record created successfully [IP: ::ffff:127.0.0.1]
2026-01-08 03:57:59 PM [info-Sagar Pagar]: Employee (partial) list retrieved successfully [IP: ::ffff:127.0.0.1]
2026-01-08 03:57:59 PM [info-Sagar Pagar]: Data retrieved successfully [IP: ::ffff:127.0.0.1]
2026-01-08 03:57:59 PM [info-Sagar Pagar]: Data retrieved successfully [IP: ::ffff:127.0.0.1]
2026-01-08 04:50:43 PM [error-System]: Error in GET /customers/names/all: You need to re-authenticate. Please log in.
2026-01-08 04:50:43 PM [info-System]: Failed to retrieve data [IP: ::ffff:127.0.0.1]
2026-01-08 04:50:43 PM [error-System]: Error in GET /employee/all/partial: You need to re-authenticate. Please log in.
2026-01-08 04:50:43 PM [info-System]: Failed to retrieve data [IP: ::ffff:127.0.0.1]
2026-01-08 04:50:43 PM [error-System]: Error in GET /sales-target/getall: You need to re-authenticate. Please log in.
2026-01-08 04:50:43 PM [info-System]: Failed to retrieve data [IP: ::ffff:127.0.0.1]
2026-01-08 04:50:44 PM [error-System]: Error in GET /customers/names/all: You need to re-authenticate. Please log in.
2026-01-08 04:50:44 PM [info-System]: Failed to retrieve data [IP: ::ffff:127.0.0.1]
2026-01-08 04:50:44 PM [error-System]: Error in GET /employee/all/partial: You need to re-authenticate. Please log in.
2026-01-08 04:50:44 PM [info-System]: Failed to retrieve data [IP: ::ffff:127.0.0.1]
2026-01-08 04:50:44 PM [error-System]: Error in GET /sales-target/getall: You need to re-authenticate. Please log in.
2026-01-08 04:50:44 PM [info-System]: Failed to retrieve data [IP: ::ffff:127.0.0.1]
2026-01-08 04:50:45 PM [error-System]: Error in GET /customers/names/all?page=1&limit=10: You need to re-authenticate. Please log in.
2026-01-08 04:50:45 PM [info-System]: Failed to retrieve data [IP: ::ffff:127.0.0.1]
2026-01-08 04:50:45 PM [error-System]: Error in GET /employee/all/partial?page=1&limit=10: You need to re-authenticate. Please log in.
2026-01-08 04:50:45 PM [info-System]: Failed to retrieve data [IP: ::ffff:127.0.0.1]
2026-01-08 04:50:45 PM [error-System]: Error in GET /products/partial/data?page=1&limit=10: You need to re-authenticate. Please log in.
2026-01-08 04:50:45 PM [info-System]: Failed to retrieve data [IP: ::ffff:127.0.0.1]
2026-01-08 04:50:46 PM [error-System]: Error in GET /products/partial/data?page=1&limit=10: You need to re-authenticate. Please log in.
2026-01-08 04:50:46 PM [info-System]: Failed to retrieve data [IP: ::ffff:127.0.0.1]
2026-01-08 04:50:46 PM [error-System]: Error in GET /customers/names/all?page=1&limit=10: You need to re-authenticate. Please log in.
2026-01-08 04:50:46 PM [info-System]: Failed to retrieve data [IP: ::ffff:127.0.0.1]
2026-01-08 04:50:46 PM [error-System]: Error in GET /employee/all/partial?page=1&limit=10: You need to re-authenticate. Please log in.
2026-01-08 04:50:46 PM [info-System]: Failed to retrieve data [IP: ::ffff:127.0.0.1]
2026-01-08 04:50:53 PM [info-Admin Admin]: Employee list retrieved successfully [IP: ::ffff:127.0.0.1]
2026-01-08 04:50:53 PM [info-Admin Admin]: Data retrieved successfully [IP: ::ffff:127.0.0.1]
2026-01-08 04:51:11 PM [info-Admin Admin]: Employee list retrieved successfully [IP: ::ffff:127.0.0.1]
2026-01-08 04:51:11 PM [info-Admin Admin]: Data retrieved successfully [IP: ::ffff:127.0.0.1]
2026-01-08 04:51:13 PM [info-Admin Admin]: Employee list retrieved successfully [IP: ::ffff:127.0.0.1]
2026-01-08 04:51:14 PM [info-Admin Admin]: Data retrieved successfully [IP: ::ffff:127.0.0.1]
2026-01-08 04:51:34 PM [info-Sagar Pagar]: User logout successful [IP: ::ffff:127.0.0.1]
2026-01-08 04:51:34 PM [info-System]: User logged out successfully [IP: ::ffff:127.0.0.1]
2026-01-08 04:52:01 PM [info-Malav Patel]: User login successful [IP: ::ffff:127.0.0.1]
2026-01-08 04:52:01 PM [info-System]: User logged in successfully [IP: ::ffff:127.0.0.1]
2026-01-08 04:52:24 PM [info-Sudhanshu Singh]: Employee (partial) list retrieved successfully [IP: ::ffff:127.0.0.1]
2026-01-08 04:52:24 PM [info-Sudhanshu Singh]: Data retrieved successfully [IP: ::ffff:127.0.0.1]
2026-01-08 04:52:24 PM [info-Sudhanshu Singh]: Data retrieved successfully [IP: ::ffff:127.0.0.1]
2026-01-08 04:52:31 PM [info-Admin Admin]: Employee (partial) list retrieved successfully [IP: ::ffff:127.0.0.1]
2026-01-08 04:52:31 PM [info-Admin Admin]: Data retrieved successfully [IP: ::ffff:127.0.0.1]
2026-01-08 04:52:40 PM [error-Admin Admin]: Workflow tree retrieval failed: invalid input syntax for type uuid: "s" [IP: ::ffff:127.0.0.1]
2026-01-08 04:52:40 PM [info-Admin Admin]: Failed to retrieve data [IP: ::ffff:127.0.0.1]
2026-01-08 04:52:40 PM [error-Admin Admin]: Workflow tree retrieval failed: invalid input syntax for type uuid: "sud" [IP: ::ffff:127.0.0.1]
2026-01-08 04:52:40 PM [info-Admin Admin]: Failed to retrieve data [IP: ::ffff:127.0.0.1]
2026-01-08 04:52:41 PM [error-Admin Admin]: Workflow tree retrieval failed: invalid input syntax for type uuid: "su" [IP: ::ffff:127.0.0.1]
2026-01-08 04:52:41 PM [info-Admin Admin]: Failed to retrieve data [IP: ::ffff:127.0.0.1]
2026-01-08 04:52:41 PM [error-Admin Admin]: Workflow tree retrieval failed: invalid input syntax for type uuid: "sudh" [IP: ::ffff:127.0.0.1]
2026-01-08 04:52:41 PM [info-Admin Admin]: Failed to retrieve data [IP: ::ffff:127.0.0.1]
2026-01-08 04:52:41 PM [error-Admin Admin]: Workflow tree retrieval failed: invalid input syntax for type uuid: "sudha" [IP: ::ffff:127.0.0.1]
2026-01-08 04:52:41 PM [info-Admin Admin]: Failed to retrieve data [IP: ::ffff:127.0.0.1]
2026-01-08 04:52:41 PM [info-Admin Admin]: Workflow tree list retrieved successfully [IP: ::ffff:127.0.0.1]
2026-01-08 04:52:41 PM [info-Admin Admin]: Data retrieved successfully [IP: ::ffff:127.0.0.1]
2026-01-08 04:57:14 PM [info-Admin Admin]: Employee list retrieved successfully [IP: ::ffff:127.0.0.1]
2026-01-08 04:57:14 PM [info-Admin Admin]: Data retrieved successfully [IP: ::ffff:127.0.0.1]
2026-01-08 04:57:20 PM [info-Admin Admin]: Employee list retrieved successfully [IP: ::ffff:127.0.0.1]
2026-01-08 04:57:21 PM [info-Admin Admin]: Data retrieved successfully [IP: ::ffff:127.0.0.1]
2026-01-08 04:58:04 PM [info-Admin Admin]: Employee list retrieved successfully [IP: ::ffff:127.0.0.1]
2026-01-08 04:58:04 PM [info-Admin Admin]: Data retrieved successfully [IP: ::ffff:127.0.0.1]
2026-01-08 04:58:57 PM [info-Admin Admin]: Document Definitions data retrieved successfully [IP: ::ffff:127.0.0.1]
2026-01-08 04:58:57 PM [info-Admin Admin]: Office (Filter) list retrieved successfully [IP: ::ffff:127.0.0.1]
2026-01-08 04:58:59 PM [info-Admin Admin]: Branch data retrieved successfully [IP: ::ffff:127.0.0.1]
2026-01-08 04:58:59 PM [info-Admin Admin]: Data retrieved successfully [IP: ::ffff:127.0.0.1]
2026-01-08 04:58:59 PM [info-Admin Admin]: Company data retrieved successfully [IP: ::ffff:127.0.0.1]
2026-01-08 05:00:44 PM [info-System]: Data retrieved successfully [IP: ::ffff:127.0.0.1]
2026-01-08 05:04:59 PM [info-Admin Admin]: Employee created successfully with ID: a459c586-a255-4994-adf0-313feff2ee8a [IP: ::ffff:127.0.0.1]
2026-01-08 05:05:00 PM [info-Admin Admin]: Record created successfully [IP: ::ffff:127.0.0.1]
2026-01-08 05:06:15 PM [info-Admin Admin]: Employee list retrieved successfully [IP: ::ffff:127.0.0.1]
2026-01-08 05:06:18 PM [info-Admin Admin]: Data retrieved successfully [IP: ::ffff:127.0.0.1]
2026-01-08 05:06:20 PM [info-Admin Admin]: Document Definitions data retrieved successfully [IP: ::ffff:127.0.0.1]
2026-01-08 05:06:21 PM [info-Admin Admin]: Employee (for view) viewed successfully with ID: a459c586-a255-4994-adf0-313feff2ee8a [IP: ::ffff:127.0.0.1]
2026-01-08 05:06:21 PM [info-Admin Admin]: Data retrieved successfully [IP: ::ffff:127.0.0.1]
2026-01-08 05:06:24 PM [info-Admin Admin]: Employee status updated successfully with ID: a459c586-a255-4994-adf0-313feff2ee8a [IP: ::ffff:127.0.0.1]
2026-01-08 05:06:24 PM [info-Admin Admin]: Record updated successfully [IP: ::ffff:127.0.0.1]
2026-01-08 05:06:26 PM [info-Admin Admin]: Employee list retrieved successfully [IP: ::ffff:127.0.0.1]
2026-01-08 05:06:27 PM [info-Admin Admin]: Data retrieved successfully [IP: ::ffff:127.0.0.1]
2026-01-08 05:06:30 PM [info-Admin Admin]: Employee (partial) list retrieved successfully [IP: ::ffff:127.0.0.1]
2026-01-08 05:06:30 PM [info-Admin Admin]: Data retrieved successfully [IP: ::ffff:127.0.0.1]
2026-01-08 05:06:46 PM [error-Admin Admin]: Workflow tree retrieval failed: invalid input syntax for type uuid: "P" [IP: ::ffff:127.0.0.1]
2026-01-08 05:06:46 PM [info-Admin Admin]: Failed to retrieve data [IP: ::ffff:127.0.0.1]
2026-01-08 05:06:46 PM [error-Admin Admin]: Workflow tree retrieval failed: invalid input syntax for type uuid: "Pr" [IP: ::ffff:127.0.0.1]
2026-01-08 05:06:46 PM [info-Admin Admin]: Failed to retrieve data [IP: ::ffff:127.0.0.1]
2026-01-08 05:06:46 PM [error-Admin Admin]: Workflow tree retrieval failed: invalid input syntax for type uuid: "Pra" [IP: ::ffff:127.0.0.1]
2026-01-08 05:06:46 PM [info-Admin Admin]: Failed to retrieve data [IP: ::ffff:127.0.0.1]
2026-01-08 05:06:46 PM [error-Admin Admin]: Workflow tree retrieval failed: invalid input syntax for type uuid: "Pras" [IP: ::ffff:127.0.0.1]
2026-01-08 05:06:46 PM [info-Admin Admin]: Failed to retrieve data [IP: ::ffff:127.0.0.1]
2026-01-08 05:06:46 PM [error-Admin Admin]: Workflow tree retrieval failed: invalid input syntax for type uuid: "Prash" [IP: ::ffff:127.0.0.1]
2026-01-08 05:06:46 PM [info-Admin Admin]: Failed to retrieve data [IP: ::ffff:127.0.0.1]
2026-01-08 05:06:46 PM [error-Admin Admin]: Workflow tree retrieval failed: invalid input syntax for type uuid: "Prasha" [IP: ::ffff:127.0.0.1]
2026-01-08 05:06:46 PM [info-Admin Admin]: Failed to retrieve data [IP: ::ffff:127.0.0.1]
2026-01-08 05:06:47 PM [error-Admin Admin]: Workflow tree retrieval failed: invalid input syntax for type uuid: "Prasha" [IP: ::ffff:127.0.0.1]
2026-01-08 05:06:47 PM [info-Admin Admin]: Failed to retrieve data [IP: ::ffff:127.0.0.1]
2026-01-08 05:06:48 PM [info-Admin Admin]: Workflow tree list retrieved successfully [IP: ::ffff:127.0.0.1]
2026-01-08 05:06:50 PM [info-Admin Admin]: Data retrieved successfully [IP: ::ffff:127.0.0.1]
2026-01-08 05:07:31 PM [info-Admin Admin]: Workflow relation added successfully with ID: a459c586-a255-4994-adf0-313feff2ee8a -> 3b91073f-615f-4b4b-a7a7-46642e7fe872 [IP: ::ffff:127.0.0.1]
2026-01-08 05:07:31 PM [info-Admin Admin]: Record created successfully [IP: ::ffff:127.0.0.1]
2026-01-08 05:07:31 PM [info-Admin Admin]: Workflow tree list retrieved successfully [IP: ::ffff:127.0.0.1]
2026-01-08 05:07:31 PM [info-Admin Admin]: Data retrieved successfully [IP: ::ffff:127.0.0.1]
2026-01-08 05:08:21 PM [info-Admin Admin]: Workflow relation added successfully with ID: a459c586-a255-4994-adf0-313feff2ee8a -> c2174de1-5df3-4089-93d9-6de1a4a92cc4 [IP: ::ffff:127.0.0.1]
2026-01-08 05:08:21 PM [info-Admin Admin]: Record created successfully [IP: ::ffff:127.0.0.1]
2026-01-08 05:08:21 PM [info-Admin Admin]: Workflow tree list retrieved successfully [IP: ::ffff:127.0.0.1]
2026-01-08 05:08:21 PM [info-Admin Admin]: Data retrieved successfully [IP: ::ffff:127.0.0.1]
2026-01-08 05:10:27 PM [info-Admin Admin]: Workflow relation added successfully with ID: a459c586-a255-4994-adf0-313feff2ee8a -> c4e181f5-d728-49b2-af54-192f518eb855 [IP: ::ffff:127.0.0.1]
2026-01-08 05:10:27 PM [info-Admin Admin]: Record created successfully [IP: ::ffff:127.0.0.1]
2026-01-08 05:10:28 PM [info-Admin Admin]: Workflow tree list retrieved successfully [IP: ::ffff:127.0.0.1]
2026-01-08 05:10:28 PM [info-Admin Admin]: Data retrieved successfully [IP: ::ffff:127.0.0.1]
2026-01-08 05:10:54 PM [info-Admin Admin]: Workflow relation added successfully with ID: a459c586-a255-4994-adf0-313feff2ee8a -> 7ec212e8-2cd0-4177-8128-4c7c664ca03d [IP: ::ffff:127.0.0.1]
2026-01-08 05:10:54 PM [info-Admin Admin]: Record created successfully [IP: ::ffff:127.0.0.1]
2026-01-08 05:10:54 PM [info-Admin Admin]: Workflow tree list retrieved successfully [IP: ::ffff:127.0.0.1]
2026-01-08 05:10:55 PM [info-Admin Admin]: Data retrieved successfully [IP: ::ffff:127.0.0.1]
2026-01-08 05:12:17 PM [info-Admin Admin]: Workflow relation added successfully with ID: 3b91073f-615f-4b4b-a7a7-46642e7fe872 -> 18824b25-df3d-4c85-87dd-006af0f98af4 [IP: ::ffff:127.0.0.1]
2026-01-08 05:12:17 PM [info-Admin Admin]: Record created successfully [IP: ::ffff:127.0.0.1]
2026-01-08 05:12:17 PM [info-Admin Admin]: Workflow tree list retrieved successfully [IP: ::ffff:127.0.0.1]
2026-01-08 05:12:17 PM [info-Admin Admin]: Data retrieved successfully [IP: ::ffff:127.0.0.1]
2026-01-08 05:13:11 PM [info-Admin Admin]: Failed to create record [IP: ::ffff:127.0.0.1]
2026-01-08 05:13:22 PM [info-Admin Admin]: Workflow relation added successfully with ID: c4e181f5-d728-49b2-af54-192f518eb855 -> f283cddc-9cc2-4dcc-a6f5-b4ba09c8e32a [IP: ::ffff:127.0.0.1]
2026-01-08 05:13:22 PM [info-Admin Admin]: Record created successfully [IP: ::ffff:127.0.0.1]
2026-01-08 05:13:22 PM [info-Admin Admin]: Workflow tree list retrieved successfully [IP: ::ffff:127.0.0.1]
2026-01-08 05:13:22 PM [info-Admin Admin]: Data retrieved successfully [IP: ::ffff:127.0.0.1]
2026-01-08 05:13:47 PM [info-Admin Admin]: Workflow branch updated successfully with ID: c2174de1-5df3-4089-93d9-6de1a4a92cc4 [IP: ::ffff:127.0.0.1]
2026-01-08 05:13:47 PM [info-Admin Admin]: Record updated successfully [IP: ::ffff:127.0.0.1]
2026-01-08 05:13:47 PM [info-Admin Admin]: Workflow tree list retrieved successfully [IP: ::ffff:127.0.0.1]
2026-01-08 05:13:47 PM [info-Admin Admin]: Data retrieved successfully [IP: ::ffff:127.0.0.1]
2026-01-08 05:13:54 PM [info-Admin Admin]: Employee (partial) list retrieved successfully [IP: ::ffff:127.0.0.1]
2026-01-08 05:13:54 PM [info-Admin Admin]: Data retrieved successfully [IP: ::ffff:127.0.0.1]
2026-01-08 05:13:57 PM [error-Admin Admin]: Workflow tree retrieval failed: invalid input syntax for type uuid: "P" [IP: ::ffff:127.0.0.1]
2026-01-08 05:13:57 PM [info-Admin Admin]: Failed to retrieve data [IP: ::ffff:127.0.0.1]
2026-01-08 05:13:57 PM [error-Admin Admin]: Workflow tree retrieval failed: invalid input syntax for type uuid: "Pr" [IP: ::ffff:127.0.0.1]
2026-01-08 05:13:57 PM [info-Admin Admin]: Failed to retrieve data [IP: ::ffff:127.0.0.1]
2026-01-08 05:14:02 PM [error-Admin Admin]: Workflow tree retrieval failed: invalid input syntax for type uuid: "P" [IP: ::ffff:127.0.0.1]
2026-01-08 05:14:02 PM [info-Admin Admin]: Failed to retrieve data [IP: ::ffff:127.0.0.1]
2026-01-08 05:14:02 PM [error-Admin Admin]: Workflow tree retrieval failed: invalid input syntax for type uuid: "Pr" [IP: ::ffff:127.0.0.1]
2026-01-08 05:14:02 PM [info-Admin Admin]: Failed to retrieve data [IP: ::ffff:127.0.0.1]
2026-01-08 05:14:03 PM [error-Admin Admin]: Workflow tree retrieval failed: invalid input syntax for type uuid: "Pra" [IP: ::ffff:127.0.0.1]
2026-01-08 05:14:03 PM [info-Admin Admin]: Failed to retrieve data [IP: ::ffff:127.0.0.1]
2026-01-08 05:14:03 PM [error-Admin Admin]: Workflow tree retrieval failed: invalid input syntax for type uuid: "Prah" [IP: ::ffff:127.0.0.1]
2026-01-08 05:14:03 PM [info-Admin Admin]: Failed to retrieve data [IP: ::ffff:127.0.0.1]
2026-01-08 05:14:03 PM [error-Admin Admin]: Workflow tree retrieval failed: invalid input syntax for type uuid: "Prahs" [IP: ::ffff:127.0.0.1]
2026-01-08 05:14:03 PM [info-Admin Admin]: Failed to retrieve data [IP: ::ffff:127.0.0.1]
2026-01-08 05:14:03 PM [error-Admin Admin]: Workflow tree retrieval failed: invalid input syntax for type uuid: "Prahsn" [IP: ::ffff:127.0.0.1]
2026-01-08 05:14:03 PM [info-Admin Admin]: Failed to retrieve data [IP: ::ffff:127.0.0.1]
2026-01-08 05:14:03 PM [error-Admin Admin]: Workflow tree retrieval failed: invalid input syntax for type uuid: "Prahsna" [IP: ::ffff:127.0.0.1]
2026-01-08 05:14:03 PM [info-Admin Admin]: Failed to retrieve data [IP: ::ffff:127.0.0.1]
2026-01-08 05:14:04 PM [error-Admin Admin]: Workflow tree retrieval failed: invalid input syntax for type uuid: "Prahsn" [IP: ::ffff:127.0.0.1]
2026-01-08 05:14:04 PM [info-Admin Admin]: Failed to retrieve data [IP: ::ffff:127.0.0.1]
2026-01-08 05:14:04 PM [error-Admin Admin]: Workflow tree retrieval failed: invalid input syntax for type uuid: "Prahs" [IP: ::ffff:127.0.0.1]
2026-01-08 05:14:04 PM [info-Admin Admin]: Failed to retrieve data [IP: ::ffff:127.0.0.1]
2026-01-08 05:14:04 PM [error-Admin Admin]: Workflow tree retrieval failed: invalid input syntax for type uuid: "Prah" [IP: ::ffff:127.0.0.1]
2026-01-08 05:14:04 PM [info-Admin Admin]: Failed to retrieve data [IP: ::ffff:127.0.0.1]
2026-01-08 05:14:04 PM [error-Admin Admin]: Workflow tree retrieval failed: invalid input syntax for type uuid: "Pra" [IP: ::ffff:127.0.0.1]
2026-01-08 05:14:04 PM [info-Admin Admin]: Failed to retrieve data [IP: ::ffff:127.0.0.1]
2026-01-08 05:14:04 PM [error-Admin Admin]: Workflow tree retrieval failed: invalid input syntax for type uuid: "Pras" [IP: ::ffff:127.0.0.1]
2026-01-08 05:14:04 PM [info-Admin Admin]: Failed to retrieve data [IP: ::ffff:127.0.0.1]
2026-01-08 05:14:04 PM [error-Admin Admin]: Workflow tree retrieval failed: invalid input syntax for type uuid: "Prash" [IP: ::ffff:127.0.0.1]
2026-01-08 05:14:04 PM [info-Admin Admin]: Failed to retrieve data [IP: ::ffff:127.0.0.1]
2026-01-08 05:14:05 PM [error-Admin Admin]: Workflow tree retrieval failed: invalid input syntax for type uuid: "Prasha" [IP: ::ffff:127.0.0.1]
2026-01-08 05:14:05 PM [info-Admin Admin]: Failed to retrieve data [IP: ::ffff:127.0.0.1]
2026-01-08 05:14:06 PM [error-Admin Admin]: Workflow tree retrieval failed: invalid input syntax for type uuid: "Prasha" [IP: ::ffff:127.0.0.1]
2026-01-08 05:14:06 PM [info-Admin Admin]: Failed to retrieve data [IP: ::ffff:127.0.0.1]
2026-01-08 05:14:06 PM [info-Admin Admin]: Workflow tree list retrieved successfully [IP: ::ffff:127.0.0.1]
2026-01-08 05:14:06 PM [info-Admin Admin]: Data retrieved successfully [IP: ::ffff:127.0.0.1]
2026-01-08 05:34:05 PM [info-Admin Admin]: Employee (partial) list retrieved successfully [IP: ::ffff:127.0.0.1]
2026-01-08 05:34:05 PM [info-Admin Admin]: Data retrieved successfully [IP: ::ffff:127.0.0.1]
2026-01-08 05:34:11 PM [error-Admin Admin]: Workflow tree retrieval failed: invalid input syntax for type uuid: "s" [IP: ::ffff:127.0.0.1]
2026-01-08 05:34:11 PM [info-Admin Admin]: Failed to retrieve data [IP: ::ffff:127.0.0.1]
2026-01-08 05:34:11 PM [error-Admin Admin]: Workflow tree retrieval failed: invalid input syntax for type uuid: "su" [IP: ::ffff:127.0.0.1]
2026-01-08 05:34:11 PM [info-Admin Admin]: Failed to retrieve data [IP: ::ffff:127.0.0.1]
2026-01-08 05:34:11 PM [error-Admin Admin]: Workflow tree retrieval failed: invalid input syntax for type uuid: "sud" [IP: ::ffff:127.0.0.1]
2026-01-08 05:34:11 PM [info-Admin Admin]: Failed to retrieve data [IP: ::ffff:127.0.0.1]
2026-01-08 05:34:11 PM [error-Admin Admin]: Workflow tree retrieval failed: invalid input syntax for type uuid: "sudh" [IP: ::ffff:127.0.0.1]
2026-01-08 05:34:11 PM [info-Admin Admin]: Failed to retrieve data [IP: ::ffff:127.0.0.1]
2026-01-08 05:34:11 PM [error-Admin Admin]: Workflow tree retrieval failed: invalid input syntax for type uuid: "sudha" [IP: ::ffff:127.0.0.1]
2026-01-08 05:34:11 PM [info-Admin Admin]: Failed to retrieve data [IP: ::ffff:127.0.0.1]
2026-01-08 05:34:12 PM [error-Admin Admin]: Workflow tree retrieval failed: invalid input syntax for type uuid: "sudha" [IP: ::ffff:127.0.0.1]
2026-01-08 05:34:12 PM [info-Admin Admin]: Failed to retrieve data [IP: ::ffff:127.0.0.1]
2026-01-08 05:34:13 PM [info-Admin Admin]: Workflow tree list retrieved successfully [IP: ::ffff:127.0.0.1]
2026-01-08 05:34:14 PM [info-Admin Admin]: Data retrieved successfully [IP: ::ffff:127.0.0.1]
2026-01-08 05:34:19 PM [error-Admin Admin]: Workflow tree retrieval failed: invalid input syntax for type uuid: "A" [IP: ::ffff:127.0.0.1]
2026-01-08 05:34:19 PM [info-Admin Admin]: Failed to retrieve data [IP: ::ffff:127.0.0.1]
2026-01-08 05:34:19 PM [error-Admin Admin]: Workflow tree retrieval failed: invalid input syntax for type uuid: "As" [IP: ::ffff:127.0.0.1]
2026-01-08 05:34:19 PM [info-Admin Admin]: Failed to retrieve data [IP: ::ffff:127.0.0.1]
2026-01-08 05:34:19 PM [error-Admin Admin]: Workflow tree retrieval failed: invalid input syntax for type uuid: "Ash" [IP: ::ffff:127.0.0.1]
2026-01-08 05:34:19 PM [info-Admin Admin]: Failed to retrieve data [IP: ::ffff:127.0.0.1]
2026-01-08 05:34:19 PM [error-Admin Admin]: Workflow tree retrieval failed: invalid input syntax for type uuid: "Asho" [IP: ::ffff:127.0.0.1]
2026-01-08 05:34:19 PM [info-Admin Admin]: Failed to retrieve data [IP: ::ffff:127.0.0.1]
2026-01-08 05:34:20 PM [error-Admin Admin]: Workflow tree retrieval failed: invalid input syntax for type uuid: "Ashok" [IP: ::ffff:127.0.0.1]
2026-01-08 05:34:20 PM [info-Admin Admin]: Failed to retrieve data [IP: ::ffff:127.0.0.1]
2026-01-08 05:34:21 PM [error-Admin Admin]: Workflow tree retrieval failed: invalid input syntax for type uuid: "Ashok" [IP: ::ffff:127.0.0.1]
2026-01-08 05:34:21 PM [info-Admin Admin]: Failed to retrieve data [IP: ::ffff:127.0.0.1]
2026-01-08 05:34:21 PM [info-Admin Admin]: Workflow tree list retrieved successfully [IP: ::ffff:127.0.0.1]
2026-01-08 05:34:21 PM [info-Admin Admin]: Data retrieved successfully [IP: ::ffff:127.0.0.1]
2026-01-08 05:34:28 PM [info-Admin Admin]: Workflow tree list retrieved successfully [IP: ::ffff:127.0.0.1]
2026-01-08 05:34:29 PM [info-Admin Admin]: Data retrieved successfully [IP: ::ffff:127.0.0.1]
2026-01-08 05:34:50 PM [error-Admin Admin]: Workflow tree retrieval failed: invalid input syntax for type uuid: "S" [IP: ::ffff:127.0.0.1]
2026-01-08 05:34:50 PM [info-Admin Admin]: Failed to retrieve data [IP: ::ffff:127.0.0.1]
2026-01-08 05:34:50 PM [error-Admin Admin]: Workflow tree retrieval failed: invalid input syntax for type uuid: "Su" [IP: ::ffff:127.0.0.1]
2026-01-08 05:34:50 PM [info-Admin Admin]: Failed to retrieve data [IP: ::ffff:127.0.0.1]
2026-01-08 05:34:50 PM [error-Admin Admin]: Workflow tree retrieval failed: invalid input syntax for type uuid: "Sud" [IP: ::ffff:127.0.0.1]
2026-01-08 05:34:50 PM [info-Admin Admin]: Failed to retrieve data [IP: ::ffff:127.0.0.1]
2026-01-08 05:34:50 PM [error-Admin Admin]: Workflow tree retrieval failed: invalid input syntax for type uuid: "Sudh" [IP: ::ffff:127.0.0.1]
2026-01-08 05:34:50 PM [info-Admin Admin]: Failed to retrieve data [IP: ::ffff:127.0.0.1]
2026-01-08 05:34:50 PM [error-Admin Admin]: Workflow tree retrieval failed: invalid input syntax for type uuid: "Sudha" [IP: ::ffff:127.0.0.1]
2026-01-08 05:34:50 PM [info-Admin Admin]: Failed to retrieve data [IP: ::ffff:127.0.0.1]
2026-01-08 05:34:50 PM [error-Admin Admin]: Workflow tree retrieval failed: invalid input syntax for type uuid: "Sudhan" [IP: ::ffff:127.0.0.1]
2026-01-08 05:34:50 PM [info-Admin Admin]: Failed to retrieve data [IP: ::ffff:127.0.0.1]
2026-01-08 05:34:52 PM [error-Admin Admin]: Workflow tree retrieval failed: invalid input syntax for type uuid: "Sudhan" [IP: ::ffff:127.0.0.1]
2026-01-08 05:34:52 PM [info-Admin Admin]: Failed to retrieve data [IP: ::ffff:127.0.0.1]
2026-01-08 05:34:52 PM [info-Admin Admin]: Workflow tree list retrieved successfully [IP: ::ffff:127.0.0.1]
2026-01-08 05:34:54 PM [info-Admin Admin]: Data retrieved successfully [IP: ::ffff:127.0.0.1]
2026-01-08 05:37:05 PM [info-Admin Admin]: Employee (partial) list retrieved successfully [IP: ::ffff:127.0.0.1]
2026-01-08 05:37:05 PM [info-Admin Admin]: Data retrieved successfully [IP: ::ffff:127.0.0.1]
2026-01-08 05:37:09 PM [error-Admin Admin]: Workflow tree retrieval failed: invalid input syntax for type uuid: "s" [IP: ::ffff:127.0.0.1]
2026-01-08 05:37:09 PM [info-Admin Admin]: Failed to retrieve data [IP: ::ffff:127.0.0.1]
2026-01-08 05:37:09 PM [error-Admin Admin]: Workflow tree retrieval failed: invalid input syntax for type uuid: "su" [IP: ::ffff:127.0.0.1]
2026-01-08 05:37:09 PM [info-Admin Admin]: Failed to retrieve data [IP: ::ffff:127.0.0.1]
2026-01-08 05:37:09 PM [error-Admin Admin]: Workflow tree retrieval failed: invalid input syntax for type uuid: "sud" [IP: ::ffff:127.0.0.1]
2026-01-08 05:37:09 PM [info-Admin Admin]: Failed to retrieve data [IP: ::ffff:127.0.0.1]
2026-01-08 05:37:09 PM [error-Admin Admin]: Workflow tree retrieval failed: invalid input syntax for type uuid: "sudh" [IP: ::ffff:127.0.0.1]
2026-01-08 05:37:09 PM [info-Admin Admin]: Failed to retrieve data [IP: ::ffff:127.0.0.1]
2026-01-08 05:37:09 PM [error-Admin Admin]: Workflow tree retrieval failed: invalid input syntax for type uuid: "sudha" [IP: ::ffff:127.0.0.1]
2026-01-08 05:37:09 PM [info-Admin Admin]: Failed to retrieve data [IP: ::ffff:127.0.0.1]
2026-01-08 05:37:10 PM [error-Admin Admin]: Workflow tree retrieval failed: invalid input syntax for type uuid: "sudhan" [IP: ::ffff:127.0.0.1]
2026-01-08 05:37:10 PM [info-Admin Admin]: Failed to retrieve data [IP: ::ffff:127.0.0.1]
2026-01-08 05:37:10 PM [error-Admin Admin]: Workflow tree retrieval failed: invalid input syntax for type uuid: "sudha" [IP: ::ffff:127.0.0.1]
2026-01-08 05:37:10 PM [info-Admin Admin]: Failed to retrieve data [IP: ::ffff:127.0.0.1]
2026-01-08 05:37:11 PM [error-Admin Admin]: Workflow tree retrieval failed: invalid input syntax for type uuid: "sudh" [IP: ::ffff:127.0.0.1]
2026-01-08 05:37:11 PM [info-Admin Admin]: Failed to retrieve data [IP: ::ffff:127.0.0.1]
2026-01-08 05:37:11 PM [error-Admin Admin]: Workflow tree retrieval failed: invalid input syntax for type uuid: "sud" [IP: ::ffff:127.0.0.1]
2026-01-08 05:37:11 PM [info-Admin Admin]: Failed to retrieve data [IP: ::ffff:127.0.0.1]
2026-01-08 05:37:11 PM [error-Admin Admin]: Workflow tree retrieval failed: invalid input syntax for type uuid: "su" [IP: ::ffff:127.0.0.1]
2026-01-08 05:37:11 PM [info-Admin Admin]: Failed to retrieve data [IP: ::ffff:127.0.0.1]
2026-01-08 05:37:11 PM [error-Admin Admin]: Workflow tree retrieval failed: invalid input syntax for type uuid: "s" [IP: ::ffff:127.0.0.1]
2026-01-08 05:37:11 PM [info-Admin Admin]: Failed to retrieve data [IP: ::ffff:127.0.0.1]
2026-01-08 05:37:12 PM [error-Admin Admin]: Workflow tree retrieval failed: invalid input syntax for type uuid: "a" [IP: ::ffff:127.0.0.1]
2026-01-08 05:37:12 PM [info-Admin Admin]: Failed to retrieve data [IP: ::ffff:127.0.0.1]
2026-01-08 05:37:12 PM [error-Admin Admin]: Workflow tree retrieval failed: invalid input syntax for type uuid: "as" [IP: ::ffff:127.0.0.1]
2026-01-08 05:37:12 PM [info-Admin Admin]: Failed to retrieve data [IP: ::ffff:127.0.0.1]
2026-01-08 05:37:12 PM [error-Admin Admin]: Workflow tree retrieval failed: invalid input syntax for type uuid: "ash" [IP: ::ffff:127.0.0.1]
2026-01-08 05:37:12 PM [info-Admin Admin]: Failed to retrieve data [IP: ::ffff:127.0.0.1]
2026-01-08 05:37:12 PM [error-Admin Admin]: Workflow tree retrieval failed: invalid input syntax for type uuid: "asho" [IP: ::ffff:127.0.0.1]
2026-01-08 05:37:12 PM [info-Admin Admin]: Failed to retrieve data [IP: ::ffff:127.0.0.1]
2026-01-08 05:37:12 PM [error-Admin Admin]: Workflow tree retrieval failed: invalid input syntax for type uuid: "ashok" [IP: ::ffff:127.0.0.1]
2026-01-08 05:37:12 PM [info-Admin Admin]: Failed to retrieve data [IP: ::ffff:127.0.0.1]
2026-01-08 05:37:13 PM [error-Admin Admin]: Workflow tree retrieval failed: invalid input syntax for type uuid: "ashok" [IP: ::ffff:127.0.0.1]
2026-01-08 05:37:13 PM [info-Admin Admin]: Failed to retrieve data [IP: ::ffff:127.0.0.1]
2026-01-08 05:37:14 PM [info-Admin Admin]: Workflow tree list retrieved successfully [IP: ::ffff:127.0.0.1]
2026-01-08 05:37:16 PM [info-Admin Admin]: Data retrieved successfully [IP: ::ffff:127.0.0.1]
2026-01-08 05:42:37 PM [info-Admin Admin]: Employee (partial) list retrieved successfully [IP: ::ffff:127.0.0.1]
2026-01-08 05:42:37 PM [info-Admin Admin]: Data retrieved successfully [IP: ::ffff:127.0.0.1]
2026-01-08 05:42:46 PM [info-Admin Admin]: Employee (partial) list retrieved successfully [IP: ::ffff:127.0.0.1]
2026-01-08 05:42:46 PM [info-Admin Admin]: Data retrieved successfully [IP: ::ffff:127.0.0.1]
2026-01-08 05:44:12 PM [info-Admin Admin]: Bulk workflow relations added successfully with ID: 4 relations [IP: ::ffff:127.0.0.1]
2026-01-08 05:44:12 PM [info-Admin Admin]: Record created successfully [IP: ::ffff:127.0.0.1]
2026-01-08 05:44:15 PM [info-Admin Admin]: Employee (partial) list retrieved successfully [IP: ::ffff:127.0.0.1]
2026-01-08 05:44:15 PM [info-Admin Admin]: Data retrieved successfully [IP: ::ffff:127.0.0.1]
2026-01-08 05:44:20 PM [error-Admin Admin]: Workflow tree retrieval failed: invalid input syntax for type uuid: "p" [IP: ::ffff:127.0.0.1]
2026-01-08 05:44:20 PM [info-Admin Admin]: Failed to retrieve data [IP: ::ffff:127.0.0.1]
2026-01-08 05:44:20 PM [error-Admin Admin]: Workflow tree retrieval failed: invalid input syntax for type uuid: "pr" [IP: ::ffff:127.0.0.1]
2026-01-08 05:44:20 PM [info-Admin Admin]: Failed to retrieve data [IP: ::ffff:127.0.0.1]
2026-01-08 05:44:21 PM [error-Admin Admin]: Workflow tree retrieval failed: invalid input syntax for type uuid: "pra" [IP: ::ffff:127.0.0.1]
2026-01-08 05:44:21 PM [info-Admin Admin]: Failed to retrieve data [IP: ::ffff:127.0.0.1]
2026-01-08 05:44:21 PM [error-Admin Admin]: Workflow tree retrieval failed: invalid input syntax for type uuid: "pras" [IP: ::ffff:127.0.0.1]
2026-01-08 05:44:21 PM [info-Admin Admin]: Failed to retrieve data [IP: ::ffff:127.0.0.1]
2026-01-08 05:44:21 PM [error-Admin Admin]: Workflow tree retrieval failed: invalid input syntax for type uuid: "prash" [IP: ::ffff:127.0.0.1]
2026-01-08 05:44:21 PM [info-Admin Admin]: Failed to retrieve data [IP: ::ffff:127.0.0.1]
2026-01-08 05:44:22 PM [error-Admin Admin]: Workflow tree retrieval failed: invalid input syntax for type uuid: "prash" [IP: ::ffff:127.0.0.1]
2026-01-08 05:44:22 PM [info-Admin Admin]: Failed to retrieve data [IP: ::ffff:127.0.0.1]
2026-01-08 05:44:23 PM [info-Admin Admin]: Workflow tree list retrieved successfully [IP: ::ffff:127.0.0.1]
2026-01-08 05:44:25 PM [info-Admin Admin]: Data retrieved successfully [IP: ::ffff:127.0.0.1]
2026-01-08 05:44:41 PM [info-Admin Admin]: Workflow relation added successfully with ID: a459c586-a255-4994-adf0-313feff2ee8a -> 18824b25-df3d-4c85-87dd-006af0f98af4 [IP: ::ffff:127.0.0.1]
2026-01-08 05:44:41 PM [info-Admin Admin]: Record created successfully [IP: ::ffff:127.0.0.1]
2026-01-08 05:44:41 PM [info-Admin Admin]: Workflow tree list retrieved successfully [IP: ::ffff:127.0.0.1]
2026-01-08 05:44:41 PM [info-Admin Admin]: Data retrieved successfully [IP: ::ffff:127.0.0.1]
2026-01-08 05:45:52 PM [info-Admin Admin]: Workflow relation added successfully with ID: c4e181f5-d728-49b2-af54-192f518eb855 -> e37d915d-6f26-4bc2-81fe-2e655421b426 [IP: ::ffff:127.0.0.1]
2026-01-08 05:45:53 PM [info-Admin Admin]: Record created successfully [IP: ::ffff:127.0.0.1]
2026-01-08 05:45:53 PM [info-Admin Admin]: Workflow tree list retrieved successfully [IP: ::ffff:127.0.0.1]
2026-01-08 05:45:53 PM [info-Admin Admin]: Data retrieved successfully [IP: ::ffff:127.0.0.1]
2026-01-08 05:46:29 PM [info-Admin Admin]: Workflow relation added successfully with ID: c4e181f5-d728-49b2-af54-192f518eb855 -> 2fbf7e50-33cc-4590-bfc1-f7a8e8fae187 [IP: ::ffff:127.0.0.1]
2026-01-08 05:46:30 PM [info-Admin Admin]: Record created successfully [IP: ::ffff:127.0.0.1]
2026-01-08 05:46:30 PM [info-Admin Admin]: Workflow tree list retrieved successfully [IP: ::ffff:127.0.0.1]
2026-01-08 05:46:32 PM [info-Admin Admin]: Data retrieved successfully [IP: ::ffff:127.0.0.1]
2026-01-08 05:46:53 PM [info-Admin Admin]: Workflow branch updated successfully with ID: c4e181f5-d728-49b2-af54-192f518eb855 [IP: ::ffff:127.0.0.1]
2026-01-08 05:46:54 PM [info-Admin Admin]: Record updated successfully [IP: ::ffff:127.0.0.1]
2026-01-08 05:46:54 PM [info-Admin Admin]: Workflow tree list retrieved successfully [IP: ::ffff:127.0.0.1]
2026-01-08 05:46:54 PM [info-Admin Admin]: Data retrieved successfully [IP: ::ffff:127.0.0.1]
2026-01-08 05:47:29 PM [info-Admin Admin]: Workflow relation added successfully with ID: 7ec212e8-2cd0-4177-8128-4c7c664ca03d -> e37d915d-6f26-4bc2-81fe-2e655421b426 [IP: ::ffff:127.0.0.1]
2026-01-08 05:47:29 PM [info-Admin Admin]: Record created successfully [IP: ::ffff:127.0.0.1]
2026-01-08 05:47:29 PM [info-Admin Admin]: Workflow tree list retrieved successfully [IP: ::ffff:127.0.0.1]
2026-01-08 05:47:31 PM [info-Admin Admin]: Data retrieved successfully [IP: ::ffff:127.0.0.1]
2026-01-08 05:48:20 PM [info-Admin Admin]: Workflow relation added successfully with ID: c2174de1-5df3-4089-93d9-6de1a4a92cc4 -> d64e0c56-bbbf-421a-9978-0ee48a7c531c [IP: ::ffff:127.0.0.1]
2026-01-08 05:48:21 PM [info-Admin Admin]: Record created successfully [IP: ::ffff:127.0.0.1]
2026-01-08 05:48:21 PM [info-Admin Admin]: Workflow tree list retrieved successfully [IP: ::ffff:127.0.0.1]
2026-01-08 05:48:21 PM [info-Admin Admin]: Data retrieved successfully [IP: ::ffff:127.0.0.1]
2026-01-08 05:49:01 PM [info-Admin Admin]: Workflow relation added successfully with ID: c2174de1-5df3-4089-93d9-6de1a4a92cc4 -> f283cddc-9cc2-4dcc-a6f5-b4ba09c8e32a [IP: ::ffff:127.0.0.1]
2026-01-08 05:49:02 PM [info-Admin Admin]: Record created successfully [IP: ::ffff:127.0.0.1]
2026-01-08 05:49:02 PM [info-Admin Admin]: Workflow tree list retrieved successfully [IP: ::ffff:127.0.0.1]
2026-01-08 05:49:02 PM [info-Admin Admin]: Data retrieved successfully [IP: ::ffff:127.0.0.1]
2026-01-08 05:49:21 PM [info-Admin Admin]: Workflow relation added successfully with ID: c2174de1-5df3-4089-93d9-6de1a4a92cc4 -> 06f08d45-b624-4cf5-bd5d-22b8c98b7296 [IP: ::ffff:127.0.0.1]
2026-01-08 05:49:21 PM [info-Admin Admin]: Record created successfully [IP: ::ffff:127.0.0.1]
2026-01-08 05:49:22 PM [info-Admin Admin]: Workflow tree list retrieved successfully [IP: ::ffff:127.0.0.1]
2026-01-08 05:49:22 PM [info-Admin Admin]: Data retrieved successfully [IP: ::ffff:127.0.0.1]
2026-01-08 05:49:46 PM [info-Admin Admin]: Workflow relation added successfully with ID: c2174de1-5df3-4089-93d9-6de1a4a92cc4 -> d35e2137-f0c2-4c4f-91ad-f614555e3141 [IP: ::ffff:127.0.0.1]
2026-01-08 05:49:46 PM [info-Admin Admin]: Record created successfully [IP: ::ffff:127.0.0.1]
2026-01-08 05:49:46 PM [info-Admin Admin]: Workflow tree list retrieved successfully [IP: ::ffff:127.0.0.1]
2026-01-08 05:49:46 PM [info-Admin Admin]: Data retrieved successfully [IP: ::ffff:127.0.0.1]
2026-01-08 05:50:10 PM [info-Admin Admin]: Workflow relation added successfully with ID: c2174de1-5df3-4089-93d9-6de1a4a92cc4 -> cf584919-7edf-4552-99e9-b8e1077404aa [IP: ::ffff:127.0.0.1]
2026-01-08 05:50:10 PM [info-Admin Admin]: Record created successfully [IP: ::ffff:127.0.0.1]
2026-01-08 05:50:10 PM [info-Admin Admin]: Workflow tree list retrieved successfully [IP: ::ffff:127.0.0.1]
2026-01-08 05:50:13 PM [info-Admin Admin]: Data retrieved successfully [IP: ::ffff:127.0.0.1]
2026-01-08 05:50:35 PM [info-Admin Admin]: Workflow relation added successfully with ID: c2174de1-5df3-4089-93d9-6de1a4a92cc4 -> 6c02fa39-535c-49cb-98d1-aaeae83546ec [IP: ::ffff:127.0.0.1]
2026-01-08 05:50:35 PM [info-Admin Admin]: Record created successfully [IP: ::ffff:127.0.0.1]
2026-01-08 05:50:35 PM [info-Admin Admin]: Workflow tree list retrieved successfully [IP: ::ffff:127.0.0.1]
2026-01-08 05:50:35 PM [info-Admin Admin]: Data retrieved successfully [IP: ::ffff:127.0.0.1]
2026-01-08 05:51:10 PM [info-Admin Admin]: Workflow relation added successfully with ID: c2174de1-5df3-4089-93d9-6de1a4a92cc4 -> bc70d5bd-659a-45a3-92df-7885add8cfb2 [IP: ::ffff:127.0.0.1]
2026-01-08 05:51:10 PM [info-Admin Admin]: Record created successfully [IP: ::ffff:127.0.0.1]
2026-01-08 05:51:10 PM [info-Admin Admin]: Workflow tree list retrieved successfully [IP: ::ffff:127.0.0.1]
2026-01-08 05:51:11 PM [info-Admin Admin]: Data retrieved successfully [IP: ::ffff:127.0.0.1]
2026-01-08 05:51:33 PM [info-Admin Admin]: Workflow relation added successfully with ID: c2174de1-5df3-4089-93d9-6de1a4a92cc4 -> eb4bda3a-2f62-43e9-9453-cdc556354736 [IP: ::ffff:127.0.0.1]
2026-01-08 05:51:33 PM [info-Admin Admin]: Record created successfully [IP: ::ffff:127.0.0.1]
2026-01-08 05:51:34 PM [info-Admin Admin]: Workflow tree list retrieved successfully [IP: ::ffff:127.0.0.1]
2026-01-08 05:51:36 PM [info-Admin Admin]: Data retrieved successfully [IP: ::ffff:127.0.0.1]
2026-01-08 05:52:07 PM [info-Admin Admin]: Workflow relation added successfully with ID: c2174de1-5df3-4089-93d9-6de1a4a92cc4 -> e2e86295-144d-438a-b20e-4c4bbfec05a2 [IP: ::ffff:127.0.0.1]
2026-01-08 05:52:08 PM [info-Admin Admin]: Record created successfully [IP: ::ffff:127.0.0.1]
2026-01-08 05:52:08 PM [info-Admin Admin]: Workflow tree list retrieved successfully [IP: ::ffff:127.0.0.1]
2026-01-08 05:52:08 PM [info-Admin Admin]: Data retrieved successfully [IP: ::ffff:127.0.0.1]
2026-01-08 05:53:04 PM [info-Admin Admin]: Workflow relation added successfully with ID: 3b91073f-615f-4b4b-a7a7-46642e7fe872 -> 18824b25-df3d-4c85-87dd-006af0f98af4 [IP: ::ffff:127.0.0.1]
2026-01-08 05:53:05 PM [info-Admin Admin]: Record created successfully [IP: ::ffff:127.0.0.1]
2026-01-08 05:53:05 PM [info-Admin Admin]: Workflow tree list retrieved successfully [IP: ::ffff:127.0.0.1]
2026-01-08 05:53:08 PM [info-Admin Admin]: Data retrieved successfully [IP: ::ffff:127.0.0.1]
2026-01-08 05:54:17 PM [info-Admin Admin]: Employee (partial) list retrieved successfully [IP: ::ffff:127.0.0.1]
2026-01-08 05:54:17 PM [info-Admin Admin]: Data retrieved successfully [IP: ::ffff:127.0.0.1]
2026-01-08 05:55:16 PM [info-Admin Admin]: Employee list retrieved successfully [IP: ::ffff:127.0.0.1]
2026-01-08 05:55:16 PM [info-Admin Admin]: Data retrieved successfully [IP: ::ffff:127.0.0.1]
2026-01-08 05:55:20 PM [info-Admin Admin]: Document Definitions data retrieved successfully [IP: ::ffff:127.0.0.1]
2026-01-08 05:55:20 PM [info-Admin Admin]: Office (Filter) list retrieved successfully [IP: ::ffff:127.0.0.1]
2026-01-08 05:55:22 PM [info-Admin Admin]: Company data retrieved successfully [IP: ::ffff:127.0.0.1]
2026-01-08 05:55:22 PM [info-Admin Admin]: Branch data retrieved successfully [IP: ::ffff:127.0.0.1]
2026-01-08 05:55:22 PM [info-Admin Admin]: Data retrieved successfully [IP: ::ffff:127.0.0.1]
2026-01-08 05:56:37 PM [info-System]: Failed to retrieve data [IP: ::ffff:127.0.0.1]
2026-01-08 05:56:38 PM [info-System]: Failed to retrieve data [IP: ::ffff:127.0.0.1]
2026-01-08 05:56:44 PM [info-System]: Data retrieved successfully [IP: ::ffff:127.0.0.1]
2026-01-08 05:59:17 PM [info-Admin Admin]: Employee created successfully with ID: 8846303c-d35c-4918-8ec7-a4cc03a97491 [IP: ::ffff:127.0.0.1]
2026-01-08 05:59:17 PM [info-Admin Admin]: Record created successfully [IP: ::ffff:127.0.0.1]
2026-01-08 05:59:19 PM [info-Admin Admin]: Employee list retrieved successfully [IP: ::ffff:127.0.0.1]
2026-01-08 05:59:20 PM [info-Admin Admin]: Data retrieved successfully [IP: ::ffff:127.0.0.1]
2026-01-08 05:59:22 PM [info-Admin Admin]: Document Definitions data retrieved successfully [IP: ::ffff:127.0.0.1]
2026-01-08 05:59:22 PM [info-Admin Admin]: Employee (for view) viewed successfully with ID: 8846303c-d35c-4918-8ec7-a4cc03a97491 [IP: ::ffff:127.0.0.1]
2026-01-08 05:59:22 PM [info-Admin Admin]: Data retrieved successfully [IP: ::ffff:127.0.0.1]
2026-01-08 05:59:26 PM [info-Admin Admin]: Employee status updated successfully with ID: 8846303c-d35c-4918-8ec7-a4cc03a97491 [IP: ::ffff:127.0.0.1]
2026-01-08 05:59:26 PM [info-Admin Admin]: Record updated successfully [IP: ::ffff:127.0.0.1]
2026-01-08 05:59:28 PM [info-Admin Admin]: Employee list retrieved successfully [IP: ::ffff:127.0.0.1]
2026-01-08 05:59:28 PM [info-Admin Admin]: Data retrieved successfully [IP: ::ffff:127.0.0.1]
2026-01-08 05:59:33 PM [info-Admin Admin]: Employee (partial) list retrieved successfully [IP: ::ffff:127.0.0.1]
2026-01-08 05:59:33 PM [info-Admin Admin]: Data retrieved successfully [IP: ::ffff:127.0.0.1]
2026-01-08 05:59:36 PM [info-Admin Admin]: Employee (partial) list retrieved successfully [IP: ::ffff:127.0.0.1]
2026-01-08 05:59:36 PM [info-Admin Admin]: Data retrieved successfully [IP: ::ffff:127.0.0.1]
2026-01-08 06:00:10 PM [info-Admin Admin]: Bulk workflow relations added successfully with ID: 2 relations [IP: ::ffff:127.0.0.1]
2026-01-08 06:00:11 PM [info-Admin Admin]: Record created successfully [IP: ::ffff:127.0.0.1]
2026-01-08 06:00:13 PM [info-Admin Admin]: Employee (partial) list retrieved successfully [IP: ::ffff:127.0.0.1]
2026-01-08 06:00:13 PM [info-Admin Admin]: Data retrieved successfully [IP: ::ffff:127.0.0.1]
2026-01-08 06:00:17 PM [error-Admin Admin]: Workflow tree retrieval failed: invalid input syntax for type uuid: "r" [IP: ::ffff:127.0.0.1]
2026-01-08 06:00:17 PM [info-Admin Admin]: Failed to retrieve data [IP: ::ffff:127.0.0.1]
2026-01-08 06:00:17 PM [error-Admin Admin]: Workflow tree retrieval failed: invalid input syntax for type uuid: "ra" [IP: ::ffff:127.0.0.1]
2026-01-08 06:00:17 PM [info-Admin Admin]: Failed to retrieve data [IP: ::ffff:127.0.0.1]
2026-01-08 06:00:17 PM [error-Admin Admin]: Workflow tree retrieval failed: invalid input syntax for type uuid: "rav" [IP: ::ffff:127.0.0.1]
2026-01-08 06:00:17 PM [info-Admin Admin]: Failed to retrieve data [IP: ::ffff:127.0.0.1]
2026-01-08 06:00:17 PM [error-Admin Admin]: Workflow tree retrieval failed: invalid input syntax for type uuid: "ravi" [IP: ::ffff:127.0.0.1]
2026-01-08 06:00:17 PM [info-Admin Admin]: Failed to retrieve data [IP: ::ffff:127.0.0.1]
2026-01-08 06:00:18 PM [error-Admin Admin]: Workflow tree retrieval failed: invalid input syntax for type uuid: "ravi" [IP: ::ffff:127.0.0.1]
2026-01-08 06:00:18 PM [info-Admin Admin]: Failed to retrieve data [IP: ::ffff:127.0.0.1]
2026-01-08 06:00:19 PM [info-Admin Admin]: Workflow tree list retrieved successfully [IP: ::ffff:127.0.0.1]
2026-01-08 06:00:21 PM [info-Admin Admin]: Data retrieved successfully [IP: ::ffff:127.0.0.1]
2026-01-08 06:00:45 PM [info-Admin Admin]: Workflow relation added successfully with ID: 3b91073f-615f-4b4b-a7a7-46642e7fe872 -> b9de0d16-9868-4240-b1d7-2e6c511d3a6c [IP: ::ffff:127.0.0.1]
2026-01-08 06:00:46 PM [info-Admin Admin]: Record created successfully [IP: ::ffff:127.0.0.1]
2026-01-08 06:00:46 PM [info-Admin Admin]: Workflow tree list retrieved successfully [IP: ::ffff:127.0.0.1]
2026-01-08 06:00:47 PM [info-Admin Admin]: Data retrieved successfully [IP: ::ffff:127.0.0.1]
2026-01-08 06:01:09 PM [info-Admin Admin]: Workflow relation added successfully with ID: 3b91073f-615f-4b4b-a7a7-46642e7fe872 -> ffe4b1bf-49ce-4547-afb8-00f6eb35ea6e [IP: ::ffff:127.0.0.1]
2026-01-08 06:01:09 PM [info-Admin Admin]: Record created successfully [IP: ::ffff:127.0.0.1]
2026-01-08 06:01:09 PM [info-Admin Admin]: Workflow tree list retrieved successfully [IP: ::ffff:127.0.0.1]
2026-01-08 06:01:12 PM [info-Admin Admin]: Data retrieved successfully [IP: ::ffff:127.0.0.1]
2026-01-09 12:19:54 PM [info-Admin Admin]: Employee (partial) list retrieved successfully [IP: ::ffff:127.0.0.1]
2026-01-09 12:19:54 PM [info-Admin Admin]: Data retrieved successfully [IP: ::ffff:127.0.0.1]
2026-01-09 12:19:54 PM [info-Admin Admin]: Data retrieved successfully [IP: ::ffff:127.0.0.1]
2026-01-09 12:19:54 PM [info-Admin Admin]: Farmers (filtered) list retrieved successfully [IP: ::ffff:127.0.0.1]
2026-01-09 12:19:54 PM [info-Admin Admin]: Data retrieved successfully [IP: ::ffff:127.0.0.1]
2026-01-09 12:19:54 PM [info-Admin Admin]: Data retrieved successfully [IP: ::ffff:127.0.0.1]
2026-01-09 12:19:54 PM [info-Admin Admin]: Data retrieved successfully [IP: ::ffff:127.0.0.1]
2026-01-09 12:19:54 PM [info-Admin Admin]: Data retrieved successfully [IP: ::ffff:127.0.0.1]
2026-01-09 12:19:54 PM [info-Admin Admin]: Data retrieved successfully [IP: ::ffff:127.0.0.1]
2026-01-09 12:19:54 PM [info-Admin Admin]: User counts report list retrieved successfully [IP: ::ffff:127.0.0.1]
2026-01-09 12:19:54 PM [info-Admin Admin]: Data retrieved successfully [IP: ::ffff:127.0.0.1]
2026-01-09 12:19:55 PM [info-Admin Admin]: Customer data retrieved successfully [IP: ::ffff:127.0.0.1]
2026-01-09 12:19:55 PM [info-Admin Admin]: Company data retrieved successfully [IP: ::ffff:127.0.0.1]
2026-01-09 12:19:55 PM [info-Admin Admin]: Branch data retrieved successfully [IP: ::ffff:127.0.0.1]
2026-01-09 12:20:02 PM [info-Admin Admin]: Employee (partial) list retrieved successfully [IP: ::ffff:127.0.0.1]
2026-01-09 12:20:02 PM [info-Admin Admin]: Data retrieved successfully [IP: ::ffff:127.0.0.1]
2026-01-09 12:20:18 PM [error-Admin Admin]: Workflow tree retrieval failed: invalid input syntax for type uuid: "pr" [IP: ::ffff:127.0.0.1]
2026-01-09 12:20:18 PM [info-Admin Admin]: Failed to retrieve data [IP: ::ffff:127.0.0.1]
2026-01-09 12:20:18 PM [error-Admin Admin]: Workflow tree retrieval failed: invalid input syntax for type uuid: "p" [IP: ::ffff:127.0.0.1]
2026-01-09 12:20:18 PM [info-Admin Admin]: Failed to retrieve data [IP: ::ffff:127.0.0.1]
2026-01-09 12:20:18 PM [error-Admin Admin]: Workflow tree retrieval failed: invalid input syntax for type uuid: "pras" [IP: ::ffff:127.0.0.1]
2026-01-09 12:20:18 PM [info-Admin Admin]: Failed to retrieve data [IP: ::ffff:127.0.0.1]
2026-01-09 12:20:18 PM [error-Admin Admin]: Workflow tree retrieval failed: invalid input syntax for type uuid: "pra" [IP: ::ffff:127.0.0.1]
2026-01-09 12:20:18 PM [info-Admin Admin]: Failed to retrieve data [IP: ::ffff:127.0.0.1]
2026-01-09 12:20:18 PM [error-Admin Admin]: Workflow tree retrieval failed: invalid input syntax for type uuid: "prash" [IP: ::ffff:127.0.0.1]
2026-01-09 12:20:18 PM [info-Admin Admin]: Failed to retrieve data [IP: ::ffff:127.0.0.1]
2026-01-09 12:20:18 PM [error-Admin Admin]: Workflow tree retrieval failed: invalid input syntax for type uuid: "prasha" [IP: ::ffff:127.0.0.1]
2026-01-09 12:20:18 PM [info-Admin Admin]: Failed to retrieve data [IP: ::ffff:127.0.0.1]
2026-01-09 12:20:18 PM [error-Admin Admin]: Workflow tree retrieval failed: invalid input syntax for type uuid: "prashan" [IP: ::ffff:127.0.0.1]
2026-01-09 12:20:18 PM [info-Admin Admin]: Failed to retrieve data [IP: ::ffff:127.0.0.1]
2026-01-09 12:20:20 PM [error-Admin Admin]: Workflow tree retrieval failed: invalid input syntax for type uuid: "prashan" [IP: ::ffff:127.0.0.1]
2026-01-09 12:20:20 PM [info-Admin Admin]: Failed to retrieve data [IP: ::ffff:127.0.0.1]
2026-01-09 12:20:25 PM [info-Admin Admin]: Workflow tree list retrieved successfully [IP: ::ffff:127.0.0.1]
2026-01-09 12:20:26 PM [info-Admin Admin]: Data retrieved successfully [IP: ::ffff:127.0.0.1]
2026-01-09 12:47:03 PM [info-Admin Admin]: Employee (partial) list retrieved successfully [IP: ::ffff:127.0.0.1]
2026-01-09 12:47:03 PM [info-Admin Admin]: Data retrieved successfully [IP: ::ffff:127.0.0.1]
2026-01-09 12:47:09 PM [error-Admin Admin]: Workflow tree retrieval failed: invalid input syntax for type uuid: "p" [IP: ::ffff:127.0.0.1]
2026-01-09 12:47:09 PM [info-Admin Admin]: Failed to retrieve data [IP: ::ffff:127.0.0.1]
2026-01-09 12:47:09 PM [error-Admin Admin]: Workflow tree retrieval failed: invalid input syntax for type uuid: "pr" [IP: ::ffff:127.0.0.1]
2026-01-09 12:47:09 PM [info-Admin Admin]: Failed to retrieve data [IP: ::ffff:127.0.0.1]
2026-01-09 12:47:09 PM [error-Admin Admin]: Workflow tree retrieval failed: invalid input syntax for type uuid: "pra" [IP: ::ffff:127.0.0.1]
2026-01-09 12:47:09 PM [info-Admin Admin]: Failed to retrieve data [IP: ::ffff:127.0.0.1]
2026-01-09 12:47:10 PM [error-Admin Admin]: Workflow tree retrieval failed: invalid input syntax for type uuid: "pras" [IP: ::ffff:127.0.0.1]
2026-01-09 12:47:10 PM [info-Admin Admin]: Failed to retrieve data [IP: ::ffff:127.0.0.1]
2026-01-09 12:47:10 PM [error-Admin Admin]: Workflow tree retrieval failed: invalid input syntax for type uuid: "prasn" [IP: ::ffff:127.0.0.1]
2026-01-09 12:47:10 PM [info-Admin Admin]: Failed to retrieve data [IP: ::ffff:127.0.0.1]
2026-01-09 12:47:10 PM [error-Admin Admin]: Workflow tree retrieval failed: invalid input syntax for type uuid: "pras" [IP: ::ffff:127.0.0.1]
2026-01-09 12:47:10 PM [info-Admin Admin]: Failed to retrieve data [IP: ::ffff:127.0.0.1]
2026-01-09 12:47:11 PM [error-Admin Admin]: Workflow tree retrieval failed: invalid input syntax for type uuid: "prash" [IP: ::ffff:127.0.0.1]
2026-01-09 12:47:11 PM [info-Admin Admin]: Failed to retrieve data [IP: ::ffff:127.0.0.1]
2026-01-09 12:47:12 PM [error-Admin Admin]: Workflow tree retrieval failed: invalid input syntax for type uuid: "prash" [IP: ::ffff:127.0.0.1]
2026-01-09 12:47:12 PM [info-Admin Admin]: Failed to retrieve data [IP: ::ffff:127.0.0.1]
2026-01-09 12:47:13 PM [info-Admin Admin]: Workflow tree list retrieved successfully [IP: ::ffff:127.0.0.1]
2026-01-09 12:47:13 PM [info-Admin Admin]: Data retrieved successfully [IP: ::ffff:127.0.0.1]
2026-01-09 12:48:38 PM [info-Admin Admin]: Employee (partial) list retrieved successfully [IP: ::ffff:127.0.0.1]
2026-01-09 12:48:38 PM [info-Admin Admin]: Data retrieved successfully [IP: ::ffff:127.0.0.1]
2026-01-09 01:00:36 PM [info-Admin Admin]: Employee (partial) list retrieved successfully [IP: ::ffff:127.0.0.1]
2026-01-09 01:00:36 PM [info-Admin Admin]: Data retrieved successfully [IP: ::ffff:127.0.0.1]
2026-01-09 01:04:26 PM [info-Admin Admin]: Employee (partial) list retrieved successfully [IP: ::ffff:127.0.0.1]
2026-01-09 01:04:26 PM [info-Admin Admin]: Data retrieved successfully [IP: ::ffff:127.0.0.1]
2026-01-09 01:11:04 PM [error-Admin Admin]: Workflow tree retrieval failed: invalid input syntax for type uuid: "p" [IP: ::ffff:127.0.0.1]
2026-01-09 01:11:04 PM [info-Admin Admin]: Failed to retrieve data [IP: ::ffff:127.0.0.1]
2026-01-09 01:11:04 PM [error-Admin Admin]: Workflow tree retrieval failed: invalid input syntax for type uuid: "pra" [IP: ::ffff:127.0.0.1]
2026-01-09 01:11:04 PM [info-Admin Admin]: Failed to retrieve data [IP: ::ffff:127.0.0.1]
2026-01-09 01:11:04 PM [error-Admin Admin]: Workflow tree retrieval failed: invalid input syntax for type uuid: "pr" [IP: ::ffff:127.0.0.1]
2026-01-09 01:11:04 PM [info-Admin Admin]: Failed to retrieve data [IP: ::ffff:127.0.0.1]
2026-01-09 01:11:04 PM [error-Admin Admin]: Workflow tree retrieval failed: invalid input syntax for type uuid: "prash" [IP: ::ffff:127.0.0.1]
2026-01-09 01:11:04 PM [info-Admin Admin]: Failed to retrieve data [IP: ::ffff:127.0.0.1]
2026-01-09 01:11:04 PM [error-Admin Admin]: Workflow tree retrieval failed: invalid input syntax for type uuid: "pras" [IP: ::ffff:127.0.0.1]
2026-01-09 01:11:04 PM [info-Admin Admin]: Failed to retrieve data [IP: ::ffff:127.0.0.1]
2026-01-09 01:11:04 PM [error-Admin Admin]: Workflow tree retrieval failed: invalid input syntax for type uuid: "prasha" [IP: ::ffff:127.0.0.1]
2026-01-09 01:11:04 PM [info-Admin Admin]: Failed to retrieve data [IP: ::ffff:127.0.0.1]
2026-01-09 01:11:05 PM [error-Admin Admin]: Workflow tree retrieval failed: invalid input syntax for type uuid: "prasha" [IP: ::ffff:127.0.0.1]
2026-01-09 01:11:05 PM [info-Admin Admin]: Failed to retrieve data [IP: ::ffff:127.0.0.1]
2026-01-09 01:11:05 PM [info-Admin Admin]: Workflow tree list retrieved successfully [IP: ::ffff:127.0.0.1]
2026-01-09 01:11:05 PM [info-Admin Admin]: Data retrieved successfully [IP: ::ffff:127.0.0.1]
2026-01-09 01:11:14 PM [info-Admin Admin]: Employee (partial) list retrieved successfully [IP: ::ffff:127.0.0.1]
2026-01-09 01:11:14 PM [info-Admin Admin]: Data retrieved successfully [IP: ::ffff:127.0.0.1]
2026-01-09 01:11:18 PM [error-Admin Admin]: Workflow tree retrieval failed: invalid input syntax for type uuid: "p" [IP: ::ffff:127.0.0.1]
2026-01-09 01:11:18 PM [info-Admin Admin]: Failed to retrieve data [IP: ::ffff:127.0.0.1]
2026-01-09 01:11:18 PM [error-Admin Admin]: Workflow tree retrieval failed: invalid input syntax for type uuid: "pr" [IP: ::ffff:127.0.0.1]
2026-01-09 01:11:18 PM [info-Admin Admin]: Failed to retrieve data [IP: ::ffff:127.0.0.1]
2026-01-09 01:11:19 PM [error-Admin Admin]: Workflow tree retrieval failed: invalid input syntax for type uuid: "pr" [IP: ::ffff:127.0.0.1]
2026-01-09 01:11:19 PM [info-Admin Admin]: Failed to retrieve data [IP: ::ffff:127.0.0.1]
2026-01-09 01:11:20 PM [info-Admin Admin]: Workflow tree list retrieved successfully [IP: ::ffff:127.0.0.1]
2026-01-09 01:11:20 PM [info-Admin Admin]: Data retrieved successfully [IP: ::ffff:127.0.0.1]
2026-01-09 02:35:53 PM [error-Admin Admin]: Workflow tree retrieval failed: invalid input value for enum workflow_hierarchy_department_enum: "null" [IP: ::ffff:127.0.0.1]
2026-01-09 02:35:53 PM [info-Admin Admin]: Failed to retrieve data [IP: ::ffff:127.0.0.1]
2026-01-09 02:35:54 PM [info-Admin Admin]: Workflow tree list retrieved successfully [IP: ::ffff:127.0.0.1]
2026-01-09 02:35:54 PM [info-Admin Admin]: Data retrieved successfully [IP: ::ffff:127.0.0.1]
2026-01-09 02:35:59 PM [error-Admin Admin]: Workflow tree retrieval failed: invalid input syntax for type uuid: "r" [IP: ::ffff:127.0.0.1]
2026-01-09 02:35:59 PM [info-Admin Admin]: Failed to retrieve data [IP: ::ffff:127.0.0.1]
2026-01-09 02:36:01 PM [error-Admin Admin]: Workflow tree retrieval failed: invalid input syntax for type uuid: "rom" [IP: ::ffff:127.0.0.1]
2026-01-09 02:36:01 PM [info-Admin Admin]: Failed to retrieve data [IP: ::ffff:127.0.0.1]
2026-01-09 02:36:01 PM [error-Admin Admin]: Workflow tree retrieval failed: invalid input syntax for type uuid: "ro" [IP: ::ffff:127.0.0.1]
2026-01-09 02:36:01 PM [info-Admin Admin]: Failed to retrieve data [IP: ::ffff:127.0.0.1]
2026-01-09 02:36:01 PM [error-Admin Admin]: Workflow tree retrieval failed: invalid input syntax for type uuid: "r" [IP: ::ffff:127.0.0.1]
2026-01-09 02:36:01 PM [info-Admin Admin]: Failed to retrieve data [IP: ::ffff:127.0.0.1]
2026-01-09 02:36:01 PM [error-Admin Admin]: Workflow tree retrieval failed: invalid input syntax for type uuid: "ra" [IP: ::ffff:127.0.0.1]
2026-01-09 02:36:01 PM [info-Admin Admin]: Failed to retrieve data [IP: ::ffff:127.0.0.1]
2026-01-09 02:36:01 PM [error-Admin Admin]: Workflow tree retrieval failed: invalid input syntax for type uuid: "rav" [IP: ::ffff:127.0.0.1]
2026-01-09 02:36:01 PM [info-Admin Admin]: Failed to retrieve data [IP: ::ffff:127.0.0.1]
2026-01-09 02:36:02 PM [error-Admin Admin]: Workflow tree retrieval failed: invalid input syntax for type uuid: "ravi" [IP: ::ffff:127.0.0.1]
2026-01-09 02:36:02 PM [info-Admin Admin]: Failed to retrieve data [IP: ::ffff:127.0.0.1]
2026-01-09 02:36:05 PM [info-Admin Admin]: Workflow tree list retrieved successfully [IP: ::ffff:127.0.0.1]
2026-01-09 02:36:05 PM [info-Admin Admin]: Data retrieved successfully [IP: ::ffff:127.0.0.1]
2026-01-09 02:43:10 PM [info-Admin Admin]: Workflow relation added successfully with ID: c4e181f5-d728-49b2-af54-192f518eb855 -> 7ec212e8-2cd0-4177-8128-4c7c664ca03d [IP: ::ffff:127.0.0.1]
2026-01-09 02:43:10 PM [info-Admin Admin]: Record created successfully [IP: ::ffff:127.0.0.1]
2026-01-09 02:43:13 PM [info-Admin Admin]: Workflow tree list retrieved successfully [IP: ::ffff:127.0.0.1]
2026-01-09 02:43:13 PM [info-Admin Admin]: Data retrieved successfully [IP: ::ffff:127.0.0.1]
2026-01-09 02:43:47 PM [info-Admin Admin]: Workflow relation added successfully with ID: c4e181f5-d728-49b2-af54-192f518eb855 -> c988e56f-704e-4003-a4d9-622c7b1b112b [IP: ::ffff:127.0.0.1]
2026-01-09 02:43:48 PM [info-Admin Admin]: Record created successfully [IP: ::ffff:127.0.0.1]
2026-01-09 02:43:48 PM [info-Admin Admin]: Workflow tree list retrieved successfully [IP: ::ffff:127.0.0.1]
2026-01-09 02:43:50 PM [info-Admin Admin]: Data retrieved successfully [IP: ::ffff:127.0.0.1]
2026-01-09 02:44:10 PM [info-Admin Admin]: Workflow relation added successfully with ID: c4e181f5-d728-49b2-af54-192f518eb855 -> ca87d4d6-bb2f-4702-94da-947240629068 [IP: ::ffff:127.0.0.1]
2026-01-09 02:44:10 PM [info-Admin Admin]: Record created successfully [IP: ::ffff:127.0.0.1]
2026-01-09 02:44:10 PM [info-Admin Admin]: Workflow tree list retrieved successfully [IP: ::ffff:127.0.0.1]
2026-01-09 02:44:12 PM [info-Admin Admin]: Data retrieved successfully [IP: ::ffff:127.0.0.1]
2026-01-09 02:50:47 PM [info-Admin Admin]: Employee (partial) list retrieved successfully [IP: ::ffff:127.0.0.1]
2026-01-09 02:50:47 PM [info-Admin Admin]: Data retrieved successfully [IP: ::ffff:127.0.0.1]
2026-01-09 02:50:47 PM [info-Admin Admin]: Workflow tree list retrieved successfully [IP: ::ffff:127.0.0.1]
2026-01-09 02:50:47 PM [info-Admin Admin]: Data retrieved successfully [IP: ::ffff:127.0.0.1]
2026-01-09 02:57:44 PM [info-Admin Admin]: Employee (partial) list retrieved successfully [IP: ::ffff:127.0.0.1]
2026-01-09 02:57:44 PM [info-Admin Admin]: Data retrieved successfully [IP: ::ffff:127.0.0.1]
2026-01-09 02:57:56 PM [error-Admin Admin]: Workflow tree retrieval failed: invalid input syntax for type uuid: "r" [IP: ::ffff:127.0.0.1]
2026-01-09 02:57:56 PM [info-Admin Admin]: Failed to retrieve data [IP: ::ffff:127.0.0.1]
2026-01-09 02:57:56 PM [error-Admin Admin]: Workflow tree retrieval failed: invalid input syntax for type uuid: "ra" [IP: ::ffff:127.0.0.1]
2026-01-09 02:57:56 PM [info-Admin Admin]: Failed to retrieve data [IP: ::ffff:127.0.0.1]
2026-01-09 02:57:56 PM [error-Admin Admin]: Workflow tree retrieval failed: invalid input syntax for type uuid: "rav" [IP: ::ffff:127.0.0.1]
2026-01-09 02:57:56 PM [info-Admin Admin]: Failed to retrieve data [IP: ::ffff:127.0.0.1]
2026-01-09 02:57:56 PM [error-Admin Admin]: Workflow tree retrieval failed: invalid input syntax for type uuid: "ravi" [IP: ::ffff:127.0.0.1]
2026-01-09 02:57:56 PM [info-Admin Admin]: Failed to retrieve data [IP: ::ffff:127.0.0.1]
2026-01-09 02:57:57 PM [info-Admin Admin]: Workflow tree list retrieved successfully [IP: ::ffff:127.0.0.1]
2026-01-09 02:57:58 PM [info-Admin Admin]: Data retrieved successfully [IP: ::ffff:127.0.0.1]
2026-01-09 02:58:26 PM [info-Admin Admin]: Workflow relation added successfully with ID: c4e181f5-d728-49b2-af54-192f518eb855 -> 4342accd-a72b-4145-8bf7-0e9cad9f99b5 [IP: ::ffff:127.0.0.1]
2026-01-09 02:58:26 PM [info-Admin Admin]: Record created successfully [IP: ::ffff:127.0.0.1]
2026-01-09 02:58:28 PM [info-Admin Admin]: Workflow tree list retrieved successfully [IP: ::ffff:127.0.0.1]
2026-01-09 02:58:28 PM [info-Admin Admin]: Data retrieved successfully [IP: ::ffff:127.0.0.1]
2026-01-09 02:58:51 PM [info-Admin Admin]: Workflow relation added successfully with ID: c4e181f5-d728-49b2-af54-192f518eb855 -> 2cbeded0-43e6-4ca7-a686-745c19e62817 [IP: ::ffff:127.0.0.1]
2026-01-09 02:58:52 PM [info-Admin Admin]: Record created successfully [IP: ::ffff:127.0.0.1]
2026-01-09 02:58:52 PM [info-Admin Admin]: Workflow tree list retrieved successfully [IP: ::ffff:127.0.0.1]
2026-01-09 02:58:52 PM [info-Admin Admin]: Data retrieved successfully [IP: ::ffff:127.0.0.1]
2026-01-09 02:59:15 PM [info-Admin Admin]: Workflow relation added successfully with ID: c4e181f5-d728-49b2-af54-192f518eb855 -> 9df220d3-84fe-4fcc-a9a7-3dce9550c537 [IP: ::ffff:127.0.0.1]
2026-01-09 02:59:15 PM [info-Admin Admin]: Record created successfully [IP: ::ffff:127.0.0.1]
2026-01-09 02:59:16 PM [info-Admin Admin]: Workflow tree list retrieved successfully [IP: ::ffff:127.0.0.1]
2026-01-09 02:59:17 PM [info-Admin Admin]: Data retrieved successfully [IP: ::ffff:127.0.0.1]
2026-01-09 02:59:36 PM [info-Admin Admin]: Workflow relation added successfully with ID: c4e181f5-d728-49b2-af54-192f518eb855 -> 9b04b865-ccb8-457c-9f86-1ae8b946ef6e [IP: ::ffff:127.0.0.1]
2026-01-09 02:59:37 PM [info-Admin Admin]: Record created successfully [IP: ::ffff:127.0.0.1]
2026-01-09 02:59:37 PM [info-Admin Admin]: Workflow tree list retrieved successfully [IP: ::ffff:127.0.0.1]
2026-01-09 02:59:37 PM [info-Admin Admin]: Data retrieved successfully [IP: ::ffff:127.0.0.1]
2026-01-09 03:00:00 PM [info-Admin Admin]: Workflow relation added successfully with ID: c4e181f5-d728-49b2-af54-192f518eb855 -> 572f9957-0a74-4a01-924d-d7ae98564bec [IP: ::ffff:127.0.0.1]
2026-01-09 03:00:01 PM [info-Admin Admin]: Record created successfully [IP: ::ffff:127.0.0.1]
2026-01-09 03:00:01 PM [info-Admin Admin]: Workflow tree list retrieved successfully [IP: ::ffff:127.0.0.1]
2026-01-09 03:00:03 PM [info-Admin Admin]: Data retrieved successfully [IP: ::ffff:127.0.0.1]
2026-01-09 03:00:27 PM [info-Admin Admin]: Workflow relation added successfully with ID: c4e181f5-d728-49b2-af54-192f518eb855 -> 1e767448-4c05-44ae-8520-cb1aaae580fd [IP: ::ffff:127.0.0.1]
2026-01-09 03:00:29 PM [info-Admin Admin]: Record created successfully [IP: ::ffff:127.0.0.1]
2026-01-09 03:00:30 PM [info-Admin Admin]: Workflow tree list retrieved successfully [IP: ::ffff:127.0.0.1]
2026-01-09 03:00:31 PM [info-Admin Admin]: Data retrieved successfully [IP: ::ffff:127.0.0.1]
2026-01-09 03:00:56 PM [info-Admin Admin]: Workflow relation added successfully with ID: 572f9957-0a74-4a01-924d-d7ae98564bec -> 47409029-2b5c-457e-97c9-0e3da7e427fc [IP: ::ffff:127.0.0.1]
2026-01-09 03:00:56 PM [info-Admin Admin]: Record created successfully [IP: ::ffff:127.0.0.1]
2026-01-09 03:00:56 PM [info-Admin Admin]: Workflow tree list retrieved successfully [IP: ::ffff:127.0.0.1]
2026-01-09 03:00:59 PM [info-Admin Admin]: Data retrieved successfully [IP: ::ffff:127.0.0.1]
2026-01-09 03:02:57 PM [info-Admin Admin]: Workflow tree list retrieved successfully [IP: ::ffff:127.0.0.1]
2026-01-09 03:02:57 PM [info-Admin Admin]: Employee (partial) list retrieved successfully [IP: ::ffff:127.0.0.1]
2026-01-09 03:02:57 PM [info-Admin Admin]: Data retrieved successfully [IP: ::ffff:127.0.0.1]
2026-01-09 03:02:57 PM [info-Admin Admin]: Data retrieved successfully [IP: ::ffff:127.0.0.1]
2026-01-09 03:05:14 PM [info-Sudhanshu Singh]: Data retrieved successfully [IP: ::ffff:127.0.0.1]
2026-01-09 03:05:14 PM [info-Sudhanshu Singh]: Employee (partial) list retrieved successfully [IP: ::ffff:127.0.0.1]
2026-01-09 03:05:14 PM [info-Sudhanshu Singh]: Data retrieved successfully [IP: ::ffff:127.0.0.1]
2026-01-09 03:05:21 PM [info-Sudhanshu Singh]: Data retrieved successfully [IP: ::ffff:127.0.0.1]
2026-01-09 03:05:21 PM [info-Sudhanshu Singh]: Employee (partial) list retrieved successfully [IP: ::ffff:127.0.0.1]
2026-01-09 03:05:21 PM [info-Sudhanshu Singh]: Data retrieved successfully [IP: ::ffff:127.0.0.1]
2026-01-09 03:05:41 PM [error-Admin Admin]: Workflow tree retrieval failed: invalid input syntax for type uuid: "sud" [IP: ::ffff:127.0.0.1]
2026-01-09 03:05:41 PM [info-Admin Admin]: Failed to retrieve data [IP: ::ffff:127.0.0.1]
2026-01-09 03:05:41 PM [error-Admin Admin]: Workflow tree retrieval failed: invalid input syntax for type uuid: "su" [IP: ::ffff:127.0.0.1]
2026-01-09 03:05:41 PM [info-Admin Admin]: Failed to retrieve data [IP: ::ffff:127.0.0.1]
2026-01-09 03:05:41 PM [error-Admin Admin]: Workflow tree retrieval failed: invalid input syntax for type uuid: "s" [IP: ::ffff:127.0.0.1]
2026-01-09 03:05:41 PM [info-Admin Admin]: Failed to retrieve data [IP: ::ffff:127.0.0.1]
2026-01-09 03:05:41 PM [error-Admin Admin]: Workflow tree retrieval failed: invalid input syntax for type uuid: "sudh" [IP: ::ffff:127.0.0.1]
2026-01-09 03:05:41 PM [info-Admin Admin]: Failed to retrieve data [IP: ::ffff:127.0.0.1]
2026-01-09 03:05:41 PM [info-Admin Admin]: Workflow tree list retrieved successfully [IP: ::ffff:127.0.0.1]
2026-01-09 03:05:42 PM [info-Admin Admin]: Data retrieved successfully [IP: ::ffff:127.0.0.1]
2026-01-09 03:05:58 PM [info-Admin Admin]: Employee list retrieved successfully [IP: ::ffff:127.0.0.1]
2026-01-09 03:05:58 PM [info-Admin Admin]: Data retrieved successfully [IP: ::ffff:127.0.0.1]
2026-01-09 03:06:07 PM [info-Admin Admin]: Employee list retrieved successfully [IP: ::ffff:127.0.0.1]
2026-01-09 03:06:07 PM [info-Admin Admin]: Data retrieved successfully [IP: ::ffff:127.0.0.1]
2026-01-09 03:06:28 PM [info-Malav Patel]: User logout successful [IP: ::ffff:127.0.0.1]
2026-01-09 03:06:28 PM [info-System]: User logged out successfully [IP: ::ffff:127.0.0.1]
2026-01-09 03:06:42 PM [info-Malav Patel]: User login successful [IP: ::ffff:127.0.0.1]
2026-01-09 03:06:42 PM [info-System]: User logged in successfully [IP: ::ffff:127.0.0.1]
2026-01-09 03:07:04 PM [info-Vaibhav Ahire]: Employee (partial) list retrieved successfully [IP: ::ffff:127.0.0.1]
2026-01-09 03:07:04 PM [info-Vaibhav Ahire]: Data retrieved successfully [IP: ::ffff:127.0.0.1]
2026-01-09 03:07:04 PM [info-Vaibhav Ahire]: Data retrieved successfully [IP: ::ffff:127.0.0.1]
2026-01-09 03:07:12 PM [info-Vaibhav Ahire]: Employee (partial) list retrieved successfully [IP: ::ffff:127.0.0.1]
2026-01-09 03:07:12 PM [info-Vaibhav Ahire]: Data retrieved successfully [IP: ::ffff:127.0.0.1]
2026-01-09 03:07:14 PM [info-Vaibhav Ahire]: Data retrieved successfully [IP: ::ffff:127.0.0.1]
2026-01-09 03:07:18 PM [info-Vaibhav Ahire]: Employee (partial) list retrieved successfully [IP: ::ffff:127.0.0.1]
2026-01-09 03:07:18 PM [info-Vaibhav Ahire]: Data retrieved successfully [IP: ::ffff:127.0.0.1]
2026-01-09 03:10:41 PM [info-Vaibhav Ahire]: Record created successfully [IP: ::ffff:127.0.0.1]
2026-01-09 03:10:42 PM [info-Vaibhav Ahire]: Employee (partial) list retrieved successfully [IP: ::ffff:127.0.0.1]
2026-01-09 03:10:42 PM [info-Vaibhav Ahire]: Data retrieved successfully [IP: ::ffff:127.0.0.1]
2026-01-09 03:10:42 PM [info-Vaibhav Ahire]: Data retrieved successfully [IP: ::ffff:127.0.0.1]
2026-01-09 03:10:49 PM [info-Malav Patel]: User logout successful [IP: ::ffff:127.0.0.1]
2026-01-09 03:10:49 PM [info-System]: User logged out successfully [IP: ::ffff:127.0.0.1]
2026-01-09 03:10:59 PM [info-Malav Patel]: User login successful [IP: ::ffff:127.0.0.1]
2026-01-09 03:10:59 PM [info-System]: User logged in successfully [IP: ::ffff:127.0.0.1]
2026-01-09 03:11:07 PM [info-Sagar Pagar]: Data retrieved successfully [IP: ::ffff:127.0.0.1]
2026-01-09 03:11:07 PM [info-Sagar Pagar]: Employee (partial) list retrieved successfully [IP: ::ffff:127.0.0.1]
2026-01-09 03:11:07 PM [info-Sagar Pagar]: Data retrieved successfully [IP: ::ffff:127.0.0.1]
2026-01-09 03:11:15 PM [info-Sagar Pagar]: Data retrieved successfully [IP: ::ffff:127.0.0.1]
2026-01-09 03:11:15 PM [info-Sagar Pagar]: Employee (partial) list retrieved successfully [IP: ::ffff:127.0.0.1]
2026-01-09 03:11:15 PM [info-Sagar Pagar]: Data retrieved successfully [IP: ::ffff:127.0.0.1]
2026-01-09 03:11:24 PM [info-Sagar Pagar]: Employee (partial) list retrieved successfully [IP: ::ffff:127.0.0.1]
2026-01-09 03:11:24 PM [info-Sagar Pagar]: Data retrieved successfully [IP: ::ffff:127.0.0.1]
2026-01-09 03:11:27 PM [info-Sagar Pagar]: Employee (partial) list retrieved successfully [IP: ::ffff:127.0.0.1]
2026-01-09 03:11:27 PM [info-Sagar Pagar]: Data retrieved successfully [IP: ::ffff:127.0.0.1]
2026-01-09 03:12:57 PM [info-Sagar Pagar]: Data retrieved successfully [IP: ::ffff:127.0.0.1]
2026-01-09 03:14:32 PM [error-Sagar Pagar]: Error in POST /procurement-target/create/monthly-plan: null value in column "monthlyTotalQty" of relation "procurement_targets" violates not-null constraint
2026-01-09 03:14:32 PM [info-Sagar Pagar]: Failed to create record [IP: ::ffff:127.0.0.1]
2026-01-09 03:14:43 PM [error-Sagar Pagar]: Error in POST /procurement-target/create/monthly-plan: null value in column "monthlyTotalQty" of relation "procurement_targets" violates not-null constraint
2026-01-09 03:14:43 PM [info-Sagar Pagar]: Failed to create record [IP: ::ffff:127.0.0.1]
2026-01-09 03:15:12 PM [error-Sagar Pagar]: Error in POST /procurement-target/create/monthly-plan: null value in column "monthlyTotalQty" of relation "procurement_targets" violates not-null constraint
2026-01-09 03:15:12 PM [info-Sagar Pagar]: Failed to create record [IP: ::ffff:127.0.0.1]
2026-01-09 03:16:17 PM [error-Sagar Pagar]: Error in POST /procurement-target/create/monthly-plan: null value in column "monthlyTotalQty" of relation "procurement_targets" violates not-null constraint
2026-01-09 03:16:17 PM [info-Sagar Pagar]: Failed to create record [IP: ::ffff:127.0.0.1]
2026-01-09 03:20:11 PM [info-Sagar Pagar]: Record created successfully [IP: ::ffff:127.0.0.1]
2026-01-09 03:20:12 PM [info-Sagar Pagar]: Employee (partial) list retrieved successfully [IP: ::ffff:127.0.0.1]
2026-01-09 03:20:12 PM [info-Sagar Pagar]: Data retrieved successfully [IP: ::ffff:127.0.0.1]
2026-01-09 03:20:12 PM [info-Sagar Pagar]: Data retrieved successfully [IP: ::ffff:127.0.0.1]
2026-01-09 03:20:22 PM [info-Sagar Pagar]: User logout successful [IP: ::ffff:127.0.0.1]
2026-01-09 03:20:22 PM [info-System]: User logged out successfully [IP: ::ffff:127.0.0.1]
2026-01-09 03:20:54 PM [info-Admin Admin]: Employee list retrieved successfully [IP: ::ffff:127.0.0.1]
2026-01-09 03:20:55 PM [info-Admin Admin]: Data retrieved successfully [IP: ::ffff:127.0.0.1]
2026-01-09 03:21:30 PM [info-Sagar Pagar]: User login successful [IP: ::ffff:127.0.0.1]
2026-01-09 03:21:30 PM [info-System]: User logged in successfully [IP: ::ffff:127.0.0.1]
2026-01-09 03:21:41 PM [info-Sudhanshu Singh]: Employee (partial) list retrieved successfully [IP: ::ffff:127.0.0.1]
2026-01-09 03:21:41 PM [info-Sudhanshu Singh]: Data retrieved successfully [IP: ::ffff:127.0.0.1]
2026-01-09 03:21:42 PM [info-Sudhanshu Singh]: Data retrieved successfully [IP: ::ffff:127.0.0.1]
2026-01-09 03:22:12 PM [info-Sudhanshu Singh]: Data retrieved successfully [IP: ::ffff:127.0.0.1]
2026-01-09 03:22:12 PM [info-Sudhanshu Singh]: Employee (partial) list retrieved successfully [IP: ::ffff:127.0.0.1]
2026-01-09 03:22:12 PM [info-Sudhanshu Singh]: Data retrieved successfully [IP: ::ffff:127.0.0.1]
2026-01-09 03:24:07 PM [info-Admin Admin]: Employee list retrieved successfully [IP: ::ffff:127.0.0.1]
2026-01-09 03:24:07 PM [info-Admin Admin]: Data retrieved successfully [IP: ::ffff:127.0.0.1]
2026-01-09 03:27:04 PM [info-Sudhanshu Singh]: Employee (partial) list retrieved successfully [IP: ::ffff:127.0.0.1]
2026-01-09 03:27:04 PM [info-Sudhanshu Singh]: Data retrieved successfully [IP: ::ffff:127.0.0.1]
2026-01-09 03:27:05 PM [info-Sudhanshu Singh]: Data retrieved successfully [IP: ::ffff:127.0.0.1]
2026-01-09 03:27:21 PM [info-Sudhanshu Singh]: Employee (partial) list retrieved successfully [IP: ::ffff:127.0.0.1]
2026-01-09 03:27:21 PM [info-Sudhanshu Singh]: Data retrieved successfully [IP: ::ffff:127.0.0.1]
2026-01-09 03:27:21 PM [info-Sudhanshu Singh]: Data retrieved successfully [IP: ::ffff:127.0.0.1]
2026-01-09 03:30:09 PM [info-Sudhanshu Singh]: Data retrieved successfully [IP: ::ffff:127.0.0.1]
2026-01-09 03:30:09 PM [info-Sudhanshu Singh]: Employee (partial) list retrieved successfully [IP: ::ffff:127.0.0.1]
2026-01-09 03:30:09 PM [info-Sudhanshu Singh]: Data retrieved successfully [IP: ::ffff:127.0.0.1]
2026-01-09 03:36:07 PM [info-Sagar Pagar]: User login successful [IP: ::1]
2026-01-09 03:36:07 PM [info-System]: User logged in successfully [IP: ::1]
2026-01-09 03:38:03 PM [info-Admin Admin]: Data retrieved successfully [IP: ::1]
2026-01-09 03:41:46 PM [info-Sudhanshu Singh]: Employee (partial) list retrieved successfully [IP: ::ffff:127.0.0.1]
2026-01-09 03:41:46 PM [info-Sudhanshu Singh]: Data retrieved successfully [IP: ::ffff:127.0.0.1]
2026-01-09 03:41:46 PM [info-Sudhanshu Singh]: Data retrieved successfully [IP: ::ffff:127.0.0.1]
2026-01-09 03:43:20 PM [info-Sudhanshu Singh]: Data retrieved successfully [IP: ::ffff:127.0.0.1]
2026-01-09 03:43:20 PM [info-Sudhanshu Singh]: Employee (partial) list retrieved successfully [IP: ::ffff:127.0.0.1]
2026-01-09 03:43:20 PM [info-Sudhanshu Singh]: Data retrieved successfully [IP: ::ffff:127.0.0.1]
2026-01-09 03:45:36 PM [info-Sudhanshu Singh]: Data retrieved successfully [IP: ::ffff:127.0.0.1]
2026-01-09 03:45:36 PM [info-Sudhanshu Singh]: Employee (partial) list retrieved successfully [IP: ::ffff:127.0.0.1]
2026-01-09 03:45:36 PM [info-Sudhanshu Singh]: Data retrieved successfully [IP: ::ffff:127.0.0.1]
2026-01-09 03:46:07 PM [info-Sudhanshu Singh]: Data retrieved successfully [IP: ::ffff:127.0.0.1]
2026-01-09 03:46:07 PM [info-Sudhanshu Singh]: Employee (partial) list retrieved successfully [IP: ::ffff:127.0.0.1]
2026-01-09 03:46:07 PM [info-Sudhanshu Singh]: Data retrieved successfully [IP: ::ffff:127.0.0.1]
2026-01-09 03:47:04 PM [info-Sudhanshu Singh]: Employee (partial) list retrieved successfully [IP: ::ffff:127.0.0.1]
2026-01-09 03:47:04 PM [info-Sudhanshu Singh]: Data retrieved successfully [IP: ::ffff:127.0.0.1]
2026-01-09 03:47:04 PM [info-Sudhanshu Singh]: Data retrieved successfully [IP: ::ffff:127.0.0.1]
2026-01-09 03:47:53 PM [info-Sudhanshu Singh]: Employee (partial) list retrieved successfully [IP: ::ffff:127.0.0.1]
2026-01-09 03:47:53 PM [info-Sudhanshu Singh]: Data retrieved successfully [IP: ::ffff:127.0.0.1]
2026-01-09 03:47:53 PM [info-Sudhanshu Singh]: Customer data retrieved successfully [IP: ::ffff:127.0.0.1]
2026-01-09 03:47:53 PM [info-Sudhanshu Singh]: Data retrieved successfully [IP: ::ffff:127.0.0.1]
2026-01-09 03:47:54 PM [info-Sudhanshu Singh]: Employee (partial) list retrieved successfully [IP: ::ffff:127.0.0.1]
2026-01-09 03:47:54 PM [info-Sudhanshu Singh]: Data retrieved successfully [IP: ::ffff:127.0.0.1]
2026-01-09 03:47:54 PM [info-Sudhanshu Singh]: Data retrieved successfully [IP: ::ffff:127.0.0.1]
2026-01-09 03:47:54 PM [info-Sudhanshu Singh]: Customer data retrieved successfully [IP: ::ffff:127.0.0.1]
2026-01-09 04:04:08 PM [info-Admin Admin]: Employee (partial) list retrieved successfully [IP: ::ffff:127.0.0.1]
2026-01-09 04:04:08 PM [info-Admin Admin]: Data retrieved successfully [IP: ::ffff:127.0.0.1]
2026-01-09 04:04:57 PM [info-Admin Admin]: Employee list retrieved successfully [IP: ::ffff:127.0.0.1]
2026-01-09 04:04:59 PM [info-Admin Admin]: Data retrieved successfully [IP: ::ffff:127.0.0.1]
2026-01-09 04:05:03 PM [info-Admin Admin]: Employee list retrieved successfully [IP: ::ffff:127.0.0.1]
2026-01-09 04:05:04 PM [info-Admin Admin]: Data retrieved successfully [IP: ::ffff:127.0.0.1]
2026-01-09 04:05:34 PM [info-Sagar Pagar]: User logout successful [IP: ::ffff:127.0.0.1]
2026-01-09 04:05:34 PM [info-System]: User logged out successfully [IP: ::ffff:127.0.0.1]
2026-01-09 04:05:51 PM [info-Sagar Pagar]: User login successful [IP: ::ffff:127.0.0.1]
2026-01-09 04:05:51 PM [info-System]: User logged in successfully [IP: ::ffff:127.0.0.1]
2026-01-09 04:06:09 PM [info-Abhishek Sundarlal]: Employee (partial) list retrieved successfully [IP: ::ffff:127.0.0.1]
2026-01-09 04:06:09 PM [info-Abhishek Sundarlal]: Data retrieved successfully [IP: ::ffff:127.0.0.1]
2026-01-09 04:06:09 PM [info-Abhishek Sundarlal]: Data retrieved successfully [IP: ::ffff:127.0.0.1]
2026-01-09 04:06:09 PM [info-Abhishek Sundarlal]: Data retrieved successfully [IP: ::ffff:127.0.0.1]
2026-01-09 04:06:10 PM [info-Abhishek Sundarlal]: Customer data retrieved successfully [IP: ::ffff:127.0.0.1]
2026-01-09 04:06:10 PM [info-Abhishek Sundarlal]: Employee (partial) list retrieved successfully [IP: ::ffff:127.0.0.1]
2026-01-09 04:06:10 PM [info-Abhishek Sundarlal]: Data retrieved successfully [IP: ::ffff:127.0.0.1]
2026-01-09 04:06:10 PM [info-Abhishek Sundarlal]: Customer data retrieved successfully [IP: ::ffff:127.0.0.1]
2026-01-09 04:06:17 PM [info-Abhishek Sundarlal]: Employee (partial) list retrieved successfully [IP: ::ffff:127.0.0.1]
2026-01-09 04:06:17 PM [info-Abhishek Sundarlal]: Data retrieved successfully [IP: ::ffff:127.0.0.1]
2026-01-09 04:08:45 PM [info-Abhishek Sundarlal]: Record created successfully [IP: ::ffff:127.0.0.1]
2026-01-09 04:08:58 PM [info-Abhishek Sundarlal]: Employee (partial) list retrieved successfully [IP: ::ffff:127.0.0.1]
2026-01-09 04:08:58 PM [info-Abhishek Sundarlal]: Data retrieved successfully [IP: ::ffff:127.0.0.1]
2026-01-09 04:08:58 PM [info-Abhishek Sundarlal]: Customer data retrieved successfully [IP: ::ffff:127.0.0.1]
2026-01-09 04:08:58 PM [info-Abhishek Sundarlal]: Data retrieved successfully [IP: ::ffff:127.0.0.1]
2026-01-09 04:09:27 PM [info-Sagar Pagar]: User logout successful [IP: ::ffff:127.0.0.1]
2026-01-09 04:09:27 PM [info-System]: User logged out successfully [IP: ::ffff:127.0.0.1]
2026-01-09 04:10:25 PM [info-Sagar Pagar]: User login successful [IP: ::ffff:127.0.0.1]
2026-01-09 04:10:25 PM [info-System]: User logged in successfully [IP: ::ffff:127.0.0.1]
2026-01-09 04:10:35 PM [info-Sudhanshu Singh]: Employee (partial) list retrieved successfully [IP: ::ffff:127.0.0.1]
2026-01-09 04:10:35 PM [info-Sudhanshu Singh]: Data retrieved successfully [IP: ::ffff:127.0.0.1]
2026-01-09 04:10:36 PM [info-Sudhanshu Singh]: Data retrieved successfully [IP: ::ffff:127.0.0.1]
2026-01-09 04:10:37 PM [info-Sudhanshu Singh]: Customer data retrieved successfully [IP: ::ffff:127.0.0.1]
2026-01-09 04:46:24 PM [info-Sudhanshu Singh]: Employee (partial) list retrieved successfully [IP: ::ffff:127.0.0.1]
2026-01-09 04:46:24 PM [info-Sudhanshu Singh]: Data retrieved successfully [IP: ::ffff:127.0.0.1]
2026-01-09 04:46:24 PM [info-Admin Admin]: Employee list retrieved successfully [IP: ::ffff:127.0.0.1]
2026-01-09 04:46:24 PM [info-Sudhanshu Singh]: Data retrieved successfully [IP: ::ffff:127.0.0.1]
2026-01-09 04:46:25 PM [info-Sudhanshu Singh]: Customer data retrieved successfully [IP: ::ffff:127.0.0.1]
2026-01-09 04:46:25 PM [info-Admin Admin]: Data retrieved successfully [IP: ::ffff:127.0.0.1]
2026-01-16 11:39:04 AM [info-Sagar Pagar]: User login successful [IP: ::1]
2026-01-16 11:39:04 AM [info-System]: User logged in successfully [IP: ::1]
2026-01-16 11:39:33 AM [info-Sagar Pagar]: User login successful [IP: ::ffff:127.0.0.1]
2026-01-16 11:39:33 AM [info-System]: User logged in successfully [IP: ::ffff:127.0.0.1]
2026-01-16 12:15:49 PM [info-Sagar Pagar]: User login successful [IP: ::ffff:127.0.0.1]
2026-01-16 12:15:49 PM [info-System]: User logged in successfully [IP: ::ffff:127.0.0.1]
2026-01-16 02:14:54 PM [info-Sagar Pagar]: User login successful [IP: ::ffff:127.0.0.1]
2026-01-16 02:14:54 PM [info-System]: User logged in successfully [IP: ::ffff:127.0.0.1]
2026-01-16 03:48:46 PM [info-Sagar Pagar]: User login successful [IP: ::ffff:127.0.0.1]
2026-01-16 03:48:46 PM [info-System]: User logged in successfully [IP: ::ffff:127.0.0.1]
2026-01-16 03:50:50 PM [info-Admin Admin]: Data retrieved successfully [IP: ::1]
2026-01-16 05:50:08 PM [info-Admin Admin]: Data retrieved successfully [IP: ::1]
2026-01-16 05:52:46 PM [info-Admin Admin]: Data retrieved successfully [IP: ::1]
2026-01-16 05:55:57 PM [info-Admin Admin]: Data retrieved successfully [IP: ::1]
2026-01-16 05:58:49 PM [info-Admin Admin]: Data retrieved successfully [IP: ::1]
2026-01-16 06:03:47 PM [info-Admin Admin]: Data retrieved successfully [IP: ::1]
2026-01-16 06:07:23 PM [info-Admin Admin]: Data retrieved successfully [IP: ::1]
2026-01-16 06:07:41 PM [info-Admin Admin]: Data retrieved successfully [IP: ::1]
2026-01-19 10:11:35 AM [info-Sagar Pagar]: User login successful [IP: ::ffff:127.0.0.1]
2026-01-19 10:11:35 AM [info-System]: User logged in successfully [IP: ::ffff:127.0.0.1]
2026-01-19 10:12:00 AM [info-Admin Admin]: Data retrieved successfully [IP: ::1]
2026-01-20 10:03:47 AM [info-Sagar Pagar]: User login successful [IP: ::ffff:127.0.0.1]
2026-01-20 10:03:47 AM [info-System]: User logged in successfully [IP: ::ffff:127.0.0.1]
2026-01-20 10:13:26 AM [error-Admin Admin]: Error in GET /sales-target/excel/monthly-business-plan/5ee452e5-ba4e-4176-be0f-ac707a6cabb0: Relation with property path products in entity was not found.
2026-01-20 10:13:26 AM [info-Admin Admin]: Failed to retrieve data [IP: ::1]
2026-01-20 11:03:52 AM [error-Admin Admin]: Error in GET /sales-target/excel/monthly-business-plan/5ee452e5-ba4e-4176-be0f-ac707a6cabb0: column stp.target_id does not exist
2026-01-20 11:03:52 AM [info-Admin Admin]: Failed to retrieve data [IP: ::1]
2026-01-20 11:06:29 AM [info-Admin Admin]: Data retrieved successfully [IP: ::1]
2026-01-20 11:40:51 AM [info-Admin Admin]: Data retrieved successfully [IP: ::1]
2026-01-20 11:45:54 AM [info-Admin Admin]: Data retrieved successfully [IP: ::1]
2026-01-20 12:00:01 PM [info-Admin Admin]: Data retrieved successfully [IP: ::1]
2026-01-20 12:08:11 PM [info-Admin Admin]: Data retrieved successfully [IP: ::1]
2026-01-20 12:20:30 PM [info-Admin Admin]: Data retrieved successfully [IP: ::1]
2026-01-20 12:29:41 PM [info-Admin Admin]: Data retrieved successfully [IP: ::1]
2026-01-20 12:36:41 PM [info-Admin Admin]: Data retrieved successfully [IP: ::1]
2026-01-21 09:45:40 AM [info-Admin Admin]: Data retrieved successfully [IP: ::1]
2026-01-21 09:48:18 AM [info-Admin Admin]: Failed to retrieve data [IP: ::1]
2026-01-21 10:10:19 AM [info-Admin Admin]: Data retrieved successfully [IP: ::1]
2026-01-21 10:21:12 AM [info-Admin Admin]: Data retrieved successfully [IP: ::1]
2026-01-21 10:27:29 AM [info-Admin Admin]: Data retrieved successfully [IP: ::1]
2026-01-21 10:30:04 AM [info-Admin Admin]: Data retrieved successfully [IP: ::1]
2026-01-21 10:30:07 AM [info-Admin Admin]: Data retrieved successfully [IP: ::1]
2026-01-21 10:31:34 AM [info-Admin Admin]: Data retrieved successfully [IP: ::1]
2026-01-21 10:31:37 AM [info-Admin Admin]: Data retrieved successfully [IP: ::1]
2026-01-21 10:35:26 AM [info-Admin Admin]: Data retrieved successfully [IP: ::1]
2026-01-21 10:38:18 AM [info-Admin Admin]: Data retrieved successfully [IP: ::1]
2026-01-21 10:39:28 AM [info-Admin Admin]: Data retrieved successfully [IP: ::1]
2026-01-21 10:41:13 AM [info-Admin Admin]: Data retrieved successfully [IP: ::1]
2026-01-21 10:58:21 AM [info-Admin Admin]: Data retrieved successfully [IP: ::1]
2026-01-21 11:07:16 AM [info-Admin Admin]: Data retrieved successfully [IP: ::1]
2026-01-21 11:08:30 AM [info-Admin Admin]: Data retrieved successfully [IP: ::1]
2026-01-21 11:13:49 AM [info-Admin Admin]: Data retrieved successfully [IP: ::1]
2026-01-21 11:13:57 AM [info-Admin Admin]: Data retrieved successfully [IP: ::1]
2026-01-21 11:27:55 AM [info-Admin Admin]: Data retrieved successfully [IP: ::1]
2026-01-21 11:34:28 AM [info-Admin Admin]: Data retrieved successfully [IP: ::1]
2026-01-21 11:35:41 AM [info-Admin Admin]: Data retrieved successfully [IP: ::1]
2026-01-21 11:36:04 AM [info-Admin Admin]: Data retrieved successfully [IP: ::1]
2026-01-21 11:53:21 AM [info-Admin Admin]: Data retrieved successfully [IP: ::1]
2026-01-21 12:02:23 PM [info-Admin Admin]: Data retrieved successfully [IP: ::1]
2026-01-21 12:03:04 PM [info-Admin Admin]: Data retrieved successfully [IP: ::1]
2026-01-21 04:54:23 PM [info-Admin Admin]: Data retrieved successfully [IP: ::1]
2026-01-21 05:01:10 PM [info-Admin Admin]: Data retrieved successfully [IP: ::1]
2026-01-21 05:38:26 PM [info-Admin Admin]: Data retrieved successfully [IP: ::1]
2026-01-22 09:54:12 AM [info-Sagar Pagar]: User login successful [IP: ::ffff:127.0.0.1]
2026-01-22 09:54:12 AM [info-System]: User logged in successfully [IP: ::ffff:127.0.0.1]
2026-01-22 10:53:33 AM [info-Sagar Pagar]: User login successful [IP: ::ffff:127.0.0.1]
2026-01-22 10:53:33 AM [info-System]: User logged in successfully [IP: ::ffff:127.0.0.1]
2026-01-22 11:05:19 AM [info-Sagar Pagar]: User login successful [IP: ::ffff:127.0.0.1]
2026-01-22 11:05:19 AM [info-System]: User logged in successfully [IP: ::ffff:127.0.0.1]
2026-01-22 11:07:08 AM [info-Sudhanshu Singh]: Employee (partial) list retrieved successfully [IP: ::ffff:127.0.0.1]
2026-01-22 11:07:08 AM [info-Sudhanshu Singh]: Data retrieved successfully [IP: ::ffff:127.0.0.1]
2026-01-22 11:16:55 AM [error-Admin Admin]: Error in GET /procurement-target/performance/ab287c3d-4c7b-47bb-b189-ff5fd92d5367/0/2026: _b.toISOString is not a function
2026-01-22 11:16:55 AM [info-Admin Admin]: Failed to retrieve data [IP: ::1]
2026-01-22 11:17:11 AM [error-Admin Admin]: Error in GET /procurement-target/performance/ab287c3d-4c7b-47bb-b189-ff5fd92d5367/0/2026: _b.toISOString is not a function
2026-01-22 11:17:11 AM [info-Admin Admin]: Failed to retrieve data [IP: ::1]
2026-01-22 11:20:25 AM [info-Admin Admin]: Data retrieved successfully [IP: ::1]
2026-01-22 11:29:48 AM [info-Admin Admin]: Data retrieved successfully [IP: ::1]
2026-01-22 11:31:48 AM [info-Admin Admin]: Data retrieved successfully [IP: ::1]
2026-01-22 11:33:54 AM [info-Sudhanshu Singh]: Employee (partial) list retrieved successfully [IP: ::ffff:127.0.0.1]
2026-01-22 11:33:54 AM [info-Sudhanshu Singh]: Data retrieved successfully [IP: ::ffff:127.0.0.1]
2026-01-22 11:39:02 AM [info-Admin Admin]: Data retrieved successfully [IP: ::1]
2026-01-22 11:45:11 AM [info-Admin Admin]: Data retrieved successfully [IP: ::1]
2026-01-22 11:54:23 AM [info-Admin Admin]: Data retrieved successfully [IP: ::1]
2026-01-22 11:54:42 AM [info-Admin Admin]: Data retrieved successfully [IP: ::1]
2026-01-22 11:55:42 AM [info-Admin Admin]: Data retrieved successfully [IP: ::1]
2026-01-22 12:00:29 PM [info-Admin Admin]: Data retrieved successfully [IP: ::1]
2026-01-22 12:01:38 PM [info-Sudhanshu Singh]: Employee (partial) list retrieved successfully [IP: ::ffff:127.0.0.1]
2026-01-22 12:01:38 PM [info-Sudhanshu Singh]: Data retrieved successfully [IP: ::ffff:127.0.0.1]
2026-01-22 12:05:42 PM [error-System]: Error in GET /sales-target/sales-summary/ca87d4d6-bb2f-4702-94da-947240629068/11/2025: You need to re-authenticate. Please log in.
2026-01-22 12:05:43 PM [info-System]: Failed to retrieve data [IP: ::1]
2026-01-22 12:10:05 PM [info-Admin Admin]: Data retrieved successfully [IP: ::1]
2026-01-22 12:11:11 PM [info-Admin Admin]: Data retrieved successfully [IP: ::1]
2026-01-22 12:36:13 PM [info-Sudhanshu Singh]: Employee (partial) list retrieved successfully [IP: ::ffff:127.0.0.1]
2026-01-22 12:36:13 PM [info-Sudhanshu Singh]: Data retrieved successfully [IP: ::ffff:127.0.0.1]
2026-01-22 12:36:58 PM [info-Sudhanshu Singh]: Data retrieved successfully [IP: ::ffff:127.0.0.1]
2026-01-22 12:36:58 PM [info-Sudhanshu Singh]: Data retrieved successfully [IP: ::ffff:127.0.0.1]
2026-01-22 12:36:58 PM [info-Sudhanshu Singh]: Data retrieved successfully [IP: ::ffff:127.0.0.1]
2026-01-22 12:37:37 PM [info-Sudhanshu Singh]: Employee (partial) list retrieved successfully [IP: ::ffff:127.0.0.1]
2026-01-22 12:37:37 PM [info-Sudhanshu Singh]: Data retrieved successfully [IP: ::ffff:127.0.0.1]
2026-01-22 12:37:38 PM [info-Sudhanshu Singh]: Customer data retrieved successfully [IP: ::ffff:127.0.0.1]
2026-01-22 12:37:38 PM [info-Sudhanshu Singh]: Data retrieved successfully [IP: ::ffff:127.0.0.1]
2026-01-22 12:37:53 PM [info-Sudhanshu Singh]: Employee (partial) list retrieved successfully [IP: ::ffff:127.0.0.1]
2026-01-22 12:37:53 PM [info-Sudhanshu Singh]: Data retrieved successfully [IP: ::ffff:127.0.0.1]
2026-01-22 12:38:03 PM [info-Sudhanshu Singh]: Data retrieved successfully [IP: ::ffff:127.0.0.1]
2026-01-22 12:38:03 PM [info-Sudhanshu Singh]: Data retrieved successfully [IP: ::ffff:127.0.0.1]
2026-01-22 12:38:03 PM [info-Sudhanshu Singh]: Data retrieved successfully [IP: ::ffff:127.0.0.1]
2026-01-22 12:39:11 PM [info-Sudhanshu Singh]: Data retrieved successfully [IP: ::ffff:127.0.0.1]
2026-01-22 12:39:11 PM [info-Sudhanshu Singh]: Data retrieved successfully [IP: ::ffff:127.0.0.1]
2026-01-22 12:39:11 PM [info-Sudhanshu Singh]: Data retrieved successfully [IP: ::ffff:127.0.0.1]
2026-01-22 12:39:14 PM [info-Sudhanshu Singh]: Data retrieved successfully [IP: ::ffff:127.0.0.1]
2026-01-22 12:39:14 PM [info-Sudhanshu Singh]: Data retrieved successfully [IP: ::ffff:127.0.0.1]
2026-01-22 12:39:14 PM [info-Sudhanshu Singh]: Data retrieved successfully [IP: ::ffff:127.0.0.1]
2026-01-22 12:48:17 PM [info-Sudhanshu Singh]: Employee (partial) list retrieved successfully [IP: ::ffff:127.0.0.1]
2026-01-22 12:48:17 PM [info-Sudhanshu Singh]: Data retrieved successfully [IP: ::ffff:127.0.0.1]
2026-01-22 12:48:20 PM [info-Sudhanshu Singh]: Data retrieved successfully [IP: ::ffff:127.0.0.1]
2026-01-22 12:48:20 PM [info-Sudhanshu Singh]: Data retrieved successfully [IP: ::ffff:127.0.0.1]
2026-01-22 12:48:21 PM [info-Sudhanshu Singh]: Data retrieved successfully [IP: ::ffff:127.0.0.1]
2026-01-22 12:49:47 PM [info-Sudhanshu Singh]: Employee (partial) list retrieved successfully [IP: ::ffff:127.0.0.1]
2026-01-22 12:49:47 PM [info-Sudhanshu Singh]: Data retrieved successfully [IP: ::ffff:127.0.0.1]
2026-01-22 12:50:08 PM [info-Sudhanshu Singh]: Data retrieved successfully [IP: ::ffff:127.0.0.1]
2026-01-22 12:50:08 PM [info-Sudhanshu Singh]: Data retrieved successfully [IP: ::ffff:127.0.0.1]
2026-01-22 12:50:08 PM [info-Sudhanshu Singh]: Data retrieved successfully [IP: ::ffff:127.0.0.1]
2026-01-22 12:50:38 PM [info-Sudhanshu Singh]: Employee (partial) list retrieved successfully [IP: ::ffff:127.0.0.1]
2026-01-22 12:50:38 PM [info-Sudhanshu Singh]: Data retrieved successfully [IP: ::ffff:127.0.0.1]
2026-01-22 12:51:04 PM [info-Sudhanshu Singh]: Data retrieved successfully [IP: ::ffff:127.0.0.1]
2026-01-22 12:51:04 PM [info-Sudhanshu Singh]: Data retrieved successfully [IP: ::ffff:127.0.0.1]
2026-01-22 12:51:04 PM [info-Sudhanshu Singh]: Data retrieved successfully [IP: ::ffff:127.0.0.1]
2026-01-22 12:51:25 PM [info-Sudhanshu Singh]: Employee (partial) list retrieved successfully [IP: ::ffff:127.0.0.1]
2026-01-22 12:51:25 PM [info-Sudhanshu Singh]: Data retrieved successfully [IP: ::ffff:127.0.0.1]
2026-01-22 12:51:40 PM [info-Sudhanshu Singh]: Data retrieved successfully [IP: ::ffff:127.0.0.1]
2026-01-22 12:51:40 PM [info-Sudhanshu Singh]: Data retrieved successfully [IP: ::ffff:127.0.0.1]
2026-01-22 12:51:40 PM [info-Sudhanshu Singh]: Data retrieved successfully [IP: ::ffff:127.0.0.1]
2026-01-22 12:52:01 PM [info-Sudhanshu Singh]: Employee (partial) list retrieved successfully [IP: ::ffff:127.0.0.1]
2026-01-22 12:52:01 PM [info-Sudhanshu Singh]: Data retrieved successfully [IP: ::ffff:127.0.0.1]
2026-01-22 12:52:16 PM [info-Sudhanshu Singh]: Data retrieved successfully [IP: ::ffff:127.0.0.1]
2026-01-22 12:52:16 PM [info-Sudhanshu Singh]: Data retrieved successfully [IP: ::ffff:127.0.0.1]
2026-01-22 12:52:16 PM [info-Sudhanshu Singh]: Data retrieved successfully [IP: ::ffff:127.0.0.1]
2026-01-22 12:53:23 PM [info-Sudhanshu Singh]: Employee (partial) list retrieved successfully [IP: ::ffff:127.0.0.1]
2026-01-22 12:53:23 PM [info-Sudhanshu Singh]: Data retrieved successfully [IP: ::ffff:127.0.0.1]
2026-01-22 12:53:27 PM [info-Sudhanshu Singh]: Data retrieved successfully [IP: ::ffff:127.0.0.1]
2026-01-22 12:53:27 PM [info-Sudhanshu Singh]: Data retrieved successfully [IP: ::ffff:127.0.0.1]
2026-01-22 12:53:28 PM [info-Sudhanshu Singh]: Data retrieved successfully [IP: ::ffff:127.0.0.1]
2026-01-22 12:53:31 PM [info-Sudhanshu Singh]: Data retrieved successfully [IP: ::ffff:127.0.0.1]
2026-01-22 12:53:31 PM [info-Sudhanshu Singh]: Data retrieved successfully [IP: ::ffff:127.0.0.1]
2026-01-22 12:53:31 PM [info-Sudhanshu Singh]: Data retrieved successfully [IP: ::ffff:127.0.0.1]
2026-01-22 12:53:36 PM [info-Sudhanshu Singh]: Data retrieved successfully [IP: ::ffff:127.0.0.1]
2026-01-22 12:53:36 PM [info-Sudhanshu Singh]: Data retrieved successfully [IP: ::ffff:127.0.0.1]
2026-01-22 12:53:36 PM [info-Sudhanshu Singh]: Data retrieved successfully [IP: ::ffff:127.0.0.1]
2026-01-22 01:02:23 PM [info-Sudhanshu Singh]: Employee (partial) list retrieved successfully [IP: ::ffff:127.0.0.1]
2026-01-22 01:02:23 PM [info-Sudhanshu Singh]: Data retrieved successfully [IP: ::ffff:127.0.0.1]
2026-01-22 01:02:23 PM [info-Sudhanshu Singh]: Data retrieved successfully [IP: ::ffff:127.0.0.1]
2026-01-22 01:02:42 PM [info-Admin Admin]: Data retrieved successfully [IP: ::1]
2026-01-22 01:07:30 PM [info-Sudhanshu Singh]: Employee (partial) list retrieved successfully [IP: ::ffff:127.0.0.1]
2026-01-22 01:07:30 PM [info-Sudhanshu Singh]: Data retrieved successfully [IP: ::ffff:127.0.0.1]
2026-01-22 01:07:31 PM [info-Sudhanshu Singh]: Data retrieved successfully [IP: ::ffff:127.0.0.1]
2026-01-22 01:07:37 PM [info-Sudhanshu Singh]: Employee (partial) list retrieved successfully [IP: ::ffff:127.0.0.1]
2026-01-22 01:07:37 PM [info-Sudhanshu Singh]: Data retrieved successfully [IP: ::ffff:127.0.0.1]
2026-01-22 01:07:44 PM [info-Sudhanshu Singh]: Employee (partial) list retrieved successfully [IP: ::ffff:127.0.0.1]
2026-01-22 01:07:44 PM [info-Sudhanshu Singh]: Data retrieved successfully [IP: ::ffff:127.0.0.1]
2026-01-22 01:07:46 PM [info-Sudhanshu Singh]: Data retrieved successfully [IP: ::ffff:127.0.0.1]
2026-01-22 01:20:38 PM [info-Sudhanshu Singh]: Employee (partial) list retrieved successfully [IP: ::ffff:127.0.0.1]
2026-01-22 01:20:38 PM [info-Sudhanshu Singh]: Data retrieved successfully [IP: ::ffff:127.0.0.1]
2026-01-22 02:18:04 PM [info-Sudhanshu Singh]: Data retrieved successfully [IP: ::ffff:127.0.0.1]
2026-01-22 02:18:05 PM [info-Sudhanshu Singh]: Employee (partial) list retrieved successfully [IP: ::ffff:127.0.0.1]
2026-01-22 02:18:05 PM [info-Sudhanshu Singh]: Data retrieved successfully [IP: ::ffff:127.0.0.1]
2026-01-22 02:18:05 PM [info-Sudhanshu Singh]: Employee (partial) list retrieved successfully [IP: ::ffff:127.0.0.1]
2026-01-22 02:18:05 PM [info-Sudhanshu Singh]: Data retrieved successfully [IP: ::ffff:127.0.0.1]
2026-01-22 02:18:06 PM [info-Sudhanshu Singh]: Data retrieved successfully [IP: ::ffff:127.0.0.1]
2026-01-22 02:18:10 PM [info-Sudhanshu Singh]: Employee (partial) list retrieved successfully [IP: ::ffff:127.0.0.1]
2026-01-22 02:18:10 PM [info-Sudhanshu Singh]: Data retrieved successfully [IP: ::ffff:127.0.0.1]
2026-01-22 02:18:12 PM [info-Sudhanshu Singh]: Data retrieved successfully [IP: ::ffff:127.0.0.1]
2026-01-22 02:18:37 PM [info-Sudhanshu Singh]: Employee (partial) list retrieved successfully [IP: ::ffff:127.0.0.1]
2026-01-22 02:18:37 PM [info-Sudhanshu Singh]: Data retrieved successfully [IP: ::ffff:127.0.0.1]
2026-01-22 02:19:04 PM [info-Sudhanshu Singh]: Data retrieved successfully [IP: ::ffff:127.0.0.1]
2026-01-22 02:19:04 PM [info-Sudhanshu Singh]: Data retrieved successfully [IP: ::ffff:127.0.0.1]
2026-01-22 02:19:04 PM [info-Sudhanshu Singh]: Data retrieved successfully [IP: ::ffff:127.0.0.1]
2026-01-22 02:19:04 PM [info-Sudhanshu Singh]: Data retrieved successfully [IP: ::ffff:127.0.0.1]
2026-01-22 02:24:33 PM [info-Sudhanshu Singh]: Employee (partial) list retrieved successfully [IP: ::ffff:127.0.0.1]
2026-01-22 02:24:33 PM [info-Sudhanshu Singh]: Data retrieved successfully [IP: ::ffff:127.0.0.1]
2026-01-22 02:24:34 PM [info-Sudhanshu Singh]: Data retrieved successfully [IP: ::ffff:127.0.0.1]
2026-01-22 02:24:34 PM [info-Sudhanshu Singh]: Data retrieved successfully [IP: ::ffff:127.0.0.1]
2026-01-22 02:24:34 PM [info-Sudhanshu Singh]: Data retrieved successfully [IP: ::ffff:127.0.0.1]
2026-01-22 02:24:34 PM [info-Sudhanshu Singh]: Data retrieved successfully [IP: ::ffff:127.0.0.1]
2026-01-22 02:25:38 PM [info-Sudhanshu Singh]: Employee (partial) list retrieved successfully [IP: ::ffff:127.0.0.1]
2026-01-22 02:25:38 PM [info-Sudhanshu Singh]: Data retrieved successfully [IP: ::ffff:127.0.0.1]
2026-01-22 02:25:39 PM [info-Sudhanshu Singh]: Data retrieved successfully [IP: ::ffff:127.0.0.1]
2026-01-22 02:25:39 PM [info-Sudhanshu Singh]: Data retrieved successfully [IP: ::ffff:127.0.0.1]
2026-01-22 02:25:39 PM [info-Sudhanshu Singh]: Data retrieved successfully [IP: ::ffff:127.0.0.1]
2026-01-22 02:25:39 PM [info-Sudhanshu Singh]: Data retrieved successfully [IP: ::ffff:127.0.0.1]
2026-01-22 02:29:21 PM [info-Sudhanshu Singh]: Employee (partial) list retrieved successfully [IP: ::ffff:127.0.0.1]
2026-01-22 02:29:21 PM [info-Sudhanshu Singh]: Data retrieved successfully [IP: ::ffff:127.0.0.1]
2026-01-22 02:29:23 PM [info-Sudhanshu Singh]: Data retrieved successfully [IP: ::ffff:127.0.0.1]
2026-01-22 02:29:23 PM [info-Sudhanshu Singh]: Data retrieved successfully [IP: ::ffff:127.0.0.1]
2026-01-22 02:29:23 PM [info-Sudhanshu Singh]: Data retrieved successfully [IP: ::ffff:127.0.0.1]
2026-01-22 02:29:23 PM [info-Sudhanshu Singh]: Data retrieved successfully [IP: ::ffff:127.0.0.1]
2026-01-22 02:31:14 PM [info-Sudhanshu Singh]: Employee (partial) list retrieved successfully [IP: ::ffff:127.0.0.1]
2026-01-22 02:31:14 PM [info-Sudhanshu Singh]: Data retrieved successfully [IP: ::ffff:127.0.0.1]
2026-01-22 02:31:41 PM [info-Sudhanshu Singh]: Data retrieved successfully [IP: ::ffff:127.0.0.1]
2026-01-22 02:31:41 PM [info-Sudhanshu Singh]: Data retrieved successfully [IP: ::ffff:127.0.0.1]
2026-01-22 02:31:41 PM [info-Sudhanshu Singh]: Data retrieved successfully [IP: ::ffff:127.0.0.1]
2026-01-22 02:31:41 PM [info-Sudhanshu Singh]: Data retrieved successfully [IP: ::ffff:127.0.0.1]
2026-01-22 02:47:53 PM [info-Sudhanshu Singh]: Employee (partial) list retrieved successfully [IP: ::ffff:127.0.0.1]
2026-01-22 02:47:53 PM [info-Sudhanshu Singh]: Data retrieved successfully [IP: ::ffff:127.0.0.1]
2026-01-22 02:47:55 PM [info-Sudhanshu Singh]: Data retrieved successfully [IP: ::ffff:127.0.0.1]
2026-01-22 02:47:55 PM [info-Sudhanshu Singh]: Data retrieved successfully [IP: ::ffff:127.0.0.1]
2026-01-22 02:47:55 PM [info-Sudhanshu Singh]: Data retrieved successfully [IP: ::ffff:127.0.0.1]
2026-01-22 02:47:55 PM [info-Sudhanshu Singh]: Data retrieved successfully [IP: ::ffff:127.0.0.1]
2026-01-22 02:52:29 PM [info-Admin Admin]: Data retrieved successfully [IP: ::1]
2026-01-22 03:07:23 PM [info-Sudhanshu Singh]: Employee (partial) list retrieved successfully [IP: ::ffff:127.0.0.1]
2026-01-22 03:07:23 PM [info-Sudhanshu Singh]: Data retrieved successfully [IP: ::ffff:127.0.0.1]
2026-01-22 03:07:27 PM [info-Sudhanshu Singh]: Data retrieved successfully [IP: ::ffff:127.0.0.1]
2026-01-22 03:07:27 PM [info-Sudhanshu Singh]: Data retrieved successfully [IP: ::ffff:127.0.0.1]
2026-01-22 03:07:27 PM [info-Sudhanshu Singh]: Data retrieved successfully [IP: ::ffff:127.0.0.1]
2026-01-22 03:07:27 PM [info-Sudhanshu Singh]: Data retrieved successfully [IP: ::ffff:127.0.0.1]
2026-01-22 03:09:42 PM [info-Sudhanshu Singh]: Employee (partial) list retrieved successfully [IP: ::ffff:127.0.0.1]
2026-01-22 03:09:42 PM [info-Sudhanshu Singh]: Data retrieved successfully [IP: ::ffff:127.0.0.1]
2026-01-22 03:09:43 PM [info-Sudhanshu Singh]: Data retrieved successfully [IP: ::ffff:127.0.0.1]
2026-01-22 03:09:43 PM [info-Sudhanshu Singh]: Data retrieved successfully [IP: ::ffff:127.0.0.1]
2026-01-22 03:09:43 PM [info-Sudhanshu Singh]: Data retrieved successfully [IP: ::ffff:127.0.0.1]
2026-01-22 03:09:43 PM [info-Sudhanshu Singh]: Data retrieved successfully [IP: ::ffff:127.0.0.1]
2026-01-22 03:10:52 PM [info-Sudhanshu Singh]: Employee (partial) list retrieved successfully [IP: ::ffff:127.0.0.1]
2026-01-22 03:10:52 PM [info-Sudhanshu Singh]: Data retrieved successfully [IP: ::ffff:127.0.0.1]
2026-01-22 03:22:32 PM [info-Sudhanshu Singh]: Employee (partial) list retrieved successfully [IP: ::ffff:127.0.0.1]
2026-01-22 03:22:32 PM [info-Sudhanshu Singh]: Data retrieved successfully [IP: ::ffff:127.0.0.1]
2026-01-22 03:22:41 PM [info-Sudhanshu Singh]: Employee (partial) list retrieved successfully [IP: ::ffff:127.0.0.1]
2026-01-22 03:22:41 PM [info-Sudhanshu Singh]: Data retrieved successfully [IP: ::ffff:127.0.0.1]
2026-01-22 03:22:41 PM [info-Sudhanshu Singh]: Data retrieved successfully [IP: ::ffff:127.0.0.1]
2026-01-22 03:22:54 PM [info-Sudhanshu Singh]: Employee (partial) list retrieved successfully [IP: ::ffff:127.0.0.1]
2026-01-22 03:22:54 PM [info-Sudhanshu Singh]: Data retrieved successfully [IP: ::ffff:127.0.0.1]
2026-01-22 03:23:14 PM [info-Sudhanshu Singh]: Data retrieved successfully [IP: ::ffff:127.0.0.1]
2026-01-22 03:23:14 PM [info-Sudhanshu Singh]: Data retrieved successfully [IP: ::ffff:127.0.0.1]
2026-01-22 03:23:14 PM [info-Sudhanshu Singh]: Data retrieved successfully [IP: ::ffff:127.0.0.1]
2026-01-22 03:23:27 PM [info-Sudhanshu Singh]: Data retrieved successfully [IP: ::ffff:127.0.0.1]
2026-01-22 03:23:27 PM [info-Sudhanshu Singh]: Data retrieved successfully [IP: ::ffff:127.0.0.1]
2026-01-22 03:23:27 PM [info-Sudhanshu Singh]: Data retrieved successfully [IP: ::ffff:127.0.0.1]
2026-01-22 03:23:52 PM [info-Sudhanshu Singh]: Data retrieved successfully [IP: ::ffff:127.0.0.1]
2026-01-22 03:23:52 PM [info-Sudhanshu Singh]: Data retrieved successfully [IP: ::ffff:127.0.0.1]
2026-01-22 03:23:52 PM [info-Sudhanshu Singh]: Data retrieved successfully [IP: ::ffff:127.0.0.1]
2026-01-22 03:23:58 PM [info-Sudhanshu Singh]: Data retrieved successfully [IP: ::ffff:127.0.0.1]
2026-01-22 03:23:58 PM [info-Sudhanshu Singh]: Data retrieved successfully [IP: ::ffff:127.0.0.1]
2026-01-22 03:23:58 PM [info-Sudhanshu Singh]: Data retrieved successfully [IP: ::ffff:127.0.0.1]
2026-01-22 03:24:18 PM [info-Sudhanshu Singh]: Data retrieved successfully [IP: ::ffff:127.0.0.1]
2026-01-22 03:24:18 PM [info-Sudhanshu Singh]: Data retrieved successfully [IP: ::ffff:127.0.0.1]
2026-01-22 03:24:18 PM [info-Sudhanshu Singh]: Data retrieved successfully [IP: ::ffff:127.0.0.1]
2026-01-22 03:24:28 PM [info-Sudhanshu Singh]: Employee (partial) list retrieved successfully [IP: ::ffff:127.0.0.1]
2026-01-22 03:24:28 PM [info-Sudhanshu Singh]: Data retrieved successfully [IP: ::ffff:127.0.0.1]
2026-01-22 03:24:28 PM [info-Sudhanshu Singh]: Data retrieved successfully [IP: ::ffff:127.0.0.1]
2026-01-22 03:30:38 PM [error-System]: Error in GET /employee/all/partial?page=1&limit=6: You need to re-authenticate. Please log in.
2026-01-22 03:30:38 PM [info-System]: Failed to retrieve data [IP: ::ffff:127.0.0.1]
2026-01-22 03:30:38 PM [error-System]: Error in GET /vendors/filterVendor/all?page=1&limit=6: You need to re-authenticate. Please log in.
2026-01-22 03:30:38 PM [info-System]: Failed to retrieve data [IP: ::ffff:127.0.0.1]
2026-01-22 03:30:38 PM [error-System]: Error in GET /products/partial/data?page=1&limit=6: You need to re-authenticate. Please log in.
2026-01-22 03:30:38 PM [info-System]: Failed to retrieve data [IP: ::ffff:127.0.0.1]
2026-01-22 03:30:38 PM [error-System]: Error in GET /location-branches/filterData/filter/all: You need to re-authenticate. Please log in.
2026-01-22 03:30:38 PM [info-System]: Failed to retrieve data [IP: ::ffff:127.0.0.1]
2026-01-22 03:30:38 PM [error-System]: Error in GET /farmers/filterFarmer/all?page=1&limit=6: You need to re-authenticate. Please log in.
2026-01-22 03:30:38 PM [info-System]: Failed to retrieve data [IP: ::ffff:127.0.0.1]
2026-01-22 03:30:38 PM [error-System]: Error in GET /company/partial/details: You need to re-authenticate. Please log in.
2026-01-22 03:30:38 PM [info-System]: Failed to retrieve data [IP: ::ffff:127.0.0.1]
2026-01-22 03:30:38 PM [error-System]: Error in GET /userreport/user-counts: You need to re-authenticate. Please log in.
2026-01-22 03:30:38 PM [info-System]: Failed to retrieve data [IP: ::ffff:127.0.0.1]
2026-01-22 03:30:38 PM [error-System]: Error in GET /customers/names/all: You need to re-authenticate. Please log in.
2026-01-22 03:30:38 PM [info-System]: Failed to retrieve data [IP: ::ffff:127.0.0.1]
2026-01-22 03:30:38 PM [error-System]: Error in GET /admin/dashboard/active-users: You need to re-authenticate. Please log in.
2026-01-22 03:30:38 PM [info-System]: Failed to retrieve data [IP: ::ffff:127.0.0.1]
2026-01-22 03:30:38 PM [error-System]: Error in GET /userreport/total-purchase: You need to re-authenticate. Please log in.
2026-01-22 03:30:38 PM [info-System]: Failed to retrieve data [IP: ::ffff:127.0.0.1]
2026-01-22 03:30:38 PM [error-System]: Error in GET /userreport/total-sale: You need to re-authenticate. Please log in.
2026-01-22 03:30:38 PM [info-System]: Failed to retrieve data [IP: ::ffff:127.0.0.1]
2026-01-22 03:30:38 PM [error-System]: Error in POST /auth/refresh-token: You need to re-authenticate. Please log in.
2026-01-22 03:30:39 PM [info-System]: Failed to create record [IP: ::ffff:127.0.0.1]
2026-01-22 03:30:39 PM [error-System]: Error in POST /auth/refresh-token: You need to re-authenticate. Please log in.
2026-01-22 03:30:39 PM [info-System]: Failed to create record [IP: ::ffff:127.0.0.1]
2026-01-22 03:30:39 PM [error-System]: Error in POST /auth/refresh-token: You need to re-authenticate. Please log in.
2026-01-22 03:30:39 PM [info-System]: Failed to create record [IP: ::ffff:127.0.0.1]
2026-01-22 03:30:39 PM [error-System]: Error in POST /auth/refresh-token: You need to re-authenticate. Please log in.
2026-01-22 03:30:39 PM [info-System]: Failed to create record [IP: ::ffff:127.0.0.1]
2026-01-22 03:30:39 PM [error-System]: Error in POST /auth/refresh-token: You need to re-authenticate. Please log in.
2026-01-22 03:30:39 PM [info-System]: Failed to create record [IP: ::ffff:127.0.0.1]
2026-01-22 03:30:39 PM [error-System]: Error in POST /auth/refresh-token: You need to re-authenticate. Please log in.
2026-01-22 03:30:39 PM [info-System]: Failed to create record [IP: ::ffff:127.0.0.1]
2026-01-22 03:30:39 PM [error-System]: Error in POST /auth/refresh-token: You need to re-authenticate. Please log in.
2026-01-22 03:30:39 PM [info-System]: Failed to create record [IP: ::ffff:127.0.0.1]
2026-01-22 03:30:39 PM [error-System]: Error in POST /auth/refresh-token: You need to re-authenticate. Please log in.
2026-01-22 03:30:39 PM [info-System]: Failed to create record [IP: ::ffff:127.0.0.1]
2026-01-22 03:30:39 PM [error-System]: Error in POST /auth/refresh-token: You need to re-authenticate. Please log in.
2026-01-22 03:30:39 PM [info-System]: Failed to create record [IP: ::ffff:127.0.0.1]
2026-01-22 03:30:39 PM [error-System]: Error in POST /auth/refresh-token: You need to re-authenticate. Please log in.
2026-01-22 03:30:39 PM [info-System]: Failed to create record [IP: ::ffff:127.0.0.1]
2026-01-22 03:30:39 PM [error-System]: Error in POST /auth/refresh-token: You need to re-authenticate. Please log in.
2026-01-22 03:30:39 PM [info-System]: Failed to create record [IP: ::ffff:127.0.0.1]
2026-01-22 03:30:40 PM [error-System]: Error in GET /employee/all/partial?page=1&limit=6: You need to re-authenticate. Please log in.
2026-01-22 03:30:40 PM [info-System]: Failed to retrieve data [IP: ::ffff:127.0.0.1]
2026-01-22 03:30:40 PM [error-System]: Error in GET /admin/dashboard/active-users: You need to re-authenticate. Please log in.
2026-01-22 03:30:40 PM [info-System]: Failed to retrieve data [IP: ::ffff:127.0.0.1]
2026-01-22 03:30:40 PM [error-System]: Error in GET /userreport/total-purchase: You need to re-authenticate. Please log in.
2026-01-22 03:30:40 PM [info-System]: Failed to retrieve data [IP: ::ffff:127.0.0.1]
2026-01-22 03:30:40 PM [error-System]: Error in GET /customers/names/all: You need to re-authenticate. Please log in.
2026-01-22 03:30:40 PM [info-System]: Failed to retrieve data [IP: ::ffff:127.0.0.1]
2026-01-22 03:30:40 PM [error-System]: Error in GET /userreport/total-sale: You need to re-authenticate. Please log in.
2026-01-22 03:30:40 PM [info-System]: Failed to retrieve data [IP: ::ffff:127.0.0.1]
2026-01-22 03:30:41 PM [error-System]: Error in GET /userreport/user-counts: You need to re-authenticate. Please log in.
2026-01-22 03:30:41 PM [info-System]: Failed to retrieve data [IP: ::ffff:127.0.0.1]
2026-01-22 03:30:41 PM [error-System]: Error in GET /vendors/filterVendor/all?page=1&limit=6: You need to re-authenticate. Please log in.
2026-01-22 03:30:41 PM [info-System]: Failed to retrieve data [IP: ::ffff:127.0.0.1]
2026-01-22 03:30:41 PM [error-System]: Error in GET /products/partial/data?page=1&limit=6: You need to re-authenticate. Please log in.
2026-01-22 03:30:41 PM [info-System]: Failed to retrieve data [IP: ::ffff:127.0.0.1]
2026-01-22 03:30:41 PM [error-System]: Error in GET /location-branches/filterData/filter/all: You need to re-authenticate. Please log in.
2026-01-22 03:30:41 PM [info-System]: Failed to retrieve data [IP: ::ffff:127.0.0.1]
2026-01-22 03:30:41 PM [error-System]: Error in GET /company/partial/details: You need to re-authenticate. Please log in.
2026-01-22 03:30:41 PM [info-System]: Failed to retrieve data [IP: ::ffff:127.0.0.1]
2026-01-22 03:30:42 PM [error-System]: Error in POST /auth/refresh-token: You need to re-authenticate. Please log in.
2026-01-22 03:30:42 PM [info-System]: Failed to create record [IP: ::ffff:127.0.0.1]
2026-01-22 03:30:42 PM [error-System]: Error in POST /auth/refresh-token: You need to re-authenticate. Please log in.
2026-01-22 03:30:42 PM [info-System]: Failed to create record [IP: ::ffff:127.0.0.1]
2026-01-22 03:30:42 PM [error-System]: Error in POST /auth/refresh-token: You need to re-authenticate. Please log in.
2026-01-22 03:30:42 PM [info-System]: Failed to create record [IP: ::ffff:127.0.0.1]
2026-01-22 03:30:42 PM [error-System]: Error in POST /auth/refresh-token: You need to re-authenticate. Please log in.
2026-01-22 03:30:42 PM [info-System]: Failed to create record [IP: ::ffff:127.0.0.1]
2026-01-22 03:30:42 PM [error-System]: Error in POST /auth/refresh-token: You need to re-authenticate. Please log in.
2026-01-22 03:30:42 PM [info-System]: Failed to create record [IP: ::ffff:127.0.0.1]
2026-01-22 03:30:42 PM [error-System]: Error in POST /auth/refresh-token: You need to re-authenticate. Please log in.
2026-01-22 03:30:42 PM [info-System]: Failed to create record [IP: ::ffff:127.0.0.1]
2026-01-22 03:30:44 PM [error-System]: Error in POST /auth/refresh-token: You need to re-authenticate. Please log in.
2026-01-22 03:30:44 PM [info-System]: Failed to create record [IP: ::ffff:127.0.0.1]
2026-01-22 03:30:44 PM [error-System]: Error in POST /auth/refresh-token: You need to re-authenticate. Please log in.
2026-01-22 03:30:44 PM [info-System]: Failed to create record [IP: ::ffff:127.0.0.1]
2026-01-22 03:30:44 PM [error-System]: Error in GET /farmers/filterFarmer/all?page=1&limit=6: You need to re-authenticate. Please log in.
2026-01-22 03:30:44 PM [info-System]: Failed to retrieve data [IP: ::ffff:127.0.0.1]
2026-01-22 03:30:44 PM [error-System]: Error in POST /auth/refresh-token: You need to re-authenticate. Please log in.
2026-01-22 03:30:44 PM [info-System]: Failed to create record [IP: ::ffff:127.0.0.1]
2026-01-22 03:30:44 PM [error-System]: Error in POST /auth/refresh-token: You need to re-authenticate. Please log in.
2026-01-22 03:30:44 PM [info-System]: Failed to create record [IP: ::ffff:127.0.0.1]
2026-01-22 03:30:44 PM [error-System]: Error in POST /auth/refresh-token: You need to re-authenticate. Please log in.
2026-01-22 03:30:44 PM [info-System]: Failed to create record [IP: ::ffff:127.0.0.1]
2026-01-22 03:30:48 PM [info-Sagar Pagar]: User logout successful [IP: ::ffff:127.0.0.1]
2026-01-22 03:30:48 PM [info-System]: User logged out successfully [IP: ::ffff:127.0.0.1]
2026-01-22 03:30:56 PM [info-Malav Patel]: User login successful [IP: ::ffff:127.0.0.1]
2026-01-22 03:30:56 PM [info-System]: User logged in successfully [IP: ::ffff:127.0.0.1]
2026-01-22 03:30:59 PM [info-Admin Admin]: Farmers (filtered) list retrieved successfully [IP: ::ffff:127.0.0.1]
2026-01-22 03:30:59 PM [info-Admin Admin]: Data retrieved successfully [IP: ::ffff:127.0.0.1]
2026-01-22 03:30:59 PM [info-Admin Admin]: Data retrieved successfully [IP: ::ffff:127.0.0.1]
2026-01-22 03:30:59 PM [info-Admin Admin]: Data retrieved successfully [IP: ::ffff:127.0.0.1]
2026-01-22 03:30:59 PM [info-Admin Admin]: Employee (partial) list retrieved successfully [IP: ::ffff:127.0.0.1]
2026-01-22 03:30:59 PM [info-Admin Admin]: Data retrieved successfully [IP: ::ffff:127.0.0.1]
2026-01-22 03:31:00 PM [info-Admin Admin]: Data retrieved successfully [IP: ::ffff:127.0.0.1]
2026-01-22 03:31:00 PM [info-Admin Admin]: Customer data retrieved successfully [IP: ::ffff:127.0.0.1]
2026-01-22 03:31:00 PM [info-Admin Admin]: Company data retrieved successfully [IP: ::ffff:127.0.0.1]
2026-01-22 03:31:00 PM [info-Admin Admin]: Branch data retrieved successfully [IP: ::ffff:127.0.0.1]
2026-01-22 03:31:00 PM [info-Admin Admin]: Data retrieved successfully [IP: ::ffff:127.0.0.1]
2026-01-22 03:31:00 PM [info-Admin Admin]: User counts report list retrieved successfully [IP: ::ffff:127.0.0.1]
2026-01-22 03:31:00 PM [info-Admin Admin]: Data retrieved successfully [IP: ::ffff:127.0.0.1]
2026-01-22 03:31:00 PM [info-Admin Admin]: Data retrieved successfully [IP: ::ffff:127.0.0.1]
2026-01-22 03:31:09 PM [info-Admin Admin]: Employee (partial) list retrieved successfully [IP: ::ffff:127.0.0.1]
2026-01-22 03:31:09 PM [info-Admin Admin]: Data retrieved successfully [IP: ::ffff:127.0.0.1]
2026-01-22 03:32:08 PM [error-Admin Admin]: Workflow tree retrieval failed: invalid input syntax for type uuid: "p" [IP: ::ffff:127.0.0.1]
2026-01-22 03:32:08 PM [info-Admin Admin]: Failed to retrieve data [IP: ::ffff:127.0.0.1]
2026-01-22 03:32:08 PM [error-Admin Admin]: Workflow tree retrieval failed: invalid input syntax for type uuid: "pr" [IP: ::ffff:127.0.0.1]
2026-01-22 03:32:08 PM [info-Admin Admin]: Failed to retrieve data [IP: ::ffff:127.0.0.1]
2026-01-22 03:32:08 PM [error-Admin Admin]: Workflow tree retrieval failed: invalid input syntax for type uuid: "pra" [IP: ::ffff:127.0.0.1]
2026-01-22 03:32:08 PM [info-Admin Admin]: Failed to retrieve data [IP: ::ffff:127.0.0.1]
2026-01-22 03:32:09 PM [error-Admin Admin]: Workflow tree retrieval failed: invalid input syntax for type uuid: "pras" [IP: ::ffff:127.0.0.1]
2026-01-22 03:32:09 PM [info-Admin Admin]: Failed to retrieve data [IP: ::ffff:127.0.0.1]
2026-01-22 03:32:09 PM [error-Admin Admin]: Workflow tree retrieval failed: invalid input syntax for type uuid: "prash" [IP: ::ffff:127.0.0.1]
2026-01-22 03:32:09 PM [info-Admin Admin]: Failed to retrieve data [IP: ::ffff:127.0.0.1]
2026-01-22 03:32:10 PM [info-Admin Admin]: Workflow tree list retrieved successfully [IP: ::ffff:127.0.0.1]
2026-01-22 03:32:13 PM [info-Admin Admin]: Data retrieved successfully [IP: ::ffff:127.0.0.1]
2026-01-22 03:33:04 PM [error-Admin Admin]: Workflow tree retrieval failed: invalid input syntax for type uuid: "N" [IP: ::ffff:127.0.0.1]
2026-01-22 03:33:04 PM [info-Admin Admin]: Failed to retrieve data [IP: ::ffff:127.0.0.1]
2026-01-22 03:33:04 PM [error-Admin Admin]: Workflow tree retrieval failed: invalid input syntax for type uuid: "NA" [IP: ::ffff:127.0.0.1]
2026-01-22 03:33:04 PM [info-Admin Admin]: Failed to retrieve data [IP: ::ffff:127.0.0.1]
2026-01-22 03:33:04 PM [error-Admin Admin]: Workflow tree retrieval failed: invalid input syntax for type uuid: "NAr" [IP: ::ffff:127.0.0.1]
2026-01-22 03:33:04 PM [info-Admin Admin]: Failed to retrieve data [IP: ::ffff:127.0.0.1]
2026-01-22 03:33:06 PM [error-Admin Admin]: Workflow tree retrieval failed: invalid input syntax for type uuid: "NAre" [IP: ::ffff:127.0.0.1]
2026-01-22 03:33:06 PM [info-Admin Admin]: Failed to retrieve data [IP: ::ffff:127.0.0.1]
2026-01-22 03:33:06 PM [error-Admin Admin]: Workflow tree retrieval failed: invalid input syntax for type uuid: "NAren" [IP: ::ffff:127.0.0.1]
2026-01-22 03:33:06 PM [info-Admin Admin]: Failed to retrieve data [IP: ::ffff:127.0.0.1]
2026-01-22 03:33:09 PM [info-Admin Admin]: Workflow tree list retrieved successfully [IP: ::ffff:127.0.0.1]
2026-01-22 03:33:11 PM [info-Admin Admin]: Data retrieved successfully [IP: ::ffff:127.0.0.1]
2026-01-22 03:40:06 PM [info-Admin Admin]: Failed to retrieve data [IP: ::1]
2026-01-22 03:42:41 PM [info-Admin Admin]: Data retrieved successfully [IP: ::1]
2026-01-22 03:47:27 PM [error-Admin Admin]: Workflow tree retrieval failed: invalid input syntax for type uuid: "Sudhanshu Ramnewal Sing" [IP: ::ffff:127.0.0.1]
2026-01-22 03:47:27 PM [info-Admin Admin]: Failed to retrieve data [IP: ::ffff:127.0.0.1]
2026-01-22 03:47:27 PM [error-Admin Admin]: Workflow tree retrieval failed: invalid input syntax for type uuid: "s" [IP: ::ffff:127.0.0.1]
2026-01-22 03:47:27 PM [info-Admin Admin]: Failed to retrieve data [IP: ::ffff:127.0.0.1]
2026-01-22 03:47:27 PM [error-Admin Admin]: Workflow tree retrieval failed: invalid input syntax for type uuid: "su" [IP: ::ffff:127.0.0.1]
2026-01-22 03:47:27 PM [info-Admin Admin]: Failed to retrieve data [IP: ::ffff:127.0.0.1]
2026-01-22 03:47:27 PM [error-Admin Admin]: Workflow tree retrieval failed: invalid input syntax for type uuid: "sud" [IP: ::ffff:127.0.0.1]
2026-01-22 03:47:27 PM [info-Admin Admin]: Failed to retrieve data [IP: ::ffff:127.0.0.1]
2026-01-22 03:47:27 PM [error-Admin Admin]: Workflow tree retrieval failed: invalid input syntax for type uuid: "sudha" [IP: ::ffff:127.0.0.1]
2026-01-22 03:47:27 PM [info-Admin Admin]: Failed to retrieve data [IP: ::ffff:127.0.0.1]
2026-01-22 03:47:27 PM [error-Admin Admin]: Workflow tree retrieval failed: invalid input syntax for type uuid: "sudh" [IP: ::ffff:127.0.0.1]
2026-01-22 03:47:27 PM [info-Admin Admin]: Failed to retrieve data [IP: ::ffff:127.0.0.1]
2026-01-22 03:47:27 PM [error-Admin Admin]: Workflow tree retrieval failed: invalid input syntax for type uuid: "sudhan" [IP: ::ffff:127.0.0.1]
2026-01-22 03:47:27 PM [info-Admin Admin]: Failed to retrieve data [IP: ::ffff:127.0.0.1]
2026-01-22 03:47:28 PM [error-Admin Admin]: Workflow tree retrieval failed: invalid input syntax for type uuid: "sudhan" [IP: ::ffff:127.0.0.1]
2026-01-22 03:47:28 PM [info-Admin Admin]: Failed to retrieve data [IP: ::ffff:127.0.0.1]
2026-01-22 03:47:29 PM [info-Admin Admin]: Workflow tree list retrieved successfully [IP: ::ffff:127.0.0.1]
2026-01-22 03:47:31 PM [info-Admin Admin]: Data retrieved successfully [IP: ::ffff:127.0.0.1]
2026-01-22 03:50:00 PM [info-Admin Admin]: Data retrieved successfully [IP: ::1]
2026-01-22 03:52:31 PM [info-Admin Admin]: Data retrieved successfully [IP: ::1]
2026-01-22 04:02:48 PM [info-Admin Admin]: Employee (partial) list retrieved successfully [IP: ::ffff:127.0.0.1]
2026-01-22 04:02:48 PM [info-Admin Admin]: Data retrieved successfully [IP: ::ffff:127.0.0.1]
2026-01-22 04:02:55 PM [error-Admin Admin]: Workflow tree retrieval failed: invalid input syntax for type uuid: "r" [IP: ::ffff:127.0.0.1]
2026-01-22 04:02:55 PM [info-Admin Admin]: Failed to retrieve data [IP: ::ffff:127.0.0.1]
2026-01-22 04:02:55 PM [error-Admin Admin]: Workflow tree retrieval failed: invalid input syntax for type uuid: "ra" [IP: ::ffff:127.0.0.1]
2026-01-22 04:02:55 PM [info-Admin Admin]: Failed to retrieve data [IP: ::ffff:127.0.0.1]
2026-01-22 04:02:56 PM [error-Admin Admin]: Workflow tree retrieval failed: invalid input syntax for type uuid: "rav" [IP: ::ffff:127.0.0.1]
2026-01-22 04:02:56 PM [info-Admin Admin]: Failed to retrieve data [IP: ::ffff:127.0.0.1]
2026-01-22 04:02:56 PM [error-Admin Admin]: Workflow tree retrieval failed: invalid input syntax for type uuid: "ravi" [IP: ::ffff:127.0.0.1]
2026-01-22 04:02:56 PM [info-Admin Admin]: Failed to retrieve data [IP: ::ffff:127.0.0.1]
2026-01-22 04:02:57 PM [error-Admin Admin]: Workflow tree retrieval failed: invalid input syntax for type uuid: "ravi" [IP: ::ffff:127.0.0.1]
2026-01-22 04:02:57 PM [info-Admin Admin]: Failed to retrieve data [IP: ::ffff:127.0.0.1]
2026-01-22 04:02:58 PM [info-Admin Admin]: Workflow tree list retrieved successfully [IP: ::ffff:127.0.0.1]
2026-01-22 04:02:58 PM [info-Admin Admin]: Data retrieved successfully [IP: ::ffff:127.0.0.1]
2026-01-22 04:03:37 PM [error-Admin Admin]: Workflow tree retrieval failed: invalid input syntax for type uuid: "Pras" [IP: ::ffff:127.0.0.1]
2026-01-22 04:03:37 PM [info-Admin Admin]: Failed to retrieve data [IP: ::ffff:127.0.0.1]
2026-01-22 04:03:37 PM [error-Admin Admin]: Workflow tree retrieval failed: invalid input syntax for type uuid: "Pr" [IP: ::ffff:127.0.0.1]
2026-01-22 04:03:37 PM [info-Admin Admin]: Failed to retrieve data [IP: ::ffff:127.0.0.1]
2026-01-22 04:03:37 PM [error-Admin Admin]: Workflow tree retrieval failed: invalid input syntax for type uuid: "Prashan" [IP: ::ffff:127.0.0.1]
2026-01-22 04:03:37 PM [info-Admin Admin]: Failed to retrieve data [IP: ::ffff:127.0.0.1]
2026-01-22 04:03:37 PM [error-Admin Admin]: Workflow tree retrieval failed: invalid input syntax for type uuid: "Prash" [IP: ::ffff:127.0.0.1]
2026-01-22 04:03:37 PM [info-Admin Admin]: Failed to retrieve data [IP: ::ffff:127.0.0.1]
2026-01-22 04:03:37 PM [error-Admin Admin]: Workflow tree retrieval failed: invalid input syntax for type uuid: "Pra" [IP: ::ffff:127.0.0.1]
2026-01-22 04:03:37 PM [info-Admin Admin]: Failed to retrieve data [IP: ::ffff:127.0.0.1]
2026-01-22 04:03:37 PM [error-Admin Admin]: Workflow tree retrieval failed: invalid input syntax for type uuid: "P" [IP: ::ffff:127.0.0.1]
2026-01-22 04:03:37 PM [info-Admin Admin]: Failed to retrieve data [IP: ::ffff:127.0.0.1]
2026-01-22 04:03:37 PM [error-Admin Admin]: Workflow tree retrieval failed: invalid input syntax for type uuid: "Prasha" [IP: ::ffff:127.0.0.1]
2026-01-22 04:03:37 PM [info-Admin Admin]: Failed to retrieve data [IP: ::ffff:127.0.0.1]
2026-01-22 04:03:38 PM [info-Admin Admin]: Workflow tree list retrieved successfully [IP: ::ffff:127.0.0.1]
2026-01-22 04:03:38 PM [info-Admin Admin]: Data retrieved successfully [IP: ::ffff:127.0.0.1]
2026-01-22 04:03:43 PM [info-Admin Admin]: Workflow tree list retrieved successfully [IP: ::ffff:127.0.0.1]
2026-01-22 04:03:43 PM [info-Admin Admin]: Data retrieved successfully [IP: ::ffff:127.0.0.1]
2026-01-22 04:09:10 PM [info-Admin Admin]: Employee (partial) list retrieved successfully [IP: ::ffff:127.0.0.1]
2026-01-22 04:09:10 PM [info-Admin Admin]: Data retrieved successfully [IP: ::ffff:127.0.0.1]
2026-01-22 04:09:15 PM [info-Admin Admin]: Employee (partial) list retrieved successfully [IP: ::ffff:127.0.0.1]
2026-01-22 04:09:15 PM [info-Admin Admin]: Data retrieved successfully [IP: ::ffff:127.0.0.1]
2026-01-22 04:09:42 PM [info-Admin Admin]: Employee (partial) list retrieved successfully [IP: ::ffff:127.0.0.1]
2026-01-22 04:09:42 PM [info-Admin Admin]: Data retrieved successfully [IP: ::ffff:127.0.0.1]
2026-01-22 04:10:01 PM [info-Admin Admin]: Employee (partial) list retrieved successfully [IP: ::ffff:127.0.0.1]
2026-01-22 04:10:01 PM [info-Admin Admin]: Data retrieved successfully [IP: ::ffff:127.0.0.1]
2026-01-22 04:15:05 PM [info-Admin Admin]: Data retrieved successfully [IP: ::1]
2026-01-22 04:40:09 PM [info-Admin Admin]: Employee (partial) list retrieved successfully [IP: ::ffff:127.0.0.1]
2026-01-22 04:40:09 PM [info-Admin Admin]: Data retrieved successfully [IP: ::ffff:127.0.0.1]
2026-01-22 04:40:09 PM [info-Sudhanshu Singh]: Employee (partial) list retrieved successfully [IP: ::ffff:127.0.0.1]
2026-01-22 04:40:09 PM [info-Sudhanshu Singh]: Data retrieved successfully [IP: ::ffff:127.0.0.1]
2026-01-22 04:40:09 PM [info-Sudhanshu Singh]: Data retrieved successfully [IP: ::ffff:127.0.0.1]
2026-01-22 04:54:07 PM [info-Admin Admin]: Employee (partial) list retrieved successfully [IP: ::ffff:127.0.0.1]
2026-01-22 04:54:07 PM [info-Admin Admin]: Data retrieved successfully [IP: ::ffff:127.0.0.1]
2026-01-22 04:54:07 PM [info-Sudhanshu Singh]: Employee (partial) list retrieved successfully [IP: ::ffff:127.0.0.1]
2026-01-22 04:54:07 PM [info-Sudhanshu Singh]: Data retrieved successfully [IP: ::ffff:127.0.0.1]
2026-01-22 04:54:07 PM [info-Sudhanshu Singh]: Data retrieved successfully [IP: ::ffff:127.0.0.1]
2026-01-22 05:04:21 PM [info-Admin Admin]: Data retrieved successfully [IP: ::1]
2026-01-22 05:41:16 PM [error-Admin Admin]: Error in GET /registration-report/export/excel?employeeIds=4909d77a-70d7-47e8-96b7-81f01f5e2672: Request aborted
2026-01-22 05:41:16 PM [info-Admin Admin]: Failed to retrieve data [IP: ::1]
2026-01-22 05:44:38 PM [error-Admin Admin]: Error in GET /registration-report/export/excel?employeeIds=4909d77a-70d7-47e8-96b7-81f01f5e2672: Request aborted
2026-01-22 05:44:38 PM [info-Admin Admin]: Failed to retrieve data [IP: ::1]
2026-01-22 05:45:54 PM [error-Admin Admin]: Error in GET /registration-report/export/excel?employeeIds=4909d77a-70d7-47e8-96b7-81f01f5e2672: Request aborted
2026-01-22 05:45:54 PM [info-Admin Admin]: Failed to retrieve data [IP: ::1]
2026-01-22 06:27:39 PM [info-Sudhanshu Singh]: Failed to retrieve data [IP: ::ffff:127.0.0.1]
2026-01-22 06:27:40 PM [info-Sudhanshu Singh]: Failed to retrieve data [IP: ::ffff:127.0.0.1]
2026-01-22 06:27:41 PM [info-Sudhanshu Singh]: Employee (partial) list retrieved successfully [IP: ::ffff:127.0.0.1]
2026-01-22 06:27:41 PM [info-Sudhanshu Singh]: Data retrieved successfully [IP: ::ffff:127.0.0.1]
2026-01-22 06:27:41 PM [info-Sudhanshu Singh]: Failed to retrieve data [IP: ::ffff:127.0.0.1]
2026-01-22 06:27:51 PM [info-Sudhanshu Singh]: Data retrieved successfully [IP: ::ffff:127.0.0.1]
2026-01-22 06:27:51 PM [info-Sudhanshu Singh]: Data retrieved successfully [IP: ::ffff:127.0.0.1]
2026-01-22 06:29:12 PM [info-Admin Admin]: Employee (partial) list retrieved successfully [IP: ::ffff:127.0.0.1]
2026-01-22 06:29:12 PM [info-Admin Admin]: Data retrieved successfully [IP: ::ffff:127.0.0.1]
2026-01-22 06:29:19 PM [info-Admin Admin]: Customer data retrieved successfully [IP: ::ffff:127.0.0.1]
2026-01-22 06:31:22 PM [info-Admin Admin]: Data retrieved successfully [IP: ::1]
2026-01-22 06:31:44 PM [info-Sudhanshu Singh]: Failed to retrieve data [IP: ::ffff:127.0.0.1]
2026-01-22 06:31:44 PM [info-Sudhanshu Singh]: Failed to retrieve data [IP: ::ffff:127.0.0.1]
2026-01-22 06:31:44 PM [info-Sudhanshu Singh]: Employee (partial) list retrieved successfully [IP: ::ffff:127.0.0.1]
2026-01-22 06:31:44 PM [info-Sudhanshu Singh]: Data retrieved successfully [IP: ::ffff:127.0.0.1]
2026-01-22 06:31:45 PM [info-Sudhanshu Singh]: Failed to retrieve data [IP: ::ffff:127.0.0.1]
2026-01-22 06:31:45 PM [info-Sudhanshu Singh]: Failed to retrieve data [IP: ::ffff:127.0.0.1]
2026-01-22 06:31:49 PM [info-Sudhanshu Singh]: Data retrieved successfully [IP: ::ffff:127.0.0.1]
2026-01-22 06:31:49 PM [info-Sudhanshu Singh]: Data retrieved successfully [IP: ::ffff:127.0.0.1]
2026-01-22 06:34:22 PM [info-Sudhanshu Singh]: Data retrieved successfully [IP: ::ffff:127.0.0.1]
2026-01-22 06:34:22 PM [info-Sudhanshu Singh]: Data retrieved successfully [IP: ::ffff:127.0.0.1]
2026-01-22 06:34:23 PM [info-Sudhanshu Singh]: Data retrieved successfully [IP: ::ffff:127.0.0.1]
2026-01-22 06:35:12 PM [info-Sudhanshu Singh]: Employee (partial) list retrieved successfully [IP: ::ffff:127.0.0.1]
2026-01-22 06:35:12 PM [info-Sudhanshu Singh]: Data retrieved successfully [IP: ::ffff:127.0.0.1]
2026-01-22 06:35:14 PM [info-Sudhanshu Singh]: Data retrieved successfully [IP: ::ffff:127.0.0.1]
2026-01-22 06:35:14 PM [info-Sudhanshu Singh]: Data retrieved successfully [IP: ::ffff:127.0.0.1]
2026-01-22 06:35:14 PM [info-Sudhanshu Singh]: Data retrieved successfully [IP: ::ffff:127.0.0.1]
2026-01-22 06:44:33 PM [info-Admin Admin]: Data retrieved successfully [IP: ::1]
2026-01-22 06:45:33 PM [info-Sudhanshu Singh]: Failed to retrieve data [IP: ::ffff:127.0.0.1]
2026-01-22 06:45:33 PM [info-Sudhanshu Singh]: Failed to retrieve data [IP: ::ffff:127.0.0.1]
2026-01-22 06:45:33 PM [info-Sudhanshu Singh]: Failed to retrieve data [IP: ::ffff:127.0.0.1]
2026-01-22 06:45:33 PM [info-Sudhanshu Singh]: Employee (partial) list retrieved successfully [IP: ::ffff:127.0.0.1]
2026-01-22 06:45:33 PM [info-Sudhanshu Singh]: Data retrieved successfully [IP: ::ffff:127.0.0.1]
2026-01-22 06:45:34 PM [info-Sudhanshu Singh]: Failed to retrieve data [IP: ::ffff:127.0.0.1]
2026-01-22 06:45:34 PM [info-Sudhanshu Singh]: Failed to retrieve data [IP: ::ffff:127.0.0.1]
2026-01-22 06:45:34 PM [info-Sudhanshu Singh]: Failed to retrieve data [IP: ::ffff:127.0.0.1]
2026-01-22 06:45:44 PM [info-Sudhanshu Singh]: Data retrieved successfully [IP: ::ffff:127.0.0.1]
2026-01-22 06:45:44 PM [info-Sudhanshu Singh]: Data retrieved successfully [IP: ::ffff:127.0.0.1]
2026-01-22 06:45:44 PM [info-Sudhanshu Singh]: Data retrieved successfully [IP: ::ffff:127.0.0.1]
2026-01-22 06:46:10 PM [info-Sudhanshu Singh]: Failed to retrieve data [IP: ::ffff:127.0.0.1]
2026-01-22 06:46:10 PM [info-Sudhanshu Singh]: Failed to retrieve data [IP: ::ffff:127.0.0.1]
2026-01-22 06:46:10 PM [info-Sudhanshu Singh]: Failed to retrieve data [IP: ::ffff:127.0.0.1]
2026-01-22 06:46:11 PM [info-Sudhanshu Singh]: Employee (partial) list retrieved successfully [IP: ::ffff:127.0.0.1]
2026-01-22 06:46:11 PM [info-Sudhanshu Singh]: Data retrieved successfully [IP: ::ffff:127.0.0.1]
2026-01-22 06:46:11 PM [info-Sudhanshu Singh]: Failed to retrieve data [IP: ::ffff:127.0.0.1]
2026-01-22 06:46:11 PM [info-Sudhanshu Singh]: Failed to retrieve data [IP: ::ffff:127.0.0.1]
2026-01-22 06:46:11 PM [info-Sudhanshu Singh]: Failed to retrieve data [IP: ::ffff:127.0.0.1]
2026-01-22 06:46:14 PM [info-Sudhanshu Singh]: Data retrieved successfully [IP: ::ffff:127.0.0.1]
2026-01-22 06:46:14 PM [info-Sudhanshu Singh]: Data retrieved successfully [IP: ::ffff:127.0.0.1]
2026-01-22 06:46:14 PM [info-Sudhanshu Singh]: Data retrieved successfully [IP: ::ffff:127.0.0.1]
2026-01-22 06:46:34 PM [info-Admin Admin]: Data retrieved successfully [IP: ::1]
2026-01-22 06:49:15 PM [info-Sudhanshu Singh]: Failed to retrieve data [IP: ::ffff:127.0.0.1]
2026-01-22 06:49:15 PM [info-Sudhanshu Singh]: Employee (partial) list retrieved successfully [IP: ::ffff:127.0.0.1]
2026-01-22 06:49:15 PM [info-Sudhanshu Singh]: Data retrieved successfully [IP: ::ffff:127.0.0.1]
2026-01-22 06:49:15 PM [info-Sudhanshu Singh]: Failed to retrieve data [IP: ::ffff:127.0.0.1]
2026-01-22 06:49:15 PM [info-Sudhanshu Singh]: Failed to retrieve data [IP: ::ffff:127.0.0.1]
2026-01-22 06:49:16 PM [info-Sudhanshu Singh]: Failed to retrieve data [IP: ::ffff:127.0.0.1]
2026-01-22 06:49:16 PM [info-Sudhanshu Singh]: Failed to retrieve data [IP: ::ffff:127.0.0.1]
2026-01-22 06:49:16 PM [info-Sudhanshu Singh]: Failed to retrieve data [IP: ::ffff:127.0.0.1]
2026-01-22 06:49:26 PM [info-Sudhanshu Singh]: Data retrieved successfully [IP: ::ffff:127.0.0.1]
2026-01-22 06:49:26 PM [info-Sudhanshu Singh]: Data retrieved successfully [IP: ::ffff:127.0.0.1]
2026-01-22 06:49:26 PM [info-Sudhanshu Singh]: Data retrieved successfully [IP: ::ffff:127.0.0.1]
2026-01-22 06:49:49 PM [info-Sudhanshu Singh]: Data retrieved successfully [IP: ::ffff:127.0.0.1]
2026-01-22 06:49:49 PM [info-Sudhanshu Singh]: Data retrieved successfully [IP: ::ffff:127.0.0.1]
2026-01-22 06:49:49 PM [info-Sudhanshu Singh]: Data retrieved successfully [IP: ::ffff:127.0.0.1]
2026-01-22 06:53:04 PM [info-Sudhanshu Singh]: Data retrieved successfully [IP: ::ffff:127.0.0.1]
2026-01-22 06:53:04 PM [info-Sudhanshu Singh]: Data retrieved successfully [IP: ::ffff:127.0.0.1]
2026-01-22 06:53:04 PM [info-Sudhanshu Singh]: Data retrieved successfully [IP: ::ffff:127.0.0.1]
2026-01-22 06:53:31 PM [info-Sudhanshu Singh]: Data retrieved successfully [IP: ::ffff:127.0.0.1]
2026-01-22 06:53:31 PM [info-Sudhanshu Singh]: Data retrieved successfully [IP: ::ffff:127.0.0.1]
2026-01-22 06:53:31 PM [info-Sudhanshu Singh]: Data retrieved successfully [IP: ::ffff:127.0.0.1]
2026-01-22 06:53:40 PM [info-Sudhanshu Singh]: Employee (partial) list retrieved successfully [IP: ::ffff:127.0.0.1]
2026-01-22 06:53:40 PM [info-Sudhanshu Singh]: Data retrieved successfully [IP: ::ffff:127.0.0.1]
2026-01-22 06:53:42 PM [info-Sudhanshu Singh]: Data retrieved successfully [IP: ::ffff:127.0.0.1]
2026-01-23 10:19:03 AM [info-Sudhanshu Singh]: Employee (partial) list retrieved successfully [IP: ::ffff:127.0.0.1]
2026-01-23 10:19:03 AM [info-Sudhanshu Singh]: Data retrieved successfully [IP: ::ffff:127.0.0.1]
2026-01-23 10:21:05 AM [info-Sudhanshu Singh]: Employee (partial) list retrieved successfully [IP: ::ffff:127.0.0.1]
2026-01-23 10:21:05 AM [info-Sudhanshu Singh]: Data retrieved successfully [IP: ::ffff:127.0.0.1]
2026-01-23 10:21:42 AM [info-Sudhanshu Singh]: Employee (partial) list retrieved successfully [IP: ::ffff:127.0.0.1]
2026-01-23 10:21:42 AM [info-Sudhanshu Singh]: Data retrieved successfully [IP: ::ffff:127.0.0.1]
2026-01-23 10:23:14 AM [info-Sudhanshu Singh]: Employee (partial) list retrieved successfully [IP: ::ffff:127.0.0.1]
2026-01-23 10:23:14 AM [info-Sudhanshu Singh]: Data retrieved successfully [IP: ::ffff:127.0.0.1]
2026-01-23 10:26:07 AM [info-Sudhanshu Singh]: Employee (partial) list retrieved successfully [IP: ::ffff:127.0.0.1]
2026-01-23 10:26:07 AM [info-Sudhanshu Singh]: Data retrieved successfully [IP: ::ffff:127.0.0.1]
2026-01-23 10:31:42 AM [info-Sudhanshu Singh]: Employee (partial) list retrieved successfully [IP: ::ffff:127.0.0.1]
2026-01-23 10:31:42 AM [info-Sudhanshu Singh]: Data retrieved successfully [IP: ::ffff:127.0.0.1]
2026-01-23 10:33:14 AM [info-Sudhanshu Singh]: Employee (partial) list retrieved successfully [IP: ::ffff:127.0.0.1]
2026-01-23 10:33:14 AM [info-Sudhanshu Singh]: Data retrieved successfully [IP: ::ffff:127.0.0.1]
2026-01-23 10:33:21 AM [info-Sudhanshu Singh]: Employee (partial) list retrieved successfully [IP: ::ffff:127.0.0.1]
2026-01-23 10:33:21 AM [info-Sudhanshu Singh]: Data retrieved successfully [IP: ::ffff:127.0.0.1]
2026-01-23 10:34:24 AM [info-Sudhanshu Singh]: Data retrieved successfully [IP: ::ffff:127.0.0.1]
2026-01-23 10:34:24 AM [info-Sudhanshu Singh]: Data retrieved successfully [IP: ::ffff:127.0.0.1]
2026-01-23 10:34:24 AM [info-Sudhanshu Singh]: Data retrieved successfully [IP: ::ffff:127.0.0.1]
2026-01-23 10:35:07 AM [info-Sudhanshu Singh]: Employee (partial) list retrieved successfully [IP: ::ffff:127.0.0.1]
2026-01-23 10:35:07 AM [info-Sudhanshu Singh]: Data retrieved successfully [IP: ::ffff:127.0.0.1]
2026-01-23 10:35:08 AM [info-Sudhanshu Singh]: Data retrieved successfully [IP: ::ffff:127.0.0.1]
2026-01-23 10:35:08 AM [info-Sudhanshu Singh]: Data retrieved successfully [IP: ::ffff:127.0.0.1]
2026-01-23 10:35:08 AM [info-Sudhanshu Singh]: Data retrieved successfully [IP: ::ffff:127.0.0.1]
2026-01-23 10:35:15 AM [info-Sudhanshu Singh]: Employee (partial) list retrieved successfully [IP: ::ffff:127.0.0.1]
2026-01-23 10:35:15 AM [info-Sudhanshu Singh]: Data retrieved successfully [IP: ::ffff:127.0.0.1]
2026-01-23 10:35:16 AM [info-Sudhanshu Singh]: Data retrieved successfully [IP: ::ffff:127.0.0.1]
2026-01-23 10:35:16 AM [info-Sudhanshu Singh]: Data retrieved successfully [IP: ::ffff:127.0.0.1]
2026-01-23 10:35:16 AM [info-Sudhanshu Singh]: Data retrieved successfully [IP: ::ffff:127.0.0.1]
2026-01-23 10:35:21 AM [info-Sudhanshu Singh]: Employee (partial) list retrieved successfully [IP: ::ffff:127.0.0.1]
2026-01-23 10:35:21 AM [info-Sudhanshu Singh]: Data retrieved successfully [IP: ::ffff:127.0.0.1]
2026-01-23 10:35:22 AM [info-Sudhanshu Singh]: Data retrieved successfully [IP: ::ffff:127.0.0.1]
2026-01-23 10:35:22 AM [info-Sudhanshu Singh]: Data retrieved successfully [IP: ::ffff:127.0.0.1]
2026-01-23 10:35:22 AM [info-Sudhanshu Singh]: Data retrieved successfully [IP: ::ffff:127.0.0.1]
2026-01-23 10:37:35 AM [info-Sudhanshu Singh]: Employee (partial) list retrieved successfully [IP: ::ffff:127.0.0.1]
2026-01-23 10:37:35 AM [info-Sudhanshu Singh]: Data retrieved successfully [IP: ::ffff:127.0.0.1]
2026-01-23 10:37:36 AM [info-Sudhanshu Singh]: Data retrieved successfully [IP: ::ffff:127.0.0.1]
2026-01-23 10:37:36 AM [info-Sudhanshu Singh]: Data retrieved successfully [IP: ::ffff:127.0.0.1]
2026-01-23 10:37:36 AM [info-Sudhanshu Singh]: Data retrieved successfully [IP: ::ffff:127.0.0.1]
2026-01-23 10:37:55 AM [info-Sudhanshu Singh]: Employee (partial) list retrieved successfully [IP: ::ffff:127.0.0.1]
2026-01-23 10:37:55 AM [info-Sudhanshu Singh]: Data retrieved successfully [IP: ::ffff:127.0.0.1]
2026-01-23 10:37:56 AM [info-Sudhanshu Singh]: Data retrieved successfully [IP: ::ffff:127.0.0.1]
2026-01-23 10:37:56 AM [info-Sudhanshu Singh]: Data retrieved successfully [IP: ::ffff:127.0.0.1]
2026-01-23 10:37:56 AM [info-Sudhanshu Singh]: Data retrieved successfully [IP: ::ffff:127.0.0.1]
2026-01-23 10:37:56 AM [info-Malav Patel]: User login successful [IP: ::ffff:127.0.0.1]
2026-01-23 10:37:56 AM [info-System]: User logged in successfully [IP: ::ffff:127.0.0.1]
2026-01-23 10:37:57 AM [info-Sudhanshu Singh]: Employee (partial) list retrieved successfully [IP: ::ffff:127.0.0.1]
2026-01-23 10:37:57 AM [info-Sudhanshu Singh]: Data retrieved successfully [IP: ::ffff:127.0.0.1]
2026-01-23 10:38:08 AM [info-Sudhanshu Singh]: Data retrieved successfully [IP: ::ffff:127.0.0.1]
2026-01-23 10:38:08 AM [info-Sudhanshu Singh]: Data retrieved successfully [IP: ::ffff:127.0.0.1]
2026-01-23 10:38:08 AM [info-Sudhanshu Singh]: Data retrieved successfully [IP: ::ffff:127.0.0.1]
2026-01-23 10:38:09 AM [info-Sudhanshu Singh]: Employee (partial) list retrieved successfully [IP: ::ffff:127.0.0.1]
2026-01-23 10:38:09 AM [info-Sudhanshu Singh]: Data retrieved successfully [IP: ::ffff:127.0.0.1]
2026-01-23 10:38:18 AM [info-Sudhanshu Singh]: Data retrieved successfully [IP: ::ffff:127.0.0.1]
2026-01-23 10:38:18 AM [info-Sudhanshu Singh]: Data retrieved successfully [IP: ::ffff:127.0.0.1]
2026-01-23 10:38:18 AM [info-Sudhanshu Singh]: Data retrieved successfully [IP: ::ffff:127.0.0.1]
2026-01-23 10:42:10 AM [info-Sudhanshu Singh]: Employee (partial) list retrieved successfully [IP: ::ffff:127.0.0.1]
2026-01-23 10:42:10 AM [info-Sudhanshu Singh]: Data retrieved successfully [IP: ::ffff:127.0.0.1]
2026-01-23 10:42:20 AM [info-Sudhanshu Singh]: Employee (partial) list retrieved successfully [IP: ::ffff:127.0.0.1]
2026-01-23 10:42:20 AM [info-Sudhanshu Singh]: Data retrieved successfully [IP: ::ffff:127.0.0.1]
2026-01-23 10:42:32 AM [info-Sudhanshu Singh]: Data retrieved successfully [IP: ::ffff:127.0.0.1]
2026-01-23 10:42:32 AM [info-Sudhanshu Singh]: Data retrieved successfully [IP: ::ffff:127.0.0.1]
2026-01-23 10:42:32 AM [info-Sudhanshu Singh]: Data retrieved successfully [IP: ::ffff:127.0.0.1]
2026-01-23 10:44:23 AM [info-Sudhanshu Singh]: Employee (partial) list retrieved successfully [IP: ::ffff:127.0.0.1]
2026-01-23 10:44:23 AM [info-Sudhanshu Singh]: Data retrieved successfully [IP: ::ffff:127.0.0.1]
2026-01-23 10:44:24 AM [info-Sudhanshu Singh]: Data retrieved successfully [IP: ::ffff:127.0.0.1]
2026-01-23 10:44:24 AM [info-Sudhanshu Singh]: Data retrieved successfully [IP: ::ffff:127.0.0.1]
2026-01-23 10:44:24 AM [info-Sudhanshu Singh]: Data retrieved successfully [IP: ::ffff:127.0.0.1]
2026-01-23 10:45:03 AM [info-Sudhanshu Singh]: Employee (partial) list retrieved successfully [IP: ::ffff:127.0.0.1]
2026-01-23 10:45:03 AM [info-Sudhanshu Singh]: Data retrieved successfully [IP: ::ffff:127.0.0.1]
2026-01-23 10:45:04 AM [info-Sudhanshu Singh]: Data retrieved successfully [IP: ::ffff:127.0.0.1]
2026-01-23 10:45:04 AM [info-Sudhanshu Singh]: Data retrieved successfully [IP: ::ffff:127.0.0.1]
2026-01-23 10:45:04 AM [info-Sudhanshu Singh]: Data retrieved successfully [IP: ::ffff:127.0.0.1]
2026-01-23 10:46:16 AM [info-Sudhanshu Singh]: Data retrieved successfully [IP: ::ffff:127.0.0.1]
2026-01-23 10:46:16 AM [info-Sudhanshu Singh]: Data retrieved successfully [IP: ::ffff:127.0.0.1]
2026-01-23 10:46:16 AM [info-Sudhanshu Singh]: Data retrieved successfully [IP: ::ffff:127.0.0.1]
2026-01-23 10:59:43 AM [info-Sudhanshu Singh]: Employee (partial) list retrieved successfully [IP: ::ffff:127.0.0.1]
2026-01-23 10:59:43 AM [info-Sudhanshu Singh]: Data retrieved successfully [IP: ::ffff:127.0.0.1]
2026-01-23 10:59:45 AM [info-Sudhanshu Singh]: Data retrieved successfully [IP: ::ffff:127.0.0.1]
2026-01-23 10:59:49 AM [info-Sudhanshu Singh]: Employee (partial) list retrieved successfully [IP: ::ffff:127.0.0.1]
2026-01-23 10:59:49 AM [info-Sudhanshu Singh]: Data retrieved successfully [IP: ::ffff:127.0.0.1]
2026-01-23 10:59:49 AM [info-Sudhanshu Singh]: Data retrieved successfully [IP: ::ffff:127.0.0.1]
2026-01-23 10:59:57 AM [info-Sudhanshu Singh]: Employee (partial) list retrieved successfully [IP: ::ffff:127.0.0.1]
2026-01-23 10:59:57 AM [info-Sudhanshu Singh]: Data retrieved successfully [IP: ::ffff:127.0.0.1]
2026-01-23 10:59:57 AM [info-Sudhanshu Singh]: Data retrieved successfully [IP: ::ffff:127.0.0.1]
2026-01-23 10:59:58 AM [info-Sudhanshu Singh]: Employee (partial) list retrieved successfully [IP: ::ffff:127.0.0.1]
2026-01-23 10:59:58 AM [info-Sudhanshu Singh]: Data retrieved successfully [IP: ::ffff:127.0.0.1]
2026-01-23 10:59:59 AM [info-Sudhanshu Singh]: Data retrieved successfully [IP: ::ffff:127.0.0.1]
2026-01-23 11:00:01 AM [info-Sudhanshu Singh]: Employee (partial) list retrieved successfully [IP: ::ffff:127.0.0.1]
2026-01-23 11:00:01 AM [info-Sudhanshu Singh]: Data retrieved successfully [IP: ::ffff:127.0.0.1]
2026-01-23 11:00:01 AM [info-Sudhanshu Singh]: Data retrieved successfully [IP: ::ffff:127.0.0.1]
2026-01-23 11:00:05 AM [info-Sudhanshu Singh]: Data retrieved successfully [IP: ::ffff:127.0.0.1]
2026-01-23 11:00:09 AM [info-Sudhanshu Singh]: Employee (partial) list retrieved successfully [IP: ::ffff:127.0.0.1]
2026-01-23 11:00:09 AM [info-Sudhanshu Singh]: Data retrieved successfully [IP: ::ffff:127.0.0.1]
2026-01-23 11:00:10 AM [info-Sudhanshu Singh]: Data retrieved successfully [IP: ::ffff:127.0.0.1]
2026-01-23 11:07:14 AM [info-Sudhanshu Singh]: Employee (partial) list retrieved successfully [IP: ::ffff:127.0.0.1]
2026-01-23 11:07:14 AM [info-Sudhanshu Singh]: Data retrieved successfully [IP: ::ffff:127.0.0.1]
2026-01-23 11:07:14 AM [info-Sudhanshu Singh]: Data retrieved successfully [IP: ::ffff:127.0.0.1]
2026-01-23 11:07:16 AM [info-Sudhanshu Singh]: Employee (partial) list retrieved successfully [IP: ::ffff:127.0.0.1]
2026-01-23 11:07:16 AM [info-Sudhanshu Singh]: Data retrieved successfully [IP: ::ffff:127.0.0.1]
2026-01-23 11:07:16 AM [info-Sudhanshu Singh]: Data retrieved successfully [IP: ::ffff:127.0.0.1]
2026-01-23 11:07:23 AM [info-Sudhanshu Singh]: Employee (partial) list retrieved successfully [IP: ::ffff:127.0.0.1]
2026-01-23 11:07:23 AM [info-Sudhanshu Singh]: Data retrieved successfully [IP: ::ffff:127.0.0.1]
2026-01-23 11:07:23 AM [info-Sudhanshu Singh]: Data retrieved successfully [IP: ::ffff:127.0.0.1]
2026-01-23 11:07:24 AM [info-Sudhanshu Singh]: Employee (partial) list retrieved successfully [IP: ::ffff:127.0.0.1]
2026-01-23 11:07:24 AM [info-Sudhanshu Singh]: Data retrieved successfully [IP: ::ffff:127.0.0.1]
2026-01-23 11:07:24 AM [info-Sudhanshu Singh]: Data retrieved successfully [IP: ::ffff:127.0.0.1]
2026-01-23 11:07:32 AM [info-Sudhanshu Singh]: Employee (partial) list retrieved successfully [IP: ::ffff:127.0.0.1]
2026-01-23 11:07:32 AM [info-Sudhanshu Singh]: Data retrieved successfully [IP: ::ffff:127.0.0.1]
2026-01-23 11:07:32 AM [info-Sudhanshu Singh]: Data retrieved successfully [IP: ::ffff:127.0.0.1]
2026-01-23 11:07:37 AM [info-Sudhanshu Singh]: Employee (partial) list retrieved successfully [IP: ::ffff:127.0.0.1]
2026-01-23 11:07:37 AM [info-Sudhanshu Singh]: Data retrieved successfully [IP: ::ffff:127.0.0.1]
2026-01-23 11:07:37 AM [info-Sudhanshu Singh]: Data retrieved successfully [IP: ::ffff:127.0.0.1]
2026-01-23 11:07:49 AM [info-Sudhanshu Singh]: Data retrieved successfully [IP: ::ffff:127.0.0.1]
2026-01-23 11:07:49 AM [info-Sudhanshu Singh]: Employee (partial) list retrieved successfully [IP: ::ffff:127.0.0.1]
2026-01-23 11:07:49 AM [info-Sudhanshu Singh]: Data retrieved successfully [IP: ::ffff:127.0.0.1]
2026-01-23 11:08:29 AM [info-Sudhanshu Singh]: Employee (partial) list retrieved successfully [IP: ::ffff:127.0.0.1]
2026-01-23 11:08:29 AM [info-Sudhanshu Singh]: Data retrieved successfully [IP: ::ffff:127.0.0.1]
2026-01-23 11:08:29 AM [info-Sudhanshu Singh]: Data retrieved successfully [IP: ::ffff:127.0.0.1]
2026-01-23 11:08:35 AM [info-Sudhanshu Singh]: Data retrieved successfully [IP: ::ffff:127.0.0.1]
2026-01-23 11:08:35 AM [info-Sudhanshu Singh]: Employee (partial) list retrieved successfully [IP: ::ffff:127.0.0.1]
2026-01-23 11:08:35 AM [info-Sudhanshu Singh]: Data retrieved successfully [IP: ::ffff:127.0.0.1]
2026-01-23 11:11:37 AM [info-Sudhanshu Singh]: Employee (partial) list retrieved successfully [IP: ::ffff:127.0.0.1]
2026-01-23 11:11:37 AM [info-Sudhanshu Singh]: Data retrieved successfully [IP: ::ffff:127.0.0.1]
2026-01-23 11:11:37 AM [info-Sudhanshu Singh]: Data retrieved successfully [IP: ::ffff:127.0.0.1]
2026-01-23 11:11:39 AM [info-Sudhanshu Singh]: Employee (partial) list retrieved successfully [IP: ::ffff:127.0.0.1]
2026-01-23 11:11:39 AM [info-Sudhanshu Singh]: Data retrieved successfully [IP: ::ffff:127.0.0.1]
2026-01-23 11:11:39 AM [info-Sudhanshu Singh]: Data retrieved successfully [IP: ::ffff:127.0.0.1]
2026-01-23 11:11:56 AM [info-Sudhanshu Singh]: Data retrieved successfully [IP: ::ffff:127.0.0.1]
2026-01-23 11:18:28 AM [info-Sudhanshu Singh]: Employee (partial) list retrieved successfully [IP: ::ffff:127.0.0.1]
2026-01-23 11:18:28 AM [info-Sudhanshu Singh]: Data retrieved successfully [IP: ::ffff:127.0.0.1]
2026-01-23 11:18:29 AM [info-Admin Admin]: Data retrieved successfully [IP: ::1]
2026-01-23 11:18:30 AM [info-Sudhanshu Singh]: Data retrieved successfully [IP: ::ffff:127.0.0.1]
2026-01-23 11:18:35 AM [info-Sudhanshu Singh]: Data retrieved successfully [IP: ::ffff:127.0.0.1]
2026-01-23 11:18:50 AM [info-Admin Admin]: Data retrieved successfully [IP: ::1]
2026-01-23 11:19:00 AM [info-Sudhanshu Singh]: Data retrieved successfully [IP: ::ffff:127.0.0.1]
2026-01-23 11:20:45 AM [info-Sudhanshu Singh]: Employee (partial) list retrieved successfully [IP: ::ffff:127.0.0.1]
2026-01-23 11:20:45 AM [info-Sudhanshu Singh]: Data retrieved successfully [IP: ::ffff:127.0.0.1]
2026-01-23 11:20:45 AM [info-Sudhanshu Singh]: Data retrieved successfully [IP: ::ffff:127.0.0.1]
2026-01-23 11:20:49 AM [info-Sudhanshu Singh]: Employee (partial) list retrieved successfully [IP: ::ffff:127.0.0.1]
2026-01-23 11:20:49 AM [info-Sudhanshu Singh]: Data retrieved successfully [IP: ::ffff:127.0.0.1]
2026-01-23 11:20:49 AM [info-Sudhanshu Singh]: Data retrieved successfully [IP: ::ffff:127.0.0.1]
2026-01-23 11:20:49 AM [info-Sudhanshu Singh]: Data retrieved successfully [IP: ::ffff:127.0.0.1]
2026-01-23 11:27:05 AM [info-Sudhanshu Singh]: Data retrieved successfully [IP: ::ffff:127.0.0.1]
2026-01-23 11:27:07 AM [info-Sudhanshu Singh]: Employee (partial) list retrieved successfully [IP: ::ffff:127.0.0.1]
2026-01-23 11:27:07 AM [info-Sudhanshu Singh]: Data retrieved successfully [IP: ::ffff:127.0.0.1]
2026-01-23 11:27:07 AM [info-Sudhanshu Singh]: Data retrieved successfully [IP: ::ffff:127.0.0.1]
2026-01-23 11:31:16 AM [info-Admin Admin]: Data retrieved successfully [IP: ::1]
2026-01-23 11:31:40 AM [info-Sudhanshu Singh]: Employee (partial) list retrieved successfully [IP: ::ffff:127.0.0.1]
2026-01-23 11:31:40 AM [info-Sudhanshu Singh]: Data retrieved successfully [IP: ::ffff:127.0.0.1]
2026-01-23 11:31:40 AM [info-Sudhanshu Singh]: Data retrieved successfully [IP: ::ffff:127.0.0.1]
2026-01-23 11:31:42 AM [info-Sudhanshu Singh]: Data retrieved successfully [IP: ::ffff:127.0.0.1]
2026-01-23 11:32:18 AM [info-Sudhanshu Singh]: Data retrieved successfully [IP: ::ffff:127.0.0.1]
2026-01-23 11:36:18 AM [info-Admin Admin]: Data retrieved successfully [IP: ::1]
2026-01-23 11:39:11 AM [info-Admin Admin]: Data retrieved successfully [IP: ::1]
2026-01-23 11:44:03 AM [info-Admin Admin]: Data retrieved successfully [IP: ::1]
2026-01-23 11:47:39 AM [info-Admin Admin]: Data retrieved successfully [IP: ::1]
2026-01-23 11:58:02 AM [info-Sudhanshu Singh]: Employee (partial) list retrieved successfully [IP: ::ffff:127.0.0.1]
2026-01-23 11:58:02 AM [info-Sudhanshu Singh]: Data retrieved successfully [IP: ::ffff:127.0.0.1]
2026-01-23 11:58:02 AM [info-Sudhanshu Singh]: Data retrieved successfully [IP: ::ffff:127.0.0.1]
2026-01-23 11:58:05 AM [info-Sudhanshu Singh]: Employee (partial) list retrieved successfully [IP: ::ffff:127.0.0.1]
2026-01-23 11:58:05 AM [info-Sudhanshu Singh]: Data retrieved successfully [IP: ::ffff:127.0.0.1]
2026-01-23 11:58:05 AM [info-Sudhanshu Singh]: Data retrieved successfully [IP: ::ffff:127.0.0.1]
2026-01-23 11:58:05 AM [info-Sudhanshu Singh]: Data retrieved successfully [IP: ::ffff:127.0.0.1]
2026-01-23 12:02:00 PM [info-Sudhanshu Singh]: Data retrieved successfully [IP: ::ffff:127.0.0.1]
2026-01-23 12:02:00 PM [info-Sudhanshu Singh]: Employee (partial) list retrieved successfully [IP: ::ffff:127.0.0.1]
2026-01-23 12:02:00 PM [info-Sudhanshu Singh]: Data retrieved successfully [IP: ::ffff:127.0.0.1]
2026-01-23 12:02:00 PM [info-Sudhanshu Singh]: Data retrieved successfully [IP: ::ffff:127.0.0.1]
2026-01-23 12:03:24 PM [info-Sudhanshu Singh]: Employee (partial) list retrieved successfully [IP: ::ffff:127.0.0.1]
2026-01-23 12:03:24 PM [info-Sudhanshu Singh]: Data retrieved successfully [IP: ::ffff:127.0.0.1]
2026-01-23 12:03:25 PM [info-Sudhanshu Singh]: Data retrieved successfully [IP: ::ffff:127.0.0.1]
2026-01-23 12:04:27 PM [info-Sudhanshu Singh]: Employee (partial) list retrieved successfully [IP: ::ffff:127.0.0.1]
2026-01-23 12:04:27 PM [info-Sudhanshu Singh]: Data retrieved successfully [IP: ::ffff:127.0.0.1]
2026-01-23 12:04:28 PM [info-Sudhanshu Singh]: Data retrieved successfully [IP: ::ffff:127.0.0.1]
2026-01-23 12:04:31 PM [info-Sudhanshu Singh]: Employee (partial) list retrieved successfully [IP: ::ffff:127.0.0.1]
2026-01-23 12:04:31 PM [info-Sudhanshu Singh]: Data retrieved successfully [IP: ::ffff:127.0.0.1]
2026-01-23 12:04:31 PM [info-Sudhanshu Singh]: Data retrieved successfully [IP: ::ffff:127.0.0.1]
2026-01-23 12:04:32 PM [info-Sudhanshu Singh]: Data retrieved successfully [IP: ::ffff:127.0.0.1]
2026-01-23 12:15:49 PM [info-Sudhanshu Singh]: Employee (partial) list retrieved successfully [IP: ::ffff:127.0.0.1]
2026-01-23 12:15:49 PM [info-Sudhanshu Singh]: Data retrieved successfully [IP: ::ffff:127.0.0.1]
2026-01-23 12:15:49 PM [info-Sudhanshu Singh]: Data retrieved successfully [IP: ::ffff:127.0.0.1]
2026-01-23 12:15:49 PM [info-Sudhanshu Singh]: Data retrieved successfully [IP: ::ffff:127.0.0.1]
2026-01-23 12:16:41 PM [info-Sudhanshu Singh]: Employee (partial) list retrieved successfully [IP: ::ffff:127.0.0.1]
2026-01-23 12:16:41 PM [info-Sudhanshu Singh]: Data retrieved successfully [IP: ::ffff:127.0.0.1]
2026-01-23 12:16:41 PM [info-Sudhanshu Singh]: Data retrieved successfully [IP: ::ffff:127.0.0.1]
2026-01-23 12:16:41 PM [info-Sudhanshu Singh]: Data retrieved successfully [IP: ::ffff:127.0.0.1]
2026-01-23 12:18:19 PM [info-Sudhanshu Singh]: Data retrieved successfully [IP: ::ffff:127.0.0.1]
2026-01-23 12:18:34 PM [info-Sudhanshu Singh]: Employee (partial) list retrieved successfully [IP: ::ffff:127.0.0.1]
2026-01-23 12:18:34 PM [info-Sudhanshu Singh]: Data retrieved successfully [IP: ::ffff:127.0.0.1]
2026-01-23 12:19:02 PM [info-Sudhanshu Singh]: Employee (partial) list retrieved successfully [IP: ::ffff:127.0.0.1]
2026-01-23 12:19:02 PM [info-Sudhanshu Singh]: Data retrieved successfully [IP: ::ffff:127.0.0.1]
2026-01-23 12:19:02 PM [info-Sudhanshu Singh]: Data retrieved successfully [IP: ::ffff:127.0.0.1]
2026-01-23 12:19:02 PM [info-Sudhanshu Singh]: Data retrieved successfully [IP: ::ffff:127.0.0.1]
2026-01-23 12:20:00 PM [info-Sudhanshu Singh]: Employee (partial) list retrieved successfully [IP: ::ffff:127.0.0.1]
2026-01-23 12:20:00 PM [info-Sudhanshu Singh]: Data retrieved successfully [IP: ::ffff:127.0.0.1]
2026-01-23 12:20:00 PM [info-Sudhanshu Singh]: Data retrieved successfully [IP: ::ffff:127.0.0.1]
2026-01-23 12:20:00 PM [info-Sudhanshu Singh]: Data retrieved successfully [IP: ::ffff:127.0.0.1]
2026-01-23 12:21:16 PM [info-Sudhanshu Singh]: Employee (partial) list retrieved successfully [IP: ::ffff:127.0.0.1]
2026-01-23 12:21:16 PM [info-Sudhanshu Singh]: Data retrieved successfully [IP: ::ffff:127.0.0.1]
2026-01-23 12:21:16 PM [info-Sudhanshu Singh]: Data retrieved successfully [IP: ::ffff:127.0.0.1]
2026-01-23 12:21:16 PM [info-Sudhanshu Singh]: Data retrieved successfully [IP: ::ffff:127.0.0.1]
2026-01-23 12:22:00 PM [info-Sudhanshu Singh]: Data retrieved successfully [IP: ::ffff:127.0.0.1]
2026-01-23 12:22:00 PM [info-Sudhanshu Singh]: Employee (partial) list retrieved successfully [IP: ::ffff:127.0.0.1]
2026-01-23 12:22:00 PM [info-Sudhanshu Singh]: Data retrieved successfully [IP: ::ffff:127.0.0.1]
2026-01-23 12:22:00 PM [info-Sudhanshu Singh]: Data retrieved successfully [IP: ::ffff:127.0.0.1]
2026-01-23 12:23:55 PM [info-Sudhanshu Singh]: Employee (partial) list retrieved successfully [IP: ::ffff:127.0.0.1]
2026-01-23 12:23:55 PM [info-Sudhanshu Singh]: Data retrieved successfully [IP: ::ffff:127.0.0.1]
2026-01-23 12:23:55 PM [info-Sudhanshu Singh]: Data retrieved successfully [IP: ::ffff:127.0.0.1]
2026-01-23 12:23:55 PM [info-Sudhanshu Singh]: Data retrieved successfully [IP: ::ffff:127.0.0.1]
2026-01-23 12:25:17 PM [info-Sudhanshu Singh]: Employee (partial) list retrieved successfully [IP: ::ffff:127.0.0.1]
2026-01-23 12:25:17 PM [info-Sudhanshu Singh]: Data retrieved successfully [IP: ::ffff:127.0.0.1]
2026-01-23 12:25:21 PM [info-Sudhanshu Singh]: Employee (partial) list retrieved successfully [IP: ::ffff:127.0.0.1]
2026-01-23 12:25:21 PM [info-Sudhanshu Singh]: Data retrieved successfully [IP: ::ffff:127.0.0.1]
2026-01-23 12:25:26 PM [info-Sudhanshu Singh]: Employee (partial) list retrieved successfully [IP: ::ffff:127.0.0.1]
2026-01-23 12:25:26 PM [info-Sudhanshu Singh]: Data retrieved successfully [IP: ::ffff:127.0.0.1]
2026-01-23 12:25:27 PM [info-Sudhanshu Singh]: Employee (partial) list retrieved successfully [IP: ::ffff:127.0.0.1]
2026-01-23 12:25:27 PM [info-Sudhanshu Singh]: Data retrieved successfully [IP: ::ffff:127.0.0.1]
2026-01-23 12:25:30 PM [info-Sudhanshu Singh]: Employee (partial) list retrieved successfully [IP: ::ffff:127.0.0.1]
2026-01-23 12:25:30 PM [info-Sudhanshu Singh]: Data retrieved successfully [IP: ::ffff:127.0.0.1]
2026-01-23 12:25:47 PM [info-Sudhanshu Singh]: Employee (partial) list retrieved successfully [IP: ::ffff:127.0.0.1]
2026-01-23 12:25:47 PM [info-Sudhanshu Singh]: Data retrieved successfully [IP: ::ffff:127.0.0.1]
2026-01-23 12:25:47 PM [info-Sudhanshu Singh]: Data retrieved successfully [IP: ::ffff:127.0.0.1]
2026-01-23 12:25:47 PM [info-Sudhanshu Singh]: Data retrieved successfully [IP: ::ffff:127.0.0.1]
2026-01-23 12:26:00 PM [info-Sudhanshu Singh]: Employee (partial) list retrieved successfully [IP: ::ffff:127.0.0.1]
2026-01-23 12:26:01 PM [info-Sudhanshu Singh]: Data retrieved successfully [IP: ::ffff:127.0.0.1]
2026-01-23 12:26:01 PM [info-Sudhanshu Singh]: Employee (partial) list retrieved successfully [IP: ::ffff:127.0.0.1]
2026-01-23 12:26:01 PM [info-Sudhanshu Singh]: Data retrieved successfully [IP: ::ffff:127.0.0.1]
2026-01-23 12:26:13 PM [info-Sudhanshu Singh]: Employee (partial) list retrieved successfully [IP: ::ffff:127.0.0.1]
2026-01-23 12:26:13 PM [info-Sudhanshu Singh]: Data retrieved successfully [IP: ::ffff:127.0.0.1]
2026-01-23 12:26:14 PM [info-Sudhanshu Singh]: Employee (partial) list retrieved successfully [IP: ::ffff:127.0.0.1]
2026-01-23 12:26:14 PM [info-Sudhanshu Singh]: Data retrieved successfully [IP: ::ffff:127.0.0.1]
2026-01-23 12:26:21 PM [info-Sudhanshu Singh]: Employee (partial) list retrieved successfully [IP: ::ffff:127.0.0.1]
2026-01-23 12:26:21 PM [info-Sudhanshu Singh]: Data retrieved successfully [IP: ::ffff:127.0.0.1]
2026-01-23 12:26:29 PM [info-Sudhanshu Singh]: Employee (partial) list retrieved successfully [IP: ::ffff:127.0.0.1]
2026-01-23 12:26:29 PM [info-Sudhanshu Singh]: Data retrieved successfully [IP: ::ffff:127.0.0.1]
2026-01-23 12:27:01 PM [info-Sudhanshu Singh]: Employee (partial) list retrieved successfully [IP: ::ffff:127.0.0.1]
2026-01-23 12:27:01 PM [info-Sudhanshu Singh]: Data retrieved successfully [IP: ::ffff:127.0.0.1]
2026-01-23 12:28:10 PM [info-Admin Admin]: Employee (partial) list retrieved successfully [IP: ::1]
2026-01-23 12:28:10 PM [info-Admin Admin]: Data retrieved successfully [IP: ::1]
2026-01-23 12:28:35 PM [info-Sudhanshu Singh]: Data retrieved successfully [IP: ::ffff:127.0.0.1]
2026-01-23 12:28:35 PM [info-Sudhanshu Singh]: Employee (partial) list retrieved successfully [IP: ::ffff:127.0.0.1]
2026-01-23 12:28:35 PM [info-Sudhanshu Singh]: Data retrieved successfully [IP: ::ffff:127.0.0.1]
2026-01-23 12:28:35 PM [info-Sudhanshu Singh]: Data retrieved successfully [IP: ::ffff:127.0.0.1]
2026-01-23 12:28:46 PM [info-Sudhanshu Singh]: Employee (partial) list retrieved successfully [IP: ::ffff:127.0.0.1]
2026-01-23 12:28:46 PM [info-Sudhanshu Singh]: Data retrieved successfully [IP: ::ffff:127.0.0.1]
2026-01-23 12:28:50 PM [info-Sudhanshu Singh]: Employee (partial) list retrieved successfully [IP: ::ffff:127.0.0.1]
2026-01-23 12:28:50 PM [info-Sudhanshu Singh]: Data retrieved successfully [IP: ::ffff:127.0.0.1]
2026-01-23 12:28:54 PM [info-Sudhanshu Singh]: Employee (partial) list retrieved successfully [IP: ::ffff:127.0.0.1]
2026-01-23 12:28:54 PM [info-Sudhanshu Singh]: Data retrieved successfully [IP: ::ffff:127.0.0.1]
2026-01-23 12:28:54 PM [info-Sudhanshu Singh]: Employee (partial) list retrieved successfully [IP: ::ffff:127.0.0.1]
2026-01-23 12:28:54 PM [info-Sudhanshu Singh]: Data retrieved successfully [IP: ::ffff:127.0.0.1]
2026-01-23 12:29:00 PM [info-Sudhanshu Singh]: Employee (partial) list retrieved successfully [IP: ::ffff:127.0.0.1]
2026-01-23 12:29:00 PM [info-Sudhanshu Singh]: Data retrieved successfully [IP: ::ffff:127.0.0.1]
2026-01-23 12:29:11 PM [info-Sudhanshu Singh]: Employee (partial) list retrieved successfully [IP: ::ffff:127.0.0.1]
2026-01-23 12:29:11 PM [info-Sudhanshu Singh]: Data retrieved successfully [IP: ::ffff:127.0.0.1]
2026-01-23 12:29:11 PM [info-Sudhanshu Singh]: Data retrieved successfully [IP: ::ffff:127.0.0.1]
2026-01-23 12:29:11 PM [info-Sudhanshu Singh]: Data retrieved successfully [IP: ::ffff:127.0.0.1]
2026-01-23 12:29:33 PM [info-Sudhanshu Singh]: Employee (partial) list retrieved successfully [IP: ::ffff:127.0.0.1]
2026-01-23 12:29:33 PM [info-Sudhanshu Singh]: Data retrieved successfully [IP: ::ffff:127.0.0.1]
2026-01-23 12:29:36 PM [info-Sudhanshu Singh]: Employee (partial) list retrieved successfully [IP: ::ffff:127.0.0.1]
2026-01-23 12:29:36 PM [info-Sudhanshu Singh]: Data retrieved successfully [IP: ::ffff:127.0.0.1]
2026-01-23 12:29:40 PM [info-Sudhanshu Singh]: Employee (partial) list retrieved successfully [IP: ::ffff:127.0.0.1]
2026-01-23 12:29:40 PM [info-Sudhanshu Singh]: Data retrieved successfully [IP: ::ffff:127.0.0.1]
2026-01-23 12:29:41 PM [info-Sudhanshu Singh]: Employee (partial) list retrieved successfully [IP: ::ffff:127.0.0.1]
2026-01-23 12:29:41 PM [info-Sudhanshu Singh]: Data retrieved successfully [IP: ::ffff:127.0.0.1]
2026-01-23 12:36:24 PM [info-Sudhanshu Singh]: Employee (partial) list retrieved successfully [IP: ::ffff:127.0.0.1]
2026-01-23 12:36:24 PM [info-Sudhanshu Singh]: Data retrieved successfully [IP: ::ffff:127.0.0.1]
2026-01-23 12:36:24 PM [info-Sudhanshu Singh]: Data retrieved successfully [IP: ::ffff:127.0.0.1]
2026-01-23 12:36:29 PM [info-Sudhanshu Singh]: Employee (partial) list retrieved successfully [IP: ::ffff:127.0.0.1]
2026-01-23 12:36:29 PM [info-Sudhanshu Singh]: Data retrieved successfully [IP: ::ffff:127.0.0.1]
2026-01-23 12:36:29 PM [info-Sudhanshu Singh]: Customer data retrieved successfully [IP: ::ffff:127.0.0.1]
2026-01-23 12:36:30 PM [info-Sudhanshu Singh]: Data retrieved successfully [IP: ::ffff:127.0.0.1]
2026-01-23 12:36:32 PM [info-Sudhanshu Singh]: Data retrieved successfully [IP: ::ffff:127.0.0.1]
2026-01-23 12:36:33 PM [info-Sudhanshu Singh]: Employee (partial) list retrieved successfully [IP: ::ffff:127.0.0.1]
2026-01-23 12:36:33 PM [info-Sudhanshu Singh]: Data retrieved successfully [IP: ::ffff:127.0.0.1]
2026-01-23 12:36:33 PM [info-Sudhanshu Singh]: Customer data retrieved successfully [IP: ::ffff:127.0.0.1]
2026-01-23 12:36:52 PM [info-Sudhanshu Singh]: Employee (partial) list retrieved successfully [IP: ::ffff:127.0.0.1]
2026-01-23 12:36:52 PM [info-Sudhanshu Singh]: Data retrieved successfully [IP: ::ffff:127.0.0.1]
2026-01-23 12:36:52 PM [info-Sudhanshu Singh]: Data retrieved successfully [IP: ::ffff:127.0.0.1]
2026-01-23 12:36:52 PM [info-Sudhanshu Singh]: Customer data retrieved successfully [IP: ::ffff:127.0.0.1]
2026-01-23 12:37:28 PM [info-Sudhanshu Singh]: Employee (partial) list retrieved successfully [IP: ::ffff:127.0.0.1]
2026-01-23 12:37:28 PM [info-Sudhanshu Singh]: Data retrieved successfully [IP: ::ffff:127.0.0.1]
2026-01-23 12:37:29 PM [info-Sudhanshu Singh]: Data retrieved successfully [IP: ::ffff:127.0.0.1]
2026-01-23 12:37:29 PM [info-Sudhanshu Singh]: Customer data retrieved successfully [IP: ::ffff:127.0.0.1]
2026-01-23 12:40:59 PM [info-Sudhanshu Singh]: Data retrieved successfully [IP: ::ffff:127.0.0.1]
2026-01-23 12:42:22 PM [info-Sudhanshu Singh]: Data retrieved successfully [IP: ::ffff:127.0.0.1]
2026-01-23 12:42:26 PM [info-Sudhanshu Singh]: Data retrieved successfully [IP: ::ffff:127.0.0.1]
2026-01-23 12:43:10 PM [info-Sudhanshu Singh]: Employee (partial) list retrieved successfully [IP: ::ffff:127.0.0.1]
2026-01-23 12:43:10 PM [info-Sudhanshu Singh]: Data retrieved successfully [IP: ::ffff:127.0.0.1]
2026-01-23 12:43:11 PM [info-Sudhanshu Singh]: Data retrieved successfully [IP: ::ffff:127.0.0.1]
2026-01-23 12:43:11 PM [info-Sudhanshu Singh]: Customer data retrieved successfully [IP: ::ffff:127.0.0.1]
2026-01-23 12:43:14 PM [info-Sudhanshu Singh]: Employee (partial) list retrieved successfully [IP: ::ffff:127.0.0.1]
2026-01-23 12:43:14 PM [info-Sudhanshu Singh]: Data retrieved successfully [IP: ::ffff:127.0.0.1]
2026-01-23 12:43:14 PM [info-Sudhanshu Singh]: Data retrieved successfully [IP: ::ffff:127.0.0.1]
2026-01-23 12:43:15 PM [info-Sudhanshu Singh]: Customer data retrieved successfully [IP: ::ffff:127.0.0.1]
2026-01-23 12:43:19 PM [info-Sudhanshu Singh]: Employee (partial) list retrieved successfully [IP: ::ffff:127.0.0.1]
2026-01-23 12:43:19 PM [info-Sudhanshu Singh]: Data retrieved successfully [IP: ::ffff:127.0.0.1]
2026-01-23 12:43:20 PM [info-Sudhanshu Singh]: Customer data retrieved successfully [IP: ::ffff:127.0.0.1]
2026-01-23 12:43:20 PM [info-Sudhanshu Singh]: Data retrieved successfully [IP: ::ffff:127.0.0.1]
2026-01-23 12:43:40 PM [info-Sudhanshu Singh]: Employee (partial) list retrieved successfully [IP: ::ffff:127.0.0.1]
2026-01-23 12:43:40 PM [info-Sudhanshu Singh]: Data retrieved successfully [IP: ::ffff:127.0.0.1]
2026-01-23 12:47:42 PM [info-Sudhanshu Singh]: Employee (partial) list retrieved successfully [IP: ::ffff:127.0.0.1]
2026-01-23 12:47:42 PM [info-Sudhanshu Singh]: Data retrieved successfully [IP: ::ffff:127.0.0.1]
2026-01-23 12:47:43 PM [info-Sudhanshu Singh]: Customer data retrieved successfully [IP: ::ffff:127.0.0.1]
2026-01-23 12:47:43 PM [info-Sudhanshu Singh]: Data retrieved successfully [IP: ::ffff:127.0.0.1]
2026-01-23 12:48:07 PM [info-Sudhanshu Singh]: Data retrieved successfully [IP: ::ffff:127.0.0.1]
2026-01-23 12:48:07 PM [info-Sudhanshu Singh]: Employee (partial) list retrieved successfully [IP: ::ffff:127.0.0.1]
2026-01-23 12:48:07 PM [info-Sudhanshu Singh]: Data retrieved successfully [IP: ::ffff:127.0.0.1]
2026-01-23 12:48:07 PM [info-Sudhanshu Singh]: Customer data retrieved successfully [IP: ::ffff:127.0.0.1]
2026-01-23 12:48:12 PM [info-Sudhanshu Singh]: Employee (partial) list retrieved successfully [IP: ::ffff:127.0.0.1]
2026-01-23 12:48:12 PM [info-Sudhanshu Singh]: Data retrieved successfully [IP: ::ffff:127.0.0.1]
2026-01-23 12:48:12 PM [info-Sudhanshu Singh]: Customer data retrieved successfully [IP: ::ffff:127.0.0.1]
2026-01-23 12:48:13 PM [info-Sudhanshu Singh]: Data retrieved successfully [IP: ::ffff:127.0.0.1]
2026-01-23 12:48:16 PM [info-Sudhanshu Singh]: Data retrieved successfully [IP: ::ffff:127.0.0.1]
2026-01-23 12:48:32 PM [info-Sudhanshu Singh]: Data retrieved successfully [IP: ::ffff:127.0.0.1]
2026-01-23 12:51:04 PM [info-Sudhanshu Singh]: Data retrieved successfully [IP: ::ffff:127.0.0.1]
2026-01-23 12:54:28 PM [info-Admin Admin]: Data retrieved successfully [IP: ::1]
2026-01-23 12:54:29 PM [info-Sudhanshu Singh]: Data retrieved successfully [IP: ::ffff:127.0.0.1]
2026-01-23 01:03:38 PM [info-Sudhanshu Singh]: Data retrieved successfully [IP: ::ffff:127.0.0.1]
2026-01-23 01:03:44 PM [info-Sudhanshu Singh]: Data retrieved successfully [IP: ::ffff:127.0.0.1]
2026-01-23 01:05:24 PM [info-Sudhanshu Singh]: Data retrieved successfully [IP: ::ffff:127.0.0.1]
2026-01-23 01:05:33 PM [info-Sudhanshu Singh]: Data retrieved successfully [IP: ::ffff:127.0.0.1]
2026-01-23 01:06:28 PM [info-Sudhanshu Singh]: Data retrieved successfully [IP: ::ffff:127.0.0.1]
2026-01-23 01:07:41 PM [info-Sudhanshu Singh]: Data retrieved successfully [IP: ::ffff:127.0.0.1]
2026-01-23 01:12:28 PM [info-Sudhanshu Singh]: Data retrieved successfully [IP: ::ffff:127.0.0.1]
2026-01-23 01:19:39 PM [info-Sudhanshu Singh]: Data retrieved successfully [IP: ::ffff:127.0.0.1]
2026-01-23 02:09:11 PM [info-Sudhanshu Singh]: Data retrieved successfully [IP: ::ffff:127.0.0.1]
2026-01-23 02:21:36 PM [info-Admin Admin]: Data retrieved successfully [IP: ::1]
2026-01-23 02:22:19 PM [info-Sudhanshu Singh]: Failed to retrieve data [IP: ::ffff:127.0.0.1]
2026-01-23 02:22:20 PM [info-Sudhanshu Singh]: Failed to retrieve data [IP: ::ffff:127.0.0.1]
2026-01-23 02:22:22 PM [info-Admin Admin]: Failed to retrieve data [IP: ::1]
2026-01-23 02:22:54 PM [info-Sudhanshu Singh]: Employee (partial) list retrieved successfully [IP: ::ffff:127.0.0.1]
2026-01-23 02:22:54 PM [info-Sudhanshu Singh]: Data retrieved successfully [IP: ::ffff:127.0.0.1]
2026-01-23 02:22:54 PM [info-Sudhanshu Singh]: Customer data retrieved successfully [IP: ::ffff:127.0.0.1]
2026-01-23 02:22:55 PM [info-Sudhanshu Singh]: Data retrieved successfully [IP: ::ffff:127.0.0.1]
2026-01-23 02:22:59 PM [info-Sudhanshu Singh]: Failed to retrieve data [IP: ::ffff:127.0.0.1]
2026-01-23 02:23:01 PM [info-Sudhanshu Singh]: Failed to retrieve data [IP: ::ffff:127.0.0.1]
2026-01-23 02:23:06 PM [info-Sudhanshu Singh]: Employee (partial) list retrieved successfully [IP: ::ffff:127.0.0.1]
2026-01-23 02:23:06 PM [info-Sudhanshu Singh]: Data retrieved successfully [IP: ::ffff:127.0.0.1]
2026-01-23 02:23:06 PM [info-Sudhanshu Singh]: Customer data retrieved successfully [IP: ::ffff:127.0.0.1]
2026-01-23 02:23:07 PM [info-Sudhanshu Singh]: Data retrieved successfully [IP: ::ffff:127.0.0.1]
2026-01-23 02:23:44 PM [info-Admin Admin]: Data retrieved successfully [IP: ::1]
2026-01-23 02:24:06 PM [info-Admin Admin]: Data retrieved successfully [IP: ::1]
2026-01-23 02:24:18 PM [info-Sudhanshu Singh]: Data retrieved successfully [IP: ::ffff:127.0.0.1]
2026-01-23 02:27:50 PM [info-Admin Admin]: Data retrieved successfully [IP: ::1]
2026-01-23 02:28:00 PM [info-Sudhanshu Singh]: Data retrieved successfully [IP: ::ffff:127.0.0.1]
2026-01-23 02:28:17 PM [info-Sudhanshu Singh]: Data retrieved successfully [IP: ::ffff:127.0.0.1]
2026-01-23 02:29:06 PM [info-Admin Admin]: Data retrieved successfully [IP: ::1]
2026-01-23 02:30:06 PM [info-Admin Admin]: Data retrieved successfully [IP: ::1]
2026-01-23 02:30:40 PM [info-Admin Admin]: Data retrieved successfully [IP: ::1]
2026-01-23 02:31:39 PM [info-Admin Admin]: Data retrieved successfully [IP: ::1]
2026-01-23 02:32:02 PM [info-Admin Admin]: Data retrieved successfully [IP: ::1]
2026-01-23 02:34:24 PM [info-Sudhanshu Singh]: Employee (partial) list retrieved successfully [IP: ::ffff:127.0.0.1]
2026-01-23 02:34:24 PM [info-Sudhanshu Singh]: Data retrieved successfully [IP: ::ffff:127.0.0.1]
2026-01-23 02:34:24 PM [info-Sudhanshu Singh]: Customer data retrieved successfully [IP: ::ffff:127.0.0.1]
2026-01-23 02:34:25 PM [info-Sudhanshu Singh]: Data retrieved successfully [IP: ::ffff:127.0.0.1]
2026-01-23 02:34:27 PM [info-Sudhanshu Singh]: Employee (partial) list retrieved successfully [IP: ::ffff:127.0.0.1]
2026-01-23 02:34:27 PM [info-Sudhanshu Singh]: Data retrieved successfully [IP: ::ffff:127.0.0.1]
2026-01-23 02:34:27 PM [info-Sudhanshu Singh]: Data retrieved successfully [IP: ::ffff:127.0.0.1]
2026-01-23 02:34:27 PM [info-Sudhanshu Singh]: Customer data retrieved successfully [IP: ::ffff:127.0.0.1]
2026-01-23 02:34:46 PM [info-Sudhanshu Singh]: Employee (partial) list retrieved successfully [IP: ::ffff:127.0.0.1]
2026-01-23 02:34:46 PM [info-Sudhanshu Singh]: Data retrieved successfully [IP: ::ffff:127.0.0.1]
2026-01-23 02:34:47 PM [info-Sudhanshu Singh]: Customer data retrieved successfully [IP: ::ffff:127.0.0.1]
2026-01-23 02:34:47 PM [info-Sudhanshu Singh]: Data retrieved successfully [IP: ::ffff:127.0.0.1]
2026-01-23 02:37:17 PM [info-Sudhanshu Singh]: Data retrieved successfully [IP: ::ffff:127.0.0.1]
2026-01-23 02:45:12 PM [info-Sudhanshu Singh]: Data retrieved successfully [IP: ::ffff:127.0.0.1]
2026-01-23 02:48:28 PM [info-Sudhanshu Singh]: Data retrieved successfully [IP: ::ffff:127.0.0.1]
2026-01-23 02:48:39 PM [info-Sudhanshu Singh]: Data retrieved successfully [IP: ::ffff:127.0.0.1]
2026-01-23 02:49:00 PM [info-Sudhanshu Singh]: Data retrieved successfully [IP: ::ffff:127.0.0.1]
2026-01-23 02:50:46 PM [info-Sudhanshu Singh]: Data retrieved successfully [IP: ::ffff:127.0.0.1]
2026-01-23 02:51:15 PM [info-Sudhanshu Singh]: Data retrieved successfully [IP: ::ffff:127.0.0.1]
2026-01-23 02:52:11 PM [info-Sudhanshu Singh]: Data retrieved successfully [IP: ::ffff:127.0.0.1]
2026-01-23 02:52:39 PM [info-Sudhanshu Singh]: Data retrieved successfully [IP: ::ffff:127.0.0.1]
2026-01-23 02:54:20 PM [info-Sudhanshu Singh]: Data retrieved successfully [IP: ::ffff:127.0.0.1]
2026-01-23 02:55:28 PM [info-Sudhanshu Singh]: Data retrieved successfully [IP: ::ffff:127.0.0.1]
2026-01-23 02:59:01 PM [info-Sudhanshu Singh]: Data retrieved successfully [IP: ::ffff:127.0.0.1]
2026-01-23 03:03:12 PM [info-Admin Admin]: Data retrieved successfully [IP: ::1]
2026-01-23 03:57:44 PM [info-Sudhanshu Singh]: Data retrieved successfully [IP: ::ffff:127.0.0.1]
2026-01-23 03:57:46 PM [info-Malav Patel]: User login successful [IP: ::ffff:127.0.0.1]
2026-01-23 03:57:46 PM [info-System]: User logged in successfully [IP: ::ffff:127.0.0.1]
2026-01-23 03:58:40 PM [info-Sudhanshu Singh]: Data retrieved successfully [IP: ::ffff:127.0.0.1]
2026-01-23 03:59:34 PM [info-Sudhanshu Singh]: Data retrieved successfully [IP: ::ffff:127.0.0.1]
2026-01-23 04:04:32 PM [info-Malav Patel]: User login successful [IP: ::ffff:127.0.0.1]
2026-01-23 04:04:32 PM [info-System]: User logged in successfully [IP: ::ffff:127.0.0.1]
2026-01-23 04:07:31 PM [info-Sudhanshu Singh]: Data retrieved successfully [IP: ::ffff:127.0.0.1]
2026-01-23 04:09:09 PM [info-Sudhanshu Singh]: Data retrieved successfully [IP: ::ffff:127.0.0.1]
2026-01-23 04:10:10 PM [info-Sudhanshu Singh]: Data retrieved successfully [IP: ::ffff:127.0.0.1]
2026-01-23 04:10:28 PM [info-Sudhanshu Singh]: Data retrieved successfully [IP: ::ffff:127.0.0.1]
2026-01-23 04:10:59 PM [info-Sudhanshu Singh]: Data retrieved successfully [IP: ::ffff:127.0.0.1]
2026-01-23 04:11:53 PM [info-Sudhanshu Singh]: Data retrieved successfully [IP: ::ffff:127.0.0.1]
2026-01-23 04:46:50 PM [info-Sudhanshu Singh]: Data retrieved successfully [IP: ::ffff:127.0.0.1]
2026-01-23 04:47:08 PM [info-Sudhanshu Singh]: Data retrieved successfully [IP: ::ffff:127.0.0.1]
2026-01-23 04:53:19 PM [info-Sudhanshu Singh]: Employee (partial) list retrieved successfully [IP: ::ffff:127.0.0.1]
2026-01-23 04:53:19 PM [info-Sudhanshu Singh]: Data retrieved successfully [IP: ::ffff:127.0.0.1]
2026-01-23 04:53:21 PM [info-Sudhanshu Singh]: Customer data retrieved successfully [IP: ::ffff:127.0.0.1]
2026-01-23 04:53:21 PM [info-Sudhanshu Singh]: Data retrieved successfully [IP: ::ffff:127.0.0.1]
2026-01-23 04:53:23 PM [info-Sudhanshu Singh]: Employee (partial) list retrieved successfully [IP: ::ffff:127.0.0.1]
2026-01-23 04:53:23 PM [info-Sudhanshu Singh]: Data retrieved successfully [IP: ::ffff:127.0.0.1]
2026-01-23 04:53:24 PM [info-Sudhanshu Singh]: Data retrieved successfully [IP: ::ffff:127.0.0.1]
2026-01-23 04:53:24 PM [info-Sudhanshu Singh]: Data retrieved successfully [IP: ::ffff:127.0.0.1]
2026-01-23 04:53:24 PM [info-Sudhanshu Singh]: Customer data retrieved successfully [IP: ::ffff:127.0.0.1]
2026-01-23 04:53:56 PM [info-Sudhanshu Singh]: Employee (partial) list retrieved successfully [IP: ::ffff:127.0.0.1]
2026-01-23 04:53:56 PM [info-Sudhanshu Singh]: Data retrieved successfully [IP: ::ffff:127.0.0.1]
2026-01-23 04:53:56 PM [info-Sudhanshu Singh]: Data retrieved successfully [IP: ::ffff:127.0.0.1]
2026-01-23 04:53:56 PM [info-Sudhanshu Singh]: Data retrieved successfully [IP: ::ffff:127.0.0.1]
2026-01-23 04:53:56 PM [info-Sudhanshu Singh]: Customer data retrieved successfully [IP: ::ffff:127.0.0.1]
2026-01-23 04:59:11 PM [info-Sudhanshu Singh]: Employee (partial) list retrieved successfully [IP: ::ffff:127.0.0.1]
2026-01-23 04:59:11 PM [info-Sudhanshu Singh]: Data retrieved successfully [IP: ::ffff:127.0.0.1]
2026-01-23 04:59:12 PM [info-Sudhanshu Singh]: Data retrieved successfully [IP: ::ffff:127.0.0.1]
2026-01-23 04:59:13 PM [info-Admin Admin]: Data retrieved successfully [IP: ::1]
2026-01-23 04:59:14 PM [info-Sudhanshu Singh]: Customer data retrieved successfully [IP: ::ffff:127.0.0.1]
2026-01-23 04:59:49 PM [info-Admin Admin]: Data retrieved successfully [IP: ::1]
2026-01-23 05:00:49 PM [info-Admin Admin]: Data retrieved successfully [IP: ::1]
2026-01-23 05:01:40 PM [info-Admin Admin]: Data retrieved successfully [IP: ::1]
2026-01-23 05:01:57 PM [info-Admin Admin]: Data retrieved successfully [IP: ::1]
2026-01-23 05:19:55 PM [info-Admin Admin]: Data retrieved successfully [IP: ::1]
2026-01-23 05:20:53 PM [info-Admin Admin]: Data retrieved successfully [IP: ::1]
2026-01-23 05:27:11 PM [info-Sudhanshu Singh]: Employee (partial) list retrieved successfully [IP: ::ffff:127.0.0.1]
2026-01-23 05:27:11 PM [info-Sudhanshu Singh]: Data retrieved successfully [IP: ::ffff:127.0.0.1]
2026-01-23 05:30:45 PM [info-Admin Admin]: User login successful [IP: ::ffff:127.0.0.1]
2026-01-23 05:30:45 PM [info-System]: User logged in successfully [IP: ::ffff:127.0.0.1]
2026-01-23 05:35:40 PM [info-Admin Admin]: Employee (partial) list retrieved successfully [IP: ::1]
2026-01-23 05:35:40 PM [info-Admin Admin]: Data retrieved successfully [IP: ::1]
2026-01-23 05:35:46 PM [info-Admin Admin]: Employee (partial) list retrieved successfully [IP: ::ffff:127.0.0.1]
2026-01-23 05:35:46 PM [info-Admin Admin]: Data retrieved successfully [IP: ::ffff:127.0.0.1]
2026-01-23 05:35:46 PM [info-Admin Admin]: Data retrieved successfully [IP: ::ffff:127.0.0.1]
2026-01-23 05:35:46 PM [info-Admin Admin]: Farmers (filtered) list retrieved successfully [IP: ::ffff:127.0.0.1]
2026-01-23 05:35:46 PM [info-Admin Admin]: Data retrieved successfully [IP: ::ffff:127.0.0.1]
2026-01-23 05:35:46 PM [info-Admin Admin]: Data retrieved successfully [IP: ::ffff:127.0.0.1]
2026-01-23 05:35:46 PM [info-Admin Admin]: Company data retrieved successfully [IP: ::ffff:127.0.0.1]
2026-01-23 05:35:46 PM [info-Admin Admin]: Branch data retrieved successfully [IP: ::ffff:127.0.0.1]
2026-01-23 05:35:46 PM [info-Admin Admin]: Data retrieved successfully [IP: ::ffff:127.0.0.1]
2026-01-23 05:35:46 PM [info-Admin Admin]: Data retrieved successfully [IP: ::ffff:127.0.0.1]
2026-01-23 05:35:47 PM [info-Admin Admin]: Customer data retrieved successfully [IP: ::ffff:127.0.0.1]
2026-01-23 05:35:47 PM [info-Admin Admin]: Data retrieved successfully [IP: ::ffff:127.0.0.1]
2026-01-23 05:35:47 PM [info-Admin Admin]: User counts report list retrieved successfully [IP: ::ffff:127.0.0.1]
2026-01-23 05:35:47 PM [info-Admin Admin]: Data retrieved successfully [IP: ::ffff:127.0.0.1]
2026-01-23 05:35:54 PM [info-Admin Admin]: Approval Flow data retrieved successfully [IP: ::ffff:127.0.0.1]
2026-01-23 05:36:51 PM [error-Admin Admin]: Workflow hierarchy retrieval failed: Workflow hierarchy not found [IP: ::1]
2026-01-23 05:36:51 PM [error-Admin Admin]: Error in GET /employee/all/partial?id=c3a14fe3-0f7d-4324-a9f0-5b2de53cbbe0: Workflow hierarchy not found
2026-01-23 05:36:51 PM [info-Admin Admin]: Failed to retrieve data [IP: ::1]
2026-01-23 05:40:30 PM [info-Admin Admin]: Workflow hierarchy viewed successfully with ID: 3b91073f-615f-4b4b-a7a7-46642e7fe872 [IP: ::1]
2026-01-23 05:40:30 PM [info-Admin Admin]: Data retrieved successfully [IP: ::1]
2026-01-23 06:05:43 PM [info-Admin Admin]: User login successful [IP: ::ffff:127.0.0.1]
2026-01-23 06:05:43 PM [info-System]: User logged in successfully [IP: ::ffff:127.0.0.1]
2026-01-23 06:05:49 PM [info-Admin Admin]: Farmers (filtered) list retrieved successfully [IP: ::ffff:127.0.0.1]
2026-01-23 06:05:49 PM [info-Admin Admin]: Data retrieved successfully [IP: ::ffff:127.0.0.1]
2026-01-23 06:05:49 PM [info-Admin Admin]: Data retrieved successfully [IP: ::ffff:127.0.0.1]
2026-01-23 06:05:49 PM [info-Admin Admin]: Data retrieved successfully [IP: ::ffff:127.0.0.1]
2026-01-23 06:05:49 PM [info-Admin Admin]: Company data retrieved successfully [IP: ::ffff:127.0.0.1]
2026-01-23 06:05:49 PM [info-Admin Admin]: Customer data retrieved successfully [IP: ::ffff:127.0.0.1]
2026-01-23 06:05:50 PM [info-Admin Admin]: Employee (partial) list retrieved successfully [IP: ::ffff:127.0.0.1]
2026-01-23 06:05:50 PM [info-Admin Admin]: Data retrieved successfully [IP: ::ffff:127.0.0.1]
2026-01-23 06:05:50 PM [info-Admin Admin]: Data retrieved successfully [IP: ::ffff:127.0.0.1]
2026-01-23 06:05:50 PM [info-Admin Admin]: Data retrieved successfully [IP: ::ffff:127.0.0.1]
2026-01-23 06:05:50 PM [info-Admin Admin]: User counts report list retrieved successfully [IP: ::ffff:127.0.0.1]
2026-01-23 06:05:50 PM [info-Admin Admin]: Data retrieved successfully [IP: ::ffff:127.0.0.1]
2026-01-23 06:05:50 PM [info-Admin Admin]: Data retrieved successfully [IP: ::ffff:127.0.0.1]
2026-01-23 06:05:50 PM [info-Admin Admin]: Branch data retrieved successfully [IP: ::ffff:127.0.0.1]
2026-01-23 06:05:56 PM [info-Admin Admin]: Employee (partial) list retrieved successfully [IP: ::ffff:127.0.0.1]
2026-01-23 06:05:56 PM [info-Admin Admin]: Data retrieved successfully [IP: ::ffff:127.0.0.1]
2026-01-23 06:06:04 PM [info-Admin Admin]: Employee (partial) list retrieved successfully [IP: ::ffff:127.0.0.1]
2026-01-23 06:06:04 PM [info-Admin Admin]: Data retrieved successfully [IP: ::ffff:127.0.0.1]
2026-01-23 06:06:17 PM [info-Admin Admin]: Bulk workflow relations added successfully with ID: 1 relations [IP: ::ffff:127.0.0.1]
2026-01-23 06:06:18 PM [info-Admin Admin]: Record created successfully [IP: ::ffff:127.0.0.1]
2026-01-23 06:06:20 PM [info-Admin Admin]: Employee (partial) list retrieved successfully [IP: ::ffff:127.0.0.1]
2026-01-23 06:06:20 PM [info-Admin Admin]: Data retrieved successfully [IP: ::ffff:127.0.0.1]
2026-01-23 06:09:00 PM [info-Admin Admin]: Bulk workflow relations added successfully with ID: 1 relations [IP: ::ffff:127.0.0.1]
2026-01-23 06:09:00 PM [info-Admin Admin]: Record created successfully [IP: ::ffff:127.0.0.1]
2026-01-23 06:09:00 PM [info-Sudhanshu Singh]: Employee (partial) list retrieved successfully [IP: ::ffff:127.0.0.1]
2026-01-23 06:09:00 PM [info-Sudhanshu Singh]: Data retrieved successfully [IP: ::ffff:127.0.0.1]
2026-01-23 06:09:02 PM [info-Admin Admin]: Employee (partial) list retrieved successfully [IP: ::ffff:127.0.0.1]
2026-01-23 06:09:02 PM [info-Admin Admin]: Data retrieved successfully [IP: ::ffff:127.0.0.1]
2026-01-23 06:12:57 PM [info-Admin Admin]: Bulk workflow relations added successfully with ID: 1 relations [IP: ::ffff:127.0.0.1]
2026-01-23 06:12:58 PM [info-Admin Admin]: Record created successfully [IP: ::ffff:127.0.0.1]
2026-01-23 06:13:00 PM [info-Admin Admin]: Employee (partial) list retrieved successfully [IP: ::ffff:127.0.0.1]
2026-01-23 06:13:00 PM [info-Admin Admin]: Data retrieved successfully [IP: ::ffff:127.0.0.1]
2026-01-24 09:37:18 AM [info-Admin Admin]: User login successful [IP: ::ffff:127.0.0.1]
2026-01-24 09:37:18 AM [info-System]: User logged in successfully [IP: ::ffff:127.0.0.1]
2026-01-24 10:14:13 AM [info-Admin Admin]: Employee (partial) list retrieved successfully [IP: ::ffff:127.0.0.1]
2026-01-24 10:14:13 AM [info-Admin Admin]: Data retrieved successfully [IP: ::ffff:127.0.0.1]
2026-01-24 10:14:13 AM [info-Admin Admin]: Data retrieved successfully [IP: ::ffff:127.0.0.1]
2026-01-24 10:14:13 AM [info-Admin Admin]: Data retrieved successfully [IP: ::ffff:127.0.0.1]
2026-01-24 10:14:14 AM [info-Admin Admin]: Branch data retrieved successfully [IP: ::ffff:127.0.0.1]
2026-01-24 10:14:14 AM [info-Admin Admin]: Customer data retrieved successfully [IP: ::ffff:127.0.0.1]
2026-01-24 10:14:14 AM [info-Admin Admin]: Company data retrieved successfully [IP: ::ffff:127.0.0.1]
2026-01-24 10:14:14 AM [info-Admin Admin]: Farmers (filtered) list retrieved successfully [IP: ::ffff:127.0.0.1]
2026-01-24 10:14:14 AM [info-Admin Admin]: Data retrieved successfully [IP: ::ffff:127.0.0.1]
2026-01-24 10:14:14 AM [info-Admin Admin]: Data retrieved successfully [IP: ::ffff:127.0.0.1]
2026-01-24 10:14:14 AM [info-Admin Admin]: Data retrieved successfully [IP: ::ffff:127.0.0.1]
2026-01-24 10:14:14 AM [info-Admin Admin]: Data retrieved successfully [IP: ::ffff:127.0.0.1]
2026-01-24 10:14:15 AM [info-Admin Admin]: User counts report list retrieved successfully [IP: ::ffff:127.0.0.1]
2026-01-24 10:14:15 AM [info-Admin Admin]: Data retrieved successfully [IP: ::ffff:127.0.0.1]
2026-01-24 10:14:20 AM [info-Admin Admin]: Employee (partial) list retrieved successfully [IP: ::ffff:127.0.0.1]
2026-01-24 10:14:20 AM [info-Admin Admin]: Data retrieved successfully [IP: ::ffff:127.0.0.1]
2026-01-24 10:14:32 AM [info-Admin Admin]: Employee (partial) list retrieved successfully [IP: ::ffff:127.0.0.1]
2026-01-24 10:14:32 AM [info-Admin Admin]: Data retrieved successfully [IP: ::ffff:127.0.0.1]
2026-01-24 10:15:26 AM [info-Admin Admin]: Bulk workflow relations added successfully with ID: 1 relations [IP: ::ffff:127.0.0.1]
2026-01-24 10:15:26 AM [info-Admin Admin]: Record created successfully [IP: ::ffff:127.0.0.1]
2026-01-24 10:15:29 AM [info-Admin Admin]: Employee (partial) list retrieved successfully [IP: ::ffff:127.0.0.1]
2026-01-24 10:15:29 AM [info-Admin Admin]: Data retrieved successfully [IP: ::ffff:127.0.0.1]
2026-01-24 10:15:31 AM [info-Admin Admin]: Employee (partial) list retrieved successfully [IP: ::ffff:127.0.0.1]
2026-01-24 10:15:31 AM [info-Admin Admin]: Data retrieved successfully [IP: ::ffff:127.0.0.1]
2026-01-24 10:18:37 AM [info-Admin Admin]: Bulk workflow relations added successfully with ID: 9 relations [IP: ::ffff:127.0.0.1]
2026-01-24 10:18:37 AM [info-Admin Admin]: Record created successfully [IP: ::ffff:127.0.0.1]
2026-01-24 10:18:40 AM [info-Admin Admin]: Employee (partial) list retrieved successfully [IP: ::ffff:127.0.0.1]
2026-01-24 10:18:40 AM [info-Admin Admin]: Data retrieved successfully [IP: ::ffff:127.0.0.1]
2026-01-24 10:18:42 AM [info-Admin Admin]: Employee (partial) list retrieved successfully [IP: ::ffff:127.0.0.1]
2026-01-24 10:18:42 AM [info-Admin Admin]: Data retrieved successfully [IP: ::ffff:127.0.0.1]
2026-01-24 10:19:29 AM [info-Admin Admin]: Bulk workflow relations added successfully with ID: 2 relations [IP: ::ffff:127.0.0.1]
2026-01-24 10:19:30 AM [info-Admin Admin]: Record created successfully [IP: ::ffff:127.0.0.1]
2026-01-24 10:19:32 AM [info-Admin Admin]: Employee (partial) list retrieved successfully [IP: ::ffff:127.0.0.1]
2026-01-24 10:19:32 AM [info-Admin Admin]: Data retrieved successfully [IP: ::ffff:127.0.0.1]
2026-01-24 10:19:34 AM [info-Admin Admin]: Employee (partial) list retrieved successfully [IP: ::ffff:127.0.0.1]
2026-01-24 10:19:34 AM [info-Admin Admin]: Data retrieved successfully [IP: ::ffff:127.0.0.1]
2026-01-24 10:20:39 AM [info-Admin Admin]: Bulk workflow relations added successfully with ID: 1 relations [IP: ::ffff:127.0.0.1]
2026-01-24 10:20:39 AM [info-Admin Admin]: Record created successfully [IP: ::ffff:127.0.0.1]
2026-01-24 10:20:42 AM [info-Admin Admin]: Employee (partial) list retrieved successfully [IP: ::ffff:127.0.0.1]
2026-01-24 10:20:42 AM [info-Admin Admin]: Data retrieved successfully [IP: ::ffff:127.0.0.1]
2026-01-24 10:21:00 AM [info-Admin Admin]: Employee (partial) list retrieved successfully [IP: ::ffff:127.0.0.1]
2026-01-24 10:21:00 AM [info-Admin Admin]: Data retrieved successfully [IP: ::ffff:127.0.0.1]
2026-01-24 10:21:37 AM [info-Admin Admin]: Bulk workflow relations added successfully with ID: 2 relations [IP: ::ffff:127.0.0.1]
2026-01-24 10:21:38 AM [info-Admin Admin]: Record created successfully [IP: ::ffff:127.0.0.1]
2026-01-24 10:21:40 AM [info-Admin Admin]: Employee (partial) list retrieved successfully [IP: ::ffff:127.0.0.1]
2026-01-24 10:21:40 AM [info-Admin Admin]: Data retrieved successfully [IP: ::ffff:127.0.0.1]
2026-01-24 10:21:42 AM [info-Admin Admin]: Employee (partial) list retrieved successfully [IP: ::ffff:127.0.0.1]
2026-01-24 10:21:42 AM [info-Admin Admin]: Data retrieved successfully [IP: ::ffff:127.0.0.1]
2026-01-24 10:24:03 AM [info-Admin Admin]: Data retrieved successfully [IP: ::ffff:127.0.0.1]
2026-01-24 10:24:03 AM [info-Admin Admin]: Farmers (filtered) list retrieved successfully [IP: ::ffff:127.0.0.1]
2026-01-24 10:24:03 AM [info-Admin Admin]: Data retrieved successfully [IP: ::ffff:127.0.0.1]
2026-01-24 10:24:03 AM [info-Admin Admin]: Employee (partial) list retrieved successfully [IP: ::ffff:127.0.0.1]
2026-01-24 10:24:03 AM [info-Admin Admin]: Data retrieved successfully [IP: ::ffff:127.0.0.1]
2026-01-24 10:24:03 AM [info-Admin Admin]: Data retrieved successfully [IP: ::ffff:127.0.0.1]
2026-01-24 10:24:03 AM [info-Admin Admin]: Data retrieved successfully [IP: ::ffff:127.0.0.1]
2026-01-24 10:24:04 AM [info-Admin Admin]: Data retrieved successfully [IP: ::ffff:127.0.0.1]
2026-01-24 10:24:04 AM [info-Admin Admin]: Data retrieved successfully [IP: ::ffff:127.0.0.1]
2026-01-24 10:24:04 AM [info-Admin Admin]: Branch data retrieved successfully [IP: ::ffff:127.0.0.1]
2026-01-24 10:24:04 AM [info-Admin Admin]: Company data retrieved successfully [IP: ::ffff:127.0.0.1]
2026-01-24 10:24:04 AM [info-Admin Admin]: Customer data retrieved successfully [IP: ::ffff:127.0.0.1]
2026-01-24 10:24:04 AM [info-Admin Admin]: User counts report list retrieved successfully [IP: ::ffff:127.0.0.1]
2026-01-24 10:24:04 AM [info-Admin Admin]: Data retrieved successfully [IP: ::ffff:127.0.0.1]
2026-01-24 10:24:06 AM [info-Admin Admin]: Employee (partial) list retrieved successfully [IP: ::ffff:127.0.0.1]
2026-01-24 10:24:06 AM [info-Admin Admin]: Data retrieved successfully [IP: ::ffff:127.0.0.1]
2026-01-24 10:24:26 AM [error-Admin Admin]: Workflow tree retrieval failed: invalid input syntax for type uuid: "P" [IP: ::ffff:127.0.0.1]
2026-01-24 10:24:26 AM [info-Admin Admin]: Failed to retrieve data [IP: ::ffff:127.0.0.1]
2026-01-24 10:24:26 AM [error-Admin Admin]: Workflow tree retrieval failed: invalid input syntax for type uuid: "PR" [IP: ::ffff:127.0.0.1]
2026-01-24 10:24:26 AM [info-Admin Admin]: Failed to retrieve data [IP: ::ffff:127.0.0.1]
2026-01-24 10:24:26 AM [error-Admin Admin]: Workflow tree retrieval failed: invalid input syntax for type uuid: "PRa" [IP: ::ffff:127.0.0.1]
2026-01-24 10:24:26 AM [info-Admin Admin]: Failed to retrieve data [IP: ::ffff:127.0.0.1]
2026-01-24 10:24:26 AM [error-Admin Admin]: Workflow tree retrieval failed: invalid input syntax for type uuid: "PRash" [IP: ::ffff:127.0.0.1]
2026-01-24 10:24:26 AM [info-Admin Admin]: Failed to retrieve data [IP: ::ffff:127.0.0.1]
2026-01-24 10:24:26 AM [error-Admin Admin]: Workflow tree retrieval failed: invalid input syntax for type uuid: "PRasha" [IP: ::ffff:127.0.0.1]
2026-01-24 10:24:26 AM [info-Admin Admin]: Failed to retrieve data [IP: ::ffff:127.0.0.1]
2026-01-24 10:24:26 AM [error-Admin Admin]: Workflow tree retrieval failed: invalid input syntax for type uuid: "PRas" [IP: ::ffff:127.0.0.1]
2026-01-24 10:24:26 AM [info-Admin Admin]: Failed to retrieve data [IP: ::ffff:127.0.0.1]
2026-01-24 10:24:26 AM [error-Admin Admin]: Workflow tree retrieval failed: invalid input syntax for type uuid: "PRashan" [IP: ::ffff:127.0.0.1]
2026-01-24 10:24:26 AM [info-Admin Admin]: Failed to retrieve data [IP: ::ffff:127.0.0.1]
2026-01-24 10:24:28 AM [error-Admin Admin]: Workflow tree retrieval failed: invalid input syntax for type uuid: "PRashan" [IP: ::ffff:127.0.0.1]
2026-01-24 10:24:28 AM [info-Admin Admin]: Failed to retrieve data [IP: ::ffff:127.0.0.1]
2026-01-24 10:24:28 AM [info-Admin Admin]: Workflow tree list retrieved successfully [IP: ::ffff:127.0.0.1]
2026-01-24 10:24:28 AM [info-Admin Admin]: Data retrieved successfully [IP: ::ffff:127.0.0.1]
2026-01-24 10:24:43 AM [error-Admin Admin]: Workflow tree retrieval failed: invalid input syntax for type uuid: "su" [IP: ::ffff:127.0.0.1]
2026-01-24 10:24:43 AM [info-Admin Admin]: Failed to retrieve data [IP: ::ffff:127.0.0.1]
2026-01-24 10:24:43 AM [error-Admin Admin]: Workflow tree retrieval failed: invalid input syntax for type uuid: "sud" [IP: ::ffff:127.0.0.1]
2026-01-24 10:24:43 AM [info-Admin Admin]: Failed to retrieve data [IP: ::ffff:127.0.0.1]
2026-01-24 10:24:43 AM [error-Admin Admin]: Workflow tree retrieval failed: invalid input syntax for type uuid: "sudh" [IP: ::ffff:127.0.0.1]
2026-01-24 10:24:43 AM [info-Admin Admin]: Failed to retrieve data [IP: ::ffff:127.0.0.1]
2026-01-24 10:24:43 AM [error-Admin Admin]: Workflow tree retrieval failed: invalid input syntax for type uuid: "sudha" [IP: ::ffff:127.0.0.1]
2026-01-24 10:24:43 AM [info-Admin Admin]: Failed to retrieve data [IP: ::ffff:127.0.0.1]
2026-01-24 10:24:45 AM [error-Admin Admin]: Workflow tree retrieval failed: invalid input syntax for type uuid: "sudha" [IP: ::ffff:127.0.0.1]
2026-01-24 10:24:45 AM [info-Admin Admin]: Failed to retrieve data [IP: ::ffff:127.0.0.1]
2026-01-24 10:24:45 AM [info-Admin Admin]: Workflow tree list retrieved successfully [IP: ::ffff:127.0.0.1]
2026-01-24 10:24:45 AM [info-Admin Admin]: Data retrieved successfully [IP: ::ffff:127.0.0.1]
2026-01-24 10:25:15 AM [error-Admin Admin]: Workflow tree retrieval failed: invalid input syntax for type uuid: "s" [IP: ::ffff:127.0.0.1]
2026-01-24 10:25:15 AM [info-Admin Admin]: Failed to retrieve data [IP: ::ffff:127.0.0.1]
2026-01-24 10:25:26 AM [error-Admin Admin]: Workflow tree retrieval failed: invalid input syntax for type uuid: "a" [IP: ::ffff:127.0.0.1]
2026-01-24 10:25:26 AM [info-Admin Admin]: Failed to retrieve data [IP: ::ffff:127.0.0.1]
2026-01-24 10:25:26 AM [error-Admin Admin]: Workflow tree retrieval failed: invalid input syntax for type uuid: "as" [IP: ::ffff:127.0.0.1]
2026-01-24 10:25:26 AM [info-Admin Admin]: Failed to retrieve data [IP: ::ffff:127.0.0.1]
2026-01-24 10:25:26 AM [error-Admin Admin]: Workflow tree retrieval failed: invalid input syntax for type uuid: "ash" [IP: ::ffff:127.0.0.1]
2026-01-24 10:25:26 AM [info-Admin Admin]: Failed to retrieve data [IP: ::ffff:127.0.0.1]
2026-01-24 10:25:26 AM [error-Admin Admin]: Workflow tree retrieval failed: invalid input syntax for type uuid: "asho" [IP: ::ffff:127.0.0.1]
2026-01-24 10:25:26 AM [info-Admin Admin]: Failed to retrieve data [IP: ::ffff:127.0.0.1]
2026-01-24 10:25:27 AM [error-Admin Admin]: Workflow tree retrieval failed: invalid input syntax for type uuid: "ashok" [IP: ::ffff:127.0.0.1]
2026-01-24 10:25:27 AM [info-Admin Admin]: Failed to retrieve data [IP: ::ffff:127.0.0.1]
2026-01-24 10:25:28 AM [error-Admin Admin]: Workflow tree retrieval failed: invalid input syntax for type uuid: "ashok" [IP: ::ffff:127.0.0.1]
2026-01-24 10:25:28 AM [info-Admin Admin]: Failed to retrieve data [IP: ::ffff:127.0.0.1]
2026-01-24 10:25:28 AM [info-Admin Admin]: Workflow tree list retrieved successfully [IP: ::ffff:127.0.0.1]
2026-01-24 10:25:29 AM [info-Admin Admin]: Data retrieved successfully [IP: ::ffff:127.0.0.1]
2026-01-24 10:25:32 AM [info-Admin Admin]: Bulk workflow relations added successfully with ID: 11 relations [IP: ::ffff:127.0.0.1]
2026-01-24 10:25:32 AM [info-Admin Admin]: Record created successfully [IP: ::ffff:127.0.0.1]
2026-01-24 10:25:35 AM [info-Admin Admin]: Employee (partial) list retrieved successfully [IP: ::ffff:127.0.0.1]
2026-01-24 10:25:35 AM [info-Admin Admin]: Data retrieved successfully [IP: ::ffff:127.0.0.1]
2026-01-24 10:25:46 AM [info-Admin Admin]: Employee (partial) list retrieved successfully [IP: ::ffff:127.0.0.1]
2026-01-24 10:25:46 AM [info-Admin Admin]: Data retrieved successfully [IP: ::ffff:127.0.0.1]
2026-01-24 10:27:30 AM [info-Admin Admin]: Employee (partial) list retrieved successfully [IP: ::ffff:127.0.0.1]
2026-01-24 10:27:30 AM [info-Admin Admin]: Data retrieved successfully [IP: ::ffff:127.0.0.1]
2026-01-24 10:27:38 AM [info-Admin Admin]: Bulk workflow relations added successfully with ID: 3 relations [IP: ::ffff:127.0.0.1]
2026-01-24 10:27:38 AM [info-Admin Admin]: Record created successfully [IP: ::ffff:127.0.0.1]
2026-01-24 10:27:40 AM [info-Admin Admin]: Employee (partial) list retrieved successfully [IP: ::ffff:127.0.0.1]
2026-01-24 10:27:40 AM [info-Admin Admin]: Data retrieved successfully [IP: ::ffff:127.0.0.1]
2026-01-24 10:28:16 AM [info-Admin Admin]: Employee (partial) list retrieved successfully [IP: ::ffff:127.0.0.1]
2026-01-24 10:28:16 AM [info-Admin Admin]: Data retrieved successfully [IP: ::ffff:127.0.0.1]
2026-01-24 10:29:45 AM [info-Admin Admin]: Bulk workflow relations added successfully with ID: 4 relations [IP: ::ffff:127.0.0.1]
2026-01-24 10:29:45 AM [info-Admin Admin]: Record created successfully [IP: ::ffff:127.0.0.1]
2026-01-24 10:29:48 AM [info-Admin Admin]: Employee (partial) list retrieved successfully [IP: ::ffff:127.0.0.1]
2026-01-24 10:29:48 AM [info-Admin Admin]: Data retrieved successfully [IP: ::ffff:127.0.0.1]
2026-01-24 10:29:56 AM [error-Admin Admin]: Workflow tree retrieval failed: invalid input syntax for type uuid: "P" [IP: ::ffff:127.0.0.1]
2026-01-24 10:29:56 AM [info-Admin Admin]: Failed to retrieve data [IP: ::ffff:127.0.0.1]
2026-01-24 10:29:56 AM [error-Admin Admin]: Workflow tree retrieval failed: invalid input syntax for type uuid: "PR" [IP: ::ffff:127.0.0.1]
2026-01-24 10:29:56 AM [info-Admin Admin]: Failed to retrieve data [IP: ::ffff:127.0.0.1]
2026-01-24 10:29:56 AM [error-Admin Admin]: Workflow tree retrieval failed: invalid input syntax for type uuid: "PRa" [IP: ::ffff:127.0.0.1]
2026-01-24 10:29:56 AM [info-Admin Admin]: Failed to retrieve data [IP: ::ffff:127.0.0.1]
2026-01-24 10:29:57 AM [error-Admin Admin]: Workflow tree retrieval failed: invalid input syntax for type uuid: "PRas" [IP: ::ffff:127.0.0.1]
2026-01-24 10:29:57 AM [info-Admin Admin]: Failed to retrieve data [IP: ::ffff:127.0.0.1]
2026-01-24 10:29:58 AM [error-Admin Admin]: Workflow tree retrieval failed: invalid input syntax for type uuid: "PRas" [IP: ::ffff:127.0.0.1]
2026-01-24 10:29:58 AM [info-Admin Admin]: Failed to retrieve data [IP: ::ffff:127.0.0.1]
2026-01-24 10:29:58 AM [info-Admin Admin]: Workflow tree list retrieved successfully [IP: ::ffff:127.0.0.1]
2026-01-24 10:29:59 AM [info-Admin Admin]: Bulk workflow relations added successfully with ID: 3 relations [IP: ::ffff:127.0.0.1]
2026-01-24 10:29:59 AM [info-Admin Admin]: Data retrieved successfully [IP: ::ffff:127.0.0.1]
2026-01-24 10:29:59 AM [info-Admin Admin]: Record created successfully [IP: ::ffff:127.0.0.1]
2026-01-24 10:30:01 AM [info-Admin Admin]: Employee (partial) list retrieved successfully [IP: ::ffff:127.0.0.1]
2026-01-24 10:30:01 AM [info-Admin Admin]: Data retrieved successfully [IP: ::ffff:127.0.0.1]
2026-01-24 10:30:06 AM [info-Admin Admin]: Employee (partial) list retrieved successfully [IP: ::ffff:127.0.0.1]
2026-01-24 10:30:06 AM [info-Admin Admin]: Data retrieved successfully [IP: ::ffff:127.0.0.1]
2026-01-24 10:30:55 AM [error-Admin Admin]: Workflow tree retrieval failed: invalid input value for enum workflow_hierarchy_department_enum: "null" [IP: ::ffff:127.0.0.1]
2026-01-24 10:30:55 AM [info-Admin Admin]: Failed to retrieve data [IP: ::ffff:127.0.0.1]
2026-01-24 10:30:55 AM [error-Admin Admin]: Workflow tree retrieval failed: invalid input value for enum workflow_hierarchy_department_enum: "s" [IP: ::ffff:127.0.0.1]
2026-01-24 10:30:55 AM [info-Admin Admin]: Failed to retrieve data [IP: ::ffff:127.0.0.1]
2026-01-24 10:30:55 AM [error-Admin Admin]: Workflow tree retrieval failed: invalid input value for enum workflow_hierarchy_department_enum: "sa" [IP: ::ffff:127.0.0.1]
2026-01-24 10:30:55 AM [info-Admin Admin]: Failed to retrieve data [IP: ::ffff:127.0.0.1]
2026-01-24 10:30:56 AM [error-Admin Admin]: Workflow tree retrieval failed: invalid input value for enum workflow_hierarchy_department_enum: "sa" [IP: ::ffff:127.0.0.1]
2026-01-24 10:30:56 AM [info-Admin Admin]: Failed to retrieve data [IP: ::ffff:127.0.0.1]
2026-01-24 10:30:56 AM [info-Admin Admin]: Workflow tree list retrieved successfully [IP: ::ffff:127.0.0.1]
2026-01-24 10:30:57 AM [info-Admin Admin]: Data retrieved successfully [IP: ::ffff:127.0.0.1]
2026-01-24 10:31:00 AM [error-Admin Admin]: Workflow tree retrieval failed: invalid input syntax for type uuid: "s" [IP: ::ffff:127.0.0.1]
2026-01-24 10:31:00 AM [info-Admin Admin]: Failed to retrieve data [IP: ::ffff:127.0.0.1]
2026-01-24 10:31:00 AM [error-Admin Admin]: Workflow tree retrieval failed: invalid input syntax for type uuid: "su" [IP: ::ffff:127.0.0.1]
2026-01-24 10:31:00 AM [info-Admin Admin]: Failed to retrieve data [IP: ::ffff:127.0.0.1]
2026-01-24 10:31:00 AM [error-Admin Admin]: Workflow tree retrieval failed: invalid input syntax for type uuid: "sud" [IP: ::ffff:127.0.0.1]
2026-01-24 10:31:00 AM [info-Admin Admin]: Failed to retrieve data [IP: ::ffff:127.0.0.1]
2026-01-24 10:31:01 AM [error-Admin Admin]: Workflow tree retrieval failed: invalid input syntax for type uuid: "sudh" [IP: ::ffff:127.0.0.1]
2026-01-24 10:31:01 AM [info-Admin Admin]: Failed to retrieve data [IP: ::ffff:127.0.0.1]
2026-01-24 10:31:02 AM [info-Admin Admin]: Workflow tree list retrieved successfully [IP: ::ffff:127.0.0.1]
2026-01-24 10:31:02 AM [info-Admin Admin]: Data retrieved successfully [IP: ::ffff:127.0.0.1]
2026-01-24 10:31:13 AM [error-Admin Admin]: Workflow tree retrieval failed: invalid input syntax for type uuid: "N" [IP: ::ffff:127.0.0.1]
2026-01-24 10:31:13 AM [info-Admin Admin]: Failed to retrieve data [IP: ::ffff:127.0.0.1]
2026-01-24 10:31:13 AM [error-Admin Admin]: Workflow tree retrieval failed: invalid input syntax for type uuid: "Na" [IP: ::ffff:127.0.0.1]
2026-01-24 10:31:13 AM [info-Admin Admin]: Failed to retrieve data [IP: ::ffff:127.0.0.1]
2026-01-24 10:31:13 AM [error-Admin Admin]: Workflow tree retrieval failed: invalid input syntax for type uuid: "Nar" [IP: ::ffff:127.0.0.1]
2026-01-24 10:31:13 AM [info-Admin Admin]: Failed to retrieve data [IP: ::ffff:127.0.0.1]
2026-01-24 10:31:14 AM [error-Admin Admin]: Workflow tree retrieval failed: invalid input syntax for type uuid: "Nard" [IP: ::ffff:127.0.0.1]
2026-01-24 10:31:14 AM [info-Admin Admin]: Failed to retrieve data [IP: ::ffff:127.0.0.1]
2026-01-24 10:31:14 AM [error-Admin Admin]: Workflow tree retrieval failed: invalid input syntax for type uuid: "Nardn" [IP: ::ffff:127.0.0.1]
2026-01-24 10:31:14 AM [info-Admin Admin]: Failed to retrieve data [IP: ::ffff:127.0.0.1]
2026-01-24 10:31:14 AM [error-Admin Admin]: Workflow tree retrieval failed: invalid input syntax for type uuid: "Nard" [IP: ::ffff:127.0.0.1]
2026-01-24 10:31:14 AM [info-Admin Admin]: Failed to retrieve data [IP: ::ffff:127.0.0.1]
2026-01-24 10:31:14 AM [error-Admin Admin]: Workflow tree retrieval failed: invalid input syntax for type uuid: "Nar" [IP: ::ffff:127.0.0.1]
2026-01-24 10:31:14 AM [info-Admin Admin]: Failed to retrieve data [IP: ::ffff:127.0.0.1]
2026-01-24 10:31:15 AM [error-Admin Admin]: Workflow tree retrieval failed: invalid input syntax for type uuid: "Nare" [IP: ::ffff:127.0.0.1]
2026-01-24 10:31:15 AM [info-Admin Admin]: Failed to retrieve data [IP: ::ffff:127.0.0.1]
2026-01-24 10:31:16 AM [error-Admin Admin]: Workflow tree retrieval failed: invalid input syntax for type uuid: "Nare" [IP: ::ffff:127.0.0.1]
2026-01-24 10:31:16 AM [info-Admin Admin]: Failed to retrieve data [IP: ::ffff:127.0.0.1]
2026-01-24 10:31:16 AM [info-Admin Admin]: Workflow tree list retrieved successfully [IP: ::ffff:127.0.0.1]
2026-01-24 10:31:17 AM [info-Admin Admin]: Data retrieved successfully [IP: ::ffff:127.0.0.1]
2026-01-24 10:31:21 AM [info-Admin Admin]: Bulk workflow relations added successfully with ID: 2 relations [IP: ::ffff:127.0.0.1]
2026-01-24 10:31:21 AM [info-Admin Admin]: Record created successfully [IP: ::ffff:127.0.0.1]
2026-01-24 10:31:24 AM [info-Admin Admin]: Employee (partial) list retrieved successfully [IP: ::ffff:127.0.0.1]
2026-01-24 10:31:24 AM [info-Admin Admin]: Data retrieved successfully [IP: ::ffff:127.0.0.1]
2026-01-24 10:31:26 AM [info-Admin Admin]: Employee (partial) list retrieved successfully [IP: ::ffff:127.0.0.1]
2026-01-24 10:31:26 AM [info-Admin Admin]: Data retrieved successfully [IP: ::ffff:127.0.0.1]
2026-01-24 10:31:41 AM [info-Admin Admin]: Employee (partial) list retrieved successfully [IP: ::ffff:127.0.0.1]
2026-01-24 10:31:41 AM [info-Admin Admin]: Data retrieved successfully [IP: ::ffff:127.0.0.1]
2026-01-24 10:32:07 AM [info-Admin Admin]: Bulk workflow relations added successfully with ID: 2 relations [IP: ::ffff:127.0.0.1]
2026-01-24 10:32:08 AM [info-Admin Admin]: Record created successfully [IP: ::ffff:127.0.0.1]
2026-01-24 10:32:10 AM [info-Admin Admin]: Employee (partial) list retrieved successfully [IP: ::ffff:127.0.0.1]
2026-01-24 10:32:10 AM [info-Admin Admin]: Data retrieved successfully [IP: ::ffff:127.0.0.1]
2026-01-24 10:32:12 AM [error-Admin Admin]: Workflow tree retrieval failed: invalid input syntax for type uuid: "r" [IP: ::ffff:127.0.0.1]
2026-01-24 10:32:12 AM [info-Admin Admin]: Failed to retrieve data [IP: ::ffff:127.0.0.1]
2026-01-24 10:32:12 AM [error-Admin Admin]: Workflow tree retrieval failed: invalid input syntax for type uuid: "a" [IP: ::ffff:127.0.0.1]
2026-01-24 10:32:12 AM [info-Admin Admin]: Failed to retrieve data [IP: ::ffff:127.0.0.1]
2026-01-24 10:32:13 AM [error-Admin Admin]: Workflow tree retrieval failed: invalid input syntax for type uuid: "av" [IP: ::ffff:127.0.0.1]
2026-01-24 10:32:13 AM [info-Admin Admin]: Failed to retrieve data [IP: ::ffff:127.0.0.1]
2026-01-24 10:32:13 AM [error-Admin Admin]: Workflow tree retrieval failed: invalid input syntax for type uuid: "a" [IP: ::ffff:127.0.0.1]
2026-01-24 10:32:13 AM [info-Admin Admin]: Failed to retrieve data [IP: ::ffff:127.0.0.1]
2026-01-24 10:32:13 AM [error-Admin Admin]: Workflow tree retrieval failed: invalid input syntax for type uuid: "r" [IP: ::ffff:127.0.0.1]
2026-01-24 10:32:13 AM [info-Admin Admin]: Failed to retrieve data [IP: ::ffff:127.0.0.1]
2026-01-24 10:32:15 AM [error-Admin Admin]: Workflow tree retrieval failed: invalid input syntax for type uuid: "ra" [IP: ::ffff:127.0.0.1]
2026-01-24 10:32:15 AM [info-Admin Admin]: Failed to retrieve data [IP: ::ffff:127.0.0.1]
2026-01-24 10:32:15 AM [error-Admin Admin]: Workflow tree retrieval failed: invalid input syntax for type uuid: "rav" [IP: ::ffff:127.0.0.1]
2026-01-24 10:32:15 AM [info-Admin Admin]: Failed to retrieve data [IP: ::ffff:127.0.0.1]
2026-01-24 10:32:16 AM [error-Admin Admin]: Workflow tree retrieval failed: invalid input syntax for type uuid: "rav" [IP: ::ffff:127.0.0.1]
2026-01-24 10:32:16 AM [info-Admin Admin]: Failed to retrieve data [IP: ::ffff:127.0.0.1]
2026-01-24 10:32:16 AM [info-Admin Admin]: Workflow tree list retrieved successfully [IP: ::ffff:127.0.0.1]
2026-01-24 10:32:17 AM [info-Admin Admin]: Data retrieved successfully [IP: ::ffff:127.0.0.1]
2026-01-24 10:33:20 AM [info-Admin Admin]: Employee list retrieved successfully [IP: ::ffff:127.0.0.1]
2026-01-24 10:33:21 AM [info-Admin Admin]: Data retrieved successfully [IP: ::ffff:127.0.0.1]
2026-01-24 10:33:37 AM [info-Admin Admin]: Bulk workflow relations added successfully with ID: 7 relations [IP: ::ffff:127.0.0.1]
2026-01-24 10:33:38 AM [info-Admin Admin]: Record created successfully [IP: ::ffff:127.0.0.1]
2026-01-24 10:33:40 AM [info-Admin Admin]: Employee (partial) list retrieved successfully [IP: ::ffff:127.0.0.1]
2026-01-24 10:33:40 AM [info-Admin Admin]: Data retrieved successfully [IP: ::ffff:127.0.0.1]
2026-01-24 10:33:43 AM [info-Admin Admin]: Employee (partial) list retrieved successfully [IP: ::ffff:127.0.0.1]
2026-01-24 10:33:43 AM [info-Admin Admin]: Data retrieved successfully [IP: ::ffff:127.0.0.1]
2026-01-24 10:33:51 AM [info-Admin Admin]: Employee list retrieved successfully [IP: ::ffff:127.0.0.1]
2026-01-24 10:33:51 AM [info-Admin Admin]: Data retrieved successfully [IP: ::ffff:127.0.0.1]
2026-01-24 10:34:25 AM [info-Sudhanshu Singh]: Employee (partial) list retrieved successfully [IP: ::ffff:127.0.0.1]
2026-01-24 10:34:25 AM [info-Sudhanshu Singh]: Data retrieved successfully [IP: ::ffff:127.0.0.1]
2026-01-24 10:34:56 AM [info-Sudhanshu Singh]: Employee (partial) list retrieved successfully [IP: ::ffff:127.0.0.1]
2026-01-24 10:34:56 AM [info-Sudhanshu Singh]: Data retrieved successfully [IP: ::ffff:127.0.0.1]
2026-01-24 10:34:58 AM [info-Sudhanshu Singh]: Data retrieved successfully [IP: ::ffff:127.0.0.1]
2026-01-24 10:35:34 AM [info-Admin Admin]: Bulk workflow relations added successfully with ID: 3 relations [IP: ::ffff:127.0.0.1]
2026-01-24 10:35:35 AM [info-Admin Admin]: Record created successfully [IP: ::ffff:127.0.0.1]
2026-01-24 10:35:37 AM [info-Admin Admin]: Employee (partial) list retrieved successfully [IP: ::ffff:127.0.0.1]
2026-01-24 10:35:37 AM [info-Admin Admin]: Data retrieved successfully [IP: ::ffff:127.0.0.1]
2026-01-24 10:38:59 AM [info-Sudhanshu Singh]: Employee (partial) list retrieved successfully [IP: ::ffff:127.0.0.1]
2026-01-24 10:38:59 AM [info-Sudhanshu Singh]: Data retrieved successfully [IP: ::ffff:127.0.0.1]
2026-01-24 10:38:59 AM [info-Sudhanshu Singh]: Data retrieved successfully [IP: ::ffff:127.0.0.1]
2026-01-24 10:39:01 AM [info-Sudhanshu Singh]: Employee (partial) list retrieved successfully [IP: ::ffff:127.0.0.1]
2026-01-24 10:39:01 AM [info-Sudhanshu Singh]: Data retrieved successfully [IP: ::ffff:127.0.0.1]
2026-01-24 10:39:01 AM [info-Sudhanshu Singh]: Customer data retrieved successfully [IP: ::ffff:127.0.0.1]
2026-01-24 10:39:02 AM [info-Sudhanshu Singh]: Data retrieved successfully [IP: ::ffff:127.0.0.1]
2026-01-24 10:39:05 AM [info-Sudhanshu Singh]: Employee (partial) list retrieved successfully [IP: ::ffff:127.0.0.1]
2026-01-24 10:39:05 AM [info-Sudhanshu Singh]: Data retrieved successfully [IP: ::ffff:127.0.0.1]
2026-01-24 10:39:05 AM [info-Sudhanshu Singh]: Customer data retrieved successfully [IP: ::ffff:127.0.0.1]
2026-01-24 10:39:05 AM [info-Sudhanshu Singh]: Data retrieved successfully [IP: ::ffff:127.0.0.1]
2026-01-24 10:39:08 AM [info-Sudhanshu Singh]: Employee (partial) list retrieved successfully [IP: ::ffff:127.0.0.1]
2026-01-24 10:39:08 AM [info-Sudhanshu Singh]: Data retrieved successfully [IP: ::ffff:127.0.0.1]
2026-01-24 10:39:08 AM [info-Sudhanshu Singh]: Data retrieved successfully [IP: ::ffff:127.0.0.1]
2026-01-24 10:40:49 AM [info-Admin Admin]: User logout successful [IP: ::ffff:127.0.0.1]
2026-01-24 10:40:49 AM [info-System]: User logged out successfully [IP: ::ffff:127.0.0.1]
2026-01-24 10:41:07 AM [info-Admin Admin]: User login successful [IP: ::ffff:127.0.0.1]
2026-01-24 10:41:07 AM [info-System]: User logged in successfully [IP: ::ffff:127.0.0.1]
2026-01-24 10:41:10 AM [info-Sagar Pagar]: Employee (partial) list retrieved successfully [IP: ::ffff:127.0.0.1]
2026-01-24 10:41:10 AM [info-Sagar Pagar]: Data retrieved successfully [IP: ::ffff:127.0.0.1]
2026-01-24 10:41:17 AM [info-Sagar Pagar]: Employee (partial) list retrieved successfully [IP: ::ffff:127.0.0.1]
2026-01-24 10:41:17 AM [info-Sagar Pagar]: Data retrieved successfully [IP: ::ffff:127.0.0.1]
2026-01-24 10:41:17 AM [info-Sagar Pagar]: Data retrieved successfully [IP: ::ffff:127.0.0.1]
2026-01-24 10:41:19 AM [info-Sagar Pagar]: Employee (partial) list retrieved successfully [IP: ::ffff:127.0.0.1]
2026-01-24 10:41:19 AM [info-Sagar Pagar]: Data retrieved successfully [IP: ::ffff:127.0.0.1]
2026-01-24 10:41:20 AM [info-Sagar Pagar]: Data retrieved successfully [IP: ::ffff:127.0.0.1]
2026-01-24 10:41:25 AM [info-Sagar Pagar]: Employee (partial) list retrieved successfully [IP: ::ffff:127.0.0.1]
2026-01-24 10:41:25 AM [info-Sagar Pagar]: Data retrieved successfully [IP: ::ffff:127.0.0.1]
2026-01-24 10:42:44 AM [info-Admin Admin]: Employee (partial) list retrieved successfully [IP: ::ffff:127.0.0.1]
2026-01-24 10:42:44 AM [info-Admin Admin]: Data retrieved successfully [IP: ::ffff:127.0.0.1]
2026-01-24 10:43:03 AM [info-Sagar Pagar]: Data retrieved successfully [IP: ::ffff:127.0.0.1]
2026-01-24 10:45:28 AM [info-Sagar Pagar]: Record created successfully [IP: ::ffff:127.0.0.1]
2026-01-24 10:45:28 AM [info-Sagar Pagar]: Employee (partial) list retrieved successfully [IP: ::ffff:127.0.0.1]
2026-01-24 10:45:28 AM [info-Sagar Pagar]: Data retrieved successfully [IP: ::ffff:127.0.0.1]
2026-01-24 10:45:29 AM [info-Sagar Pagar]: Data retrieved successfully [IP: ::ffff:127.0.0.1]
2026-01-24 10:45:38 AM [info-Admin Admin]: User logout successful [IP: ::ffff:127.0.0.1]
2026-01-24 10:45:38 AM [info-System]: User logged out successfully [IP: ::ffff:127.0.0.1]
2026-01-24 10:45:48 AM [info-Admin Admin]: Employee list retrieved successfully [IP: ::ffff:127.0.0.1]
2026-01-24 10:45:48 AM [info-Admin Admin]: Data retrieved successfully [IP: ::ffff:127.0.0.1]
2026-01-24 10:46:23 AM [info-Admin Admin]: User login successful [IP: ::ffff:127.0.0.1]
2026-01-24 10:46:23 AM [info-System]: User logged in successfully [IP: ::ffff:127.0.0.1]
2026-01-24 10:46:25 AM [info-Vaibhav Ahire]: Employee (partial) list retrieved successfully [IP: ::ffff:127.0.0.1]
2026-01-24 10:46:25 AM [info-Vaibhav Ahire]: Data retrieved successfully [IP: ::ffff:127.0.0.1]
2026-01-24 10:51:14 AM [info-Admin Admin]: Employee (partial) list retrieved successfully [IP: ::ffff:127.0.0.1]
2026-01-24 10:51:14 AM [info-Admin Admin]: Data retrieved successfully [IP: ::ffff:127.0.0.1]
2026-01-24 10:51:19 AM [info-Admin Admin]: Workflow tree list retrieved successfully [IP: ::ffff:127.0.0.1]
2026-01-24 10:51:20 AM [info-Admin Admin]: Data retrieved successfully [IP: ::ffff:127.0.0.1]
2026-01-24 10:52:01 AM [info-Admin Admin]: Workflow tree list retrieved successfully [IP: ::ffff:127.0.0.1]
2026-01-24 10:52:01 AM [info-Admin Admin]: Data retrieved successfully [IP: ::ffff:127.0.0.1]
2026-01-24 10:52:04 AM [info-Admin Admin]: Workflow tree list retrieved successfully [IP: ::ffff:127.0.0.1]
2026-01-24 10:52:05 AM [info-Admin Admin]: Data retrieved successfully [IP: ::ffff:127.0.0.1]
2026-01-24 10:52:36 AM [error-Admin Admin]: Workflow tree retrieval failed: invalid input value for enum workflow_hierarchy_department_enum: "null" [IP: ::ffff:127.0.0.1]
2026-01-24 10:52:36 AM [info-Admin Admin]: Failed to retrieve data [IP: ::ffff:127.0.0.1]
2026-01-24 10:55:34 AM [info-Admin Admin]: Approval Flow data retrieved successfully [IP: ::ffff:127.0.0.1]
2026-01-24 10:58:17 AM [info-Vaibhav Ahire]: Employee (partial) list retrieved successfully [IP: ::ffff:127.0.0.1]
2026-01-24 10:58:17 AM [info-Vaibhav Ahire]: Data retrieved successfully [IP: ::ffff:127.0.0.1]
2026-01-24 10:58:17 AM [info-Vaibhav Ahire]: Data retrieved successfully [IP: ::ffff:127.0.0.1]
2026-01-24 11:12:49 AM [info-Vaibhav Ahire]: Employee (partial) list retrieved successfully [IP: ::ffff:127.0.0.1]
2026-01-24 11:12:49 AM [info-Vaibhav Ahire]: Data retrieved successfully [IP: ::ffff:127.0.0.1]
2026-01-24 11:12:49 AM [info-Vaibhav Ahire]: Data retrieved successfully [IP: ::ffff:127.0.0.1]
2026-01-24 11:13:01 AM [info-Vaibhav Ahire]: Employee (partial) list retrieved successfully [IP: ::ffff:127.0.0.1]
2026-01-24 11:13:01 AM [info-Vaibhav Ahire]: Data retrieved successfully [IP: ::ffff:127.0.0.1]
2026-01-24 11:13:05 AM [info-Vaibhav Ahire]: Employee (partial) list retrieved successfully [IP: ::ffff:127.0.0.1]
2026-01-24 11:13:05 AM [info-Vaibhav Ahire]: Data retrieved successfully [IP: ::ffff:127.0.0.1]
2026-01-24 11:14:34 AM [info-Vaibhav Ahire]: Record created successfully [IP: ::ffff:127.0.0.1]
2026-01-24 11:14:35 AM [info-Vaibhav Ahire]: Employee (partial) list retrieved successfully [IP: ::ffff:127.0.0.1]
2026-01-24 11:14:35 AM [info-Vaibhav Ahire]: Data retrieved successfully [IP: ::ffff:127.0.0.1]
2026-01-24 11:14:35 AM [info-Vaibhav Ahire]: Data retrieved successfully [IP: ::ffff:127.0.0.1]
2026-01-24 11:14:47 AM [info-Admin Admin]: User logout successful [IP: ::ffff:127.0.0.1]
2026-01-24 11:14:47 AM [info-System]: User logged out successfully [IP: ::ffff:127.0.0.1]
2026-01-24 11:14:58 AM [info-Admin Admin]: User login successful [IP: ::ffff:127.0.0.1]
2026-01-24 11:14:58 AM [info-System]: User logged in successfully [IP: ::ffff:127.0.0.1]
2026-01-24 11:15:01 AM [info-Sudhanshu Singh]: Employee (partial) list retrieved successfully [IP: ::ffff:127.0.0.1]
2026-01-24 11:15:01 AM [info-Sudhanshu Singh]: Data retrieved successfully [IP: ::ffff:127.0.0.1]
2026-01-24 11:15:07 AM [info-Sudhanshu Singh]: Employee (partial) list retrieved successfully [IP: ::ffff:127.0.0.1]
2026-01-24 11:15:07 AM [info-Sudhanshu Singh]: Data retrieved successfully [IP: ::ffff:127.0.0.1]
2026-01-24 11:15:07 AM [info-Sudhanshu Singh]: Data retrieved successfully [IP: ::ffff:127.0.0.1]
2026-01-24 11:15:16 AM [info-Sudhanshu Singh]: Data retrieved successfully [IP: ::ffff:127.0.0.1]
2026-01-24 11:31:35 AM [info-Admin Admin]: Approval Flow data retrieved successfully [IP: ::ffff:127.0.0.1]
2026-01-24 12:39:46 PM [info-Admin Admin]: User logout successful [IP: ::ffff:127.0.0.1]
2026-01-24 12:39:46 PM [info-System]: User logged out successfully [IP: ::ffff:127.0.0.1]
2026-01-24 12:39:53 PM [info-Admin Admin]: User login successful [IP: ::ffff:127.0.0.1]
2026-01-24 12:39:53 PM [info-System]: User logged in successfully [IP: ::ffff:127.0.0.1]
2026-01-24 12:39:57 PM [info-Sagar Pagar]: Employee (partial) list retrieved successfully [IP: ::ffff:127.0.0.1]
2026-01-24 12:39:57 PM [info-Sagar Pagar]: Data retrieved successfully [IP: ::ffff:127.0.0.1]
2026-01-24 12:40:22 PM [info-Sagar Pagar]: Employee (partial) list retrieved successfully [IP: ::ffff:127.0.0.1]
2026-01-24 12:40:22 PM [info-Sagar Pagar]: Data retrieved successfully [IP: ::ffff:127.0.0.1]
2026-01-24 12:42:01 PM [info-Sagar Pagar]: Employee (partial) list retrieved successfully [IP: ::ffff:127.0.0.1]
2026-01-24 12:42:01 PM [info-Sagar Pagar]: Data retrieved successfully [IP: ::ffff:127.0.0.1]
2026-01-24 12:42:03 PM [info-Sagar Pagar]: Employee (partial) list retrieved successfully [IP: ::ffff:127.0.0.1]
2026-01-24 12:42:03 PM [info-Sagar Pagar]: Data retrieved successfully [IP: ::ffff:127.0.0.1]
2026-01-24 12:42:06 PM [info-Sagar Pagar]: Employee (partial) list retrieved successfully [IP: ::ffff:127.0.0.1]
2026-01-24 12:42:06 PM [info-Sagar Pagar]: Data retrieved successfully [IP: ::ffff:127.0.0.1]
2026-01-24 12:42:09 PM [info-Sagar Pagar]: Employee (partial) list retrieved successfully [IP: ::ffff:127.0.0.1]
2026-01-24 12:42:09 PM [info-Sagar Pagar]: Data retrieved successfully [IP: ::ffff:127.0.0.1]
2026-01-24 12:42:19 PM [info-Sagar Pagar]: Data retrieved successfully [IP: ::ffff:127.0.0.1]
2026-01-24 12:42:55 PM [info-Sagar Pagar]: Data retrieved successfully [IP: ::ffff:127.0.0.1]
2026-01-24 12:43:08 PM [info-Sagar Pagar]: Data retrieved successfully [IP: ::ffff:127.0.0.1]
2026-01-24 12:43:19 PM [info-Sagar Pagar]: Data retrieved successfully [IP: ::ffff:127.0.0.1]
2026-01-24 12:43:47 PM [error-Sagar Pagar]: Error in POST /procurement-target/create/monthly-plan: invalid input value for enum procurement_targets_status_enum: "DRAFT"
2026-01-24 12:43:47 PM [info-Sagar Pagar]: Failed to create record [IP: ::ffff:127.0.0.1]
2026-01-24 12:45:28 PM [error-Sagar Pagar]: Error in POST /procurement-target/create/monthly-plan: duplicate key value violates unique constraint "IDX_1323c6989f83b4ae06f27db231"
2026-01-24 12:45:28 PM [info-Sagar Pagar]: Failed to create record [IP: ::ffff:127.0.0.1]
2026-01-24 12:46:00 PM [error-Sagar Pagar]: Error in POST /procurement-target/create/monthly-plan: plan is not iterable
2026-01-24 12:46:00 PM [info-Sagar Pagar]: Failed to create record [IP: ::ffff:127.0.0.1]
2026-01-24 12:46:22 PM [info-Sagar Pagar]: Employee (partial) list retrieved successfully [IP: ::ffff:127.0.0.1]
2026-01-24 12:46:22 PM [info-Sagar Pagar]: Data retrieved successfully [IP: ::ffff:127.0.0.1]
2026-01-24 12:46:22 PM [info-Sagar Pagar]: Data retrieved successfully [IP: ::ffff:127.0.0.1]
2026-01-24 12:47:18 PM [info-Sagar Pagar]: Failed to retrieve data [IP: ::ffff:127.0.0.1]
2026-01-24 12:47:20 PM [info-Sagar Pagar]: Failed to retrieve data [IP: ::ffff:127.0.0.1]
2026-01-24 12:47:25 PM [info-Sagar Pagar]: Employee (partial) list retrieved successfully [IP: ::ffff:127.0.0.1]
2026-01-24 12:47:25 PM [info-Sagar Pagar]: Data retrieved successfully [IP: ::ffff:127.0.0.1]
2026-01-24 12:47:25 PM [info-Sagar Pagar]: Data retrieved successfully [IP: ::ffff:127.0.0.1]
2026-01-24 12:47:48 PM [info-Admin Admin]: Company data retrieved successfully [IP: ::ffff:127.0.0.1]
2026-01-24 12:47:49 PM [info-Admin Admin]: Employee (partial) list retrieved successfully [IP: ::ffff:127.0.0.1]
2026-01-24 12:47:49 PM [info-Admin Admin]: Data retrieved successfully [IP: ::ffff:127.0.0.1]
2026-01-24 12:47:49 PM [info-Admin Admin]: Data retrieved successfully [IP: ::ffff:127.0.0.1]
2026-01-24 12:47:49 PM [info-Admin Admin]: Data retrieved successfully [IP: ::ffff:127.0.0.1]
2026-01-24 12:47:50 PM [info-Admin Admin]: Farmers (filtered) list retrieved successfully [IP: ::ffff:127.0.0.1]
2026-01-24 12:47:50 PM [info-Admin Admin]: Data retrieved successfully [IP: ::ffff:127.0.0.1]
2026-01-24 12:47:50 PM [info-Admin Admin]: Branch data retrieved successfully [IP: ::ffff:127.0.0.1]
2026-01-24 12:47:50 PM [info-Admin Admin]: Data retrieved successfully [IP: ::ffff:127.0.0.1]
2026-01-24 12:47:50 PM [info-Admin Admin]: Data retrieved successfully [IP: ::ffff:127.0.0.1]
2026-01-24 12:47:51 PM [info-Admin Admin]: Customer data retrieved successfully [IP: ::ffff:127.0.0.1]
2026-01-24 12:47:51 PM [info-Admin Admin]: Employee list retrieved successfully [IP: ::ffff:127.0.0.1]
2026-01-24 12:47:51 PM [info-Admin Admin]: Data retrieved successfully [IP: ::ffff:127.0.0.1]
2026-01-24 12:47:51 PM [info-Admin Admin]: User counts report list retrieved successfully [IP: ::ffff:127.0.0.1]
2026-01-24 12:47:51 PM [info-Admin Admin]: Data retrieved successfully [IP: ::ffff:127.0.0.1]
2026-01-24 12:47:53 PM [info-Admin Admin]: Data retrieved successfully [IP: ::ffff:127.0.0.1]
2026-01-24 12:48:43 PM [info-Admin Admin]: Employee list retrieved successfully [IP: ::ffff:127.0.0.1]
2026-01-24 12:48:44 PM [info-Admin Admin]: Data retrieved successfully [IP: ::ffff:127.0.0.1]
2026-01-24 12:49:13 PM [info-Admin Admin]: User logout successful [IP: ::ffff:127.0.0.1]
2026-01-24 12:49:13 PM [info-System]: User logged out successfully [IP: ::ffff:127.0.0.1]
2026-01-24 12:49:30 PM [info-Admin Admin]: User login successful [IP: ::ffff:127.0.0.1]
2026-01-24 12:49:30 PM [info-System]: User logged in successfully [IP: ::ffff:127.0.0.1]
2026-01-24 12:49:33 PM [info-Abhilasha Chavan]: Employee (partial) list retrieved successfully [IP: ::ffff:127.0.0.1]
2026-01-24 12:49:33 PM [info-Abhilasha Chavan]: Data retrieved successfully [IP: ::ffff:127.0.0.1]
2026-01-24 12:49:39 PM [info-Abhilasha Chavan]: Employee (partial) list retrieved successfully [IP: ::ffff:127.0.0.1]
2026-01-24 12:49:39 PM [info-Abhilasha Chavan]: Data retrieved successfully [IP: ::ffff:127.0.0.1]
2026-01-24 12:49:39 PM [info-Abhilasha Chavan]: Data retrieved successfully [IP: ::ffff:127.0.0.1]
2026-01-24 12:49:42 PM [info-Abhilasha Chavan]: Employee (partial) list retrieved successfully [IP: ::ffff:127.0.0.1]
2026-01-24 12:49:42 PM [info-Abhilasha Chavan]: Data retrieved successfully [IP: ::ffff:127.0.0.1]
2026-01-24 12:49:42 PM [info-Abhilasha Chavan]: Data retrieved successfully [IP: ::ffff:127.0.0.1]
2026-01-24 12:50:09 PM [info-Admin Admin]: Employee (partial) list retrieved successfully [IP: ::ffff:127.0.0.1]
2026-01-24 12:50:09 PM [info-Admin Admin]: Data retrieved successfully [IP: ::ffff:127.0.0.1]
2026-01-24 12:50:16 PM [error-Admin Admin]: Workflow tree retrieval failed: invalid input syntax for type uuid: "a" [IP: ::ffff:127.0.0.1]
2026-01-24 12:50:16 PM [info-Admin Admin]: Failed to retrieve data [IP: ::ffff:127.0.0.1]
2026-01-24 12:50:16 PM [error-Admin Admin]: Workflow tree retrieval failed: invalid input syntax for type uuid: "as" [IP: ::ffff:127.0.0.1]
2026-01-24 12:50:16 PM [info-Admin Admin]: Failed to retrieve data [IP: ::ffff:127.0.0.1]
2026-01-24 12:50:16 PM [error-Admin Admin]: Workflow tree retrieval failed: invalid input syntax for type uuid: "ash" [IP: ::ffff:127.0.0.1]
2026-01-24 12:50:16 PM [info-Admin Admin]: Failed to retrieve data [IP: ::ffff:127.0.0.1]
2026-01-24 12:50:17 PM [error-Admin Admin]: Workflow tree retrieval failed: invalid input syntax for type uuid: "asho" [IP: ::ffff:127.0.0.1]
2026-01-24 12:50:17 PM [info-Admin Admin]: Failed to retrieve data [IP: ::ffff:127.0.0.1]
2026-01-24 12:50:17 PM [error-Admin Admin]: Workflow tree retrieval failed: invalid input syntax for type uuid: "ashok" [IP: ::ffff:127.0.0.1]
2026-01-24 12:50:17 PM [info-Admin Admin]: Failed to retrieve data [IP: ::ffff:127.0.0.1]
2026-01-24 12:50:19 PM [error-Admin Admin]: Workflow tree retrieval failed: invalid input syntax for type uuid: "ashok" [IP: ::ffff:127.0.0.1]
2026-01-24 12:50:19 PM [info-Admin Admin]: Failed to retrieve data [IP: ::ffff:127.0.0.1]
2026-01-24 12:50:21 PM [info-Admin Admin]: Workflow tree list retrieved successfully [IP: ::ffff:127.0.0.1]
2026-01-24 12:50:24 PM [info-Admin Admin]: Data retrieved successfully [IP: ::ffff:127.0.0.1]
2026-01-24 12:50:28 PM [info-Admin Admin]: Workflow tree list retrieved successfully [IP: ::ffff:127.0.0.1]
2026-01-24 12:50:28 PM [info-Admin Admin]: Data retrieved successfully [IP: ::ffff:127.0.0.1]
2026-01-24 12:50:36 PM [info-Admin Admin]: Employee list retrieved successfully [IP: ::ffff:127.0.0.1]
2026-01-24 12:50:36 PM [info-Admin Admin]: Data retrieved successfully [IP: ::ffff:127.0.0.1]
2026-01-24 12:50:36 PM [error-Abhilasha Chavan]: Error in POST /procurement-target/create/monthly-plan: Plan is required in the request body
2026-01-24 12:50:36 PM [info-Abhilasha Chavan]: Failed to create record [IP: ::ffff:127.0.0.1]
2026-01-24 12:50:39 PM [info-Admin Admin]: User logout successful [IP: ::ffff:127.0.0.1]
2026-01-24 12:50:39 PM [info-System]: User logged out successfully [IP: ::ffff:127.0.0.1]
2026-01-24 12:50:42 PM [error-Abhilasha Chavan]: Error in POST /procurement-target/create/monthly-plan: Plan is required in the request body
2026-01-24 12:50:42 PM [info-Abhilasha Chavan]: Failed to create record [IP: ::ffff:127.0.0.1]
2026-01-24 12:51:15 PM [error-Abhilasha Chavan]: Error in POST /procurement-target/create/monthly-plan: Plan is required in the request body
2026-01-24 12:51:15 PM [info-Abhilasha Chavan]: Failed to create record [IP: ::ffff:127.0.0.1]
2026-01-24 12:52:31 PM [error-Abhilasha Chavan]: Error in POST /procurement-target/create/monthly-plan: weeklyProcurement must be an array for product: undefined
2026-01-24 12:52:31 PM [info-Abhilasha Chavan]: Failed to create record [IP: ::ffff:127.0.0.1]
2026-01-24 12:57:43 PM [error-Abhilasha Chavan]: Error in POST /procurement-target/create/monthly-plan: duplicate key value violates unique constraint "IDX_1323c6989f83b4ae06f27db231"
2026-01-24 12:57:43 PM [info-Abhilasha Chavan]: Failed to create record [IP: ::ffff:127.0.0.1]
2026-01-24 12:58:14 PM [info-Abhilasha Chavan]: Employee (partial) list retrieved successfully [IP: ::ffff:127.0.0.1]
2026-01-24 12:58:14 PM [info-Abhilasha Chavan]: Data retrieved successfully [IP: ::ffff:127.0.0.1]
2026-01-24 12:58:15 PM [info-Abhilasha Chavan]: Data retrieved successfully [IP: ::ffff:127.0.0.1]
2026-01-24 12:59:18 PM [info-Abhilasha Chavan]: Data retrieved successfully [IP: ::ffff:127.0.0.1]
2026-01-24 12:59:59 PM [info-Abhilasha Chavan]: Data retrieved successfully [IP: ::ffff:127.0.0.1]
2026-01-24 12:59:59 PM [info-Abhilasha Chavan]: Employee (partial) list retrieved successfully [IP: ::ffff:127.0.0.1]
2026-01-24 12:59:59 PM [info-Abhilasha Chavan]: Data retrieved successfully [IP: ::ffff:127.0.0.1]
2026-01-24 01:00:06 PM [info-Vaibhav Ahire]: User logout successful [IP: ::ffff:127.0.0.1]
2026-01-24 01:00:06 PM [info-System]: User logged out successfully [IP: ::ffff:127.0.0.1]
2026-01-24 01:00:25 PM [info-Vaibhav Ahire]: User login successful [IP: ::ffff:127.0.0.1]
2026-01-24 01:00:25 PM [info-System]: User logged in successfully [IP: ::ffff:127.0.0.1]
2026-01-24 01:00:28 PM [info-Sagar Pagar]: Employee (partial) list retrieved successfully [IP: ::ffff:127.0.0.1]
2026-01-24 01:00:28 PM [info-Sagar Pagar]: Data retrieved successfully [IP: ::ffff:127.0.0.1]
2026-01-24 01:02:37 PM [info-Sagar Pagar]: Employee (partial) list retrieved successfully [IP: ::ffff:127.0.0.1]
2026-01-24 01:02:37 PM [info-Sagar Pagar]: Data retrieved successfully [IP: ::ffff:127.0.0.1]
2026-01-24 01:02:53 PM [info-Sagar Pagar]: Employee (partial) list retrieved successfully [IP: ::ffff:127.0.0.1]
2026-01-24 01:02:53 PM [info-Sagar Pagar]: Data retrieved successfully [IP: ::ffff:127.0.0.1]
2026-01-24 01:03:36 PM [info-Sagar Pagar]: Employee (partial) list retrieved successfully [IP: ::ffff:127.0.0.1]
2026-01-24 01:03:36 PM [info-Sagar Pagar]: Data retrieved successfully [IP: ::ffff:127.0.0.1]
2026-01-24 01:03:36 PM [info-Sagar Pagar]: Data retrieved successfully [IP: ::ffff:127.0.0.1]
2026-01-24 01:03:41 PM [info-Sagar Pagar]: Employee (partial) list retrieved successfully [IP: ::ffff:127.0.0.1]
2026-01-24 01:03:41 PM [info-Sagar Pagar]: Data retrieved successfully [IP: ::ffff:127.0.0.1]
2026-01-24 01:03:50 PM [info-Sagar Pagar]: Data retrieved successfully [IP: ::ffff:127.0.0.1]
2026-01-24 01:03:50 PM [info-Sagar Pagar]: Data retrieved successfully [IP: ::ffff:127.0.0.1]
2026-01-24 01:03:50 PM [info-Sagar Pagar]: Data retrieved successfully [IP: ::ffff:127.0.0.1]
2026-01-24 01:03:51 PM [info-Sagar Pagar]: Data retrieved successfully [IP: ::ffff:127.0.0.1]
2026-01-24 01:03:52 PM [info-Sagar Pagar]: Data retrieved successfully [IP: ::ffff:127.0.0.1]
2026-01-24 01:03:52 PM [info-Sagar Pagar]: Data retrieved successfully [IP: ::ffff:127.0.0.1]
2026-01-24 01:03:52 PM [info-Sagar Pagar]: Data retrieved successfully [IP: ::ffff:127.0.0.1]
2026-01-24 01:04:33 PM [info-Sagar Pagar]: Employee (partial) list retrieved successfully [IP: ::ffff:127.0.0.1]
2026-01-24 01:04:33 PM [info-Sagar Pagar]: Data retrieved successfully [IP: ::ffff:127.0.0.1]
2026-01-24 01:04:33 PM [info-Sagar Pagar]: Data retrieved successfully [IP: ::ffff:127.0.0.1]
2026-01-24 01:04:38 PM [info-Sagar Pagar]: Data retrieved successfully [IP: ::ffff:127.0.0.1]
2026-01-24 01:04:38 PM [info-Sagar Pagar]: Employee (partial) list retrieved successfully [IP: ::ffff:127.0.0.1]
2026-01-24 01:04:38 PM [info-Sagar Pagar]: Data retrieved successfully [IP: ::ffff:127.0.0.1]
2026-01-24 01:04:44 PM [info-Sagar Pagar]: Employee (partial) list retrieved successfully [IP: ::ffff:127.0.0.1]
2026-01-24 01:04:44 PM [info-Sagar Pagar]: Data retrieved successfully [IP: ::ffff:127.0.0.1]
2026-01-24 01:04:44 PM [info-Sagar Pagar]: Data retrieved successfully [IP: ::ffff:127.0.0.1]
2026-01-24 01:11:43 PM [info-Sagar Pagar]: Employee (partial) list retrieved successfully [IP: ::ffff:127.0.0.1]
2026-01-24 01:11:43 PM [info-Sagar Pagar]: Data retrieved successfully [IP: ::ffff:127.0.0.1]
2026-01-24 01:11:43 PM [info-Sagar Pagar]: Data retrieved successfully [IP: ::ffff:127.0.0.1]
2026-01-24 01:11:53 PM [info-Sagar Pagar]: Failed to retrieve data [IP: ::ffff:127.0.0.1]
2026-01-24 01:11:54 PM [info-Sagar Pagar]: Failed to retrieve data [IP: ::ffff:127.0.0.1]
2026-01-24 01:14:02 PM [info-Sagar Pagar]: Data retrieved successfully [IP: ::ffff:127.0.0.1]
2026-01-24 01:14:24 PM [info-Sagar Pagar]: Data retrieved successfully [IP: ::ffff:127.0.0.1]
2026-01-24 01:15:39 PM [info-Sagar Pagar]: Data retrieved successfully [IP: ::ffff:127.0.0.1]
2026-01-24 01:17:04 PM [info-Sagar Pagar]: Data retrieved successfully [IP: ::ffff:127.0.0.1]
2026-01-24 01:18:19 PM [info-Sagar Pagar]: Data retrieved successfully [IP: ::ffff:127.0.0.1]
2026-01-24 01:18:57 PM [info-Sagar Pagar]: Data retrieved successfully [IP: ::ffff:127.0.0.1]
2026-01-24 01:19:32 PM [info-Sagar Pagar]: Data retrieved successfully [IP: ::ffff:127.0.0.1]
2026-01-24 01:20:36 PM [info-Sagar Pagar]: Data retrieved successfully [IP: ::ffff:127.0.0.1]
2026-01-24 01:20:52 PM [info-Sagar Pagar]: Employee (partial) list retrieved successfully [IP: ::ffff:127.0.0.1]
2026-01-24 01:20:52 PM [info-Sagar Pagar]: Data retrieved successfully [IP: ::ffff:127.0.0.1]
2026-01-24 01:20:53 PM [info-Sagar Pagar]: Data retrieved successfully [IP: ::ffff:127.0.0.1]
2026-01-24 01:21:47 PM [info-Sagar Pagar]: Employee (partial) list retrieved successfully [IP: ::ffff:127.0.0.1]
2026-01-24 01:21:47 PM [info-Sagar Pagar]: Data retrieved successfully [IP: ::ffff:127.0.0.1]
2026-01-24 01:21:49 PM [info-Sagar Pagar]: Data retrieved successfully [IP: ::ffff:127.0.0.1]
2026-01-24 01:21:50 PM [info-Sagar Pagar]: Customer data retrieved successfully [IP: ::ffff:127.0.0.1]
2026-01-24 01:23:42 PM [info-Sagar Pagar]: Data retrieved successfully [IP: ::ffff:127.0.0.1]
2026-01-24 01:23:42 PM [info-Sagar Pagar]: Data retrieved successfully [IP: ::ffff:127.0.0.1]
2026-01-24 01:23:42 PM [info-Sagar Pagar]: Data retrieved successfully [IP: ::ffff:127.0.0.1]
2026-01-24 01:23:50 PM [info-Sagar Pagar]: Data retrieved successfully [IP: ::ffff:127.0.0.1]
2026-01-24 01:23:50 PM [info-Sagar Pagar]: Data retrieved successfully [IP: ::ffff:127.0.0.1]
2026-01-24 01:23:52 PM [info-Sagar Pagar]: Data retrieved successfully [IP: ::ffff:127.0.0.1]
2026-01-24 01:24:31 PM [info-Sagar Pagar]: Employee (partial) list retrieved successfully [IP: ::ffff:127.0.0.1]
2026-01-24 01:24:31 PM [info-Sagar Pagar]: Data retrieved successfully [IP: ::ffff:127.0.0.1]
2026-01-24 01:24:35 PM [info-Sagar Pagar]: Employee (partial) list retrieved successfully [IP: ::ffff:127.0.0.1]
2026-01-24 01:24:35 PM [info-Sagar Pagar]: Data retrieved successfully [IP: ::ffff:127.0.0.1]
2026-01-24 01:25:20 PM [info-Vaibhav Ahire]: User logout successful [IP: ::ffff:127.0.0.1]
2026-01-24 01:25:20 PM [info-System]: User logged out successfully [IP: ::ffff:127.0.0.1]
2026-01-24 01:25:43 PM [info-Admin Admin]: Employee list retrieved successfully [IP: ::ffff:127.0.0.1]
2026-01-24 01:25:43 PM [info-Admin Admin]: Data retrieved successfully [IP: ::ffff:127.0.0.1]
2026-01-24 01:26:39 PM [info-Admin Admin]: Employee list retrieved successfully [IP: ::ffff:127.0.0.1]
2026-01-24 01:26:39 PM [info-Admin Admin]: Data retrieved successfully [IP: ::ffff:127.0.0.1]
2026-01-24 01:26:46 PM [info-Admin Admin]: Employee list retrieved successfully [IP: ::ffff:127.0.0.1]
2026-01-24 01:26:46 PM [info-Admin Admin]: Data retrieved successfully [IP: ::ffff:127.0.0.1]
2026-01-24 01:27:08 PM [info-Vaibhav Ahire]: User login successful [IP: ::ffff:127.0.0.1]
2026-01-24 01:27:08 PM [info-System]: User logged in successfully [IP: ::ffff:127.0.0.1]
2026-01-24 01:27:10 PM [info-Jeetsingh Sisodia]: Employee (partial) list retrieved successfully [IP: ::ffff:127.0.0.1]
2026-01-24 01:27:10 PM [info-Jeetsingh Sisodia]: Data retrieved successfully [IP: ::ffff:127.0.0.1]
2026-01-24 01:27:15 PM [info-Jeetsingh Sisodia]: Employee (partial) list retrieved successfully [IP: ::ffff:127.0.0.1]
2026-01-24 01:27:15 PM [info-Jeetsingh Sisodia]: Data retrieved successfully [IP: ::ffff:127.0.0.1]
2026-01-24 01:27:15 PM [info-Jeetsingh Sisodia]: Data retrieved successfully [IP: ::ffff:127.0.0.1]
2026-01-24 01:27:15 PM [info-Jeetsingh Sisodia]: Customer data retrieved successfully [IP: ::ffff:127.0.0.1]
2026-01-24 01:27:17 PM [info-Jeetsingh Sisodia]: Employee (partial) list retrieved successfully [IP: ::ffff:127.0.0.1]
2026-01-24 01:27:17 PM [info-Jeetsingh Sisodia]: Data retrieved successfully [IP: ::ffff:127.0.0.1]
2026-01-24 01:27:18 PM [info-Jeetsingh Sisodia]: Customer data retrieved successfully [IP: ::ffff:127.0.0.1]
2026-01-24 01:27:18 PM [info-Jeetsingh Sisodia]: Data retrieved successfully [IP: ::ffff:127.0.0.1]
2026-01-24 01:27:21 PM [info-Jeetsingh Sisodia]: Employee (partial) list retrieved successfully [IP: ::ffff:127.0.0.1]
2026-01-24 01:27:21 PM [info-Jeetsingh Sisodia]: Data retrieved successfully [IP: ::ffff:127.0.0.1]
2026-01-24 01:27:55 PM [info-Jeetsingh Sisodia]: Record created successfully [IP: ::ffff:127.0.0.1]
2026-01-24 01:28:01 PM [info-Jeetsingh Sisodia]: Employee (partial) list retrieved successfully [IP: ::ffff:127.0.0.1]
2026-01-24 01:28:01 PM [info-Jeetsingh Sisodia]: Data retrieved successfully [IP: ::ffff:127.0.0.1]
2026-01-24 01:28:01 PM [info-Jeetsingh Sisodia]: Data retrieved successfully [IP: ::ffff:127.0.0.1]
2026-01-24 01:28:02 PM [info-Jeetsingh Sisodia]: Customer data retrieved successfully [IP: ::ffff:127.0.0.1]
2026-01-24 01:28:13 PM [info-Vaibhav Ahire]: User logout successful [IP: ::ffff:127.0.0.1]
2026-01-24 01:28:13 PM [info-System]: User logged out successfully [IP: ::ffff:127.0.0.1]
2026-01-24 01:28:23 PM [info-Vaibhav Ahire]: User login successful [IP: ::ffff:127.0.0.1]
2026-01-24 01:28:23 PM [info-System]: User logged in successfully [IP: ::ffff:127.0.0.1]
2026-01-24 01:28:26 PM [info-Sudhanshu Singh]: Employee (partial) list retrieved successfully [IP: ::ffff:127.0.0.1]
2026-01-24 01:28:26 PM [info-Sudhanshu Singh]: Data retrieved successfully [IP: ::ffff:127.0.0.1]
2026-01-24 01:28:29 PM [info-Sudhanshu Singh]: Employee (partial) list retrieved successfully [IP: ::ffff:127.0.0.1]
2026-01-24 01:28:29 PM [info-Sudhanshu Singh]: Data retrieved successfully [IP: ::ffff:127.0.0.1]
2026-01-24 01:28:29 PM [info-Sudhanshu Singh]: Data retrieved successfully [IP: ::ffff:127.0.0.1]
2026-01-24 01:28:29 PM [info-Sudhanshu Singh]: Customer data retrieved successfully [IP: ::ffff:127.0.0.1]
2026-01-24 01:28:32 PM [info-Sudhanshu Singh]: Employee (partial) list retrieved successfully [IP: ::ffff:127.0.0.1]
2026-01-24 01:28:32 PM [info-Sudhanshu Singh]: Data retrieved successfully [IP: ::ffff:127.0.0.1]
2026-01-24 01:28:32 PM [info-Sudhanshu Singh]: Data retrieved successfully [IP: ::ffff:127.0.0.1]
2026-01-24 01:28:32 PM [info-Sudhanshu Singh]: Customer data retrieved successfully [IP: ::ffff:127.0.0.1]
2026-01-24 01:29:21 PM [info-Sudhanshu Singh]: Employee (partial) list retrieved successfully [IP: ::ffff:127.0.0.1]
2026-01-24 01:29:21 PM [info-Sudhanshu Singh]: Data retrieved successfully [IP: ::ffff:127.0.0.1]
2026-01-24 01:29:21 PM [info-Sudhanshu Singh]: Data retrieved successfully [IP: ::ffff:127.0.0.1]
2026-01-24 01:30:57 PM [info-Vaibhav Ahire]: User logout successful [IP: ::ffff:127.0.0.1]
2026-01-24 01:30:57 PM [info-System]: User logged out successfully [IP: ::ffff:127.0.0.1]
2026-01-24 01:31:04 PM [info-Vaibhav Ahire]: User login successful [IP: ::ffff:127.0.0.1]
2026-01-24 01:31:04 PM [info-System]: User logged in successfully [IP: ::ffff:127.0.0.1]
2026-01-24 01:31:07 PM [info-Jeetsingh Sisodia]: Employee (partial) list retrieved successfully [IP: ::ffff:127.0.0.1]
2026-01-24 01:31:07 PM [info-Jeetsingh Sisodia]: Data retrieved successfully [IP: ::ffff:127.0.0.1]
2026-01-24 01:32:29 PM [info-Jeetsingh Sisodia]: Employee (partial) list retrieved successfully [IP: ::ffff:127.0.0.1]
2026-01-24 01:32:29 PM [info-Jeetsingh Sisodia]: Data retrieved successfully [IP: ::ffff:127.0.0.1]
2026-01-24 01:32:29 PM [info-Jeetsingh Sisodia]: Data retrieved successfully [IP: ::ffff:127.0.0.1]
2026-01-24 01:32:31 PM [info-Jeetsingh Sisodia]: Customer data retrieved successfully [IP: ::ffff:127.0.0.1]
2026-01-24 01:32:36 PM [info-Jeetsingh Sisodia]: Data retrieved successfully [IP: ::ffff:127.0.0.1]
2026-01-24 01:33:01 PM [info-Jeetsingh Sisodia]: Employee (partial) list retrieved successfully [IP: ::ffff:127.0.0.1]
2026-01-24 01:33:01 PM [info-Jeetsingh Sisodia]: Data retrieved successfully [IP: ::ffff:127.0.0.1]
2026-01-24 01:33:01 PM [info-Jeetsingh Sisodia]: Data retrieved successfully [IP: ::ffff:127.0.0.1]
2026-01-24 01:33:03 PM [info-Jeetsingh Sisodia]: Customer data retrieved successfully [IP: ::ffff:127.0.0.1]
2026-01-24 01:33:28 PM [info-Vaibhav Ahire]: User logout successful [IP: ::ffff:127.0.0.1]
2026-01-24 01:33:28 PM [info-System]: User logged out successfully [IP: ::ffff:127.0.0.1]
2026-01-24 01:33:40 PM [info-Vaibhav Ahire]: User login successful [IP: ::ffff:127.0.0.1]
2026-01-24 01:33:40 PM [info-System]: User logged in successfully [IP: ::ffff:127.0.0.1]
2026-01-24 01:33:43 PM [info-Sudhanshu Singh]: Employee (partial) list retrieved successfully [IP: ::ffff:127.0.0.1]
2026-01-24 01:33:43 PM [info-Sudhanshu Singh]: Data retrieved successfully [IP: ::ffff:127.0.0.1]
2026-01-24 01:49:00 PM [info-Sudhanshu Singh]: Employee (partial) list retrieved successfully [IP: ::ffff:127.0.0.1]
2026-01-24 01:49:00 PM [info-Sudhanshu Singh]: Data retrieved successfully [IP: ::ffff:127.0.0.1]
2026-01-24 01:49:10 PM [info-Sudhanshu Singh]: Data retrieved successfully [IP: ::ffff:127.0.0.1]
2026-01-24 01:49:10 PM [info-Sudhanshu Singh]: Data retrieved successfully [IP: ::ffff:127.0.0.1]
2026-01-24 01:49:11 PM [info-Sudhanshu Singh]: Data retrieved successfully [IP: ::ffff:127.0.0.1]
2026-01-24 01:49:12 PM [info-Sudhanshu Singh]: Data retrieved successfully [IP: ::ffff:127.0.0.1]
2026-01-24 01:49:12 PM [info-Sudhanshu Singh]: Data retrieved successfully [IP: ::ffff:127.0.0.1]
2026-01-24 01:49:12 PM [info-Sudhanshu Singh]: Data retrieved successfully [IP: ::ffff:127.0.0.1]
2026-01-24 01:49:12 PM [info-Sudhanshu Singh]: Data retrieved successfully [IP: ::ffff:127.0.0.1]
2026-01-24 01:50:26 PM [info-Sudhanshu Singh]: Employee (partial) list retrieved successfully [IP: ::ffff:127.0.0.1]
2026-01-24 01:50:26 PM [info-Sudhanshu Singh]: Data retrieved successfully [IP: ::ffff:127.0.0.1]
2026-01-24 01:50:56 PM [info-Sudhanshu Singh]: Employee (partial) list retrieved successfully [IP: ::ffff:127.0.0.1]
2026-01-24 01:50:56 PM [info-Sudhanshu Singh]: Data retrieved successfully [IP: ::ffff:127.0.0.1]
2026-01-24 01:51:02 PM [info-Sudhanshu Singh]: Data retrieved successfully [IP: ::ffff:127.0.0.1]
2026-01-24 01:51:02 PM [info-Sudhanshu Singh]: Data retrieved successfully [IP: ::ffff:127.0.0.1]
2026-01-24 01:51:02 PM [info-Sudhanshu Singh]: Data retrieved successfully [IP: ::ffff:127.0.0.1]
2026-01-24 01:51:02 PM [info-Sudhanshu Singh]: Data retrieved successfully [IP: ::ffff:127.0.0.1]
2026-01-24 01:51:02 PM [info-Sudhanshu Singh]: Data retrieved successfully [IP: ::ffff:127.0.0.1]
2026-01-24 01:51:02 PM [info-Sudhanshu Singh]: Data retrieved successfully [IP: ::ffff:127.0.0.1]
2026-01-24 01:51:02 PM [info-Sudhanshu Singh]: Data retrieved successfully [IP: ::ffff:127.0.0.1]
2026-01-24 01:51:44 PM [info-Sudhanshu Singh]: Employee (partial) list retrieved successfully [IP: ::ffff:127.0.0.1]
2026-01-24 01:51:44 PM [info-Sudhanshu Singh]: Data retrieved successfully [IP: ::ffff:127.0.0.1]
2026-01-24 01:51:55 PM [info-Sudhanshu Singh]: Data retrieved successfully [IP: ::ffff:127.0.0.1]
2026-01-24 01:51:55 PM [info-Sudhanshu Singh]: Data retrieved successfully [IP: ::ffff:127.0.0.1]
2026-01-24 01:51:55 PM [info-Sudhanshu Singh]: Data retrieved successfully [IP: ::ffff:127.0.0.1]
2026-01-24 01:51:56 PM [info-Sudhanshu Singh]: Data retrieved successfully [IP: ::ffff:127.0.0.1]
2026-01-24 01:51:56 PM [info-Sudhanshu Singh]: Data retrieved successfully [IP: ::ffff:127.0.0.1]
2026-01-24 01:51:56 PM [info-Sudhanshu Singh]: Data retrieved successfully [IP: ::ffff:127.0.0.1]
2026-01-24 01:51:56 PM [info-Sudhanshu Singh]: Data retrieved successfully [IP: ::ffff:127.0.0.1]
2026-01-24 01:52:19 PM [info-Sudhanshu Singh]: Data retrieved successfully [IP: ::ffff:127.0.0.1]
2026-01-24 01:52:19 PM [info-Sudhanshu Singh]: Data retrieved successfully [IP: ::ffff:127.0.0.1]
2026-01-24 01:52:19 PM [info-Sudhanshu Singh]: Employee (partial) list retrieved successfully [IP: ::ffff:127.0.0.1]
2026-01-24 01:52:19 PM [info-Sudhanshu Singh]: Data retrieved successfully [IP: ::ffff:127.0.0.1]
2026-01-24 01:52:19 PM [info-Sudhanshu Singh]: Data retrieved successfully [IP: ::ffff:127.0.0.1]
2026-01-24 01:52:19 PM [info-Sudhanshu Singh]: Data retrieved successfully [IP: ::ffff:127.0.0.1]
2026-01-24 01:52:19 PM [info-Sudhanshu Singh]: Data retrieved successfully [IP: ::ffff:127.0.0.1]
2026-01-24 01:52:19 PM [info-Sudhanshu Singh]: Data retrieved successfully [IP: ::ffff:127.0.0.1]
2026-01-24 01:52:20 PM [info-Sudhanshu Singh]: Data retrieved successfully [IP: ::ffff:127.0.0.1]
2026-01-24 01:53:06 PM [info-Sudhanshu Singh]: Data retrieved successfully [IP: ::ffff:127.0.0.1]
2026-01-24 01:53:06 PM [info-Sudhanshu Singh]: Employee (partial) list retrieved successfully [IP: ::ffff:127.0.0.1]
2026-01-24 01:53:06 PM [info-Sudhanshu Singh]: Data retrieved successfully [IP: ::ffff:127.0.0.1]
2026-01-24 01:53:06 PM [info-Sudhanshu Singh]: Data retrieved successfully [IP: ::ffff:127.0.0.1]
2026-01-24 01:53:06 PM [info-Sudhanshu Singh]: Data retrieved successfully [IP: ::ffff:127.0.0.1]
2026-01-24 01:53:06 PM [info-Sudhanshu Singh]: Data retrieved successfully [IP: ::ffff:127.0.0.1]
2026-01-24 01:53:06 PM [info-Sudhanshu Singh]: Data retrieved successfully [IP: ::ffff:127.0.0.1]
2026-01-24 01:53:06 PM [info-Sudhanshu Singh]: Data retrieved successfully [IP: ::ffff:127.0.0.1]
2026-01-24 01:53:06 PM [info-Sudhanshu Singh]: Data retrieved successfully [IP: ::ffff:127.0.0.1]
2026-01-24 01:55:07 PM [info-Sudhanshu Singh]: Data retrieved successfully [IP: ::ffff:127.0.0.1]
2026-01-24 01:55:08 PM [info-Sudhanshu Singh]: Data retrieved successfully [IP: ::ffff:127.0.0.1]
2026-01-24 01:55:44 PM [info-Sudhanshu Singh]: Employee (partial) list retrieved successfully [IP: ::ffff:127.0.0.1]
2026-01-24 01:55:44 PM [info-Sudhanshu Singh]: Data retrieved successfully [IP: ::ffff:127.0.0.1]
2026-01-24 01:55:49 PM [info-Sudhanshu Singh]: Data retrieved successfully [IP: ::ffff:127.0.0.1]
2026-01-24 01:55:49 PM [info-Sudhanshu Singh]: Data retrieved successfully [IP: ::ffff:127.0.0.1]
2026-01-24 01:55:49 PM [info-Sudhanshu Singh]: Data retrieved successfully [IP: ::ffff:127.0.0.1]
2026-01-24 01:55:50 PM [info-Sudhanshu Singh]: Data retrieved successfully [IP: ::ffff:127.0.0.1]
2026-01-24 01:55:52 PM [info-Sudhanshu Singh]: Data retrieved successfully [IP: ::ffff:127.0.0.1]
2026-01-24 01:55:52 PM [info-Sudhanshu Singh]: Data retrieved successfully [IP: ::ffff:127.0.0.1]
2026-01-24 01:55:52 PM [info-Sudhanshu Singh]: Data retrieved successfully [IP: ::ffff:127.0.0.1]
2026-01-24 01:56:27 PM [info-Admin Admin]: Employee list retrieved successfully [IP: ::ffff:127.0.0.1]
2026-01-24 01:56:28 PM [info-Admin Admin]: Data retrieved successfully [IP: ::ffff:127.0.0.1]
2026-01-24 01:56:31 PM [info-Admin Admin]: Employee (partial) list retrieved successfully [IP: ::ffff:127.0.0.1]
2026-01-24 01:56:31 PM [info-Admin Admin]: Data retrieved successfully [IP: ::ffff:127.0.0.1]
2026-01-24 01:56:55 PM [info-Sudhanshu Singh]: Employee (partial) list retrieved successfully [IP: ::ffff:127.0.0.1]
2026-01-24 01:56:55 PM [info-Sudhanshu Singh]: Data retrieved successfully [IP: ::ffff:127.0.0.1]
2026-01-24 01:56:56 PM [info-Sudhanshu Singh]: Data retrieved successfully [IP: ::ffff:127.0.0.1]
2026-01-24 01:57:06 PM [info-Sudhanshu Singh]: Employee (partial) list retrieved successfully [IP: ::ffff:127.0.0.1]
2026-01-24 01:57:06 PM [info-Sudhanshu Singh]: Data retrieved successfully [IP: ::ffff:127.0.0.1]
2026-01-24 01:57:06 PM [info-Sudhanshu Singh]: Data retrieved successfully [IP: ::ffff:127.0.0.1]
2026-01-24 01:57:07 PM [info-Sudhanshu Singh]: Customer data retrieved successfully [IP: ::ffff:127.0.0.1]
2026-01-24 01:57:24 PM [info-Sudhanshu Singh]: Employee (partial) list retrieved successfully [IP: ::ffff:127.0.0.1]
2026-01-24 01:57:24 PM [info-Sudhanshu Singh]: Data retrieved successfully [IP: ::ffff:127.0.0.1]
2026-01-24 02:05:49 PM [error-Admin Admin]: Workflow tree retrieval failed: invalid input syntax for type uuid: "ra" [IP: ::ffff:127.0.0.1]
2026-01-24 02:05:49 PM [info-Admin Admin]: Failed to retrieve data [IP: ::ffff:127.0.0.1]
2026-01-24 02:05:49 PM [error-Admin Admin]: Workflow tree retrieval failed: invalid input syntax for type uuid: "r" [IP: ::ffff:127.0.0.1]
2026-01-24 02:05:49 PM [info-Admin Admin]: Failed to retrieve data [IP: ::ffff:127.0.0.1]
2026-01-24 02:05:49 PM [error-Admin Admin]: Workflow tree retrieval failed: invalid input syntax for type uuid: "rav" [IP: ::ffff:127.0.0.1]
2026-01-24 02:05:49 PM [info-Admin Admin]: Failed to retrieve data [IP: ::ffff:127.0.0.1]
2026-01-24 02:05:49 PM [error-Admin Admin]: Workflow tree retrieval failed: invalid input syntax for type uuid: "ravi" [IP: ::ffff:127.0.0.1]
2026-01-24 02:05:49 PM [info-Admin Admin]: Failed to retrieve data [IP: ::ffff:127.0.0.1]
2026-01-24 02:05:50 PM [info-Admin Admin]: Workflow tree list retrieved successfully [IP: ::ffff:127.0.0.1]
2026-01-24 02:05:51 PM [info-Admin Admin]: Data retrieved successfully [IP: ::ffff:127.0.0.1]
2026-01-24 02:06:38 PM [info-Admin Admin]: Employee (partial) list retrieved successfully [IP: ::ffff:127.0.0.1]
2026-01-24 02:06:38 PM [info-Admin Admin]: Data retrieved successfully [IP: ::ffff:127.0.0.1]
2026-01-24 02:08:21 PM [info-Admin Admin]: Employee (partial) list retrieved successfully [IP: ::ffff:127.0.0.1]
2026-01-24 02:08:21 PM [info-Admin Admin]: Data retrieved successfully [IP: ::ffff:127.0.0.1]
2026-01-24 02:08:24 PM [error-Admin Admin]: Workflow tree retrieval failed: invalid input syntax for type uuid: "r" [IP: ::ffff:127.0.0.1]
2026-01-24 02:08:24 PM [info-Admin Admin]: Failed to retrieve data [IP: ::ffff:127.0.0.1]
2026-01-24 02:08:25 PM [error-Admin Admin]: Workflow tree retrieval failed: invalid input syntax for type uuid: "rav" [IP: ::ffff:127.0.0.1]
2026-01-24 02:08:25 PM [info-Admin Admin]: Failed to retrieve data [IP: ::ffff:127.0.0.1]
2026-01-24 02:08:25 PM [error-Admin Admin]: Workflow tree retrieval failed: invalid input syntax for type uuid: "ra" [IP: ::ffff:127.0.0.1]
2026-01-24 02:08:25 PM [info-Admin Admin]: Failed to retrieve data [IP: ::ffff:127.0.0.1]
2026-01-24 02:08:25 PM [error-Admin Admin]: Workflow tree retrieval failed: invalid input syntax for type uuid: "ravi" [IP: ::ffff:127.0.0.1]
2026-01-24 02:08:25 PM [info-Admin Admin]: Failed to retrieve data [IP: ::ffff:127.0.0.1]
2026-01-24 02:08:26 PM [error-Admin Admin]: Workflow tree retrieval failed: invalid input syntax for type uuid: "ravi" [IP: ::ffff:127.0.0.1]
2026-01-24 02:08:26 PM [info-Admin Admin]: Failed to retrieve data [IP: ::ffff:127.0.0.1]
2026-01-24 02:08:26 PM [info-Admin Admin]: Workflow tree list retrieved successfully [IP: ::ffff:127.0.0.1]
2026-01-24 02:08:27 PM [info-Admin Admin]: Data retrieved successfully [IP: ::ffff:127.0.0.1]
2026-01-24 02:10:35 PM [info-Admin Admin]: Approval Flow data retrieved successfully [IP: ::ffff:127.0.0.1]
2026-01-24 02:12:10 PM [info-Admin Admin]: Employee (partial) list retrieved successfully [IP: ::ffff:127.0.0.1]
2026-01-24 02:12:10 PM [info-Admin Admin]: Data retrieved successfully [IP: ::ffff:127.0.0.1]
2026-01-24 02:13:19 PM [error-Admin Admin]: Workflow tree retrieval failed: invalid input syntax for type uuid: "r" [IP: ::ffff:127.0.0.1]
2026-01-24 02:13:19 PM [info-Admin Admin]: Failed to retrieve data [IP: ::ffff:127.0.0.1]
2026-01-24 02:13:19 PM [error-Admin Admin]: Workflow tree retrieval failed: invalid input syntax for type uuid: "ra" [IP: ::ffff:127.0.0.1]
2026-01-24 02:13:19 PM [info-Admin Admin]: Failed to retrieve data [IP: ::ffff:127.0.0.1]
2026-01-24 02:13:19 PM [error-Admin Admin]: Workflow tree retrieval failed: invalid input syntax for type uuid: "rav" [IP: ::ffff:127.0.0.1]
2026-01-24 02:13:19 PM [info-Admin Admin]: Failed to retrieve data [IP: ::ffff:127.0.0.1]
2026-01-24 02:13:19 PM [error-Admin Admin]: Workflow tree retrieval failed: invalid input syntax for type uuid: "ravi" [IP: ::ffff:127.0.0.1]
2026-01-24 02:13:19 PM [info-Admin Admin]: Failed to retrieve data [IP: ::ffff:127.0.0.1]
2026-01-24 02:13:20 PM [error-Admin Admin]: Workflow tree retrieval failed: invalid input syntax for type uuid: "ravi" [IP: ::ffff:127.0.0.1]
2026-01-24 02:13:20 PM [info-Admin Admin]: Failed to retrieve data [IP: ::ffff:127.0.0.1]
2026-01-24 02:13:21 PM [info-Admin Admin]: Workflow tree list retrieved successfully [IP: ::ffff:127.0.0.1]
2026-01-24 02:13:21 PM [info-Admin Admin]: Data retrieved successfully [IP: ::ffff:127.0.0.1]
2026-01-24 02:13:54 PM [info-Admin Admin]: Workflow relation added successfully with ID: 3b91073f-615f-4b4b-a7a7-46642e7fe872 -> d64e0c56-bbbf-421a-9978-0ee48a7c531c [IP: ::ffff:127.0.0.1]
2026-01-24 02:13:54 PM [info-Admin Admin]: Record created successfully [IP: ::ffff:127.0.0.1]
2026-01-24 02:13:54 PM [info-Admin Admin]: Workflow tree list retrieved successfully [IP: ::ffff:127.0.0.1]
2026-01-24 02:13:55 PM [info-Admin Admin]: Data retrieved successfully [IP: ::ffff:127.0.0.1]
2026-01-24 02:15:44 PM [info-Sudhanshu Singh]: Employee (partial) list retrieved successfully [IP: ::ffff:127.0.0.1]
2026-01-24 02:15:44 PM [info-Sudhanshu Singh]: Data retrieved successfully [IP: ::ffff:127.0.0.1]
2026-01-24 02:15:45 PM [info-Sudhanshu Singh]: Data retrieved successfully [IP: ::ffff:127.0.0.1]
2026-01-24 02:16:34 PM [info-Sudhanshu Singh]: Data retrieved successfully [IP: ::ffff:127.0.0.1]
2026-01-24 02:17:37 PM [info-Sudhanshu Singh]: Employee (partial) list retrieved successfully [IP: ::ffff:127.0.0.1]
2026-01-24 02:17:37 PM [info-Sudhanshu Singh]: Data retrieved successfully [IP: ::ffff:127.0.0.1]
2026-01-24 02:17:37 PM [info-Sudhanshu Singh]: Data retrieved successfully [IP: ::ffff:127.0.0.1]
2026-01-24 02:17:39 PM [info-Sudhanshu Singh]: Data retrieved successfully [IP: ::ffff:127.0.0.1]
2026-01-24 02:17:41 PM [info-Sudhanshu Singh]: Employee (partial) list retrieved successfully [IP: ::ffff:127.0.0.1]
2026-01-24 02:17:41 PM [info-Sudhanshu Singh]: Data retrieved successfully [IP: ::ffff:127.0.0.1]
2026-01-24 02:17:41 PM [info-Sudhanshu Singh]: Data retrieved successfully [IP: ::ffff:127.0.0.1]
2026-01-24 02:17:45 PM [info-Sudhanshu Singh]: Data retrieved successfully [IP: ::ffff:127.0.0.1]
2026-01-24 02:17:57 PM [info-Sudhanshu Singh]: Employee (partial) list retrieved successfully [IP: ::ffff:127.0.0.1]
2026-01-24 02:17:57 PM [info-Sudhanshu Singh]: Data retrieved successfully [IP: ::ffff:127.0.0.1]
2026-01-24 02:17:57 PM [info-Sudhanshu Singh]: Data retrieved successfully [IP: ::ffff:127.0.0.1]
2026-01-24 02:18:01 PM [info-Sudhanshu Singh]: Employee (partial) list retrieved successfully [IP: ::ffff:127.0.0.1]
2026-01-24 02:18:01 PM [info-Sudhanshu Singh]: Data retrieved successfully [IP: ::ffff:127.0.0.1]
2026-01-24 02:18:13 PM [info-Sudhanshu Singh]: Data retrieved successfully [IP: ::ffff:127.0.0.1]
2026-01-24 02:18:13 PM [info-Sudhanshu Singh]: Data retrieved successfully [IP: ::ffff:127.0.0.1]
2026-01-24 02:18:13 PM [info-Sudhanshu Singh]: Data retrieved successfully [IP: ::ffff:127.0.0.1]
2026-01-24 02:18:13 PM [info-Sudhanshu Singh]: Data retrieved successfully [IP: ::ffff:127.0.0.1]
2026-01-24 02:18:14 PM [info-Sudhanshu Singh]: Data retrieved successfully [IP: ::ffff:127.0.0.1]
2026-01-24 02:18:14 PM [info-Sudhanshu Singh]: Data retrieved successfully [IP: ::ffff:127.0.0.1]
2026-01-24 02:18:14 PM [info-Sudhanshu Singh]: Data retrieved successfully [IP: ::ffff:127.0.0.1]
2026-01-24 02:22:48 PM [info-Sudhanshu Singh]: Employee (partial) list retrieved successfully [IP: ::ffff:127.0.0.1]
2026-01-24 02:22:48 PM [info-Sudhanshu Singh]: Data retrieved successfully [IP: ::ffff:127.0.0.1]
2026-01-24 02:29:29 PM [info-Sudhanshu Singh]: Employee (partial) list retrieved successfully [IP: ::ffff:127.0.0.1]
2026-01-24 02:29:29 PM [info-Sudhanshu Singh]: Data retrieved successfully [IP: ::ffff:127.0.0.1]
2026-01-24 02:29:30 PM [info-Sudhanshu Singh]: Company data retrieved successfully [IP: ::ffff:127.0.0.1]
2026-01-24 02:29:30 PM [info-Sudhanshu Singh]: Branch data retrieved successfully [IP: ::ffff:127.0.0.1]
2026-01-24 02:29:30 PM [info-Sudhanshu Singh]: Data retrieved successfully [IP: ::ffff:127.0.0.1]
2026-01-24 02:29:30 PM [info-Sudhanshu Singh]: Data retrieved successfully [IP: ::ffff:127.0.0.1]
2026-01-24 02:29:39 PM [info-Sudhanshu Singh]: Employee (partial) list retrieved successfully [IP: ::ffff:127.0.0.1]
2026-01-24 02:29:39 PM [info-Sudhanshu Singh]: Data retrieved successfully [IP: ::ffff:127.0.0.1]
2026-01-24 02:30:11 PM [info-Sudhanshu Singh]: Data retrieved successfully [IP: ::ffff:127.0.0.1]
2026-01-24 02:30:11 PM [info-Sudhanshu Singh]: Data retrieved successfully [IP: ::ffff:127.0.0.1]
2026-01-24 02:30:12 PM [info-Sudhanshu Singh]: Data retrieved successfully [IP: ::ffff:127.0.0.1]
2026-01-24 02:44:13 PM [info-Sudhanshu Singh]: Employee (partial) list retrieved successfully [IP: ::ffff:127.0.0.1]
2026-01-24 02:44:13 PM [info-Sudhanshu Singh]: Data retrieved successfully [IP: ::ffff:127.0.0.1]
2026-01-24 02:44:13 PM [info-Sudhanshu Singh]: Data retrieved successfully [IP: ::ffff:127.0.0.1]
2026-01-24 02:44:17 PM [info-Sudhanshu Singh]: Data retrieved successfully [IP: ::ffff:127.0.0.1]
2026-01-24 02:44:17 PM [info-Sudhanshu Singh]: Employee (partial) list retrieved successfully [IP: ::ffff:127.0.0.1]
2026-01-24 02:44:17 PM [info-Sudhanshu Singh]: Data retrieved successfully [IP: ::ffff:127.0.0.1]
2026-01-24 02:44:28 PM [info-Sudhanshu Singh]: Employee (partial) list retrieved successfully [IP: ::ffff:127.0.0.1]
2026-01-24 02:44:28 PM [info-Sudhanshu Singh]: Data retrieved successfully [IP: ::ffff:127.0.0.1]
2026-01-24 02:44:28 PM [info-Sudhanshu Singh]: Data retrieved successfully [IP: ::ffff:127.0.0.1]
2026-01-24 02:44:34 PM [info-Sudhanshu Singh]: Data retrieved successfully [IP: ::ffff:127.0.0.1]
2026-01-24 02:44:47 PM [info-Sudhanshu Singh]: Employee (partial) list retrieved successfully [IP: ::ffff:127.0.0.1]
2026-01-24 02:44:47 PM [info-Sudhanshu Singh]: Data retrieved successfully [IP: ::ffff:127.0.0.1]
2026-01-24 02:44:57 PM [info-Sudhanshu Singh]: Data retrieved successfully [IP: ::ffff:127.0.0.1]
2026-01-24 02:44:57 PM [info-Sudhanshu Singh]: Data retrieved successfully [IP: ::ffff:127.0.0.1]
2026-01-24 02:44:57 PM [info-Sudhanshu Singh]: Data retrieved successfully [IP: ::ffff:127.0.0.1]
2026-01-24 03:03:04 PM [info-Sudhanshu Singh]: Employee (partial) list retrieved successfully [IP: ::ffff:127.0.0.1]
2026-01-24 03:03:04 PM [info-Sudhanshu Singh]: Data retrieved successfully [IP: ::ffff:127.0.0.1]
2026-01-24 03:03:41 PM [info-Sudhanshu Singh]: Data retrieved successfully [IP: ::ffff:127.0.0.1]
2026-01-24 03:03:41 PM [info-Sudhanshu Singh]: Data retrieved successfully [IP: ::ffff:127.0.0.1]
2026-01-24 03:03:41 PM [info-Sudhanshu Singh]: Data retrieved successfully [IP: ::ffff:127.0.0.1]
2026-01-24 03:03:41 PM [info-Sudhanshu Singh]: Data retrieved successfully [IP: ::ffff:127.0.0.1]
2026-01-24 03:11:05 PM [info-Sudhanshu Singh]: Employee (partial) list retrieved successfully [IP: ::ffff:127.0.0.1]
2026-01-24 03:11:05 PM [info-Sudhanshu Singh]: Data retrieved successfully [IP: ::ffff:127.0.0.1]
2026-01-24 03:11:27 PM [info-Sudhanshu Singh]: Data retrieved successfully [IP: ::ffff:127.0.0.1]
2026-01-24 03:11:27 PM [info-Sudhanshu Singh]: Data retrieved successfully [IP: ::ffff:127.0.0.1]
2026-01-24 03:11:27 PM [info-Sudhanshu Singh]: Data retrieved successfully [IP: ::ffff:127.0.0.1]
2026-01-24 03:11:27 PM [info-Sudhanshu Singh]: Data retrieved successfully [IP: ::ffff:127.0.0.1]
2026-01-24 03:11:29 PM [info-Sudhanshu Singh]: Data retrieved successfully [IP: ::ffff:127.0.0.1]
2026-01-24 03:11:29 PM [info-Sudhanshu Singh]: Data retrieved successfully [IP: ::ffff:127.0.0.1]
2026-01-24 03:11:29 PM [info-Sudhanshu Singh]: Data retrieved successfully [IP: ::ffff:127.0.0.1]
2026-01-24 03:15:45 PM [info-Vaibhav Ahire]: User logout successful [IP: ::ffff:127.0.0.1]
2026-01-24 03:15:45 PM [info-System]: User logged out successfully [IP: ::ffff:127.0.0.1]
2026-01-24 03:16:09 PM [info-Vaibhav Ahire]: User login successful [IP: ::ffff:127.0.0.1]
2026-01-24 03:16:09 PM [info-System]: User logged in successfully [IP: ::ffff:127.0.0.1]
2026-01-24 03:16:11 PM [info-Sagar Pagar]: Employee (partial) list retrieved successfully [IP: ::ffff:127.0.0.1]
2026-01-24 03:16:11 PM [info-Sagar Pagar]: Data retrieved successfully [IP: ::ffff:127.0.0.1]
2026-01-24 03:16:15 PM [info-Sagar Pagar]: Employee (partial) list retrieved successfully [IP: ::ffff:127.0.0.1]
2026-01-24 03:16:15 PM [info-Sagar Pagar]: Data retrieved successfully [IP: ::ffff:127.0.0.1]
2026-01-24 03:16:16 PM [info-Sagar Pagar]: Data retrieved successfully [IP: ::ffff:127.0.0.1]
2026-01-24 03:16:23 PM [info-Sagar Pagar]: Employee (partial) list retrieved successfully [IP: ::ffff:127.0.0.1]
2026-01-24 03:16:23 PM [info-Sagar Pagar]: Data retrieved successfully [IP: ::ffff:127.0.0.1]
2026-01-24 03:16:24 PM [info-Sagar Pagar]: Data retrieved successfully [IP: ::ffff:127.0.0.1]
2026-01-24 03:16:31 PM [info-Sagar Pagar]: Employee (partial) list retrieved successfully [IP: ::ffff:127.0.0.1]
2026-01-24 03:16:31 PM [info-Sagar Pagar]: Data retrieved successfully [IP: ::ffff:127.0.0.1]
2026-01-24 03:16:33 PM [info-Sagar Pagar]: Employee (partial) list retrieved successfully [IP: ::ffff:127.0.0.1]
2026-01-24 03:16:33 PM [info-Sagar Pagar]: Data retrieved successfully [IP: ::ffff:127.0.0.1]
2026-01-24 03:18:13 PM [error-Sagar Pagar]: Error in POST /procurement-target/create/monthly-plan: Cannot read properties of undefined (reading 'map')
2026-01-24 03:18:13 PM [info-Sagar Pagar]: Failed to create record [IP: ::ffff:127.0.0.1]
2026-01-24 03:19:51 PM [error-Sagar Pagar]: Error in POST /procurement-target/create/monthly-plan: null value in column "remark" of relation "procurement_target_products" violates not-null constraint
2026-01-24 03:19:51 PM [info-Sagar Pagar]: Failed to create record [IP: ::ffff:127.0.0.1]
2026-01-24 03:20:09 PM [error-Sagar Pagar]: Error in POST /procurement-target/create/monthly-plan: invalid input value for enum procurement_target_weeks_weekno_enum: "6"
2026-01-24 03:20:09 PM [info-Sagar Pagar]: Failed to create record [IP: ::ffff:127.0.0.1]
2026-01-24 03:24:43 PM [error-Sagar Pagar]: Error in POST /procurement-target/create/monthly-plan: duplicate key value violates unique constraint "IDX_1323c6989f83b4ae06f27db231"
2026-01-24 03:24:43 PM [info-Sagar Pagar]: Failed to create record [IP: ::ffff:127.0.0.1]
2026-01-24 03:24:59 PM [info-Sagar Pagar]: Record created successfully [IP: ::ffff:127.0.0.1]
2026-01-24 03:24:59 PM [info-Sagar Pagar]: Employee (partial) list retrieved successfully [IP: ::ffff:127.0.0.1]
2026-01-24 03:24:59 PM [info-Sagar Pagar]: Data retrieved successfully [IP: ::ffff:127.0.0.1]
2026-01-24 03:25:00 PM [info-Sagar Pagar]: Data retrieved successfully [IP: ::ffff:127.0.0.1]
2026-01-24 03:26:03 PM [info-Sagar Pagar]: Employee (partial) list retrieved successfully [IP: ::ffff:127.0.0.1]
2026-01-24 03:26:03 PM [info-Sagar Pagar]: Data retrieved successfully [IP: ::ffff:127.0.0.1]
2026-01-24 03:26:03 PM [info-Sagar Pagar]: Data retrieved successfully [IP: ::ffff:127.0.0.1]
2026-01-24 03:26:06 PM [info-Sagar Pagar]: Employee (partial) list retrieved successfully [IP: ::ffff:127.0.0.1]
2026-01-24 03:26:06 PM [info-Sagar Pagar]: Data retrieved successfully [IP: ::ffff:127.0.0.1]
2026-01-24 03:26:06 PM [info-Sagar Pagar]: Data retrieved successfully [IP: ::ffff:127.0.0.1]
2026-01-24 03:26:18 PM [info-Sagar Pagar]: Data retrieved successfully [IP: ::ffff:127.0.0.1]
2026-01-24 03:26:25 PM [info-Admin Admin]: Farmers (filtered) list retrieved successfully [IP: ::ffff:127.0.0.1]
2026-01-24 03:26:25 PM [info-Admin Admin]: Data retrieved successfully [IP: ::ffff:127.0.0.1]
2026-01-24 03:26:25 PM [info-Admin Admin]: Employee (partial) list retrieved successfully [IP: ::ffff:127.0.0.1]
2026-01-24 03:26:25 PM [info-Admin Admin]: Data retrieved successfully [IP: ::ffff:127.0.0.1]
2026-01-24 03:26:25 PM [info-Admin Admin]: Data retrieved successfully [IP: ::ffff:127.0.0.1]
2026-01-24 03:26:25 PM [info-Admin Admin]: Data retrieved successfully [IP: ::ffff:127.0.0.1]
2026-01-24 03:26:25 PM [info-Admin Admin]: Data retrieved successfully [IP: ::ffff:127.0.0.1]
2026-01-24 03:26:26 PM [info-Admin Admin]: Branch data retrieved successfully [IP: ::ffff:127.0.0.1]
2026-01-24 03:26:26 PM [info-Admin Admin]: Customer data retrieved successfully [IP: ::ffff:127.0.0.1]
2026-01-24 03:26:26 PM [info-Admin Admin]: Company data retrieved successfully [IP: ::ffff:127.0.0.1]
2026-01-24 03:26:26 PM [info-Admin Admin]: Data retrieved successfully [IP: ::ffff:127.0.0.1]
2026-01-24 03:26:26 PM [info-Admin Admin]: Data retrieved successfully [IP: ::ffff:127.0.0.1]
2026-01-24 03:26:26 PM [info-Admin Admin]: User counts report list retrieved successfully [IP: ::ffff:127.0.0.1]
2026-01-24 03:26:26 PM [info-Admin Admin]: Data retrieved successfully [IP: ::ffff:127.0.0.1]
2026-01-24 03:26:29 PM [info-Admin Admin]: Approval Flow data retrieved successfully [IP: ::ffff:127.0.0.1]
2026-01-24 03:27:30 PM [info-Sagar Pagar]: Company data retrieved successfully [IP: ::ffff:127.0.0.1]
2026-01-24 03:27:30 PM [info-Sagar Pagar]: RFPA (document view) viewed successfully with ID: 9599c48f-8229-4c20-ac58-65a8736a3c6e [IP: ::ffff:127.0.0.1]
2026-01-24 03:27:30 PM [info-Sagar Pagar]: Data retrieved successfully [IP: ::ffff:127.0.0.1]
2026-01-24 03:27:39 PM [info-Sagar Pagar]: Data retrieved successfully [IP: ::ffff:127.0.0.1]
2026-01-24 03:27:40 PM [info-Sagar Pagar]: RFPA (document view) viewed successfully with ID: 5f7a3510-f80b-47fe-9247-99396478ea27 [IP: ::ffff:127.0.0.1]
2026-01-24 03:27:40 PM [info-Sagar Pagar]: Data retrieved successfully [IP: ::ffff:127.0.0.1]
2026-01-24 03:27:40 PM [info-Sagar Pagar]: Company data retrieved successfully [IP: ::ffff:127.0.0.1]
2026-01-24 03:27:45 PM [info-Sagar Pagar]: Data retrieved successfully [IP: ::ffff:127.0.0.1]
2026-01-24 03:27:46 PM [info-Sagar Pagar]: Deal Slips data retrieved successfully [IP: ::ffff:127.0.0.1]
2026-01-24 03:27:48 PM [info-Sagar Pagar]: RFPA Numbers list retrieved successfully [IP: ::ffff:127.0.0.1]
2026-01-24 03:27:48 PM [info-Sagar Pagar]: Data retrieved successfully [IP: ::ffff:127.0.0.1]
2026-01-24 03:28:00 PM [info-Sagar Pagar]: Deal Slips data retrieved successfully [IP: ::ffff:127.0.0.1]
2026-01-24 03:28:55 PM [info-Sagar Pagar]: GRN list retrieved successfully [IP: ::ffff:127.0.0.1]
2026-01-24 03:28:55 PM [info-Sagar Pagar]: GRN retrieved successfully [IP: ::ffff:127.0.0.1]
2026-01-24 03:28:59 PM [info-Sagar Pagar]: Data retrieved successfully [IP: ::ffff:127.0.0.1]
2026-01-24 03:28:59 PM [info-Sagar Pagar]: Farmers (filtered) list retrieved successfully [IP: ::ffff:127.0.0.1]
2026-01-24 03:28:59 PM [info-Sagar Pagar]: Data retrieved successfully [IP: ::ffff:127.0.0.1]
2026-01-24 03:28:59 PM [info-Sagar Pagar]: GRN viewed successfully with ID: 9d3c0b75-364c-4982-856f-53239f691f93 [IP: ::ffff:127.0.0.1]
2026-01-24 03:28:59 PM [info-Sagar Pagar]: GRN retrieved successfully [IP: ::ffff:127.0.0.1]
2026-01-24 03:29:14 PM [info-Sagar Pagar]: GRN list retrieved successfully [IP: ::ffff:127.0.0.1]
2026-01-24 03:29:14 PM [info-Sagar Pagar]: GRN retrieved successfully [IP: ::ffff:127.0.0.1]
2026-01-24 03:29:17 PM [info-Sagar Pagar]: Data retrieved successfully [IP: ::ffff:127.0.0.1]
2026-01-24 03:30:15 PM [info-Vaibhav Ahire]: User login successful [IP: ::ffff:127.0.0.1]
2026-01-24 03:30:15 PM [info-System]: User logged in successfully [IP: ::ffff:127.0.0.1]
2026-01-24 03:30:18 PM [info-Sudhanshu Singh]: Employee (partial) list retrieved successfully [IP: ::ffff:127.0.0.1]
2026-01-24 03:30:18 PM [info-Sudhanshu Singh]: Data retrieved successfully [IP: ::ffff:127.0.0.1]
2026-01-24 03:30:23 PM [info-Sudhanshu Singh]: Data retrieved successfully [IP: ::ffff:127.0.0.1]
2026-01-24 03:30:28 PM [info-Sudhanshu Singh]: Company data retrieved successfully [IP: ::ffff:127.0.0.1]
2026-01-24 03:30:28 PM [info-Sudhanshu Singh]: RFPA (document view) viewed successfully with ID: 9599c48f-8229-4c20-ac58-65a8736a3c6e [IP: ::ffff:127.0.0.1]
2026-01-24 03:30:28 PM [info-Sudhanshu Singh]: Data retrieved successfully [IP: ::ffff:127.0.0.1]
2026-01-24 03:30:38 PM [info-Sudhanshu Singh]: Record updated successfully [IP: ::ffff:127.0.0.1]
2026-01-24 03:30:38 PM [info-Sudhanshu Singh]: RFPA (document view) viewed successfully with ID: 9599c48f-8229-4c20-ac58-65a8736a3c6e [IP: ::ffff:127.0.0.1]
2026-01-24 03:30:38 PM [info-Sudhanshu Singh]: Data retrieved successfully [IP: ::ffff:127.0.0.1]
2026-01-24 03:30:44 PM [info-Sudhanshu Singh]: Data retrieved successfully [IP: ::ffff:127.0.0.1]
2026-01-24 03:30:54 PM [info-Sudhanshu Singh]: Deal Slips data retrieved successfully [IP: ::ffff:127.0.0.1]
2026-01-24 03:31:23 PM [info-Sagar Pagar]: RFPA (document view) viewed successfully with ID: 9599c48f-8229-4c20-ac58-65a8736a3c6e [IP: ::ffff:127.0.0.1]
2026-01-24 03:31:23 PM [info-Sagar Pagar]: Data retrieved successfully [IP: ::ffff:127.0.0.1]
2026-01-24 03:31:23 PM [info-Sagar Pagar]: Company data retrieved successfully [IP: ::ffff:127.0.0.1]
2026-01-24 03:32:01 PM [info-Sagar Pagar]: Data retrieved successfully [IP: ::ffff:127.0.0.1]
2026-01-24 03:32:02 PM [info-Sagar Pagar]: Deal Slips data retrieved successfully [IP: ::ffff:127.0.0.1]
2026-01-24 03:32:04 PM [info-Sagar Pagar]: Deal Slip viewed successfully with ID: 68db9555-02de-48e9-bc7b-187c84e95347 [IP: ::ffff:127.0.0.1]
2026-01-24 03:32:04 PM [info-Sagar Pagar]: Deal Slip details viewed successfully [IP: ::ffff:127.0.0.1]
2026-01-24 03:32:19 PM [info-Sudhanshu Singh]: Deal Slip viewed successfully with ID: 8ea67372-a68f-420b-bd34-0306775de6e7 [IP: ::ffff:127.0.0.1]
2026-01-24 03:32:19 PM [info-Sudhanshu Singh]: Deal Slip details viewed successfully [IP: ::ffff:127.0.0.1]
2026-01-24 03:32:25 PM [info-Sudhanshu Singh]: Record updated successfully [IP: ::ffff:127.0.0.1]
2026-01-24 03:32:26 PM [info-Sudhanshu Singh]: Deal Slip viewed successfully with ID: 8ea67372-a68f-420b-bd34-0306775de6e7 [IP: ::ffff:127.0.0.1]
2026-01-24 03:32:26 PM [info-Sudhanshu Singh]: Deal Slip details viewed successfully [IP: ::ffff:127.0.0.1]
2026-01-24 03:32:45 PM [info-Sagar Pagar]: Deal Slip viewed successfully with ID: 68db9555-02de-48e9-bc7b-187c84e95347 [IP: ::ffff:127.0.0.1]
2026-01-24 03:32:45 PM [info-Sagar Pagar]: Deal Slip details viewed successfully [IP: ::ffff:127.0.0.1]
2026-01-24 03:32:55 PM [info-Sagar Pagar]: Deal Slips data retrieved successfully [IP: ::ffff:127.0.0.1]
2026-01-24 03:32:57 PM [info-Sagar Pagar]: Deal Slip viewed successfully with ID: 8ea67372-a68f-420b-bd34-0306775de6e7 [IP: ::ffff:127.0.0.1]
2026-01-24 03:32:57 PM [info-Sagar Pagar]: Deal Slip details viewed successfully [IP: ::ffff:127.0.0.1]
2026-01-24 03:33:09 PM [info-Sagar Pagar]: Deal Slips data retrieved successfully [IP: ::ffff:127.0.0.1]
2026-01-24 03:33:40 PM [info-Sudhanshu Singh]: Deal Slips data retrieved successfully [IP: ::ffff:127.0.0.1]
2026-01-24 03:33:45 PM [info-Sudhanshu Singh]: Data retrieved successfully [IP: ::ffff:127.0.0.1]
2026-01-24 03:34:07 PM [info-Sudhanshu Singh]: Data retrieved successfully [IP: ::ffff:127.0.0.1]
2026-01-24 03:34:33 PM [info-Sudhanshu Singh]: Data retrieved successfully [IP: ::ffff:127.0.0.1]
2026-01-24 03:34:54 PM [info-Sagar Pagar]: Data retrieved successfully [IP: ::ffff:127.0.0.1]
2026-01-24 03:35:23 PM [info-Sagar Pagar]: GRN list retrieved successfully [IP: ::ffff:127.0.0.1]
2026-01-24 03:35:23 PM [info-Sagar Pagar]: GRN retrieved successfully [IP: ::ffff:127.0.0.1]
2026-01-24 03:35:26 PM [info-Sagar Pagar]: Farmers (filtered) list retrieved successfully [IP: ::ffff:127.0.0.1]
2026-01-24 03:35:26 PM [info-Sagar Pagar]: Data retrieved successfully [IP: ::ffff:127.0.0.1]
2026-01-24 03:35:26 PM [info-Sagar Pagar]: Data retrieved successfully [IP: ::ffff:127.0.0.1]
2026-01-24 03:35:27 PM [info-Sagar Pagar]: GRN viewed successfully with ID: 9d3c0b75-364c-4982-856f-53239f691f93 [IP: ::ffff:127.0.0.1]
2026-01-24 03:35:27 PM [info-Sagar Pagar]: GRN retrieved successfully [IP: ::ffff:127.0.0.1]
2026-01-24 03:35:38 PM [info-Prashil Vora]: User logout successful [IP: ::ffff:127.0.0.1]
2026-01-24 03:35:38 PM [info-System]: User logged out successfully [IP: ::ffff:127.0.0.1]
2026-01-24 03:35:47 PM [info-Admin Admin]: Employee list retrieved successfully [IP: ::ffff:127.0.0.1]
2026-01-24 03:35:47 PM [info-Admin Admin]: Data retrieved successfully [IP: ::ffff:127.0.0.1]
2026-01-24 03:35:55 PM [info-Admin Admin]: Employee list retrieved successfully [IP: ::ffff:127.0.0.1]
2026-01-24 03:35:56 PM [info-Admin Admin]: Data retrieved successfully [IP: ::ffff:127.0.0.1]
2026-01-24 03:36:21 PM [info-Prashil Vora]: User login successful [IP: ::ffff:127.0.0.1]
2026-01-24 03:36:21 PM [info-System]: User logged in successfully [IP: ::ffff:127.0.0.1]
2026-01-24 03:36:23 PM [info-Prashil Vora]: Employee (partial) list retrieved successfully [IP: ::ffff:127.0.0.1]
2026-01-24 03:36:23 PM [info-Prashil Vora]: Data retrieved successfully [IP: ::ffff:127.0.0.1]
2026-01-24 03:36:31 PM [info-Prashil Vora]: GRN list retrieved successfully [IP: ::ffff:127.0.0.1]
2026-01-24 03:36:31 PM [info-Prashil Vora]: GRN retrieved successfully [IP: ::ffff:127.0.0.1]
2026-01-24 03:36:52 PM [info-Admin Admin]: Approval Flow data retrieved successfully [IP: ::ffff:127.0.0.1]
2026-01-24 03:37:03 PM [info-Prashil Vora]: Data retrieved successfully [IP: ::ffff:127.0.0.1]
2026-01-24 03:37:03 PM [info-Prashil Vora]: Farmers (filtered) list retrieved successfully [IP: ::ffff:127.0.0.1]
2026-01-24 03:37:03 PM [info-Prashil Vora]: Data retrieved successfully [IP: ::ffff:127.0.0.1]
2026-01-24 03:37:04 PM [info-Prashil Vora]: GRN viewed successfully with ID: 9d3c0b75-364c-4982-856f-53239f691f93 [IP: ::ffff:127.0.0.1]
2026-01-24 03:37:04 PM [info-Prashil Vora]: GRN retrieved successfully [IP: ::ffff:127.0.0.1]
2026-01-24 03:37:13 PM [info-Prashil Vora]: Record updated successfully [IP: ::ffff:127.0.0.1]
2026-01-24 03:37:13 PM [info-Prashil Vora]: GRN viewed successfully with ID: 9d3c0b75-364c-4982-856f-53239f691f93 [IP: ::ffff:127.0.0.1]
2026-01-24 03:37:13 PM [info-Prashil Vora]: GRN retrieved successfully [IP: ::ffff:127.0.0.1]
2026-01-24 03:37:22 PM [info-Prashil Vora]: GRN list retrieved successfully [IP: ::ffff:127.0.0.1]
2026-01-24 03:37:22 PM [info-Prashil Vora]: GRN retrieved successfully [IP: ::ffff:127.0.0.1]
2026-01-24 03:37:38 PM [info-Prashil Vora]: User logout successful [IP: ::ffff:127.0.0.1]
2026-01-24 03:37:38 PM [info-System]: User logged out successfully [IP: ::ffff:127.0.0.1]
2026-01-24 03:37:48 PM [info-Vaibhav Ahire]: User login successful [IP: ::ffff:127.0.0.1]
2026-01-24 03:37:48 PM [info-System]: User logged in successfully [IP: ::ffff:127.0.0.1]
2026-01-24 03:37:51 PM [info-Sudhanshu Singh]: Employee (partial) list retrieved successfully [IP: ::ffff:127.0.0.1]
2026-01-24 03:37:51 PM [info-Sudhanshu Singh]: Data retrieved successfully [IP: ::ffff:127.0.0.1]
2026-01-24 03:37:54 PM [info-Sudhanshu Singh]: GRN list retrieved successfully [IP: ::ffff:127.0.0.1]
2026-01-24 03:37:54 PM [info-Sudhanshu Singh]: GRN retrieved successfully [IP: ::ffff:127.0.0.1]
2026-01-24 03:37:54 PM [info-Sudhanshu Singh]: Farmers (filtered) list retrieved successfully [IP: ::ffff:127.0.0.1]
2026-01-24 03:37:54 PM [info-Sudhanshu Singh]: Data retrieved successfully [IP: ::ffff:127.0.0.1]
2026-01-24 03:37:54 PM [info-Sudhanshu Singh]: Data retrieved successfully [IP: ::ffff:127.0.0.1]
2026-01-24 03:37:55 PM [info-Sudhanshu Singh]: GRN viewed successfully with ID: 9d3c0b75-364c-4982-856f-53239f691f93 [IP: ::ffff:127.0.0.1]
2026-01-24 03:37:55 PM [info-Sudhanshu Singh]: GRN retrieved successfully [IP: ::ffff:127.0.0.1]
2026-01-24 03:38:00 PM [info-Sudhanshu Singh]: Record updated successfully [IP: ::ffff:127.0.0.1]
2026-01-24 03:38:01 PM [info-Sudhanshu Singh]: GRN viewed successfully with ID: 9d3c0b75-364c-4982-856f-53239f691f93 [IP: ::ffff:127.0.0.1]
2026-01-24 03:38:01 PM [info-Sudhanshu Singh]: GRN retrieved successfully [IP: ::ffff:127.0.0.1]
2026-01-24 03:38:19 PM [info-Vaibhav Ahire]: User logout successful [IP: ::ffff:127.0.0.1]
2026-01-24 03:38:19 PM [info-System]: User logged out successfully [IP: ::ffff:127.0.0.1]
2026-01-24 03:38:34 PM [info-Admin Admin]: Employee list retrieved successfully [IP: ::ffff:127.0.0.1]
2026-01-24 03:38:34 PM [info-Admin Admin]: Data retrieved successfully [IP: ::ffff:127.0.0.1]
2026-01-24 03:38:38 PM [info-Admin Admin]: Employee list retrieved successfully [IP: ::ffff:127.0.0.1]
2026-01-24 03:38:38 PM [info-Admin Admin]: Data retrieved successfully [IP: ::ffff:127.0.0.1]
2026-01-24 03:38:39 PM [info-Admin Admin]: Employee list retrieved successfully [IP: ::ffff:127.0.0.1]
2026-01-24 03:38:39 PM [info-Admin Admin]: Data retrieved successfully [IP: ::ffff:127.0.0.1]
2026-01-24 03:39:11 PM [info-Vaibhav Ahire]: User login successful [IP: ::ffff:127.0.0.1]
2026-01-24 03:39:11 PM [info-System]: User logged in successfully [IP: ::ffff:127.0.0.1]
2026-01-24 03:39:14 PM [info-Hiren Ghelani]: Employee (partial) list retrieved successfully [IP: ::ffff:127.0.0.1]
2026-01-24 03:39:14 PM [info-Hiren Ghelani]: Data retrieved successfully [IP: ::ffff:127.0.0.1]
2026-01-24 03:39:22 PM [info-Hiren Ghelani]: Employee (partial) list retrieved successfully [IP: ::ffff:127.0.0.1]
2026-01-24 03:39:22 PM [info-Hiren Ghelani]: Data retrieved successfully [IP: ::ffff:127.0.0.1]
2026-01-24 03:39:30 PM [info-Admin Admin]: Office (Filter) list retrieved successfully [IP: ::ffff:127.0.0.1]
2026-01-24 03:39:31 PM [info-Admin Admin]: Document Definitions data retrieved successfully [IP: ::ffff:127.0.0.1]
2026-01-24 03:39:31 PM [info-Admin Admin]: Employee (for update) viewed successfully with ID: 44dc1216-c310-4b47-a797-663cf9d838b9 [IP: ::ffff:127.0.0.1]
2026-01-24 03:39:31 PM [info-Admin Admin]: Data retrieved successfully [IP: ::ffff:127.0.0.1]
2026-01-24 03:39:31 PM [info-Admin Admin]: Data retrieved successfully [IP: ::ffff:127.0.0.1]
2026-01-24 03:39:31 PM [info-Admin Admin]: Branch data retrieved successfully [IP: ::ffff:127.0.0.1]
2026-01-24 03:39:31 PM [info-Admin Admin]: Company data retrieved successfully [IP: ::ffff:127.0.0.1]
2026-01-24 03:41:52 PM [info-Admin Admin]: Employee updated successfully with ID: 44dc1216-c310-4b47-a797-663cf9d838b9 [IP: ::ffff:127.0.0.1]
2026-01-24 03:41:52 PM [info-Admin Admin]: Record updated successfully [IP: ::ffff:127.0.0.1]
2026-01-24 03:41:55 PM [info-Admin Admin]: Employee list retrieved successfully [IP: ::ffff:127.0.0.1]
2026-01-24 03:41:55 PM [info-Admin Admin]: Data retrieved successfully [IP: ::ffff:127.0.0.1]
2026-01-24 03:42:04 PM [info-Vaibhav Ahire]: User logout successful [IP: ::ffff:127.0.0.1]
2026-01-24 03:42:04 PM [info-System]: User logged out successfully [IP: ::ffff:127.0.0.1]
2026-01-24 03:42:22 PM [info-Vaibhav Ahire]: User login successful [IP: ::ffff:127.0.0.1]
2026-01-24 03:42:22 PM [info-System]: User logged in successfully [IP: ::ffff:127.0.0.1]
2026-01-24 03:42:25 PM [info-Hiren Ghelani]: Employee (partial) list retrieved successfully [IP: ::ffff:127.0.0.1]
2026-01-24 03:42:25 PM [info-Hiren Ghelani]: Data retrieved successfully [IP: ::ffff:127.0.0.1]
2026-01-24 03:42:29 PM [info-Hiren Ghelani]: GRN list retrieved successfully [IP: ::ffff:127.0.0.1]
2026-01-24 03:42:29 PM [info-Hiren Ghelani]: GRN retrieved successfully [IP: ::ffff:127.0.0.1]
2026-01-24 03:42:31 PM [info-Hiren Ghelani]: Data retrieved successfully [IP: ::ffff:127.0.0.1]
2026-01-24 03:42:31 PM [info-Hiren Ghelani]: Farmers (filtered) list retrieved successfully [IP: ::ffff:127.0.0.1]
2026-01-24 03:42:31 PM [info-Hiren Ghelani]: Data retrieved successfully [IP: ::ffff:127.0.0.1]
2026-01-24 03:42:32 PM [info-Hiren Ghelani]: GRN viewed successfully with ID: 9d3c0b75-364c-4982-856f-53239f691f93 [IP: ::ffff:127.0.0.1]
2026-01-24 03:42:32 PM [info-Hiren Ghelani]: GRN retrieved successfully [IP: ::ffff:127.0.0.1]
2026-01-24 03:42:39 PM [info-Hiren Ghelani]: Record updated successfully [IP: ::ffff:127.0.0.1]
2026-01-24 03:42:40 PM [info-Hiren Ghelani]: GRN viewed successfully with ID: 9d3c0b75-364c-4982-856f-53239f691f93 [IP: ::ffff:127.0.0.1]
2026-01-24 03:42:40 PM [info-Hiren Ghelani]: GRN retrieved successfully [IP: ::ffff:127.0.0.1]
2026-01-24 03:42:56 PM [info-Vaibhav Ahire]: User logout successful [IP: ::ffff:127.0.0.1]
2026-01-24 03:42:56 PM [info-System]: User logged out successfully [IP: ::ffff:127.0.0.1]
2026-01-24 03:43:04 PM [info-Admin Admin]: Approval Flow data retrieved successfully [IP: ::ffff:127.0.0.1]
2026-01-24 03:43:11 PM [info-Admin Admin]: Employee list retrieved successfully [IP: ::ffff:127.0.0.1]
2026-01-24 03:43:11 PM [info-Admin Admin]: Data retrieved successfully [IP: ::ffff:127.0.0.1]
2026-01-24 03:43:16 PM [info-Admin Admin]: Employee list retrieved successfully [IP: ::ffff:127.0.0.1]
2026-01-24 03:43:17 PM [info-Admin Admin]: Data retrieved successfully [IP: ::ffff:127.0.0.1]
2026-01-24 03:43:44 PM [info-Vaibhav Ahire]: User login successful [IP: ::ffff:127.0.0.1]
2026-01-24 03:43:44 PM [info-System]: User logged in successfully [IP: ::ffff:127.0.0.1]
2026-01-24 03:43:47 PM [info-RVN Sir]: Employee (partial) list retrieved successfully [IP: ::ffff:127.0.0.1]
2026-01-24 03:43:47 PM [info-RVN Sir]: Data retrieved successfully [IP: ::ffff:127.0.0.1]
2026-01-24 03:43:51 PM [info-RVN Sir]: Farmers (filtered) list retrieved successfully [IP: ::ffff:127.0.0.1]
2026-01-24 03:43:51 PM [info-RVN Sir]: Data retrieved successfully [IP: ::ffff:127.0.0.1]
2026-01-24 03:43:51 PM [info-RVN Sir]: Data retrieved successfully [IP: ::ffff:127.0.0.1]
2026-01-24 03:43:51 PM [info-RVN Sir]: GRN list retrieved successfully [IP: ::ffff:127.0.0.1]
2026-01-24 03:43:51 PM [info-RVN Sir]: GRN retrieved successfully [IP: ::ffff:127.0.0.1]
2026-01-24 03:43:51 PM [info-RVN Sir]: GRN viewed successfully with ID: 9d3c0b75-364c-4982-856f-53239f691f93 [IP: ::ffff:127.0.0.1]
2026-01-24 03:43:51 PM [info-RVN Sir]: GRN retrieved successfully [IP: ::ffff:127.0.0.1]
2026-01-24 03:43:58 PM [info-RVN Sir]: Record updated successfully [IP: ::ffff:127.0.0.1]
2026-01-24 03:43:59 PM [info-RVN Sir]: GRN viewed successfully with ID: 9d3c0b75-364c-4982-856f-53239f691f93 [IP: ::ffff:127.0.0.1]
2026-01-24 03:43:59 PM [info-RVN Sir]: GRN retrieved successfully [IP: ::ffff:127.0.0.1]
2026-01-24 03:44:18 PM [info-Vaibhav Ahire]: User logout successful [IP: ::ffff:127.0.0.1]
2026-01-24 03:44:18 PM [info-System]: User logged out successfully [IP: ::ffff:127.0.0.1]
2026-01-24 03:44:30 PM [info-Admin Admin]: Employee list retrieved successfully [IP: ::ffff:127.0.0.1]
2026-01-24 03:44:30 PM [info-Admin Admin]: Data retrieved successfully [IP: ::ffff:127.0.0.1]
2026-01-24 03:44:33 PM [info-Admin Admin]: Employee list retrieved successfully [IP: ::ffff:127.0.0.1]
2026-01-24 03:44:34 PM [info-Admin Admin]: Data retrieved successfully [IP: ::ffff:127.0.0.1]
2026-01-24 03:44:57 PM [info-Vaibhav Ahire]: User login successful [IP: ::ffff:127.0.0.1]
2026-01-24 03:44:57 PM [info-System]: User logged in successfully [IP: ::ffff:127.0.0.1]
2026-01-24 03:44:59 PM [info-Malav Patel]: Employee (partial) list retrieved successfully [IP: ::ffff:127.0.0.1]
2026-01-24 03:44:59 PM [info-Malav Patel]: Data retrieved successfully [IP: ::ffff:127.0.0.1]
2026-01-24 03:45:04 PM [info-Malav Patel]: Farmers (filtered) list retrieved successfully [IP: ::ffff:127.0.0.1]
2026-01-24 03:45:04 PM [info-Malav Patel]: Data retrieved successfully [IP: ::ffff:127.0.0.1]
2026-01-24 03:45:04 PM [info-Malav Patel]: Data retrieved successfully [IP: ::ffff:127.0.0.1]
2026-01-24 03:45:04 PM [info-Malav Patel]: GRN viewed successfully with ID: 9d3c0b75-364c-4982-856f-53239f691f93 [IP: ::ffff:127.0.0.1]
2026-01-24 03:45:04 PM [info-Malav Patel]: GRN retrieved successfully [IP: ::ffff:127.0.0.1]
2026-01-24 03:45:04 PM [info-Malav Patel]: GRN list retrieved successfully [IP: ::ffff:127.0.0.1]
2026-01-24 03:45:04 PM [info-Malav Patel]: GRN retrieved successfully [IP: ::ffff:127.0.0.1]
2026-01-24 03:45:12 PM [info-Malav Patel]: Record updated successfully [IP: ::ffff:127.0.0.1]
2026-01-24 03:45:12 PM [info-Malav Patel]: GRN viewed successfully with ID: 9d3c0b75-364c-4982-856f-53239f691f93 [IP: ::ffff:127.0.0.1]
2026-01-24 03:45:12 PM [info-Malav Patel]: GRN retrieved successfully [IP: ::ffff:127.0.0.1]
2026-01-24 03:45:18 PM [info-Malav Patel]: GRN list retrieved successfully [IP: ::ffff:127.0.0.1]
2026-01-24 03:45:18 PM [info-Malav Patel]: GRN retrieved successfully [IP: ::ffff:127.0.0.1]
2026-01-24 03:47:25 PM [info-Admin Admin]: Employee list retrieved successfully [IP: ::ffff:127.0.0.1]
2026-01-24 03:47:25 PM [info-Admin Admin]: Data retrieved successfully [IP: ::ffff:127.0.0.1]
2026-01-24 03:47:28 PM [info-Sagar Pagar]: Data retrieved successfully [IP: ::ffff:127.0.0.1]
2026-01-24 03:47:28 PM [info-Sagar Pagar]: Farmers (filtered) list retrieved successfully [IP: ::ffff:127.0.0.1]
2026-01-24 03:47:28 PM [info-Sagar Pagar]: Data retrieved successfully [IP: ::ffff:127.0.0.1]
2026-01-24 03:47:28 PM [info-Sagar Pagar]: GRN viewed successfully with ID: 9d3c0b75-364c-4982-856f-53239f691f93 [IP: ::ffff:127.0.0.1]
2026-01-24 03:47:28 PM [info-Sagar Pagar]: GRN retrieved successfully [IP: ::ffff:127.0.0.1]
2026-01-24 03:47:31 PM [info-Malav Patel]: GRN list retrieved successfully [IP: ::ffff:127.0.0.1]
2026-01-24 03:47:31 PM [info-Malav Patel]: GRN retrieved successfully [IP: ::ffff:127.0.0.1]
2026-01-24 03:54:08 PM [info-Prashil Vora]: User login successful [IP: ::ffff:127.0.0.1]
2026-01-24 03:54:08 PM [info-System]: User logged in successfully [IP: ::ffff:127.0.0.1]
2026-01-24 03:54:12 PM [info-Admin Admin]: Data retrieved successfully [IP: ::ffff:127.0.0.1]
2026-01-24 03:54:12 PM [info-Admin Admin]: Employee (partial) list retrieved successfully [IP: ::ffff:127.0.0.1]
2026-01-24 03:54:12 PM [info-Admin Admin]: Data retrieved successfully [IP: ::ffff:127.0.0.1]
2026-01-24 03:54:12 PM [info-Admin Admin]: Farmers (filtered) list retrieved successfully [IP: ::ffff:127.0.0.1]
2026-01-24 03:54:12 PM [info-Admin Admin]: Data retrieved successfully [IP: ::ffff:127.0.0.1]
2026-01-24 03:54:12 PM [info-Admin Admin]: Data retrieved successfully [IP: ::ffff:127.0.0.1]
2026-01-24 03:54:12 PM [info-Admin Admin]: Branch data retrieved successfully [IP: ::ffff:127.0.0.1]
2026-01-24 03:54:12 PM [info-Admin Admin]: Customer data retrieved successfully [IP: ::ffff:127.0.0.1]
2026-01-24 03:54:12 PM [info-Admin Admin]: Company data retrieved successfully [IP: ::ffff:127.0.0.1]
2026-01-24 03:54:12 PM [info-Admin Admin]: Data retrieved successfully [IP: ::ffff:127.0.0.1]
2026-01-24 03:54:13 PM [info-Admin Admin]: User counts report list retrieved successfully [IP: ::ffff:127.0.0.1]
2026-01-24 03:54:13 PM [info-Admin Admin]: Data retrieved successfully [IP: ::ffff:127.0.0.1]
2026-01-24 03:54:13 PM [info-Admin Admin]: Data retrieved successfully [IP: ::ffff:127.0.0.1]
2026-01-24 03:54:13 PM [info-Admin Admin]: Data retrieved successfully [IP: ::ffff:127.0.0.1]
2026-01-24 03:54:28 PM [info-Admin Admin]: Approval Flow data retrieved successfully [IP: ::ffff:127.0.0.1]
2026-01-24 03:55:49 PM [info-Admin Admin]: Employee list retrieved successfully [IP: ::ffff:127.0.0.1]
2026-01-24 03:55:49 PM [info-Admin Admin]: Data retrieved successfully [IP: ::ffff:127.0.0.1]
2026-01-24 03:55:56 PM [info-Admin Admin]: Employee list retrieved successfully [IP: ::ffff:127.0.0.1]
2026-01-24 03:55:56 PM [info-Admin Admin]: Data retrieved successfully [IP: ::ffff:127.0.0.1]
2026-01-24 03:57:55 PM [warn-Prashil Vora]: User login failed [IP: ::ffff:127.0.0.1]
2026-01-24 03:57:55 PM [error-System]: Error in POST /auth/login: Wrong password
2026-01-24 03:57:55 PM [info-System]: Login failed [IP: ::ffff:127.0.0.1]
2026-01-24 03:57:55 PM [error-System]: Error in POST /auth/refresh-token: You need to re-authenticate. Please log in.
2026-01-24 03:57:55 PM [info-System]: Failed to create record [IP: ::ffff:127.0.0.1]
2026-01-24 03:58:05 PM [warn-Prashil Vora]: User login failed [IP: ::ffff:127.0.0.1]
2026-01-24 03:58:05 PM [error-System]: Error in POST /auth/login: Wrong password
2026-01-24 03:58:05 PM [info-System]: Login failed [IP: ::ffff:127.0.0.1]
2026-01-24 03:58:05 PM [error-System]: Error in POST /auth/refresh-token: You need to re-authenticate. Please log in.
2026-01-24 03:58:05 PM [info-System]: Failed to create record [IP: ::ffff:127.0.0.1]
2026-01-24 03:58:30 PM [info-Prashil Vora]: User login successful [IP: ::ffff:127.0.0.1]
2026-01-24 03:58:30 PM [info-System]: User logged in successfully [IP: ::ffff:127.0.0.1]
2026-01-24 03:58:35 PM [info-Sagar Pagar]: Employee (partial) list retrieved successfully [IP: ::ffff:127.0.0.1]
2026-01-24 03:58:35 PM [info-Sagar Pagar]: Data retrieved successfully [IP: ::ffff:127.0.0.1]
2026-01-24 03:58:41 PM [error-Sagar Pagar]: Error in GET /rfpa/?page=1&limit=10: Cannot read properties of null (reading 'id')
2026-01-24 03:58:41 PM [info-Sagar Pagar]: Failed to retrieve data [IP: ::ffff:127.0.0.1]
2026-01-24 03:58:43 PM [error-Sagar Pagar]: Error in GET /rfpa/?page=1&limit=10: Cannot read properties of null (reading 'id')
2026-01-24 03:58:43 PM [info-Sagar Pagar]: Failed to retrieve data [IP: ::ffff:127.0.0.1]
2026-01-24 03:58:49 PM [info-Sagar Pagar]: Data retrieved successfully [IP: ::ffff:127.0.0.1]
2026-01-24 03:58:49 PM [info-Sagar Pagar]: Data retrieved successfully [IP: ::ffff:127.0.0.1]
2026-01-24 03:58:49 PM [info-Sagar Pagar]: UOM (partial) list retrieved successfully [IP: ::ffff:127.0.0.1]
2026-01-24 03:58:49 PM [info-Sagar Pagar]: Data retrieved successfully [IP: ::ffff:127.0.0.1]
2026-01-24 03:58:49 PM [info-Sagar Pagar]: Data retrieved successfully [IP: ::ffff:127.0.0.1]
2026-01-24 03:58:49 PM [info-Sagar Pagar]: Farmers (filtered) list retrieved successfully [IP: ::ffff:127.0.0.1]
2026-01-24 03:58:49 PM [info-Sagar Pagar]: Data retrieved successfully [IP: ::ffff:127.0.0.1]
2026-01-24 03:58:50 PM [info-Sagar Pagar]: Branch data retrieved successfully [IP: ::ffff:127.0.0.1]
2026-01-24 03:58:50 PM [info-Sagar Pagar]: Company data retrieved successfully [IP: ::ffff:127.0.0.1]
2026-01-24 03:59:43 PM [info-Sagar Pagar]: Data retrieved successfully [IP: ::ffff:127.0.0.1]
2026-01-24 03:59:44 PM [info-Sagar Pagar]: Data retrieved successfully [IP: ::ffff:127.0.0.1]
2026-01-24 03:59:53 PM [info-Sagar Pagar]: Data retrieved successfully [IP: ::ffff:127.0.0.1]
2026-01-24 03:59:53 PM [info-Sagar Pagar]: Data retrieved successfully [IP: ::ffff:127.0.0.1]
2026-01-24 04:01:11 PM [info-Sagar Pagar]: Data retrieved successfully [IP: ::ffff:127.0.0.1]
2026-01-24 04:01:17 PM [info-Sagar Pagar]: Data retrieved successfully [IP: ::ffff:127.0.0.1]
2026-01-24 04:01:17 PM [info-Sagar Pagar]: Data retrieved successfully [IP: ::ffff:127.0.0.1]
2026-01-24 04:01:29 PM [info-Sagar Pagar]: Data retrieved successfully [IP: ::ffff:127.0.0.1]
2026-01-24 04:01:29 PM [info-Sagar Pagar]: Data retrieved successfully [IP: ::ffff:127.0.0.1]
2026-01-24 04:04:22 PM [info-Sagar Pagar]: RFPA created successfully with ID: d23ab610-6067-47b3-9adf-d81edf5f41ed [IP: ::ffff:127.0.0.1]
2026-01-24 04:04:23 PM [info-Sagar Pagar]: Record created successfully [IP: ::ffff:127.0.0.1]
2026-01-24 04:04:27 PM [error-Sagar Pagar]: Error in GET /rfpa/?page=1&limit=10: Cannot read properties of null (reading 'id')
2026-01-24 04:04:27 PM [info-Sagar Pagar]: Failed to retrieve data [IP: ::ffff:127.0.0.1]
2026-01-24 04:04:30 PM [error-Sagar Pagar]: Error in GET /rfpa/?page=1&limit=10: Cannot read properties of null (reading 'id')
2026-01-24 04:04:30 PM [info-Sagar Pagar]: Failed to retrieve data [IP: ::ffff:127.0.0.1]
2026-01-24 04:12:25 PM [error-Sagar Pagar]: Error in GET /rfpa/?page=1&limit=10: Cannot read properties of null (reading 'id')
2026-01-24 04:12:25 PM [info-Sagar Pagar]: Failed to retrieve data [IP: ::ffff:127.0.0.1]
2026-01-24 04:12:27 PM [error-Sagar Pagar]: Error in GET /rfpa/?page=1&limit=10: Cannot read properties of null (reading 'id')
2026-01-24 04:12:27 PM [info-Sagar Pagar]: Failed to retrieve data [IP: ::ffff:127.0.0.1]
2026-01-24 04:35:26 PM [info-Admin Admin]: Employee list retrieved successfully [IP: ::ffff:127.0.0.1]
2026-01-24 04:35:27 PM [info-Admin Admin]: Data retrieved successfully [IP: ::ffff:127.0.0.1]
2026-01-24 04:37:17 PM [error-Sagar Pagar]: Error in GET /rfpa/?page=1&limit=10: Cannot read properties of null (reading 'id')
2026-01-24 04:37:17 PM [info-Sagar Pagar]: Failed to retrieve data [IP: ::ffff:127.0.0.1]
2026-01-24 04:37:29 PM [error-Sagar Pagar]: Error in GET /rfpa/?page=1&limit=10: Cannot read properties of null (reading 'id')
2026-01-24 04:37:29 PM [info-Sagar Pagar]: Failed to retrieve data [IP: ::ffff:127.0.0.1]
2026-01-24 04:37:31 PM [error-Sagar Pagar]: Error in GET /rfpa/?page=1&limit=10: Cannot read properties of null (reading 'id')
2026-01-24 04:37:31 PM [info-Sagar Pagar]: Failed to retrieve data [IP: ::ffff:127.0.0.1]
2026-01-24 04:40:05 PM [info-Sagar Pagar]: Farmers (filtered) list retrieved successfully [IP: ::ffff:127.0.0.1]
2026-01-24 04:40:06 PM [info-Sagar Pagar]: Data retrieved successfully [IP: ::ffff:127.0.0.1]
2026-01-24 04:40:06 PM [info-Sagar Pagar]: Data retrieved successfully [IP: ::ffff:127.0.0.1]
2026-01-24 04:40:06 PM [info-Sagar Pagar]: GRN viewed successfully with ID: 9d3c0b75-364c-4982-856f-53239f691f93 [IP: ::ffff:127.0.0.1]
2026-01-24 04:40:06 PM [info-Sagar Pagar]: GRN retrieved successfully [IP: ::ffff:127.0.0.1]
2026-01-24 04:40:06 PM [info-Malav Patel]: GRN list retrieved successfully [IP: ::ffff:127.0.0.1]
2026-01-24 04:40:06 PM [info-Malav Patel]: GRN retrieved successfully [IP: ::ffff:127.0.0.1]
2026-01-24 04:40:09 PM [error-Sagar Pagar]: Error in GET /rfpa/?page=1&limit=10: Cannot read properties of null (reading 'id')
2026-01-24 04:40:09 PM [info-Sagar Pagar]: Failed to retrieve data [IP: ::ffff:127.0.0.1]
2026-01-24 04:40:11 PM [error-Sagar Pagar]: Error in GET /rfpa/?page=1&limit=10: Cannot read properties of null (reading 'id')
2026-01-24 04:40:11 PM [info-Sagar Pagar]: Failed to retrieve data [IP: ::ffff:127.0.0.1]
2026-01-24 04:40:51 PM [info-Admin Admin]: User login successful [IP: ::ffff:127.0.0.1]
2026-01-24 04:40:51 PM [info-System]: User logged in successfully [IP: ::ffff:127.0.0.1]
2026-01-24 04:40:57 PM [info-Sagar Pagar]: UOM (partial) list retrieved successfully [IP: ::ffff:127.0.0.1]
2026-01-24 04:40:57 PM [info-Sagar Pagar]: Data retrieved successfully [IP: ::ffff:127.0.0.1]
2026-01-24 04:40:57 PM [info-Sagar Pagar]: Data retrieved successfully [IP: ::ffff:127.0.0.1]
2026-01-24 04:40:57 PM [info-Sagar Pagar]: Farmers (filtered) list retrieved successfully [IP: ::ffff:127.0.0.1]
2026-01-24 04:40:57 PM [info-Sagar Pagar]: Data retrieved successfully [IP: ::ffff:127.0.0.1]
2026-01-24 04:40:57 PM [info-Sagar Pagar]: Data retrieved successfully [IP: ::ffff:127.0.0.1]
2026-01-24 04:40:57 PM [info-Sagar Pagar]: Data retrieved successfully [IP: ::ffff:127.0.0.1]
2026-01-24 04:40:58 PM [info-Sagar Pagar]: Company data retrieved successfully [IP: ::ffff:127.0.0.1]
2026-01-24 04:40:58 PM [info-Sagar Pagar]: Branch data retrieved successfully [IP: ::ffff:127.0.0.1]
2026-01-24 04:41:06 PM [error-Sagar Pagar]: Error in GET /rfpa/?page=1&limit=10: Cannot read properties of null (reading 'id')
2026-01-24 04:41:06 PM [info-Sagar Pagar]: Failed to retrieve data [IP: ::ffff:127.0.0.1]
2026-01-24 04:41:08 PM [error-Sagar Pagar]: Error in GET /rfpa/?page=1&limit=10: Cannot read properties of null (reading 'id')
2026-01-24 04:41:08 PM [info-Sagar Pagar]: Failed to retrieve data [IP: ::ffff:127.0.0.1]
2026-01-24 04:41:29 PM [info-Admin Admin]: Data retrieved successfully [IP: ::1]
2026-01-24 04:44:27 PM [error-Sagar Pagar]: Error in GET /rfpa/?page=1&limit=10: Cannot read properties of null (reading 'id')
2026-01-24 04:44:27 PM [info-Sagar Pagar]: Failed to retrieve data [IP: ::ffff:127.0.0.1]
2026-01-24 04:44:29 PM [error-Sagar Pagar]: Error in GET /rfpa/?page=1&limit=10: Cannot read properties of null (reading 'id')
2026-01-24 04:44:29 PM [info-Sagar Pagar]: Failed to retrieve data [IP: ::ffff:127.0.0.1]
2026-01-24 04:46:41 PM [info-Sagar Pagar]: Data retrieved successfully [IP: ::ffff:127.0.0.1]
2026-01-24 04:47:01 PM [info-Sagar Pagar]: Data retrieved successfully [IP: ::ffff:127.0.0.1]
2026-01-24 04:47:01 PM [info-Sagar Pagar]: Data retrieved successfully [IP: ::ffff:127.0.0.1]
2026-01-24 04:47:01 PM [info-Sagar Pagar]: Data retrieved successfully [IP: ::ffff:127.0.0.1]
2026-01-24 04:47:01 PM [info-Sagar Pagar]: Farmers (filtered) list retrieved successfully [IP: ::ffff:127.0.0.1]
2026-01-24 04:47:01 PM [info-Sagar Pagar]: Data retrieved successfully [IP: ::ffff:127.0.0.1]
2026-01-24 04:47:01 PM [info-Sagar Pagar]: UOM (partial) list retrieved successfully [IP: ::ffff:127.0.0.1]
2026-01-24 04:47:01 PM [info-Sagar Pagar]: Data retrieved successfully [IP: ::ffff:127.0.0.1]
2026-01-24 04:47:01 PM [info-Sagar Pagar]: Branch data retrieved successfully [IP: ::ffff:127.0.0.1]
2026-01-24 04:47:01 PM [info-Sagar Pagar]: Company data retrieved successfully [IP: ::ffff:127.0.0.1]
2026-01-24 04:47:14 PM [info-Sagar Pagar]: Farmers (filtered) list retrieved successfully [IP: ::ffff:127.0.0.1]
2026-01-24 04:47:14 PM [info-Sagar Pagar]: Data retrieved successfully [IP: ::ffff:127.0.0.1]
2026-01-24 04:47:14 PM [info-Sagar Pagar]: Data retrieved successfully [IP: ::ffff:127.0.0.1]
2026-01-24 04:47:14 PM [info-Sagar Pagar]: Data retrieved successfully [IP: ::ffff:127.0.0.1]
2026-01-24 04:47:14 PM [info-Sagar Pagar]: UOM (partial) list retrieved successfully [IP: ::ffff:127.0.0.1]
2026-01-24 04:47:14 PM [info-Sagar Pagar]: Data retrieved successfully [IP: ::ffff:127.0.0.1]
2026-01-24 04:47:14 PM [info-Sagar Pagar]: Data retrieved successfully [IP: ::ffff:127.0.0.1]
2026-01-24 04:47:15 PM [info-Sagar Pagar]: Branch data retrieved successfully [IP: ::ffff:127.0.0.1]
2026-01-24 04:47:15 PM [info-Sagar Pagar]: Company data retrieved successfully [IP: ::ffff:127.0.0.1]
2026-01-24 04:47:22 PM [info-Sagar Pagar]: Data retrieved successfully [IP: ::ffff:127.0.0.1]
2026-01-24 04:48:45 PM [info-Sagar Pagar]: Data retrieved successfully [IP: ::ffff:127.0.0.1]
2026-01-24 04:48:45 PM [info-Sagar Pagar]: Data retrieved successfully [IP: ::ffff:127.0.0.1]
2026-01-24 04:48:45 PM [info-Sagar Pagar]: Farmers (filtered) list retrieved successfully [IP: ::ffff:127.0.0.1]
2026-01-24 04:48:45 PM [info-Sagar Pagar]: Data retrieved successfully [IP: ::ffff:127.0.0.1]
2026-01-24 04:48:45 PM [info-Sagar Pagar]: Data retrieved successfully [IP: ::ffff:127.0.0.1]
2026-01-24 04:48:45 PM [info-Sagar Pagar]: UOM (partial) list retrieved successfully [IP: ::ffff:127.0.0.1]
2026-01-24 04:48:45 PM [info-Sagar Pagar]: Data retrieved successfully [IP: ::ffff:127.0.0.1]
2026-01-24 04:48:46 PM [info-Sagar Pagar]: Company data retrieved successfully [IP: ::ffff:127.0.0.1]
2026-01-24 04:48:46 PM [info-Sagar Pagar]: Branch data retrieved successfully [IP: ::ffff:127.0.0.1]
2026-01-24 04:49:13 PM [info-Sagar Pagar]: Data retrieved successfully [IP: ::ffff:127.0.0.1]
2026-01-24 04:49:18 PM [info-Admin Admin]: Employee list retrieved successfully [IP: ::ffff:127.0.0.1]
2026-01-24 04:49:19 PM [info-Admin Admin]: Data retrieved successfully [IP: ::ffff:127.0.0.1]
2026-01-24 04:49:41 PM [info-Sagar Pagar]: Data retrieved successfully [IP: ::ffff:127.0.0.1]
2026-01-24 04:51:05 PM [info-Malav Patel]: Data retrieved successfully [IP: ::ffff:127.0.0.1]
2026-01-24 04:52:38 PM [info-Sagar Pagar]: Data retrieved successfully [IP: ::ffff:127.0.0.1]
2026-01-24 04:54:33 PM [info-Sagar Pagar]: Data retrieved successfully [IP: ::ffff:127.0.0.1]
2026-01-24 04:54:49 PM [info-Sagar Pagar]: Data retrieved successfully [IP: ::ffff:127.0.0.1]
2026-01-24 04:55:18 PM [info-Sagar Pagar]: Data retrieved successfully [IP: ::ffff:127.0.0.1]
2026-01-24 04:58:05 PM [info-Sagar Pagar]: Data retrieved successfully [IP: ::ffff:127.0.0.1]
2026-01-24 04:58:21 PM [info-Sagar Pagar]: Farmers (filtered) list retrieved successfully [IP: ::ffff:127.0.0.1]
2026-01-24 04:58:21 PM [info-Sagar Pagar]: Data retrieved successfully [IP: ::ffff:127.0.0.1]
2026-01-24 04:58:21 PM [info-Sagar Pagar]: Data retrieved successfully [IP: ::ffff:127.0.0.1]
2026-01-24 04:58:21 PM [info-Sagar Pagar]: UOM (partial) list retrieved successfully [IP: ::ffff:127.0.0.1]
2026-01-24 04:58:21 PM [info-Sagar Pagar]: Data retrieved successfully [IP: ::ffff:127.0.0.1]
2026-01-24 04:58:21 PM [info-Sagar Pagar]: Company data retrieved successfully [IP: ::ffff:127.0.0.1]
2026-01-24 04:58:21 PM [info-Sagar Pagar]: Data retrieved successfully [IP: ::ffff:127.0.0.1]
2026-01-24 04:58:21 PM [info-Sagar Pagar]: Data retrieved successfully [IP: ::ffff:127.0.0.1]
2026-01-24 04:58:21 PM [info-Sagar Pagar]: Branch data retrieved successfully [IP: ::ffff:127.0.0.1]
2026-01-24 04:58:55 PM [info-Sagar Pagar]: Data retrieved successfully [IP: ::ffff:127.0.0.1]
2026-01-24 04:58:56 PM [info-Sagar Pagar]: Data retrieved successfully [IP: ::ffff:127.0.0.1]
2026-01-24 04:59:01 PM [info-Sagar Pagar]: Data retrieved successfully [IP: ::ffff:127.0.0.1]
2026-01-24 04:59:01 PM [info-Sagar Pagar]: Data retrieved successfully [IP: ::ffff:127.0.0.1]
2026-01-24 04:59:02 PM [info-Sagar Pagar]: Data retrieved successfully [IP: ::ffff:127.0.0.1]
2026-01-24 05:02:35 PM [error-Sagar Pagar]: RFPA creation failed: Failed to create RFPA: invalid input syntax for type uuid: "{"id":"afbc0d3d-99a8-45b8-9b58-051164a2cd54"}" [IP: ::ffff:127.0.0.1]
2026-01-24 05:02:35 PM [error-Sagar Pagar]: Error in POST /rfpa/: Failed to create RFPA: invalid input syntax for type uuid: "{"id":"afbc0d3d-99a8-45b8-9b58-051164a2cd54"}"
2026-01-24 05:02:35 PM [info-Sagar Pagar]: Failed to create record [IP: ::ffff:127.0.0.1]
2026-01-24 05:05:13 PM [error-Sagar Pagar]: RFPA creation failed: Failed to create RFPA: invalid input syntax for type uuid: "{"id":"afbc0d3d-99a8-45b8-9b58-051164a2cd54"}" [IP: ::ffff:127.0.0.1]
2026-01-24 05:05:13 PM [error-Sagar Pagar]: Error in POST /rfpa/: Failed to create RFPA: invalid input syntax for type uuid: "{"id":"afbc0d3d-99a8-45b8-9b58-051164a2cd54"}"
2026-01-24 05:05:13 PM [info-Sagar Pagar]: Failed to create record [IP: ::ffff:127.0.0.1]
2026-01-24 05:05:44 PM [error-Sagar Pagar]: RFPA creation failed: Failed to create RFPA: invalid input syntax for type uuid: "{"id":"afbc0d3d-99a8-45b8-9b58-051164a2cd54"}" [IP: ::ffff:127.0.0.1]
2026-01-24 05:05:44 PM [error-Sagar Pagar]: Error in POST /rfpa/: Failed to create RFPA: invalid input syntax for type uuid: "{"id":"afbc0d3d-99a8-45b8-9b58-051164a2cd54"}"
2026-01-24 05:05:44 PM [info-Sagar Pagar]: Failed to create record [IP: ::ffff:127.0.0.1]
2026-01-24 05:09:47 PM [info-Sagar Pagar]: Data retrieved successfully [IP: ::ffff:127.0.0.1]
2026-01-24 05:09:48 PM [info-Sagar Pagar]: Data retrieved successfully [IP: ::ffff:127.0.0.1]
2026-01-24 05:09:48 PM [info-Sagar Pagar]: UOM (partial) list retrieved successfully [IP: ::ffff:127.0.0.1]
2026-01-24 05:09:48 PM [info-Sagar Pagar]: Data retrieved successfully [IP: ::ffff:127.0.0.1]
2026-01-24 05:09:48 PM [info-Sagar Pagar]: Data retrieved successfully [IP: ::ffff:127.0.0.1]
2026-01-24 05:09:48 PM [info-Sagar Pagar]: Farmers (filtered) list retrieved successfully [IP: ::ffff:127.0.0.1]
2026-01-24 05:09:48 PM [info-Sagar Pagar]: Data retrieved successfully [IP: ::ffff:127.0.0.1]
2026-01-24 05:09:48 PM [info-Sagar Pagar]: Company data retrieved successfully [IP: ::ffff:127.0.0.1]
2026-01-24 05:09:48 PM [info-Sagar Pagar]: Branch data retrieved successfully [IP: ::ffff:127.0.0.1]
2026-01-24 05:10:03 PM [info-Sagar Pagar]: Data retrieved successfully [IP: ::ffff:127.0.0.1]
2026-01-24 05:10:05 PM [info-Sagar Pagar]: Data retrieved successfully [IP: ::ffff:127.0.0.1]
2026-01-24 05:10:07 PM [info-Sagar Pagar]: Data retrieved successfully [IP: ::ffff:127.0.0.1]
2026-01-24 05:10:07 PM [info-Sagar Pagar]: Data retrieved successfully [IP: ::ffff:127.0.0.1]
2026-01-24 05:11:10 PM [error-Sagar Pagar]: RFPA creation failed: Failed to create RFPA: invalid input syntax for type uuid: "{"id":"afbc0d3d-99a8-45b8-9b58-051164a2cd54"}" [IP: ::ffff:127.0.0.1]
2026-01-24 05:11:10 PM [error-Sagar Pagar]: Error in POST /rfpa/: Failed to create RFPA: invalid input syntax for type uuid: "{"id":"afbc0d3d-99a8-45b8-9b58-051164a2cd54"}"
2026-01-24 05:11:10 PM [info-Sagar Pagar]: Failed to create record [IP: ::ffff:127.0.0.1]
2026-01-24 05:13:43 PM [info-Sagar Pagar]: RFPA created successfully with ID: 189e09b4-8594-4da6-b882-5aaee26ce1da [IP: ::ffff:127.0.0.1]
2026-01-24 05:13:44 PM [info-Sagar Pagar]: Record created successfully [IP: ::ffff:127.0.0.1]
2026-01-24 05:13:47 PM [info-Sagar Pagar]: Data retrieved successfully [IP: ::ffff:127.0.0.1]
2026-01-24 05:14:23 PM [info-Sagar Pagar]: Data retrieved successfully [IP: ::ffff:127.0.0.1]
2026-01-24 05:14:34 PM [info-Sagar Pagar]: User logout successful [IP: ::ffff:127.0.0.1]
2026-01-24 05:14:34 PM [info-System]: User logged out successfully [IP: ::ffff:127.0.0.1]
2026-01-24 05:14:41 PM [info-Admin Admin]: Employee list retrieved successfully [IP: ::ffff:127.0.0.1]
2026-01-24 05:14:42 PM [info-Admin Admin]: Data retrieved successfully [IP: ::ffff:127.0.0.1]
2026-01-24 05:16:32 PM [info-Admin Admin]: Approval Flow data retrieved successfully [IP: ::ffff:127.0.0.1]
2026-01-24 05:16:34 PM [info-Admin Admin]: Employee (partial) list retrieved successfully [IP: ::ffff:127.0.0.1]
2026-01-24 05:16:34 PM [info-Admin Admin]: Data retrieved successfully [IP: ::ffff:127.0.0.1]
2026-01-24 05:16:54 PM [info-Admin Admin]: Employee (partial) list retrieved successfully [IP: ::ffff:127.0.0.1]
2026-01-24 05:16:54 PM [info-Admin Admin]: Data retrieved successfully [IP: ::ffff:127.0.0.1]
2026-01-24 05:17:40 PM [info-Sagar Pagar]: Data retrieved successfully [IP: ::ffff:127.0.0.1]
2026-01-24 05:17:47 PM [info-Sagar Pagar]: RFPA Numbers list retrieved successfully [IP: ::ffff:127.0.0.1]
2026-01-24 05:17:47 PM [info-Sagar Pagar]: Data retrieved successfully [IP: ::ffff:127.0.0.1]
2026-01-24 05:17:50 PM [info-Sagar Pagar]: RFPA (document view) viewed successfully with ID: 94e1e39e-d153-4401-a56c-ee00e9c925cd [IP: ::ffff:127.0.0.1]
2026-01-24 05:17:50 PM [info-Sagar Pagar]: Data retrieved successfully [IP: ::ffff:127.0.0.1]
2026-01-24 05:18:17 PM [info-Sagar Pagar]: Deal Slip created successfully with ID: fe2b366a-59f9-4640-8fdc-108d5fbaabbd [IP: ::ffff:127.0.0.1]
2026-01-24 05:18:17 PM [info-Sagar Pagar]: Failed to create record [IP: ::ffff:127.0.0.1]
2026-01-24 05:18:20 PM [info-Sagar Pagar]: Deal Slips data retrieved successfully [IP: ::ffff:127.0.0.1]
2026-01-24 05:18:27 PM [info-Sagar Pagar]: Data retrieved successfully [IP: ::ffff:127.0.0.1]
2026-01-24 05:18:34 PM [info-Admin Admin]: Employee (partial) list retrieved successfully [IP: ::ffff:127.0.0.1]
2026-01-24 05:18:34 PM [info-Admin Admin]: Data retrieved successfully [IP: ::ffff:127.0.0.1]
2026-01-24 05:19:16 PM [info-Sagar Pagar]: RFPA (document view) viewed successfully with ID: 94e1e39e-d153-4401-a56c-ee00e9c925cd [IP: ::ffff:127.0.0.1]
2026-01-24 05:19:16 PM [info-Sagar Pagar]: Data retrieved successfully [IP: ::ffff:127.0.0.1]
2026-01-24 05:19:16 PM [info-Sagar Pagar]: Company data retrieved successfully [IP: ::ffff:127.0.0.1]
2026-01-24 05:29:52 PM [info-Admin Admin]: Employee (partial) list retrieved successfully [IP: ::ffff:127.0.0.1]
2026-01-24 05:29:52 PM [info-Admin Admin]: Data retrieved successfully [IP: ::ffff:127.0.0.1]
2026-01-24 05:30:10 PM [info-Admin Admin]: Employee (partial) list retrieved successfully [IP: ::ffff:127.0.0.1]
2026-01-24 05:30:10 PM [info-Admin Admin]: Data retrieved successfully [IP: ::ffff:127.0.0.1]
2026-01-24 05:31:31 PM [error-System]: Error in GET /employee/all/partial: You need to re-authenticate. Please log in.
2026-01-24 05:31:31 PM [info-System]: Failed to retrieve data [IP: ::ffff:127.0.0.1]
2026-01-24 05:31:32 PM [info-System]: Failed to create record [IP: ::ffff:127.0.0.1]
2026-01-24 05:31:32 PM [info-Admin Admin]: Employee (partial) list retrieved successfully [IP: ::ffff:127.0.0.1]
2026-01-24 05:31:32 PM [info-Admin Admin]: Data retrieved successfully [IP: ::ffff:127.0.0.1]
2026-01-24 05:34:51 PM [info-Sagar Pagar]: RFPA (document view) viewed successfully with ID: 94e1e39e-d153-4401-a56c-ee00e9c925cd [IP: ::ffff:127.0.0.1]
2026-01-24 05:34:51 PM [info-Sagar Pagar]: Data retrieved successfully [IP: ::ffff:127.0.0.1]
2026-01-24 05:35:49 PM [info-Sagar Pagar]: Company data retrieved successfully [IP: ::ffff:127.0.0.1]
2026-01-24 05:35:50 PM [info-Sagar Pagar]: RFPA (document view) viewed successfully with ID: 94e1e39e-d153-4401-a56c-ee00e9c925cd [IP: ::ffff:127.0.0.1]
2026-01-24 05:35:50 PM [info-Sagar Pagar]: Data retrieved successfully [IP: ::ffff:127.0.0.1]
2026-01-24 05:35:51 PM [error-Admin Admin]: Employee partial list retrieval failed: Relation with property path role in entity was not found. [IP: ::ffff:127.0.0.1]
2026-01-24 05:35:51 PM [error-Admin Admin]: Error in GET /employee/all/partial: Relation with property path role in entity was not found.
2026-01-24 05:35:51 PM [info-Admin Admin]: Failed to retrieve data [IP: ::ffff:127.0.0.1]
2026-01-24 05:35:52 PM [error-Admin Admin]: Employee partial list retrieval failed: Relation with property path role in entity was not found. [IP: ::ffff:127.0.0.1]
2026-01-24 05:35:52 PM [error-Admin Admin]: Error in GET /employee/all/partial: Relation with property path role in entity was not found.
2026-01-24 05:35:52 PM [info-Admin Admin]: Failed to retrieve data [IP: ::ffff:127.0.0.1]
2026-01-24 05:36:06 PM [error-Admin Admin]: Employee partial list retrieval failed: Relation with property path role in entity was not found. [IP: ::ffff:127.0.0.1]
2026-01-24 05:36:06 PM [error-Admin Admin]: Error in GET /employee/all/partial: Relation with property path role in entity was not found.
2026-01-24 05:36:06 PM [info-Admin Admin]: Failed to retrieve data [IP: ::ffff:127.0.0.1]
2026-01-24 05:36:08 PM [error-Admin Admin]: Employee partial list retrieval failed: Relation with property path role in entity was not found. [IP: ::ffff:127.0.0.1]
2026-01-24 05:36:08 PM [error-Admin Admin]: Error in GET /employee/all/partial: Relation with property path role in entity was not found.
2026-01-24 05:36:08 PM [info-Admin Admin]: Failed to retrieve data [IP: ::ffff:127.0.0.1]
2026-01-24 05:36:20 PM [error-Admin Admin]: Employee partial list retrieval failed: Relation with property path role in entity was not found. [IP: ::ffff:127.0.0.1]
2026-01-24 05:36:20 PM [error-Admin Admin]: Error in GET /employee/all/partial: Relation with property path role in entity was not found.
2026-01-24 05:36:20 PM [info-Admin Admin]: Failed to retrieve data [IP: ::ffff:127.0.0.1]
2026-01-24 05:36:21 PM [error-Admin Admin]: Employee partial list retrieval failed: Relation with property path role in entity was not found. [IP: ::ffff:127.0.0.1]
2026-01-24 05:36:21 PM [error-Admin Admin]: Error in GET /employee/all/partial: Relation with property path role in entity was not found.
2026-01-24 05:36:21 PM [info-Admin Admin]: Failed to retrieve data [IP: ::ffff:127.0.0.1]
2026-01-24 05:37:40 PM [info-Admin Admin]: Approval Flow data retrieved successfully [IP: ::ffff:127.0.0.1]
2026-01-24 05:37:43 PM [error-Admin Admin]: Employee partial list retrieval failed: Relation with property path role in entity was not found. [IP: ::ffff:127.0.0.1]
2026-01-24 05:37:43 PM [error-Admin Admin]: Error in GET /employee/all/partial: Relation with property path role in entity was not found.
2026-01-24 05:37:43 PM [info-Admin Admin]: Failed to retrieve data [IP: ::ffff:127.0.0.1]
2026-01-24 05:37:44 PM [error-Admin Admin]: Employee partial list retrieval failed: Relation with property path role in entity was not found. [IP: ::ffff:127.0.0.1]
2026-01-24 05:37:44 PM [error-Admin Admin]: Error in GET /employee/all/partial: Relation with property path role in entity was not found.
2026-01-24 05:37:44 PM [info-Admin Admin]: Failed to retrieve data [IP: ::ffff:127.0.0.1]
2026-01-24 05:37:46 PM [error-Admin Admin]: Employee partial list retrieval failed: Relation with property path role in entity was not found. [IP: ::ffff:127.0.0.1]
2026-01-24 05:37:46 PM [error-Admin Admin]: Error in GET /employee/all/partial: Relation with property path role in entity was not found.
2026-01-24 05:37:46 PM [info-Admin Admin]: Failed to retrieve data [IP: ::ffff:127.0.0.1]
2026-01-24 05:37:47 PM [error-Admin Admin]: Employee partial list retrieval failed: Relation with property path role in entity was not found. [IP: ::ffff:127.0.0.1]
2026-01-24 05:37:47 PM [error-Admin Admin]: Error in GET /employee/all/partial: Relation with property path role in entity was not found.
2026-01-24 05:37:47 PM [info-Admin Admin]: Failed to retrieve data [IP: ::ffff:127.0.0.1]
2026-01-24 05:40:31 PM [info-Admin Admin]: Employee (partial) list retrieved successfully [IP: ::ffff:127.0.0.1]
2026-01-24 05:40:31 PM [info-Admin Admin]: Data retrieved successfully [IP: ::ffff:127.0.0.1]
2026-01-24 05:40:39 PM [info-Admin Admin]: Employee (partial) list retrieved successfully [IP: ::ffff:127.0.0.1]
2026-01-24 05:40:39 PM [info-Admin Admin]: Data retrieved successfully [IP: ::ffff:127.0.0.1]
2026-01-24 05:42:58 PM [info-Admin Admin]: Approval Flow created successfully with ID: 2e40f89e-bced-4b1c-8011-96d9bb22e1ce [IP: ::ffff:127.0.0.1]
2026-01-24 05:42:58 PM [info-Admin Admin]: Record created successfully [IP: ::ffff:127.0.0.1]
2026-01-24 05:43:00 PM [info-Admin Admin]: Approval Flow data retrieved successfully [IP: ::ffff:127.0.0.1]
2026-01-24 05:43:23 PM [info-Admin Admin]: User login successful [IP: ::ffff:127.0.0.1]
2026-01-24 05:43:23 PM [info-System]: User logged in successfully [IP: ::ffff:127.0.0.1]
2026-01-24 05:43:27 PM [info-Vaibhav Ahire]: Employee (partial) list retrieved successfully [IP: ::ffff:127.0.0.1]
2026-01-24 05:43:27 PM [info-Vaibhav Ahire]: Data retrieved successfully [IP: ::ffff:127.0.0.1]
2026-01-24 05:43:47 PM [info-Vaibhav Ahire]: Data retrieved successfully [IP: ::ffff:127.0.0.1]
2026-01-24 05:44:14 PM [info-Vaibhav Ahire]: UOM (partial) list retrieved successfully [IP: ::ffff:127.0.0.1]
2026-01-24 05:44:14 PM [info-Vaibhav Ahire]: Data retrieved successfully [IP: ::ffff:127.0.0.1]
2026-01-24 05:44:15 PM [info-Vaibhav Ahire]: Farmers (filtered) list retrieved successfully [IP: ::ffff:127.0.0.1]
2026-01-24 05:44:15 PM [info-Vaibhav Ahire]: Data retrieved successfully [IP: ::ffff:127.0.0.1]
2026-01-24 05:44:15 PM [info-Vaibhav Ahire]: Company data retrieved successfully [IP: ::ffff:127.0.0.1]
2026-01-24 05:44:15 PM [info-Vaibhav Ahire]: Data retrieved successfully [IP: ::ffff:127.0.0.1]
2026-01-24 05:44:15 PM [info-Vaibhav Ahire]: Data retrieved successfully [IP: ::ffff:127.0.0.1]
2026-01-24 05:44:15 PM [info-Vaibhav Ahire]: Data retrieved successfully [IP: ::ffff:127.0.0.1]
2026-01-24 05:44:15 PM [info-Vaibhav Ahire]: Branch data retrieved successfully [IP: ::ffff:127.0.0.1]
2026-01-24 05:44:28 PM [info-Vaibhav Ahire]: Data retrieved successfully [IP: ::ffff:127.0.0.1]
2026-01-24 05:44:30 PM [info-Vaibhav Ahire]: Data retrieved successfully [IP: ::ffff:127.0.0.1]
2026-01-24 05:44:33 PM [info-Vaibhav Ahire]: Data retrieved successfully [IP: ::ffff:127.0.0.1]
2026-01-24 05:44:33 PM [info-Vaibhav Ahire]: Data retrieved successfully [IP: ::ffff:127.0.0.1]
2026-01-24 05:46:17 PM [info-Vaibhav Ahire]: RFPA created successfully with ID: 9eb4ef3a-8387-4e48-8019-c0786d492ee1 [IP: ::ffff:127.0.0.1]
2026-01-24 05:46:18 PM [info-Vaibhav Ahire]: Record created successfully [IP: ::ffff:127.0.0.1]
2026-01-24 05:46:21 PM [info-Vaibhav Ahire]: Data retrieved successfully [IP: ::ffff:127.0.0.1]
2026-01-24 05:46:27 PM [info-Vaibhav Ahire]: Data retrieved successfully [IP: ::ffff:127.0.0.1]
2026-01-24 05:46:30 PM [info-Vaibhav Ahire]: RFPA Numbers list retrieved successfully [IP: ::ffff:127.0.0.1]
2026-01-24 05:46:30 PM [info-Vaibhav Ahire]: Data retrieved successfully [IP: ::ffff:127.0.0.1]
2026-01-24 05:46:41 PM [info-Vaibhav Ahire]: Data retrieved successfully [IP: ::ffff:127.0.0.1]
2026-01-24 05:46:52 PM [info-Vaibhav Ahire]: Data retrieved successfully [IP: ::ffff:127.0.0.1]
2026-01-24 05:46:53 PM [info-Vaibhav Ahire]: Data retrieved successfully [IP: ::ffff:127.0.0.1]
2026-01-24 05:47:14 PM [info-Vaibhav Ahire]: Data retrieved successfully [IP: ::ffff:127.0.0.1]
2026-01-24 05:47:17 PM [info-Vaibhav Ahire]: RFPA Numbers list retrieved successfully [IP: ::ffff:127.0.0.1]
2026-01-24 05:47:17 PM [info-Vaibhav Ahire]: Data retrieved successfully [IP: ::ffff:127.0.0.1]
2026-01-24 05:48:03 PM [info-Vaibhav Ahire]: RFPA (document view) viewed successfully with ID: faeaa50d-534d-4298-93bb-5c94a8331f5e [IP: ::ffff:127.0.0.1]
2026-01-24 05:48:03 PM [info-Vaibhav Ahire]: Data retrieved successfully [IP: ::ffff:127.0.0.1]
2026-01-24 05:48:26 PM [info-Vaibhav Ahire]: Deal Slip created successfully with ID: 444fc4a2-d778-482c-bc59-59d90a3afe91 [IP: ::ffff:127.0.0.1]
2026-01-24 05:48:26 PM [info-Vaibhav Ahire]: Failed to create record [IP: ::ffff:127.0.0.1]
2026-01-24 05:48:29 PM [info-Vaibhav Ahire]: Deal Slips data retrieved successfully [IP: ::ffff:127.0.0.1]
2026-01-24 05:48:48 PM [info-Admin Admin]: Employee list retrieved successfully [IP: ::ffff:127.0.0.1]
2026-01-24 05:48:52 PM [info-Admin Admin]: Data retrieved successfully [IP: ::ffff:127.0.0.1]
2026-01-24 05:48:57 PM [info-Admin Admin]: Employee list retrieved successfully [IP: ::ffff:127.0.0.1]
2026-01-24 05:48:58 PM [info-Admin Admin]: Data retrieved successfully [IP: ::ffff:127.0.0.1]
2026-01-24 05:48:59 PM [info-Admin Admin]: Employee list retrieved successfully [IP: ::ffff:127.0.0.1]
2026-01-24 05:49:00 PM [info-Admin Admin]: Data retrieved successfully [IP: ::ffff:127.0.0.1]
2026-01-24 05:49:03 PM [info-Admin Admin]: Office (Filter) list retrieved successfully [IP: ::ffff:127.0.0.1]
2026-01-24 05:49:03 PM [info-Admin Admin]: Employee (for update) viewed successfully with ID: 2fbf7e50-33cc-4590-bfc1-f7a8e8fae187 [IP: ::ffff:127.0.0.1]
2026-01-24 05:49:03 PM [info-Admin Admin]: Data retrieved successfully [IP: ::ffff:127.0.0.1]
2026-01-24 05:49:03 PM [info-Admin Admin]: Document Definitions data retrieved successfully [IP: ::ffff:127.0.0.1]
2026-01-24 05:49:03 PM [info-Admin Admin]: Data retrieved successfully [IP: ::ffff:127.0.0.1]
2026-01-24 05:49:03 PM [info-Admin Admin]: Branch data retrieved successfully [IP: ::ffff:127.0.0.1]
2026-01-24 05:49:03 PM [info-Admin Admin]: Company data retrieved successfully [IP: ::ffff:127.0.0.1]
2026-01-24 05:50:31 PM [info-Admin Admin]: Employee updated successfully with ID: 2fbf7e50-33cc-4590-bfc1-f7a8e8fae187 [IP: ::ffff:127.0.0.1]
2026-01-24 05:50:32 PM [info-Admin Admin]: Record updated successfully [IP: ::ffff:127.0.0.1]
2026-01-24 05:50:35 PM [info-Admin Admin]: Employee list retrieved successfully [IP: ::ffff:127.0.0.1]
2026-01-24 05:50:35 PM [info-Admin Admin]: Data retrieved successfully [IP: ::ffff:127.0.0.1]
2026-01-24 05:50:43 PM [info-Prashil Vora]: User logout successful [IP: ::ffff:127.0.0.1]
2026-01-24 05:50:43 PM [info-System]: User logged out successfully [IP: ::ffff:127.0.0.1]
2026-01-24 05:50:49 PM [info-Prashil Vora]: User login successful [IP: ::ffff:127.0.0.1]
2026-01-24 05:50:49 PM [info-System]: User logged in successfully [IP: ::ffff:127.0.0.1]
2026-01-24 05:50:51 PM [info-Vaibhav Ahire]: Employee (partial) list retrieved successfully [IP: ::ffff:127.0.0.1]
2026-01-24 05:50:51 PM [info-Vaibhav Ahire]: Data retrieved successfully [IP: ::ffff:127.0.0.1]
2026-01-24 05:50:55 PM [info-Vaibhav Ahire]: Data retrieved successfully [IP: ::ffff:127.0.0.1]
2026-01-24 05:51:17 PM [info-Vaibhav Ahire]: Company data retrieved successfully [IP: ::ffff:127.0.0.1]
2026-01-24 05:51:17 PM [info-Vaibhav Ahire]: RFPA (document view) viewed successfully with ID: faeaa50d-534d-4298-93bb-5c94a8331f5e [IP: ::ffff:127.0.0.1]
2026-01-24 05:51:17 PM [info-Vaibhav Ahire]: Data retrieved successfully [IP: ::ffff:127.0.0.1]
2026-01-24 05:51:59 PM [info-Vaibhav Ahire]: Data retrieved successfully [IP: ::ffff:127.0.0.1]
2026-01-24 05:58:32 PM [info-Admin Admin]: Employee (partial) list retrieved successfully [IP: ::ffff:127.0.0.1]
2026-01-24 05:58:32 PM [info-Admin Admin]: Data retrieved successfully [IP: ::ffff:127.0.0.1]
2026-01-24 05:58:33 PM [info-Vaibhav Ahire]: Data retrieved successfully [IP: ::ffff:127.0.0.1]
2026-01-24 05:58:36 PM [info-Sagar Pagar]: RFPA (document view) viewed successfully with ID: 94e1e39e-d153-4401-a56c-ee00e9c925cd [IP: ::ffff:127.0.0.1]
2026-01-24 05:58:36 PM [info-Sagar Pagar]: Data retrieved successfully [IP: ::ffff:127.0.0.1]
2026-01-24 05:58:36 PM [info-Sagar Pagar]: Company data retrieved successfully [IP: ::ffff:127.0.0.1]
2026-01-24 05:58:48 PM [info-Vaibhav Ahire]: Data retrieved successfully [IP: ::ffff:127.0.0.1]
2026-01-24 06:00:00 PM [info-Admin Admin]: Employee list retrieved successfully [IP: ::ffff:127.0.0.1]
2026-01-24 06:00:01 PM [info-Admin Admin]: Data retrieved successfully [IP: ::ffff:127.0.0.1]
